mtllib glider-2-33-like.mtl
o Object_0
usemtl DefaultWhite_colors_png
v -259.75220 -9.35850 -16.91852
v -259.75220 -14.54840 -17.25001
v -268.48300 -15.07350 -16.53161
v -268.48300 -10.21620 -16.21389
v -259.75220 -6.23790 -15.93690
v -268.48300 -7.29560 -15.27319
v -259.75220 -3.44600 -14.34278
v -268.48300 -4.68260 -13.74550
v -259.75220 -1.95360 -12.19759
v -268.48300 -3.28580 -11.68962
v -259.75220 -1.05080 -9.58362
v -268.48300 -2.44080 -9.18441
v -259.75220 -0.37980 -6.60129
v -268.48300 -1.81290 -6.32639
v -259.75220 0.03330 -3.36528
v -268.48300 -1.42620 -3.22509
v -259.75220 0.17280 0.00000
v -268.48300 -1.29570 0.00000
v -259.75220 0.03330 3.36528
v -268.48300 -1.42620 3.22518
v -259.75220 -0.37980 6.60129
v -268.48300 -1.81290 6.32639
v -259.75220 -1.05080 9.58362
v -268.48300 -2.44080 9.18441
v -259.75220 -1.95360 12.19759
v -268.48300 -3.28580 11.68962
v -259.75220 -3.44600 14.34278
v -268.48300 -4.68260 13.74550
v -259.75220 -6.23790 15.93690
v -268.48300 -7.29560 15.27319
v -259.75220 -9.35850 16.91852
v -268.48300 -10.21620 16.21389
v -259.75220 -14.54840 17.25001
v -268.48300 -15.07350 16.53161
v -259.75220 -17.92840 16.91852
v -268.48300 -18.23680 16.21389
v -259.75220 -21.17830 15.93690
v -268.48300 -21.27850 15.27319
v -259.75220 -24.17360 14.34278
v -268.48300 -24.08190 13.74550
v -259.75220 -26.79900 12.19759
v -268.48300 -26.53900 11.68962
v -259.75220 -28.95350 9.58362
v -268.48300 -28.55550 9.18441
v -259.75220 -30.55460 4.62828
v -268.48300 -30.05380 4.43549
v -259.75220 -28.95350 -9.58362
v -259.75220 -30.55460 -4.62828
v -268.48300 -30.05380 -4.43549
v -268.48300 -28.55550 -9.18450
v -259.75220 -26.79900 -12.19759
v -268.48300 -26.53900 -11.68962
v -259.75220 -24.17360 -14.34278
v -268.48300 -24.08180 -13.74550
v -259.75220 -21.17830 -15.93690
v -268.48300 -21.27850 -15.27319
v -259.75220 -17.92830 -16.91852
v -268.48300 -18.23680 -16.21389
v -259.75220 -30.55460 -4.62828
v -259.75220 -41.32580 -4.62828
v -268.48300 -40.13490 -4.43549
v -268.48300 -30.05380 -4.43549
v -259.75220 -41.32580 4.62828
v -259.75220 -30.55460 4.62828
v -268.48300 -30.05380 4.43549
v -268.48300 -40.13480 4.43549
v -275.36690 -29.73890 4.18959
v -275.36690 -39.17000 4.18959
v -275.36690 -39.17000 -4.18959
v -275.36690 -29.73890 -4.18959
v -275.36690 -18.68380 -15.31482
v -275.36690 -15.72450 -15.61480
v -275.36690 -21.52940 -14.42618
v -275.36690 -24.15190 -12.98332
v -275.36690 -26.45070 -11.04140
v -275.36690 -28.33720 -8.67510
v -275.36690 -29.73890 -4.18959
v -275.36690 -28.33720 8.67510
v -275.36690 -29.73890 4.18959
v -275.36690 -26.45070 11.04131
v -275.36690 -24.15200 12.98332
v -275.36690 -21.52940 14.42618
v -275.36690 -18.68390 15.31482
v -275.36690 -15.72450 15.61480
v -275.36690 -11.18030 15.31482
v -275.36690 -8.44790 14.42618
v -275.36690 -6.00340 12.98332
v -275.36690 -4.69680 11.04140
v -275.36690 -3.90620 8.67510
v -275.36690 -3.31880 5.97548
v -275.36690 -2.95710 3.04632
v -275.36690 -2.83490 0.00000
v -275.36690 -2.95710 -3.04632
v -275.36690 -3.31880 -5.97548
v -275.36690 -3.90620 -8.67510
v -275.36690 -4.69680 -11.04131
v -275.36690 -6.00340 -12.98318
v -275.36690 -8.44790 -14.42618
v -275.36690 -11.18030 -15.31482
v -283.09040 -16.45400 -14.32309
v -283.09040 -12.31070 -14.04791
v -283.09040 -9.81920 -13.23280
v -283.09040 -7.59030 -11.90929
v -283.09040 -6.39880 -10.12802
v -283.09040 -5.67800 -7.95751
v -283.09040 -5.14240 -5.48120
v -283.09040 -4.81260 -2.79431
v -283.09040 -4.70120 0.00000
v -283.09040 -4.81260 2.79431
v -283.09040 -5.14240 5.48120
v -283.09040 -5.67800 7.95751
v -283.09040 -6.39880 10.12802
v -283.09040 -7.59030 11.90929
v -283.09040 -9.81920 13.23290
v -283.09040 -12.31070 14.04791
v -283.09040 -16.45400 14.32309
v -283.09040 -19.15240 14.04791
v -283.09040 -21.74700 13.23290
v -283.09040 -24.13830 11.90929
v -283.09040 -26.23430 10.12802
v -283.09040 -27.95440 7.95751
v -283.09040 -29.23250 3.84302
v -283.09040 -29.23250 -3.84302
v -283.09040 -27.95440 -7.95751
v -283.09040 -26.23430 -10.12802
v -283.09040 -24.13830 -11.90929
v -283.09040 -21.74700 -13.23290
v -283.09040 -19.15240 -14.04791
v -283.09040 -37.83190 -3.84302
v -283.09040 -29.23250 -3.84302
v -283.09040 -29.23250 3.84302
v -283.09040 -37.83190 3.84302
v -292.66069 -28.85190 3.22218
v -292.66069 -36.26500 3.22218
v -292.66069 -36.26500 -3.22218
v -292.66069 -28.85190 -3.22218
v -292.66069 -20.16230 -11.77878
v -292.66069 -17.83620 -12.00948
v -292.66069 -22.39900 -11.09538
v -292.66069 -24.46040 -9.98559
v -292.66069 -26.26730 -8.49199
v -292.66069 -27.75010 -6.67219
v -292.66069 -28.85190 -3.22218
v -292.66069 -27.75020 6.67210
v -292.66069 -28.85190 3.22218
v -292.66069 -26.26730 8.49199
v -292.66069 -24.46040 9.98559
v -292.66069 -22.39910 11.09538
v -292.66069 -20.16230 11.77878
v -292.66069 -17.83620 12.00948
v -292.66069 -14.26440 11.77878
v -292.66069 -12.11660 11.09538
v -292.66069 -10.19520 9.98559
v -292.66069 -9.16810 8.49199
v -292.66069 -8.54680 6.67210
v -292.66069 -8.08510 4.59590
v -292.66069 -7.80070 2.34289
v -292.66069 -7.70470 0.00000
v -292.66069 -7.80070 -2.34289
v -292.66069 -8.08510 -4.59590
v -292.66069 -8.54680 -6.67210
v -292.66069 -9.16810 -8.49199
v -292.66069 -10.19520 -9.98559
v -292.66069 -12.11660 -11.09538
v -292.66069 -14.26440 -11.77878
v -302.23100 -19.17670 -8.96468
v -302.23100 -16.31830 -8.79240
v -302.23100 -14.59950 -8.28228
v -302.23100 -13.06170 -7.45392
v -302.23100 -12.23980 -6.33898
v -302.23100 -11.74250 -4.98052
v -302.23100 -11.37300 -3.43060
v -302.23100 -11.14540 -1.74890
v -302.23100 -11.06860 0.00000
v -302.23100 -11.14540 1.74890
v -302.23100 -11.37300 3.43060
v -302.23100 -11.74250 4.98052
v -302.23100 -12.23980 6.33898
v -302.23100 -13.06170 7.45392
v -302.23100 -14.59950 8.28228
v -302.23100 -16.31830 8.79240
v -302.23100 -19.17670 8.96468
v -302.23100 -21.03830 8.79240
v -302.23100 -22.82830 8.28228
v -302.23100 -24.47800 7.45392
v -302.23100 -25.92400 6.33898
v -302.23100 -27.11070 4.98052
v -302.23100 -27.99240 2.40531
v -302.23100 -27.99240 -2.40531
v -302.23100 -27.11070 -4.98052
v -302.23100 -25.92390 -6.33898
v -302.23100 -24.47800 -7.45392
v -302.23100 -22.82830 -8.28228
v -302.23100 -21.03830 -8.79240
v -302.23100 -33.92490 -2.40531
v -302.23100 -27.99240 -2.40531
v -302.23100 -27.99240 2.40531
v -302.23100 -33.92500 2.40531
v -252.36449 -31.27210 4.73609
v -254.43900 -31.00920 4.73609
v -254.43900 -42.13960 4.73609
v -252.36449 -42.56130 4.73609
v -252.36449 -42.56130 -4.73609
v -254.43900 -42.13960 -4.73609
v -254.43900 -31.00920 -4.73609
v -252.36449 -31.27210 -4.73609
v -254.43900 -14.46950 -17.65180
v -252.36449 -14.49630 -17.65180
v -252.36449 -18.03870 -17.31272
v -254.43900 -17.96200 -17.31272
v -252.36449 -21.44500 -16.30821
v -254.43900 -21.32050 -16.30821
v -252.36449 -24.58430 -14.67700
v -254.43900 -24.41560 -14.67700
v -252.36449 -27.33590 -12.48169
v -254.43900 -27.12840 -12.48169
v -252.36449 -29.59410 -9.80678
v -254.43900 -29.35480 -9.80678
v -252.36449 -31.27210 -4.73609
v -254.43900 -31.00920 -4.73609
v -252.36449 -29.59410 9.80678
v -254.43900 -29.35480 9.80678
v -254.43900 -31.00920 4.73609
v -252.36449 -31.27210 4.73609
v -252.36449 -27.33590 12.48169
v -254.43900 -27.12840 12.48169
v -252.36449 -24.58430 14.67700
v -254.43900 -24.41560 14.67700
v -252.36449 -21.44510 16.30821
v -254.43900 -21.32050 16.30821
v -252.36449 -18.03870 17.31272
v -254.43900 -17.96210 17.31272
v -252.36449 -14.49630 17.65180
v -254.43900 -14.46950 17.65180
v -252.36449 -9.05680 17.31272
v -254.43900 -9.10660 17.31272
v -252.36449 -5.78610 16.30821
v -254.43900 -5.88190 16.30821
v -252.36449 -2.86000 14.67700
v -254.43900 -2.99690 14.67700
v -252.36449 -1.29590 12.48169
v -254.43900 -1.45480 12.48169
v -252.36449 -0.34960 9.80678
v -254.43900 -0.52180 9.80678
v -252.36449 0.35360 6.75511
v -254.43900 0.17150 6.75511
v -252.36449 0.78650 3.44372
v -254.43900 0.59840 3.44372
v -252.36449 0.93280 0.00000
v -254.43900 0.74260 0.00000
v -252.36449 0.78650 -3.44372
v -254.43900 0.59840 -3.44372
v -252.36449 0.35360 -6.75511
v -254.43900 0.17150 -6.75511
v -252.36449 -0.34960 -9.80678
v -254.43900 -0.52180 -9.80678
v -252.36449 -1.29590 -12.48169
v -254.43900 -1.45480 -12.48169
v -252.36449 -2.86000 -14.67700
v -254.43900 -2.99690 -14.67700
v -252.36449 -5.78610 -16.30821
v -254.43900 -5.88190 -16.30821
v -252.36449 -9.05690 -17.31262
v -254.43900 -9.10660 -17.31262
v -251.14291 -14.49630 -17.65180
v -251.42419 -18.03870 -17.31272
v -251.62661 -21.44500 -16.30821
v -251.85721 -24.58430 -14.67700
v -252.09329 -27.33590 -12.48169
v -252.09329 -27.33590 12.48169
v -251.85721 -24.58430 14.67700
v -251.62661 -21.44510 16.30821
v -251.42419 -18.03870 17.31272
v -251.14291 -14.49630 17.65180
v -250.60880 -9.05680 17.31272
v -250.29390 -5.78610 16.30821
v -250.00720 -2.86000 14.67700
v -249.79351 -1.29590 12.48169
v -249.66979 -0.34960 9.80678
v -249.60799 0.35360 6.75511
v -249.56861 0.78650 3.44372
v -249.56861 0.93280 0.00000
v -249.56861 0.78650 -3.44372
v -249.60799 0.35360 -6.75511
v -249.66979 -0.34960 -9.80678
v -249.79351 -1.29590 -12.48169
v -250.00720 -2.86000 -14.67700
v -250.29390 -5.78610 -16.30821
v -250.60880 -9.05690 -17.31262
v -252.36449 -29.59410 -9.80678
v -252.09329 -27.33590 -12.48169
v -251.71521 -26.92460 -12.16049
v -251.97949 -29.12460 -9.55448
v -252.09329 -27.33590 12.48169
v -252.36449 -29.59410 9.80678
v -251.97949 -29.12460 9.55448
v -251.71521 -26.92460 12.16049
v -251.14291 -14.49630 -17.65180
v -250.60880 -9.05690 -17.31262
v -250.26889 -9.11590 -16.86711
v -250.78931 -14.41540 -17.19761
v -250.29390 -5.78610 -16.30821
v -249.96221 -5.92940 -15.88850
v -250.00720 -2.86000 -14.67700
v -249.68281 -3.07850 -14.29930
v -249.79351 -1.29590 -12.48169
v -249.47450 -1.55460 -12.16049
v -249.66979 -0.34960 -9.80678
v -249.35410 -0.63280 -9.55448
v -249.60799 0.35360 -6.75511
v -249.29390 0.05240 -6.58121
v -249.56861 0.78650 -3.44372
v -249.25549 0.47420 -3.35512
v -249.56861 0.93280 0.00000
v -249.25549 0.61670 0.00000
v -249.56861 0.78650 3.44372
v -249.25549 0.47420 3.35512
v -249.60799 0.35360 6.75511
v -249.29390 0.05240 6.58121
v -249.66979 -0.34960 9.80678
v -249.35410 -0.63280 9.55448
v -249.79351 -1.29590 12.48169
v -249.47450 -1.55460 12.16049
v -250.00720 -2.86000 14.67700
v -249.68281 -3.07850 14.29930
v -250.29390 -5.78610 16.30821
v -249.96221 -5.92940 15.88850
v -250.60880 -9.05680 17.31272
v -250.26889 -9.11590 16.86711
v -251.14291 -14.49630 17.65180
v -250.78931 -14.41540 17.19761
v -251.42419 -18.03870 17.31272
v -251.06339 -17.86670 16.86711
v -251.62661 -21.44510 16.30821
v -251.26059 -21.18530 15.88850
v -251.85721 -24.58430 14.67700
v -251.48520 -24.24380 14.29930
v -251.85721 -24.58430 -14.67700
v -251.48511 -24.24380 -14.29930
v -251.62661 -21.44500 -16.30821
v -251.26059 -21.18530 -15.88850
v -251.42419 -18.03870 -17.31272
v -251.06339 -17.86660 -16.86711
v -251.06339 -17.86660 -16.86711
v -250.78931 -14.41540 -17.19761
v -251.05691 -14.31270 -16.73741
v -251.32179 -17.64840 -16.41579
v -251.26059 -21.18530 -15.88850
v -251.51241 -20.85580 -15.46340
v -251.48511 -24.24380 -14.29930
v -251.72770 -23.79180 -14.03432
v -251.71521 -26.92460 -12.16049
v -251.95351 -26.42290 -11.93519
v -251.48520 -24.24380 14.29930
v -251.71521 -26.92460 12.16049
v -251.95351 -26.42290 11.93509
v -251.72770 -23.79180 14.03422
v -251.26059 -21.18530 15.88850
v -251.51241 -20.85580 15.46340
v -251.06339 -17.86670 16.86711
v -251.32179 -17.64840 16.41579
v -250.78931 -14.41540 17.19761
v -251.05691 -14.31280 16.73741
v -250.26889 -9.11590 16.86711
v -250.55399 -9.19080 16.30211
v -249.96221 -5.92940 15.88850
v -250.25749 -6.11100 15.35621
v -249.68281 -3.07850 14.29930
v -249.98751 -3.35570 13.82022
v -249.47450 -1.55460 12.16049
v -249.78631 -1.88290 11.75308
v -249.35410 -0.63280 9.55448
v -249.66979 -0.99170 9.23438
v -249.29390 0.05240 6.58121
v -249.61159 -0.32970 6.36082
v -249.25549 0.47420 3.35512
v -249.57449 0.07810 3.24268
v -249.25549 0.61670 0.00000
v -249.57449 0.21580 0.00000
v -249.25549 0.47420 -3.35512
v -249.57449 0.07810 -3.24268
v -249.29390 0.05240 -6.58121
v -249.61159 -0.32970 -6.36072
v -249.35410 -0.63280 -9.55448
v -249.66979 -0.99170 -9.23438
v -249.47450 -1.55460 -12.16049
v -249.78631 -1.88290 -11.75308
v -249.68281 -3.07850 -14.29930
v -249.98751 -3.35570 -13.82022
v -249.96221 -5.92940 -15.88850
v -250.25749 -6.11100 -15.35621
v -250.26889 -9.11590 -16.86711
v -250.55399 -9.19080 -16.30211
v -251.97949 -29.12460 9.55448
v -252.20721 -28.76040 9.31349
v -251.97949 -29.12460 -9.55448
v -252.20721 -28.76040 -9.31358
v -252.20721 -28.76040 -9.31358
v -251.95351 -26.42290 -11.93519
v -252.63510 -26.40290 -11.75308
v -252.63510 -28.52910 -9.23438
v -251.95351 -26.42290 11.93509
v -252.20721 -28.76040 9.31349
v -252.63510 -28.52920 9.23438
v -252.63500 -26.40290 11.75308
v -251.05691 -14.31270 -16.73741
v -250.55399 -9.19080 -16.30211
v -252.63510 -9.19080 -16.30211
v -252.63510 -14.31270 -16.62140
v -250.25749 -6.11100 -15.35621
v -252.63510 -6.11100 -15.35621
v -249.98751 -3.35570 -13.82022
v -252.63510 -3.35570 -13.82022
v -249.78631 -1.88290 -11.75308
v -252.63500 -1.88290 -11.75308
v -249.66979 -0.99170 -9.23438
v -252.63500 -0.99170 -9.23438
v -249.61159 -0.32970 -6.36072
v -252.63500 -0.32970 -6.36072
v -249.57449 0.07810 -3.24268
v -252.63500 0.07810 -3.24268
v -249.57449 0.21580 0.00000
v -252.63500 0.21580 0.00000
v -249.57449 0.07810 3.24268
v -252.63500 0.07810 3.24268
v -249.61159 -0.32970 6.36082
v -252.63500 -0.32970 6.36082
v -249.66979 -0.99170 9.23438
v -252.63500 -0.99170 9.23438
v -249.78631 -1.88290 11.75308
v -252.63500 -1.88290 11.75308
v -249.98751 -3.35570 13.82022
v -252.63500 -3.35570 13.82022
v -250.25749 -6.11100 15.35621
v -252.63500 -6.11100 15.35621
v -250.55399 -9.19080 16.30211
v -252.63500 -9.19080 16.30211
v -251.05691 -14.31280 16.73741
v -252.63500 -14.31280 16.62140
v -251.32179 -17.64840 16.41579
v -252.63500 -17.64840 16.30211
v -251.51241 -20.85580 15.46340
v -252.63500 -20.85580 15.35621
v -251.72770 -23.79180 14.03422
v -252.63500 -23.81180 13.82022
v -251.72770 -23.79180 -14.03432
v -252.63510 -23.81180 -13.82022
v -251.51241 -20.85580 -15.46340
v -252.63510 -20.85580 -15.35621
v -251.32179 -17.64840 -16.41579
v -252.63510 -17.64840 -16.30211
v -252.63510 -17.64840 -16.30211
v -252.63510 -14.31270 -16.62140
v -252.63500 -14.31640 0.00000
v -252.63510 -20.85580 -15.35621
v -252.63510 -23.81180 -13.82022
v -252.63510 -26.40290 -11.75308
v -252.63500 -23.81180 13.82022
v -252.63500 -26.40290 11.75308
v -252.63500 -20.85580 15.35621
v -252.63500 -17.64840 16.30211
v -252.63500 -14.31280 16.62140
v -252.63500 -9.19080 16.30211
v -252.63500 -6.11100 15.35621
v -252.63500 -3.35570 13.82022
v -252.63500 -1.88290 11.75308
v -252.63500 -0.99170 9.23438
v -252.63500 -0.32970 6.36082
v -252.63500 0.07810 3.24268
v -252.63500 0.21580 0.00000
v -252.63500 0.07810 -3.24268
v -252.63500 -0.32970 -6.36072
v -252.63500 -0.99170 -9.23438
v -252.63500 -1.88290 -11.75308
v -252.63510 -3.35570 -13.82022
v -252.63510 -6.11100 -15.35621
v -252.63510 -9.19080 -16.30211
v -252.63510 -28.52920 9.23438
v -252.63510 -28.52910 -9.23438
v -252.36449 -31.27210 4.73609
v -252.36449 -31.27210 4.73609
v -252.36449 -31.27210 4.73609
v -252.36449 -31.27210 4.73609
v -252.36449 -31.27210 -4.73609
v -252.36449 -31.27210 -4.73609
v -252.36449 -31.27210 -4.73609
v -252.36449 -31.27210 -4.73609
v -252.36449 -31.27210 0.00000
v -252.36449 -42.56130 4.73609
v -252.36449 -42.56130 0.00000
v -252.36449 -31.27210 0.00000
v -252.36449 -31.27210 4.73609
v -252.36449 -42.56130 -4.73609
v -252.36449 -31.27210 -4.73609
f 1 2 3
f 1 3 4
f 5 1 4
f 5 4 6
f 7 5 6
f 7 6 8
f 9 7 8
f 9 8 10
f 11 9 10
f 11 10 12
f 13 11 12
f 13 12 14
f 15 13 14
f 15 14 16
f 17 15 16
f 17 16 18
f 19 17 18
f 19 18 20
f 21 19 20
f 21 20 22
f 23 21 22
f 23 22 24
f 25 23 24
f 25 24 26
f 27 25 26
f 27 26 28
f 29 27 28
f 29 28 30
f 31 29 30
f 31 30 32
f 33 31 32
f 33 32 34
f 35 33 34
f 35 34 36
f 37 35 36
f 37 36 38
f 39 37 38
f 39 38 40
f 41 39 40
f 41 40 42
f 43 41 42
f 43 42 44
f 45 43 44
f 45 44 46
f 47 48 49
f 47 49 50
f 51 47 50
f 51 50 52
f 53 51 52
f 53 52 54
f 55 53 54
f 55 54 56
f 57 55 56
f 57 56 58
f 2 57 58
f 2 58 3
f 59 60 61
f 59 61 62
f 63 64 65
f 63 65 66
f 66 65 67
f 66 67 68
f 62 61 69
f 62 69 70
f 3 58 71
f 3 71 72
f 58 56 73
f 58 73 71
f 56 54 74
f 56 74 73
f 54 52 75
f 54 75 74
f 52 50 76
f 52 76 75
f 50 49 77
f 50 77 76
f 46 44 78
f 46 78 79
f 44 42 80
f 44 80 78
f 42 40 81
f 42 81 80
f 40 38 82
f 40 82 81
f 38 36 83
f 38 83 82
f 36 34 84
f 36 84 83
f 34 32 85
f 34 85 84
f 32 30 86
f 32 86 85
f 30 28 87
f 30 87 86
f 28 26 88
f 28 88 87
f 26 24 89
f 26 89 88
f 24 22 90
f 24 90 89
f 22 20 91
f 22 91 90
f 20 18 92
f 20 92 91
f 18 16 93
f 18 93 92
f 16 14 94
f 16 94 93
f 14 12 95
f 14 95 94
f 12 10 96
f 12 96 95
f 10 8 97
f 10 97 96
f 8 6 98
f 8 98 97
f 6 4 99
f 6 99 98
f 4 3 72
f 4 72 99
f 99 72 100
f 99 100 101
f 98 99 101
f 98 101 102
f 97 98 102
f 97 102 103
f 96 97 103
f 96 103 104
f 95 96 104
f 95 104 105
f 94 95 105
f 94 105 106
f 93 94 106
f 93 106 107
f 92 93 107
f 92 107 108
f 91 92 108
f 91 108 109
f 90 91 109
f 90 109 110
f 89 90 110
f 89 110 111
f 88 89 111
f 88 111 112
f 87 88 112
f 87 112 113
f 86 87 113
f 86 113 114
f 85 86 114
f 85 114 115
f 84 85 115
f 84 115 116
f 83 84 116
f 83 116 117
f 82 83 117
f 82 117 118
f 81 82 118
f 81 118 119
f 80 81 119
f 80 119 120
f 78 80 120
f 78 120 121
f 79 78 121
f 79 121 122
f 76 77 123
f 76 123 124
f 75 76 124
f 75 124 125
f 74 75 125
f 74 125 126
f 73 74 126
f 73 126 127
f 71 73 127
f 71 127 128
f 72 71 128
f 72 128 100
f 70 69 129
f 70 129 130
f 68 67 131
f 68 131 132
f 132 131 133
f 132 133 134
f 130 129 135
f 130 135 136
f 100 128 137
f 100 137 138
f 128 127 139
f 128 139 137
f 127 126 140
f 127 140 139
f 126 125 141
f 126 141 140
f 125 124 142
f 125 142 141
f 124 123 143
f 124 143 142
f 122 121 144
f 122 144 145
f 121 120 146
f 121 146 144
f 120 119 147
f 120 147 146
f 119 118 148
f 119 148 147
f 118 117 149
f 118 149 148
f 117 116 150
f 117 150 149
f 116 115 151
f 116 151 150
f 115 114 152
f 115 152 151
f 114 113 153
f 114 153 152
f 113 112 154
f 113 154 153
f 112 111 155
f 112 155 154
f 111 110 156
f 111 156 155
f 110 109 157
f 110 157 156
f 109 108 158
f 109 158 157
f 108 107 159
f 108 159 158
f 107 106 160
f 107 160 159
f 106 105 161
f 106 161 160
f 105 104 162
f 105 162 161
f 104 103 163
f 104 163 162
f 103 102 164
f 103 164 163
f 102 101 165
f 102 165 164
f 101 100 138
f 101 138 165
f 165 138 166
f 165 166 167
f 164 165 167
f 164 167 168
f 163 164 168
f 163 168 169
f 162 163 169
f 162 169 170
f 161 162 170
f 161 170 171
f 160 161 171
f 160 171 172
f 159 160 172
f 159 172 173
f 158 159 173
f 158 173 174
f 157 158 174
f 157 174 175
f 156 157 175
f 156 175 176
f 155 156 176
f 155 176 177
f 154 155 177
f 154 177 178
f 153 154 178
f 153 178 179
f 152 153 179
f 152 179 180
f 151 152 180
f 151 180 181
f 150 151 181
f 150 181 182
f 149 150 182
f 149 182 183
f 148 149 183
f 148 183 184
f 147 148 184
f 147 184 185
f 146 147 185
f 146 185 186
f 144 146 186
f 144 186 187
f 145 144 187
f 145 187 188
f 142 143 189
f 142 189 190
f 141 142 190
f 141 190 191
f 140 141 191
f 140 191 192
f 139 140 192
f 139 192 193
f 137 139 193
f 137 193 194
f 138 137 194
f 138 194 166
f 136 135 195
f 136 195 196
f 134 133 197
f 134 197 198
f 199 200 201
f 199 201 202
f 200 64 63
f 200 63 201
f 203 204 205
f 203 205 206
f 204 60 59
f 204 59 205
f 207 208 209
f 207 209 210
f 210 57 2
f 210 2 207
f 211 212 210
f 211 210 209
f 212 55 57
f 212 57 210
f 213 214 212
f 213 212 211
f 214 53 55
f 214 55 212
f 215 216 214
f 215 214 213
f 216 51 53
f 216 53 214
f 217 218 216
f 217 216 215
f 218 47 51
f 218 51 216
f 219 220 218
f 219 218 217
f 220 48 47
f 220 47 218
f 221 222 223
f 221 223 224
f 222 43 45
f 222 45 223
f 225 226 222
f 225 222 221
f 226 41 43
f 226 43 222
f 227 228 226
f 227 226 225
f 228 39 41
f 228 41 226
f 229 230 228
f 229 228 227
f 230 37 39
f 230 39 228
f 231 232 230
f 231 230 229
f 232 35 37
f 232 37 230
f 233 234 232
f 233 232 231
f 234 33 35
f 234 35 232
f 235 236 234
f 235 234 233
f 236 31 33
f 236 33 234
f 237 238 236
f 237 236 235
f 238 29 31
f 238 31 236
f 239 240 238
f 239 238 237
f 240 27 29
f 240 29 238
f 241 242 240
f 241 240 239
f 242 25 27
f 242 27 240
f 243 244 242
f 243 242 241
f 244 23 25
f 244 25 242
f 245 246 244
f 245 244 243
f 246 21 23
f 246 23 244
f 247 248 246
f 247 246 245
f 248 19 21
f 248 21 246
f 249 250 248
f 249 248 247
f 250 17 19
f 250 19 248
f 251 252 250
f 251 250 249
f 252 15 17
f 252 17 250
f 253 254 252
f 253 252 251
f 254 13 15
f 254 15 252
f 255 256 254
f 255 254 253
f 256 11 13
f 256 13 254
f 257 258 256
f 257 256 255
f 258 9 11
f 258 11 256
f 259 260 258
f 259 258 257
f 260 7 9
f 260 9 258
f 261 262 260
f 261 260 259
f 262 5 7
f 262 7 260
f 263 264 262
f 263 262 261
f 264 1 5
f 264 5 262
f 208 207 264
f 208 264 263
f 207 2 1
f 207 1 264
f 209 208 265
f 209 265 266
f 211 209 266
f 211 266 267
f 213 211 267
f 213 267 268
f 215 213 268
f 215 268 269
f 217 215 269
f 225 221 270
f 227 225 270
f 227 270 271
f 229 227 271
f 229 271 272
f 231 229 272
f 231 272 273
f 233 231 273
f 233 273 274
f 235 233 274
f 235 274 275
f 237 235 275
f 237 275 276
f 239 237 276
f 239 276 277
f 241 239 277
f 241 277 278
f 243 241 278
f 243 278 279
f 245 243 279
f 245 279 280
f 247 245 280
f 247 280 281
f 249 247 281
f 249 281 282
f 251 249 282
f 251 282 283
f 253 251 283
f 253 283 284
f 255 253 284
f 255 284 285
f 257 255 285
f 257 285 286
f 259 257 286
f 259 286 287
f 261 259 287
f 261 287 288
f 263 261 288
f 263 288 289
f 208 263 289
f 208 289 265
f 290 291 292
f 290 292 293
f 294 295 296
f 294 296 297
f 298 299 300
f 298 300 301
f 299 302 303
f 299 303 300
f 302 304 305
f 302 305 303
f 304 306 307
f 304 307 305
f 306 308 309
f 306 309 307
f 308 310 311
f 308 311 309
f 310 312 313
f 310 313 311
f 312 314 315
f 312 315 313
f 314 316 317
f 314 317 315
f 316 318 319
f 316 319 317
f 318 320 321
f 318 321 319
f 320 322 323
f 320 323 321
f 322 324 325
f 322 325 323
f 324 326 327
f 324 327 325
f 326 328 329
f 326 329 327
f 328 330 331
f 328 331 329
f 330 332 333
f 330 333 331
f 332 334 335
f 332 335 333
f 334 336 337
f 334 337 335
f 336 294 297
f 336 297 337
f 291 338 339
f 291 339 292
f 338 340 341
f 338 341 339
f 340 342 343
f 340 343 341
f 342 298 301
f 342 301 343
f 344 345 346
f 344 346 347
f 348 344 347
f 348 347 349
f 350 348 349
f 350 349 351
f 352 350 351
f 352 351 353
f 354 355 356
f 354 356 357
f 358 354 357
f 358 357 359
f 360 358 359
f 360 359 361
f 362 360 361
f 362 361 363
f 364 362 363
f 364 363 365
f 366 364 365
f 366 365 367
f 368 366 367
f 368 367 369
f 370 368 369
f 370 369 371
f 372 370 371
f 372 371 373
f 374 372 373
f 374 373 375
f 376 374 375
f 376 375 377
f 378 376 377
f 378 377 379
f 380 378 379
f 380 379 381
f 382 380 381
f 382 381 383
f 384 382 383
f 384 383 385
f 386 384 385
f 386 385 387
f 388 386 387
f 388 387 389
f 390 388 389
f 390 389 391
f 392 390 391
f 392 391 393
f 345 392 393
f 345 393 346
f 355 394 395
f 355 395 356
f 396 352 353
f 396 353 397
f 398 399 400
f 398 400 401
f 402 403 404
f 402 404 405
f 406 407 408
f 406 408 409
f 407 410 411
f 407 411 408
f 410 412 413
f 410 413 411
f 412 414 415
f 412 415 413
f 414 416 417
f 414 417 415
f 416 418 419
f 416 419 417
f 418 420 421
f 418 421 419
f 420 422 423
f 420 423 421
f 422 424 425
f 422 425 423
f 424 426 427
f 424 427 425
f 426 428 429
f 426 429 427
f 428 430 431
f 428 431 429
f 430 432 433
f 430 433 431
f 432 434 435
f 432 435 433
f 434 436 437
f 434 437 435
f 436 438 439
f 436 439 437
f 438 440 441
f 438 441 439
f 440 442 443
f 440 443 441
f 442 444 445
f 442 445 443
f 444 402 405
f 444 405 445
f 399 446 447
f 399 447 400
f 446 448 449
f 446 449 447
f 448 450 451
f 448 451 449
f 450 406 409
f 450 409 451
f 452 453 454
f 455 452 454
f 456 455 454
f 457 456 454
f 458 459 454
f 460 458 454
f 461 460 454
f 462 461 454
f 463 462 454
f 464 463 454
f 465 464 454
f 466 465 454
f 467 466 454
f 468 467 454
f 469 468 454
f 470 469 454
f 471 470 454
f 472 471 454
f 473 472 454
f 474 473 454
f 475 474 454
f 476 475 454
f 477 476 454
f 453 477 454
f 459 478 454
f 479 457 454
f 295 480 296
f 481 395 394
f 482 404 403
f 483 454 478
f 484 290 293
f 485 396 397
f 486 398 401
f 487 479 454
f 483 488 454
f 488 487 454
f 489 490 491
f 489 491 492
f 490 493 494
f 490 494 491
o Object_1
usemtl transparent2
v -170.74150 -13.87570 -30.02219
v -170.74150 -7.92770 -28.28031
v -147.80560 -7.92770 -28.28031
v -147.80560 -13.87570 -30.02219
v -170.74150 -2.44600 -25.45161
v -147.80560 -2.44600 -25.45161
v -243.45651 -2.71300 -18.75710
v -243.45651 -6.73280 -22.05610
v -259.84409 -8.33880 -20.68849
v -259.84409 -4.68090 -17.59410
v -218.80760 -9.85610 -26.69182
v -218.80760 -15.27590 -28.33581
v -243.45660 -16.29530 -26.01690
v -243.45660 -11.31900 -24.50738
v -259.84409 -12.51200 -22.98789
v -278.21641 -13.71860 -20.50309
v -278.21641 -10.09050 -18.45222
v -194.15860 -14.43230 -29.57840
v -194.15860 -20.44720 -30.15790
v -218.81270 -21.46980 -28.63631
v -194.15860 5.18840 -16.75472
v -170.74150 6.30190 -17.00611
v -170.74150 2.35870 -21.64469
v -194.15860 1.35410 -21.32478
v -278.21641 -6.91040 -15.69228
v -259.84409 -1.67900 -13.82351
v -278.21641 -4.30060 -12.32929
v -194.15860 -3.31800 -25.07529
v -218.80760 -4.86120 -24.02191
v -218.80760 -0.48310 -20.42890
v -194.15860 -8.64840 -27.86222
v -243.45651 3.03730 -10.15120
v -243.45651 0.58590 -14.73732
v -259.84409 0.55170 -9.52182
v -278.21641 -2.36130 -8.49252
v -243.44690 -22.46140 -26.22819
v -259.84409 2.38910 0.00019
v -259.84409 1.92530 -4.85401
v -278.21641 -1.16710 -4.32930
v -278.21641 -0.76390 0.00019
v -194.15860 8.03760 -11.54079
v -218.80760 3.10990 -16.05082
v -218.80751 5.77970 -11.05590
v -194.15860 9.79210 -5.88331
v -170.74150 11.03620 -5.97148
v -170.74150 9.23190 -11.71389
v -194.15860 10.38450 0.00019
v -218.80751 7.42380 -5.63622
v -218.80751 7.97890 0.00019
v -243.45651 5.05650 0.00019
v -243.45651 4.54680 -5.17492
v -170.74150 11.64540 0.00019
v -259.84409 -17.04020 -24.40381
v -170.74010 -19.53620 -30.46970
v -147.80560 2.35870 -21.64469
v -147.80560 6.30190 -17.00611
v -147.80560 9.23190 -11.71389
v -147.80560 11.03620 -5.97148
v -278.21641 -17.65540 -21.76590
v -262.03899 -23.12210 -23.95940
v -147.80560 11.64540 0.00019
v -143.75350 -13.17920 -29.73700
v -147.76530 -15.93720 -30.27000
v -273.62430 -20.43410 -22.50280
v -267.94901 -22.14120 -23.17352
v -294.33031 -5.07830 -3.66359
v -294.60039 -4.86590 0.00029
v -286.64441 -11.26930 -16.75439
v -289.53590 -8.86320 -13.90290
v -293.44800 -5.79600 -7.26590
v -291.81769 -7.07780 -10.71472
v -282.91991 -14.22820 -19.17429
v -282.91991 -14.22820 19.17472
v -278.21651 -17.65540 21.76628
v -278.21651 -13.71860 20.50352
v -286.64441 -11.26930 16.75482
v -278.21651 -10.09050 18.45260
v -278.21641 -4.30060 12.32972
v -291.81769 -7.07780 10.71510
v -289.53590 -8.86320 13.90328
v -278.21641 -6.91040 15.69271
v -278.21641 -2.36130 8.49290
v -293.44800 -5.79600 7.26628
v -278.21641 -1.16710 4.32968
v -294.33031 -5.07830 3.66402
v -259.84409 -17.04020 24.40419
v -267.94901 -22.14120 23.17390
v -262.03899 -23.12210 23.95978
v -273.62430 -20.43410 22.50319
v -147.80560 -13.87570 30.02262
v -147.76530 -15.93720 30.27039
v -143.75350 -13.17920 29.73742
v -170.74150 11.03620 5.97191
v -147.80560 11.03620 5.97191
v -243.45660 -16.29530 26.01728
v -243.44690 -22.46140 26.22862
v -218.80760 3.10990 16.05120
v -243.45651 0.58590 14.73770
v -243.45660 -2.71300 18.75749
v -218.80760 -0.48310 20.42928
v -194.15860 -3.31800 25.07572
v -194.15860 -8.64840 27.86260
v -170.74150 -7.92770 28.28069
v -170.74150 -2.44600 25.45199
v -259.84409 -12.51200 22.98832
v -170.74150 9.23190 11.71432
v -147.80560 9.23190 11.71432
v -170.74150 6.30190 17.00649
v -147.80560 6.30190 17.00649
v -170.74150 2.35870 21.64512
v -147.80560 2.35870 21.64512
v -147.80560 -2.44600 25.45199
v -194.15860 -14.43230 29.57878
v -194.15860 -20.44720 30.15828
v -170.74010 -19.53620 30.47009
v -170.74150 -13.87570 30.02262
v -243.45660 -11.31900 24.50781
v -243.45660 -6.73280 22.05648
v -218.80760 -4.86120 24.02229
v -218.80760 -9.85610 26.69210
v -243.45651 4.54680 5.17530
v -259.84409 1.92530 4.85439
v -259.84409 0.55170 9.52210
v -243.45651 3.03730 10.15158
v -218.80751 7.42380 5.63660
v -194.15860 9.79210 5.88369
v -218.80751 5.77970 11.05628
v -194.15860 8.03760 11.54122
v -194.15860 5.18840 16.75510
v -194.15860 1.35410 21.32521
v -259.84409 -1.67900 13.82389
v -259.84409 -4.68090 17.59448
v -218.80760 -15.27590 28.33619
v -218.81270 -21.46980 28.63669
v -259.84409 -8.33880 20.68892
v -147.80560 -7.92770 28.28069
v -138.69240 10.73300 -5.81098
v -138.69240 9.03620 -11.42378
v -138.69240 6.26190 -16.62841
v -138.69240 2.50610 -21.22679
v -138.69240 -2.09930 -25.05131
v -138.69240 11.30440 0.00019
v -138.69240 10.73300 5.81141
v -138.69240 6.26190 16.62879
v -138.69240 9.03620 11.42421
v -138.69240 -2.09930 25.05169
v -138.69240 2.50610 21.22722
v -138.69240 -6.84120 27.62618
v -138.69240 -6.84120 -27.62580
v -157.44840 -18.93610 -30.52740
v -152.80150 -18.10700 -30.61042
v -157.44840 -18.93610 30.52778
v -152.80150 -18.10700 30.61080
f 495 496 497
f 495 497 498
f 496 499 500
f 496 500 497
f 501 502 503
f 501 503 504
f 505 506 507
f 505 507 508
f 503 509 510
f 503 510 511
f 512 513 514
f 512 514 506
f 502 508 509
f 502 509 503
f 515 516 517
f 515 517 518
f 504 503 511
f 504 511 519
f 520 504 519
f 520 519 521
f 518 522 523
f 518 523 524
f 518 517 499
f 518 499 522
f 522 525 505
f 522 505 523
f 526 527 520
f 526 520 528
f 525 512 506
f 525 506 505
f 528 520 521
f 528 521 529
f 506 514 530
f 506 530 507
f 531 532 533
f 531 533 534
f 527 501 504
f 527 504 520
f 535 515 536
f 535 536 537
f 537 536 527
f 537 527 526
f 538 539 540
f 538 540 535
f 532 528 529
f 532 529 533
f 541 538 542
f 541 542 543
f 515 518 524
f 515 524 536
f 544 545 532
f 544 532 531
f 538 535 537
f 538 537 542
f 535 540 516
f 535 516 515
f 542 537 526
f 542 526 545
f 541 546 539
f 541 539 538
f 543 542 545
f 543 545 544
f 545 526 528
f 545 528 532
f 523 505 508
f 523 508 502
f 525 496 495
f 525 495 512
f 524 523 502
f 524 502 501
f 508 507 547
f 508 547 509
f 512 495 548
f 512 548 513
f 499 517 549
f 499 549 500
f 517 516 550
f 517 550 549
f 516 540 551
f 516 551 550
f 540 539 552
f 540 552 551
f 509 547 553
f 509 553 510
f 522 499 496
f 522 496 525
f 536 524 501
f 536 501 527
f 507 530 554
f 507 554 547
f 539 546 555
f 539 555 552
f 498 556 557
f 553 547 558
f 558 547 559
f 547 554 559
f 534 533 560
f 534 560 561
f 562 563 519
f 562 519 511
f 533 529 564
f 533 564 560
f 529 521 565
f 529 565 564
f 521 519 563
f 521 563 565
f 562 511 510
f 562 510 566
f 566 510 553
f 567 568 569
f 570 567 569
f 570 569 571
f 572 573 574
f 572 574 575
f 576 577 573
f 576 573 572
f 578 579 577
f 578 577 576
f 575 574 570
f 575 570 571
f 534 561 579
f 534 579 578
f 580 581 582
f 583 581 580
f 568 583 580
f 584 585 586
f 587 588 555
f 587 555 546
f 589 580 582
f 589 582 590
f 591 592 593
f 591 593 594
f 595 596 597
f 595 597 598
f 599 569 568
f 599 568 580
f 600 601 588
f 600 588 587
f 602 603 601
f 602 601 600
f 604 605 603
f 604 603 602
f 598 606 605
f 598 605 604
f 607 608 609
f 607 609 610
f 611 599 580
f 611 580 589
f 594 593 612
f 594 612 613
f 596 607 610
f 596 610 597
f 613 612 611
f 613 611 614
f 615 616 617
f 615 617 618
f 543 544 615
f 543 615 619
f 541 620 587
f 541 587 546
f 619 615 618
f 619 618 621
f 622 623 602
f 622 602 600
f 620 619 621
f 620 621 622
f 544 531 616
f 544 616 615
f 623 591 594
f 623 594 624
f 541 543 619
f 541 619 620
f 616 578 576
f 616 576 617
f 620 622 600
f 620 600 587
f 621 618 592
f 621 592 591
f 622 621 591
f 622 591 623
f 592 625 626
f 592 626 593
f 531 534 578
f 531 578 616
f 627 589 590
f 627 590 628
f 617 576 572
f 617 572 625
f 596 614 627
f 596 627 607
f 618 617 625
f 618 625 592
f 595 613 614
f 595 614 596
f 624 595 598
f 624 598 604
f 624 594 613
f 624 613 595
f 625 572 575
f 625 575 626
f 626 575 571
f 626 571 629
f 623 624 604
f 623 604 602
f 612 629 599
f 612 599 611
f 607 627 628
f 607 628 608
f 629 571 569
f 629 569 599
f 614 611 589
f 614 589 627
f 593 626 629
f 593 629 612
f 597 630 606
f 597 606 598
f 610 584 630
f 610 630 597
f 552 631 632
f 552 632 551
f 550 633 634
f 550 634 549
f 549 634 635
f 549 635 500
f 551 632 633
f 551 633 550
f 631 552 555
f 631 555 636
f 636 555 588
f 636 588 637
f 603 638 639
f 603 639 601
f 606 640 641
f 606 641 605
f 605 641 638
f 605 638 603
f 601 639 637
f 601 637 588
f 642 640 606
f 642 606 630
f 642 630 584
f 642 584 586
f 643 497 500
f 643 500 635
f 498 497 643
f 498 643 556
f 644 495 645
f 495 644 548
f 645 495 557
f 495 498 557
f 646 610 609
f 647 610 646
f 584 610 585
f 610 647 585
o Object_2
usemtl DefaultWhite
v -79.34320 5.30160 441.71500
v -84.92310 16.76120 731.69799
v -81.90749 16.42670 731.67009
v -102.81200 5.36030 441.71262
v -96.72711 17.04780 731.72178
v -98.94831 5.65980 441.70022
v -116.88511 2.67540 441.82348
v -107.52671 14.65880 731.52280
v -106.98020 14.99330 731.55069
v -73.41650 5.55760 737.08892
v -58.49559 5.55760 737.34641
v -60.43031 5.32570 737.51612
v -74.49341 5.32570 737.17890
v -106.67520 5.55760 738.82399
v -107.20940 5.55760 738.57679
v -106.34348 5.32570 738.58142
v -77.53160 5.55760 739.49518
v -82.16419 5.55770 739.88380
v -82.73821 5.32570 739.81328
v -78.37191 5.32570 739.44702
v -102.82950 5.55760 737.22429
v -101.03180 5.55760 737.05888
v -100.52111 5.32570 737.15072
v -102.21541 5.32570 737.30679
v -58.49559 5.55760 737.54640
v -62.70711 5.55760 737.83488
v -64.39970 5.32570 737.88209
v -77.22521 5.55760 737.03022
v -78.08311 5.32570 737.12368
v -67.08701 5.55760 738.36479
v -68.52779 5.32570 738.38158
v -102.71640 5.55760 739.67180
v -104.56021 5.55760 739.35390
v -103.84660 5.32570 739.31379
v -102.10879 5.32570 739.61358
v -100.86329 5.55770 739.94040
v -100.36230 5.32570 739.86669
v -81.54659 5.55760 736.99150
v -82.15611 5.32570 737.08720
v -99.09451 5.55760 736.98630
v -96.98870 5.55760 736.96642
v -96.71040 5.32570 737.06350
v -98.69511 5.32570 737.08239
v -105.12550 5.32570 739.01410
v -85.11231 5.55770 740.13100
v -87.47070 5.55770 740.27228
v -87.73971 5.32580 740.17959
v -85.51681 5.32570 740.04641
v -72.30930 5.55760 738.96542
v -73.44980 5.32570 738.94758
v -98.92600 5.55770 740.16581
v -98.53640 5.32570 740.07912
v -105.69561 5.55760 737.65841
v -104.54519 5.55760 737.43529
v -103.83251 5.32570 737.50558
v -104.91669 5.32570 737.71591
v -106.56440 5.55760 737.87041
v -105.73561 5.32570 737.91561
v -102.29700 5.13000 737.90889
v -102.94790 5.13000 738.06772
v -105.83999 5.32570 738.81440
v -103.03090 5.13000 738.78231
v -100.14989 5.13000 737.58378
v -101.43530 5.13000 737.74199
v -86.87739 5.13010 739.76140
v -84.66890 5.13010 739.57610
v -84.20620 5.13000 737.40940
v -95.77439 5.13000 737.39052
v -77.28620 5.13000 738.88812
v -73.37410 5.13000 738.43818
v -97.35191 5.13000 737.40559
v -98.80321 5.13000 737.45980
v -81.19841 5.13000 739.28490
v -88.64419 5.13010 739.86712
v -96.39289 5.32580 740.24611
v -97.22569 5.13010 739.78729
v -95.52200 5.13010 739.92000
v -80.96890 5.13000 737.43839
v -70.09289 5.13000 738.04121
v -66.93790 5.13000 737.75020
v -92.17780 5.13010 739.99939
v -93.94450 5.13010 739.97312
v -90.53719 5.13010 739.94660
v -103.53570 5.13000 738.43818
v -103.40950 5.13000 738.27939
v -103.43111 5.13000 738.59711
v -78.11570 5.13000 737.48240
v -98.67699 5.13010 739.61849
v -101.44651 5.13000 739.17918
v -102.46298 5.13000 738.94100
v -100.06521 5.13010 739.41751
v -66.46390 4.22720 441.75940
v -78.59671 16.05950 731.63962
v -62.40480 3.82180 441.89610
v -62.40480 0.11470 441.89610
v -78.58040 12.54650 731.34670
v -65.94341 0.06200 441.93120
v -87.40320 13.77180 738.30571
v -85.01770 13.61780 738.19332
v -84.97040 16.22980 734.53808
v -87.36939 16.42810 734.58700
v -77.44091 8.98040 739.33139
v -72.18869 8.80130 738.76748
v -72.06800 12.34800 737.26549
v -77.35009 12.92520 737.68730
v -102.76990 9.04020 739.51931
v -100.90621 9.13100 739.80508
v -100.94922 13.41020 738.04150
v -102.82350 13.11760 737.82778
v -89.92040 17.09560 731.72579
v -87.33561 16.95230 731.71391
v -83.35001 5.54040 441.70518
v -87.64310 5.71940 441.69779
v -94.40820 5.32580 740.31281
v -92.18531 5.32580 740.34591
v -96.70830 16.52720 734.61151
v -94.56630 16.62640 734.63612
v -94.57309 17.14340 731.72998
v -101.16351 11.91820 733.47158
v -102.99211 12.15040 733.52909
v -103.04630 12.82940 731.37031
v -101.20740 12.60560 731.35171
v -99.22581 12.50760 731.34360
v -106.38959 0.11040 441.92929
v -103.09830 -0.01200 441.93430
v -107.18060 5.55760 738.15298
v -107.34899 5.55760 738.36479
v -107.42910 8.59820 738.12871
v -107.25970 8.52650 737.90312
v -90.12129 5.32580 740.27939
v -106.82771 12.19400 737.15301
v -106.06091 12.42490 737.32181
v -106.13282 14.69300 734.15780
v -106.90391 14.39550 734.08432
v -72.30930 5.55760 738.96542
v -67.08701 5.55760 738.36479
v -66.93649 8.59820 738.12871
v -106.75139 8.75350 738.61718
v -105.98900 8.82510 738.84268
v -106.71570 11.15500 736.39421
v -107.33891 11.46290 736.61900
v -107.41799 13.45360 733.85129
v -106.79131 13.05700 733.75330
v -107.49719 14.08550 731.47502
v -106.86691 13.70320 731.44321
v -105.76620 8.35930 737.37679
v -104.60930 8.28380 737.13961
v -97.00949 8.12520 736.64050
v -81.47891 8.13370 736.66730
v -92.16061 17.19120 731.73389
v -91.36379 5.83880 441.69288
v -105.91710 5.55760 739.03599
v -104.56021 5.55760 739.35390
v -104.62430 8.93270 739.18099
v -89.95900 13.88720 738.38992
v -89.93971 16.57680 734.62372
v -89.97829 9.27910 740.27090
v -87.43699 9.24330 740.15832
v -97.03019 10.17020 735.67472
v -99.16010 10.19210 735.69088
v -99.19300 11.81650 733.44650
v -97.05100 11.78840 733.43959
v -96.65179 5.55770 740.34309
v -94.54610 5.55770 740.41381
v -94.55280 9.29100 740.30871
v -96.67060 9.26710 740.23328
v -82.03590 13.34850 737.99672
v -81.97169 15.88270 734.45210
v -106.47509 5.32570 738.38158
v -77.25940 15.33740 734.31721
v -58.29580 8.28760 737.05139
v -73.30220 8.16660 736.77092
v -73.18790 10.30360 735.77218
v -58.09600 10.59320 736.05680
v -99.12729 8.13200 736.66191
v -77.04020 10.23980 735.72569
v -81.41110 10.19760 735.69479
v -81.34339 11.82370 733.44822
v -76.94781 11.87800 733.46162
v -66.78591 11.69370 736.78770
v -62.35580 11.11640 736.36599
v -62.18011 13.00730 733.74090
v -66.63539 13.75100 733.92501
v -105.90751 12.75960 733.67982
v -105.97808 13.41650 731.41928
v -85.06501 9.19550 740.00778
v -82.10011 9.11180 739.74490
v -81.27570 12.51450 731.34408
v -97.07170 12.48050 731.34131
v -99.52061 -0.04590 441.93568
v -73.28520 -0.00340 441.93401
v -89.99760 5.55770 740.37819
v -106.64001 8.43090 737.60238
v -106.20470 15.28000 731.57449
v -115.97750 3.09320 441.80622
v -102.88370 8.21250 736.91521
v -96.68949 13.84870 738.36188
v -94.55960 13.92570 738.41820
v -104.81670 15.71000 731.61049
v -114.68952 3.45130 441.79139
v -71.94741 14.59380 734.13320
v -101.07570 8.15650 736.73902
v -102.93791 10.45130 735.88018
v -101.11959 10.27100 735.74820
v -98.98970 13.65570 738.22088
v -99.02160 16.27850 734.54990
v -105.83689 10.92410 736.22551
v -104.67331 10.68110 736.04789
v -101.03509 16.50340 731.67658
v -109.25159 4.52570 441.74700
v -112.38420 3.98850 441.76931
v -102.93062 16.14000 731.64620
v -104.80139 13.11480 731.39410
v -112.35878 0.74650 441.90302
v -109.44378 0.39000 441.91771
v -104.75261 15.13910 734.26828
v -102.87712 15.58530 734.37858
v -62.70711 5.55760 737.83488
v -58.49559 5.55760 737.54640
v -58.29580 8.28760 737.25138
v -62.53140 8.41890 737.56471
v -98.92600 5.55770 740.16581
v -98.95790 9.20720 740.04478
v -73.07360 11.96020 733.48198
v -57.89621 12.36210 733.60610
v -95.37070 5.77910 441.69540
v -105.91710 5.55760 739.03599
v -100.99220 15.96230 734.47170
v -107.58941 13.75100 733.92501
v -107.66950 14.37210 731.49900
v -100.86329 5.55770 739.94040
v -104.68850 12.77130 737.57501
v -106.31640 5.32570 738.18188
v -104.73731 12.44650 733.60238
v -87.47070 5.55770 740.27228
v -85.11231 5.55770 740.13100
v -92.18080 9.30300 740.34619
v -92.17410 13.96420 738.44628
v -82.16419 5.55770 739.88380
v -106.10340 4.97960 441.72831
v -99.05350 16.80810 731.70180
v -89.99760 5.55770 740.37819
v -92.16740 16.67590 734.64818
v -92.18760 5.55770 740.44890
v -77.53160 5.55760 739.49518
v -117.12229 2.31720 441.83831
v -116.83609 1.95910 441.85300
v -94.54610 5.55770 740.41381
v -107.42910 8.59820 738.12871
v -107.28869 8.66990 738.35421
v -107.36802 11.92470 736.95641
v -107.50930 11.69370 736.78770
v -58.09600 10.79320 736.15680
v -57.89621 12.56210 733.60610
v -92.18760 5.55770 740.44890
v -107.44731 14.04850 733.99839
v -107.58941 13.75100 733.92501
v -115.78929 1.48160 441.87269
v -114.31310 1.12350 441.88752
v -107.50930 11.69370 736.78770
v -107.66950 14.37210 731.49900
v -77.13270 8.14680 736.70859
v -96.65179 5.55770 740.34309
v -106.67520 5.55760 738.82399
v -107.20940 5.55760 738.57679
v -102.71640 5.55760 739.67180
v -117.12229 2.31720 441.83831
v -107.34899 5.55760 738.36479
v -74.33460 4.88380 441.73231
v -76.91219 12.14280 732.64928
v -73.02890 12.22880 732.64928
v -57.80971 12.85110 732.64928
v -62.09681 13.31460 732.64928
v -77.20320 15.68680 732.64928
v -78.65319 15.86350 732.64928
v -78.65319 12.12160 732.64928
v -57.80971 12.65110 732.64928
v -66.55619 14.07770 732.64928
v -71.87760 14.93530 732.64928
v -116.67171 2.31800 440.38630
v -116.39180 1.99870 440.40098
v -102.68061 5.03200 440.26060
v -105.89859 4.69250 440.27629
v -115.55240 3.01010 440.35420
v -116.43970 2.63750 440.37151
v -79.73540 4.97960 440.26299
v -83.65281 5.19260 440.25321
v -91.48781 5.45870 440.24091
v -95.40529 5.40550 440.24339
v -102.96052 0.24080 440.48228
v -99.46260 0.21050 440.48371
v -73.81251 0.24840 440.48200
v -114.29310 3.32950 440.33942
v -112.01441 0.91720 440.45100
v -109.16450 0.59930 440.46569
v -98.90311 5.29910 440.24820
v -106.17840 0.34990 440.47732
v -112.03930 3.80860 440.31730
v -115.36839 1.57280 440.42072
v -113.92510 1.25350 440.43550
v -67.14339 4.02140 440.30738
v -74.83850 4.60700 440.28029
v -108.97648 4.28770 440.29498
v -63.17489 3.65990 440.44409
v -66.63449 0.30680 440.47918
v -63.17489 0.35380 440.44409
v -116.67171 2.31800 440.38630
v -87.85009 5.35220 440.24582
v -58.09600 10.69320 736.10678
v -57.89621 12.46210 733.60610
v -58.29580 8.28760 737.15138
v -58.49559 5.55760 737.44640
v -57.80971 12.75110 732.64928
v -58.49559 5.55760 737.44640
v -58.29580 8.28760 737.15138
v -57.80971 12.75110 732.64928
v -57.89621 12.46210 733.60610
v -58.09600 10.69320 736.10678
v -60.43031 5.32570 737.51612
v -60.43031 5.32570 737.51612
v -79.34320 5.30160 -441.71500
v -81.90749 16.42670 -731.67005
v -84.92310 16.76120 -731.69799
v -102.81200 5.36030 -441.71262
v -98.94831 5.65980 -441.70022
v -96.72711 17.04780 -731.72174
v -116.88511 2.67540 -441.82343
v -106.98020 14.99330 -731.55065
v -107.52671 14.65880 -731.52280
v -73.41650 5.55760 -737.08892
v -60.43031 5.32570 -737.51607
v -58.49559 5.55760 -737.34641
v -74.49341 5.32570 -737.17885
v -106.67520 5.55760 -738.82394
v -106.34348 5.32570 -738.58142
v -107.20940 5.55760 -738.57675
v -77.53160 5.55760 -739.49513
v -82.73821 5.32570 -739.81328
v -82.16419 5.55770 -739.88385
v -78.37191 5.32570 -739.44707
v -102.82950 5.55760 -737.22425
v -100.52111 5.32570 -737.15072
v -101.03180 5.55760 -737.05888
v -102.21541 5.32570 -737.30683
v -58.49559 5.55760 -737.54640
v -64.39970 5.32570 -737.88209
v -62.70711 5.55760 -737.83488
v -77.22521 5.55760 -737.03027
v -78.08311 5.32570 -737.12373
v -68.52779 5.32570 -738.38162
v -67.08701 5.55760 -738.36484
v -102.71640 5.55760 -739.67175
v -103.84660 5.32570 -739.31375
v -104.56021 5.55760 -739.35390
v -102.10879 5.32570 -739.61358
v -100.86329 5.55770 -739.94040
v -100.36230 5.32570 -739.86669
v -81.54659 5.55760 -736.99155
v -82.15611 5.32570 -737.08720
v -99.09451 5.55760 -736.98630
v -96.71040 5.32570 -737.06346
v -96.98870 5.55760 -736.96637
v -98.69511 5.32570 -737.08234
v -105.12550 5.32570 -739.01410
v -85.11231 5.55770 -740.13104
v -87.73971 5.32580 -740.17959
v -87.47070 5.55770 -740.27228
v -85.51681 5.32570 -740.04636
v -72.30930 5.55760 -738.96546
v -73.44980 5.32570 -738.94753
v -98.92600 5.55770 -740.16576
v -98.53640 5.32570 -740.07916
v -105.69561 5.55760 -737.65836
v -103.83251 5.32570 -737.50558
v -104.54519 5.55760 -737.43529
v -104.91669 5.32570 -737.71596
v -106.56440 5.55760 -737.87045
v -105.73561 5.32570 -737.91566
v -102.29700 5.13000 -737.90889
v -102.94790 5.13000 -738.06767
v -103.03090 5.13000 -738.78236
v -105.83999 5.32570 -738.81440
v -100.14989 5.13000 -737.58378
v -101.43530 5.13000 -737.74199
v -86.87739 5.13010 -739.76140
v -84.66890 5.13010 -739.57610
v -84.20620 5.13000 -737.40945
v -95.77439 5.13000 -737.39057
v -77.28620 5.13000 -738.88812
v -73.37410 5.13000 -738.43818
v -97.35191 5.13000 -737.40563
v -98.80321 5.13000 -737.45980
v -81.19841 5.13000 -739.28494
v -88.64419 5.13010 -739.86707
v -96.39289 5.32580 -740.24606
v -95.52200 5.13010 -739.92000
v -97.22569 5.13010 -739.78734
v -80.96890 5.13000 -737.43844
v -70.09289 5.13000 -738.04116
v -66.93790 5.13000 -737.75020
v -92.17780 5.13010 -739.99944
v -90.53719 5.13010 -739.94660
v -93.94450 5.13010 -739.97312
v -103.53570 5.13000 -738.43818
v -103.43111 5.13000 -738.59715
v -103.40950 5.13000 -738.27939
v -78.11570 5.13000 -737.48240
v -98.67699 5.13010 -739.61854
v -101.44651 5.13000 -739.17918
v -100.06521 5.13010 -739.41751
v -102.46298 5.13000 -738.94105
v -66.46390 4.22720 -441.75935
v -62.40480 3.82180 -441.89610
v -78.59671 16.05950 -731.63962
v -62.40480 0.11470 -441.89610
v -65.94341 0.06200 -441.93120
v -78.58040 12.54650 -731.34675
v -87.40320 13.77180 -738.30571
v -87.36939 16.42810 -734.58695
v -84.97040 16.22980 -734.53813
v -85.01770 13.61780 -738.19337
v -77.44091 8.98040 -739.33139
v -77.35009 12.92520 -737.68735
v -72.06800 12.34800 -737.26544
v -72.18869 8.80130 -738.76748
v -102.76990 9.04020 -739.51936
v -102.82350 13.11760 -737.82773
v -100.94922 13.41020 -738.04154
v -100.90621 9.13100 -739.80508
v -89.92040 17.09560 -731.72574
v -87.64310 5.71940 -441.69774
v -83.35001 5.54040 -441.70518
v -87.33561 16.95230 -731.71391
v -94.40820 5.32580 -740.31281
v -92.18531 5.32580 -740.34591
v -96.70830 16.52720 -734.61156
v -94.57309 17.14340 -731.72994
v -94.56630 16.62640 -734.63616
v -101.16351 11.91820 -733.47154
v -101.20740 12.60560 -731.35171
v -103.04630 12.82940 -731.37031
v -102.99211 12.15040 -733.52914
v -99.22581 12.50760 -731.34360
v -103.09830 -0.01200 -441.93425
v -106.38959 0.11040 -441.92929
v -107.18060 5.55760 -738.15293
v -107.25970 8.52650 -737.90307
v -107.42910 8.59820 -738.12871
v -107.34899 5.55760 -738.36484
v -90.12129 5.32580 -740.27944
v -106.82771 12.19400 -737.15301
v -106.90391 14.39550 -734.08437
v -106.13282 14.69300 -734.15780
v -106.06091 12.42490 -737.32181
v -72.30930 5.55760 -738.96546
v -66.93649 8.59820 -738.12871
v -67.08701 5.55760 -738.36484
v -106.75139 8.75350 -738.61718
v -105.98900 8.82510 -738.84263
v -106.71570 11.15500 -736.39417
v -106.79131 13.05700 -733.75325
v -107.41799 13.45360 -733.85129
v -107.33891 11.46290 -736.61904
v -106.86691 13.70320 -731.44326
v -107.49719 14.08550 -731.47502
v -104.60930 8.28380 -737.13956
v -105.76620 8.35930 -737.37683
v -81.47891 8.13370 -736.66730
v -97.00949 8.12520 -736.64050
v -92.16061 17.19120 -731.73394
v -91.36379 5.83880 -441.69288
v -105.91710 5.55760 -739.03604
v -104.62430 8.93270 -739.18099
v -104.56021 5.55760 -739.35390
v -89.95900 13.88720 -738.38992
v -89.93971 16.57680 -734.62377
v -89.97829 9.27910 -740.27085
v -87.43699 9.24330 -740.15832
v -97.03019 10.17020 -735.67472
v -97.05100 11.78840 -733.43959
v -99.19300 11.81650 -733.44655
v -99.16010 10.19210 -735.69093
v -96.65179 5.55770 -740.34314
v -96.67060 9.26710 -740.23328
v -94.55280 9.29100 -740.30871
v -94.54610 5.55770 -740.41381
v -81.97169 15.88270 -734.45210
v -82.03590 13.34850 -737.99672
v -106.47509 5.32570 -738.38162
v -77.25940 15.33740 -734.31726
v -58.29580 8.28760 -737.05144
v -58.09600 10.59320 -736.05676
v -73.18790 10.30360 -735.77218
v -73.30220 8.16660 -736.77087
v -99.12729 8.13200 -736.66196
v -77.04020 10.23980 -735.72564
v -76.94781 11.87800 -733.46162
v -81.34339 11.82370 -733.44827
v -81.41110 10.19760 -735.69474
v -66.78591 11.69370 -736.78765
v -66.63539 13.75100 -733.92501
v -62.18011 13.00730 -733.74085
v -62.35580 11.11640 -736.36594
v -105.90751 12.75960 -733.67982
v -105.97808 13.41650 -731.41923
v -85.06501 9.19550 -740.00783
v -82.10011 9.11180 -739.74490
v -81.27570 12.51450 -731.34408
v -73.28520 -0.00340 -441.93406
v -99.52061 -0.04590 -441.93568
v -97.07170 12.48050 -731.34131
v -89.99760 5.55770 -740.37824
v -106.64001 8.43090 -737.60238
v -106.20470 15.28000 -731.57449
v -115.97750 3.09320 -441.80627
v -102.88370 8.21250 -736.91525
v -96.68949 13.84870 -738.36188
v -94.55960 13.92570 -738.41825
v -114.68952 3.45130 -441.79139
v -104.81670 15.71000 -731.61054
v -71.94741 14.59380 -734.13320
v -101.07570 8.15650 -736.73902
v -101.11959 10.27100 -735.74815
v -102.93791 10.45130 -735.88014
v -98.98970 13.65570 -738.22083
v -99.02160 16.27850 -734.54995
v -104.67331 10.68110 -736.04789
v -105.83689 10.92410 -736.22556
v -101.03509 16.50340 -731.67653
v -102.93062 16.14000 -731.64620
v -112.38420 3.98850 -441.76927
v -109.25159 4.52570 -441.74695
v -109.44378 0.39000 -441.91766
v -112.35878 0.74650 -441.90297
v -104.80139 13.11480 -731.39405
v -104.75261 15.13910 -734.26824
v -102.87712 15.58530 -734.37858
v -62.70711 5.55760 -737.83488
v -62.53140 8.41890 -737.56471
v -58.29580 8.28760 -737.25133
v -58.49559 5.55760 -737.54640
v -98.92600 5.55770 -740.16576
v -98.95790 9.20720 -740.04483
v -57.89621 12.36210 -733.60610
v -73.07360 11.96020 -733.48203
v -95.37070 5.77910 -441.69545
v -105.91710 5.55760 -739.03604
v -100.99220 15.96230 -734.47175
v -107.66950 14.37210 -731.49896
v -107.58941 13.75100 -733.92501
v -100.86329 5.55770 -739.94040
v -104.68850 12.77130 -737.57501
v -106.31640 5.32570 -738.18192
v -104.73731 12.44650 -733.60238
v -87.47070 5.55770 -740.27228
v -85.11231 5.55770 -740.13104
v -92.18080 9.30300 -740.34619
v -92.17410 13.96420 -738.44628
v -82.16419 5.55770 -739.88385
v -106.10340 4.97960 -441.72826
v -99.05350 16.80810 -731.70180
v -89.99760 5.55770 -740.37824
v -92.16740 16.67590 -734.64818
v -92.18760 5.55770 -740.44890
v -77.53160 5.55760 -739.49513
v -116.83609 1.95910 -441.85300
v -117.12229 2.31720 -441.83831
v -94.54610 5.55770 -740.41381
v -107.42910 8.59820 -738.12871
v -107.50930 11.69370 -736.78765
v -107.36802 11.92470 -736.95645
v -107.28869 8.66990 -738.35416
v -57.89621 12.56210 -733.60610
v -58.09600 10.79320 -736.15680
v -92.18760 5.55770 -740.44890
v -107.58941 13.75100 -733.92501
v -107.44731 14.04850 -733.99835
v -114.31310 1.12350 -441.88752
v -115.78929 1.48160 -441.87264
v -107.50930 11.69370 -736.78765
v -107.66950 14.37210 -731.49896
v -77.13270 8.14680 -736.70859
v -96.65179 5.55770 -740.34314
v -106.67520 5.55760 -738.82394
v -107.20940 5.55760 -738.57675
v -102.71640 5.55760 -739.67175
v -117.12229 2.31720 -441.83831
v -107.34899 5.55760 -738.36484
v -74.33460 4.88380 -441.73226
v -73.02890 12.22880 -732.64928
v -76.91219 12.14280 -732.64928
v -62.09681 13.31460 -732.64928
v -57.80971 12.85110 -732.64928
v -78.65319 15.86350 -732.64928
v -77.20320 15.68680 -732.64928
v -78.65319 12.12160 -732.64928
v -57.80971 12.65110 -732.64928
v -66.55619 14.07770 -732.64928
v -71.87760 14.93530 -732.64928
v -116.39180 1.99870 -440.40093
v -116.67171 2.31800 -440.38625
v -105.89859 4.69250 -440.27629
v -102.68061 5.03200 -440.26074
v -116.43970 2.63750 -440.37156
v -115.55240 3.01010 -440.35420
v -83.65281 5.19260 -440.25321
v -79.73540 4.97960 -440.26303
v -95.40529 5.40550 -440.24339
v -91.48781 5.45870 -440.24091
v -99.46260 0.21050 -440.48371
v -102.96052 0.24080 -440.48228
v -73.81251 0.24840 -440.48200
v -114.29310 3.32950 -440.33942
v -109.16450 0.59930 -440.46569
v -112.01441 0.91720 -440.45100
v -98.90311 5.29910 -440.24835
v -106.17840 0.34990 -440.47732
v -112.03930 3.80860 -440.31730
v -113.92510 1.25350 -440.43565
v -115.36839 1.57280 -440.42077
v -74.83850 4.60700 -440.28029
v -67.14339 4.02140 -440.30738
v -108.97648 4.28770 -440.29498
v -63.17489 3.65990 -440.44404
v -63.17489 0.35380 -440.44404
v -66.63449 0.30680 -440.47914
v -116.67171 2.31800 -440.38625
v -87.85009 5.35220 -440.24587
v -57.89621 12.46210 -733.60610
v -58.09600 10.69320 -736.10673
v -58.49559 5.55760 -737.44645
v -58.29580 8.28760 -737.15138
v -57.80971 12.75110 -732.64928
v -58.29580 8.28760 -737.15138
v -58.49559 5.55760 -737.44645
v -57.89621 12.46210 -733.60610
v -57.80971 12.75110 -732.64928
v -58.09600 10.69320 -736.10673
v -60.43031 5.32570 -737.51607
v -60.43031 5.32570 -737.51607
v 308.89289 58.99760 150.30351
v 307.51221 59.07801 150.56381
v 305.56881 59.09629 150.56381
v 303.30737 59.59321 150.30351
v 304.43799 59.37060 150.56381
v 305.03991 59.31869 150.56381
v 304.07288 59.49820 150.30351
v 308.43031 59.01890 150.04320
v 307.82650 59.09250 150.30351
v 308.89289 58.99760 150.30351
v 309.77309 58.88730 150.04320
v 306.96528 59.13510 150.56381
v 307.51221 59.07801 150.56381
v 307.03390 59.19850 150.04320
v 306.71751 59.22200 150.30351
v 306.39651 59.18980 150.56381
v 302.97987 59.45830 150.56381
v 303.16751 59.24030 150.57969
v 303.93641 59.21550 150.57969
v 303.13480 59.45349 150.56381
v 304.33371 59.20020 150.57969
v 303.41971 59.44000 150.56381
v 303.74830 59.42231 150.56381
v 304.73111 59.18490 150.57969
v 305.12831 59.16970 150.57969
v 304.05490 59.40210 150.56381
v 305.52571 59.15440 150.57969
v 305.92301 59.13910 150.57969
v 306.32031 59.12381 150.57969
v 305.71830 59.25720 150.56381
v 306.71761 59.10850 150.57549
v 307.11491 59.09330 150.57101
v 307.11491 59.09330 150.57101
v 306.71761 59.10850 150.57549
v 305.92301 59.13910 150.57969
v 305.52571 59.15440 150.57969
v 305.07281 59.10390 150.56381
v 305.12831 59.16970 150.57969
v 304.51019 59.11489 150.56381
v 304.73111 59.18490 150.57969
v 304.33371 59.20020 150.57969
v 303.93641 59.21550 150.57969
v 303.16751 59.24030 150.57969
v 303.47826 57.73891 0.56872
v 319.73889 57.99311 12.81161
v 315.25199 58.34699 139.63161
v 303.70381 59.58150 150.04320
v 303.32701 59.65210 149.13650
v 303.19598 59.66870 150.04320
v 303.13380 59.60730 150.30351
v 302.87850 59.45860 150.56381
v 303.47502 58.18639 139.63161
v 304.20678 58.19641 139.63161
v 303.47826 59.59731 0.56872
v 303.47502 59.65640 139.63161
v 305.08201 59.51180 139.63161
v 303.19598 58.73600 150.04320
v 303.32701 58.54591 148.69971
v 303.80147 58.74630 150.04320
v 311.92510 58.63469 148.69971
v 309.77309 58.88730 150.04320
v 305.01587 58.76611 150.04320
v 304.95141 58.56860 148.69971
v 305.39529 59.36881 150.30351
v 305.36892 59.40199 150.04320
v 310.59029 58.85130 147.11189
v 309.78577 58.91510 148.69971
v 311.92510 58.80471 148.69971
v 313.29463 58.74091 147.11189
v 307.92930 59.12340 145.75129
v 310.99703 58.81000 145.75129
v 311.45160 58.77200 144.09480
v 308.19099 59.10980 144.09480
v 311.73069 58.73850 141.79811
v 314.98673 58.57530 141.79811
v 315.25199 58.54700 139.63161
v 311.92310 58.71931 139.63161
v 307.56090 59.16119 148.69971
v 308.34448 59.09770 141.79811
v 308.46102 59.09080 139.63161
v 314.58690 58.62439 144.09480
v 304.90372 59.47850 145.75129
v 304.99127 59.49250 144.09480
v 319.73889 58.19309 12.81161
v 305.51388 59.44000 148.69971
v 305.11487 58.91021 150.30351
v 304.15051 58.89581 150.30351
v 313.29463 58.54090 147.11189
v 304.31960 58.44730 147.11189
v 305.03218 59.50471 141.79811
v 314.58690 58.42441 144.09480
v 304.16710 58.29650 144.09480
v 304.17621 58.23290 141.79811
v 314.98673 58.37529 141.79811
v 313.94670 58.48029 145.75129
v 304.12810 58.36881 145.75129
v 305.03061 59.46340 147.11189
v 307.77791 59.13821 147.11189
v 313.94670 58.68030 145.75129
v 303.35829 59.61090 145.75129
v 303.41427 59.62949 144.09480
v 302.87850 59.15859 150.56381
v 302.72620 59.25739 150.57969
v 303.33221 58.43449 147.11189
v 303.36039 58.35820 145.75129
v 303.45137 59.64530 141.79811
v 302.72620 59.25739 150.57969
v 303.33221 59.60870 147.11189
v 303.41427 58.28660 144.09480
v 303.45137 58.22310 141.79811
v 303.13380 58.80640 150.16770
v 314.58690 58.52440 144.09480
v 313.94670 58.58030 145.75129
v 313.94670 58.58030 145.75129
v 314.58690 58.52440 144.09480
v 303.47826 58.66809 0.56872
v 303.28381 59.56569 0.42720
v 303.10261 59.47290 0.29531
v 302.94697 59.32520 0.18210
v 302.82757 59.13270 0.09518
v 302.75252 58.90860 0.04058
v 302.72686 58.66809 0.02198
v 303.28381 57.77059 0.42720
v 303.47826 58.66809 0.56872
v 303.10261 57.86341 0.29531
v 302.94697 58.01111 0.18210
v 302.82757 58.20350 0.09518
v 302.75252 58.42760 0.04058
v 302.72686 58.66809 0.02198
v 303.28476 59.63131 139.63161
v 303.10748 59.55790 139.63161
v 302.95527 59.44110 139.63161
v 302.83849 59.28890 139.63161
v 302.76511 59.11160 139.63161
v 302.74003 58.92140 139.63161
v 302.76511 58.73111 139.63161
v 302.74003 58.92140 139.63161
v 302.83849 58.55389 139.63161
v 302.95527 58.40170 139.63161
v 303.10748 58.28480 139.63161
v 303.28476 58.21140 139.63161
v 303.26731 59.62110 141.79811
v 303.24061 59.60661 144.09480
v 303.09579 59.55010 141.79811
v 303.07858 59.53950 144.09480
v 302.94850 59.43710 141.79811
v 302.93963 59.43280 144.09480
v 302.83549 59.28980 141.79811
v 302.83291 59.29371 144.09480
v 302.76453 59.11830 141.79811
v 302.76577 59.13180 144.09480
v 302.74022 58.93419 141.79811
v 302.74289 58.95800 144.09480
v 302.74022 58.93419 141.79811
v 302.76453 58.75021 141.79811
v 302.76577 58.78420 144.09480
v 302.74289 58.95800 144.09480
v 302.83549 58.57870 141.79811
v 302.83291 58.62229 144.09480
v 302.94850 58.43139 141.79811
v 302.93963 58.48330 144.09480
v 303.09579 58.31841 141.79811
v 303.26731 58.24730 141.79811
v 303.24061 58.30950 144.09480
v 303.07858 58.37650 144.09480
v 303.19617 59.58961 145.75129
v 303.18019 59.58870 147.11189
v 303.17357 59.63331 149.12910
v 303.03862 59.53010 147.11189
v 303.03061 59.57810 149.10741
v 302.91703 59.43680 147.11189
v 302.90778 59.49040 149.07298
v 302.82371 59.31520 147.11189
v 302.81351 59.37610 149.02811
v 302.76511 59.17360 147.11189
v 302.75433 59.24299 148.97571
v 302.74508 59.02160 147.11189
v 302.73411 59.10020 148.91958
v 302.74508 59.02160 147.11189
v 302.76511 58.86970 147.11189
v 302.75433 58.95739 148.86351
v 302.73411 59.10020 148.91958
v 302.82371 58.72810 147.11189
v 302.81351 58.82431 148.81120
v 302.91703 58.60650 147.11189
v 302.90778 58.71001 148.76628
v 303.03862 58.51319 147.11189
v 303.03061 58.62229 148.73180
v 303.18019 58.45450 147.11189
v 303.17357 58.56710 148.71011
v 303.19808 58.37900 145.75129
v 303.04682 58.44110 145.75129
v 302.91669 58.54030 145.75129
v 303.04310 59.52650 145.75129
v 302.91369 59.42650 145.75129
v 302.81460 59.29640 145.75129
v 302.75242 59.14500 145.75129
v 302.73173 58.98281 145.75129
v 302.73173 58.98281 145.75129
v 302.75347 58.82280 145.75129
v 302.81670 58.66969 145.75129
v 303.07529 59.65280 150.04320
v 302.96290 59.60620 150.04320
v 302.86629 59.53210 150.04320
v 302.79219 59.43549 150.04320
v 302.74560 59.32301 150.04320
v 302.72973 59.20230 150.04320
v 303.07529 58.75190 150.04320
v 302.96290 58.79850 150.04320
v 302.86629 58.87260 150.04320
v 302.79219 58.96919 150.04320
v 302.74560 59.08161 150.04320
v 302.72973 59.20230 150.04320
v 303.02918 59.59371 150.30122
v 302.93171 59.55389 150.29440
v 302.84798 59.49059 150.28358
v 302.78370 59.40800 150.26960
v 302.74341 59.31190 150.25330
v 302.72963 59.20880 150.23570
v 302.74341 59.10570 150.21820
v 302.72963 59.20880 150.23570
v 302.78370 59.00961 150.20189
v 302.84798 58.92710 150.18783
v 302.93171 58.86369 150.17710
v 303.02918 58.82390 150.17028
v 302.83959 59.45349 150.56381
v 302.80340 59.43850 150.56381
v 302.77240 59.41461 150.56381
v 302.74851 59.38360 150.56381
v 302.73359 59.34740 150.56381
v 302.72839 59.30861 150.56381
v 302.72839 59.30861 150.56381
v 302.73359 59.26970 150.56381
v 302.74851 59.23360 150.56381
v 302.77240 59.20250 150.56381
v 302.80340 59.17869 150.56381
v 302.83959 59.16370 150.56381
v 305.51388 59.44000 -148.65575
v 303.32701 59.65210 -149.09253
v 303.33221 59.60870 -147.06788
v 305.03061 59.46340 -147.06788
v 305.36892 59.40199 -149.99919
v 303.70381 59.58150 -149.99919
v 302.87850 59.15859 -150.51980
v 303.13380 58.80640 -150.12374
v 303.02918 58.82390 -150.12631
v 302.83959 59.16370 -150.51980
v 302.93171 58.86369 -150.13309
v 302.80340 59.17869 -150.51980
v 302.84798 58.92710 -150.14377
v 302.77240 59.20250 -150.51980
v 302.78370 59.00961 -150.15788
v 302.74851 59.23360 -150.51980
v 302.74341 59.10570 -150.17419
v 302.73359 59.26970 -150.51980
v 302.72963 59.20880 -150.19174
v 302.72839 59.30861 -150.51980
v 302.74341 59.31190 -150.20928
v 302.73359 59.34740 -150.51980
v 302.72839 59.30861 -150.51980
v 302.72963 59.20880 -150.19174
v 302.78370 59.40800 -150.22559
v 302.74851 59.38360 -150.51980
v 302.84798 59.49059 -150.23961
v 302.77240 59.41461 -150.51980
v 302.93171 59.55389 -150.25039
v 302.80340 59.43850 -150.51980
v 303.02918 59.59371 -150.25716
v 302.83959 59.45349 -150.51980
v 303.13380 59.60730 -150.25945
v 302.87850 59.45860 -150.51980
v 302.72620 59.25739 -150.53573
v 302.72620 59.25739 -150.53573
v 303.19598 58.73600 -149.99919
v 303.07529 58.75190 -149.99919
v 302.96290 58.79850 -149.99919
v 302.86629 58.87260 -149.99919
v 302.79219 58.96919 -149.99919
v 302.74560 59.08161 -149.99919
v 302.72973 59.20230 -149.99919
v 302.74560 59.32301 -149.99919
v 302.72973 59.20230 -149.99919
v 302.79219 59.43549 -149.99919
v 302.86629 59.53210 -149.99919
v 302.96290 59.60620 -149.99919
v 303.07529 59.65280 -149.99919
v 303.19598 59.66870 -149.99919
v 302.75433 58.95739 -148.81949
v 302.73411 59.10020 -148.87557
v 302.81351 58.82431 -148.76723
v 302.90778 58.71001 -148.72231
v 303.03061 58.62229 -148.68779
v 303.17357 58.56710 -148.66605
v 303.32701 58.54591 -148.65575
v 302.75433 59.24299 -148.93174
v 302.73411 59.10020 -148.87557
v 302.81351 59.37610 -148.98410
v 302.90778 59.49040 -149.02902
v 303.03061 59.57810 -149.06335
v 303.17357 59.63331 -149.08509
v 302.93963 58.48330 -144.05084
v 302.83291 58.62229 -144.05084
v 302.81670 58.66969 -145.70727
v 302.91669 58.54030 -145.70727
v 302.76577 58.78420 -144.05084
v 302.75347 58.82280 -145.70727
v 302.74289 58.95800 -144.05084
v 302.73173 58.98281 -145.70727
v 302.76577 59.13180 -144.05084
v 302.75242 59.14500 -145.70727
v 302.73173 58.98281 -145.70727
v 302.74289 58.95800 -144.05084
v 302.82371 58.72810 -147.06788
v 302.91703 58.60650 -147.06788
v 302.76511 58.86970 -147.06788
v 302.74508 59.02160 -147.06788
v 302.76511 59.17360 -147.06788
v 302.74508 59.02160 -147.06788
v 302.83291 59.29371 -144.05084
v 302.81460 59.29640 -145.70727
v 302.93963 59.43280 -144.05084
v 302.91369 59.42650 -145.70727
v 303.07858 59.53950 -144.05084
v 303.04310 59.52650 -145.70727
v 303.24061 59.60661 -144.05084
v 303.19617 59.58961 -145.70727
v 302.82371 59.31520 -147.06788
v 302.91703 59.43680 -147.06788
v 303.03862 59.53010 -147.06788
v 303.18019 59.58870 -147.06788
v 303.19808 58.37900 -145.70727
v 303.04682 58.44110 -145.70727
v 303.03862 58.51319 -147.06788
v 303.18019 58.45450 -147.06788
v 303.07858 58.37650 -144.05084
v 303.24061 58.30950 -144.05084
v 303.41427 58.28660 -144.05084
v 303.36039 58.35820 -145.70727
v 303.33221 58.43449 -147.06788
v 303.35829 59.61090 -145.70727
v 303.41427 59.62949 -144.05084
v 303.09579 58.31841 -141.75410
v 302.94850 58.43139 -141.75410
v 303.26731 58.24730 -141.75410
v 303.45137 58.22310 -141.75410
v 303.47502 58.18639 -139.58764
v 303.28476 58.21140 -139.58764
v 303.10748 58.28480 -139.58764
v 302.95527 58.40170 -139.58764
v 302.76511 59.11160 -139.58764
v 302.76453 59.11830 -141.75410
v 302.74022 58.93419 -141.75410
v 302.74003 58.92140 -139.58764
v 302.74003 58.92140 -139.58764
v 302.74022 58.93419 -141.75410
v 302.76453 58.75021 -141.75410
v 302.76511 58.73111 -139.58764
v 302.83849 58.55389 -139.58764
v 302.83549 58.57870 -141.75410
v 302.83549 59.28980 -141.75410
v 302.83849 59.28890 -139.58764
v 302.94850 59.43710 -141.75410
v 302.95527 59.44110 -139.58764
v 303.10748 59.55790 -139.58764
v 303.28476 59.63131 -139.58764
v 303.26731 59.62110 -141.75410
v 303.09579 59.55010 -141.75410
v 303.45137 59.64530 -141.75410
v 303.47502 59.65640 -139.58764
v 303.47826 57.73891 -0.52471
v 303.28381 57.77059 -0.38319
v 303.10261 57.86341 -0.25129
v 302.94697 58.01111 -0.13809
v 302.82757 58.20350 -0.05121
v 302.75252 58.42760 0.00339
v 302.75252 58.90860 0.00339
v 302.82757 59.13270 -0.05121
v 302.94697 59.32520 -0.13809
v 303.10261 59.47290 -0.25129
v 303.28381 59.56569 -0.38319
v 303.47826 59.59731 -0.52471
v 303.47826 58.66809 -0.52471
v 303.47826 58.66809 -0.52471
v 319.73889 57.99311 -12.76760
v 319.73889 58.19309 -12.76760
v 303.47826 58.66809 -0.52471
v 303.47826 57.73891 -0.52471
v 319.73889 58.19309 -12.76760
v 303.47826 59.59731 -0.52471
v 303.47826 58.66809 -0.52471
v 304.51019 59.11489 -150.51980
v 304.15051 58.89581 -150.25945
v 303.80147 58.74630 -149.99919
v 303.74830 59.42231 -150.51980
v 303.41971 59.44000 -150.51980
v 304.12810 58.36881 -145.70727
v 304.16710 58.29650 -144.05084
v 304.17621 58.23290 -141.75410
v 304.20678 58.19641 -139.58764
v 305.08201 59.51180 -139.58764
v 305.03218 59.50471 -141.75410
v 304.90372 59.47850 -145.70727
v 304.95141 58.56860 -148.65575
v 304.31960 58.44730 -147.06788
v 304.05490 59.40210 -150.51980
v 304.43799 59.37060 -150.51980
v 303.30737 59.59321 -150.25945
v 303.16751 59.24030 -150.53573
v 303.13480 59.45349 -150.51980
v 304.99127 59.49250 -144.05084
v 302.97987 59.45830 -150.51980
v 303.16751 59.24030 -150.53573
v 315.25199 58.34699 -139.58764
v 305.11487 58.91021 -150.25945
v 305.07281 59.10390 -150.51980
v 319.73889 58.19309 -12.76760
v 308.46102 59.09080 -139.58764
v 313.94670 58.48029 -145.70727
v 314.58690 58.42441 -144.05084
v 307.03390 59.19850 -149.99919
v 307.82650 59.09250 -150.25945
v 306.96528 59.13510 -150.51980
v 306.71751 59.22200 -150.25945
v 308.34448 59.09770 -141.75410
v 308.19099 59.10980 -144.05084
v 310.99703 58.81000 -145.70727
v 313.94670 58.68030 -145.70727
v 313.29463 58.74091 -147.06788
v 310.59029 58.85130 -147.06788
v 307.92930 59.12340 -145.70727
v 307.77791 59.13821 -147.06788
v 311.45160 58.77200 -144.05084
v 314.58690 58.62439 -144.05084
v 309.78577 58.91510 -148.65575
v 307.56090 59.16119 -148.65575
v 311.92310 58.71931 -139.58764
v 314.98673 58.37529 -141.75410
v 305.01587 58.76611 -149.99919
v 304.07288 59.49820 -150.25945
v 305.39529 59.36881 -150.25945
v 313.29463 58.54090 -147.06788
v 305.71830 59.25720 -150.51980
v 306.39651 59.18980 -150.51980
v 305.03991 59.31869 -150.51980
v 308.89289 58.99760 -150.25945
v 309.77309 58.88730 -149.99919
v 311.73069 58.73850 -141.75410
v 311.92510 58.63469 -148.65575
v 305.56881 59.09629 -150.51980
v 311.92510 58.83470 -148.65575
v 309.77309 58.88730 -149.99919
v 308.43031 59.01890 -149.99919
v 315.25199 58.54700 -139.58764
v 314.98673 58.57530 -141.75410
v 303.93641 59.21550 -150.53573
v 304.33371 59.20020 -150.53573
v 304.73111 59.18490 -150.53573
v 305.12831 59.16970 -150.53573
v 305.52571 59.15440 -150.53573
v 305.92301 59.13910 -150.53573
v 306.71761 59.10850 -150.53153
v 307.11491 59.09330 -150.52705
v 307.51221 59.07801 -150.51980
v 307.51221 59.07801 -150.51980
v 307.11491 59.09330 -150.52705
v 306.71761 59.10850 -150.53153
v 306.32031 59.12381 -150.53573
v 305.92301 59.13910 -150.53573
v 305.52571 59.15440 -150.53573
v 305.12831 59.16970 -150.53573
v 304.73111 59.18490 -150.53573
v 304.33371 59.20020 -150.53573
v 303.93641 59.21550 -150.53573
v 308.89289 58.99760 -150.25945
v 315.25199 58.44700 -139.58764
v 314.98673 58.47530 -141.75410
v 311.92510 58.73470 -148.65575
v 313.29463 58.64089 -147.06788
v 313.29463 58.64089 -147.06788
v 311.92510 58.73470 -148.65575
v 314.58690 58.52440 -144.05084
v 313.94670 58.58030 -145.70727
v 314.58690 58.52440 -144.05084
v 314.98673 58.47530 -141.75410
v 315.25199 58.44700 -139.58764
v 313.94670 58.58030 -145.70727
v 309.77309 58.88730 -149.99919
v 309.77309 58.88730 -149.99919
v 313.29463 58.64089 147.11189
v 313.29463 58.64089 147.11189
v 314.98673 58.47530 141.79811
v 315.25199 58.44700 139.63161
v 311.92510 58.71970 148.69971
v 314.98673 58.47530 141.79811
v 311.92510 58.71970 148.69971
v 315.25199 58.44700 139.63161
v 309.77309 58.88730 150.04320
v 309.77309 58.88730 150.04320
v 319.73889 58.09310 12.81161
v 319.73889 58.09310 12.81161
v -83.35001 5.54040 441.70518
v -79.34320 5.30160 441.71500
v -82.39429 1.63960 325.18330
v -80.73399 -2.50400 205.64008
v -82.38680 -2.34440 205.64017
v -82.39429 -2.26220 208.06327
v -85.68470 -2.10390 205.64017
v -85.67159 -2.02470 208.06317
v -85.75289 -2.09930 205.64017
v -90.03260 -1.85850 205.64008
v -87.64310 5.71940 441.69779
v -85.67159 1.84620 325.18320
v -91.36379 5.83880 441.69288
v -94.20099 -1.67400 205.64017
v -95.94729 -1.70000 205.64008
v -95.37070 5.77910 441.69540
v -116.88511 2.67540 441.82348
v -122.20109 -6.11150 205.64017
v -122.79510 -6.56220 205.64008
v -99.52061 -0.04590 441.93568
v -103.34132 -10.76790 205.64017
v -101.07191 -10.76180 205.64017
v -65.94341 0.06200 441.93120
v -73.28520 -0.00340 441.93401
v -73.94719 -10.70230 205.64017
v -70.74640 -10.67370 205.64017
v -46.42479 -7.11590 205.64017
v -48.72179 2.31950 441.89610
v -43.00439 -7.79430 205.64017
v -66.30471 -4.16420 205.64008
v -66.46390 4.22720 441.75940
v -62.40480 3.82180 441.89610
v -58.48320 -5.33370 205.64017
v -75.12259 -3.08180 205.64017
v -74.33460 4.88380 441.73231
v -34.12299 0.86500 441.89610
v -30.06990 -9.41430 205.64017
v -103.09830 -0.01200 441.93430
v -107.34971 -10.71550 205.64017
v -122.74048 -7.66910 205.64017
v -116.83609 1.95910 441.85300
v -117.12229 2.31720 441.83831
v -123.06101 -7.11570 205.64017
v -112.38420 3.98850 441.76931
v -109.25159 4.52570 441.74700
v -112.18212 -3.21340 205.64017
v -115.70199 -3.95360 205.64008
v -106.38959 0.11040 441.92929
v -111.03718 -10.52630 205.64017
v -109.44378 0.39000 441.91771
v -114.45889 -10.09410 205.64027
v -112.35878 0.74650 441.90302
v -117.72480 -9.54310 205.64017
v -114.31310 1.12350 441.88752
v -120.16561 -8.86860 205.64027
v -123.06101 -7.11570 205.64017
v -117.12229 2.31720 441.83831
v -115.78929 1.48160 441.87269
v -121.56789 -8.40710 205.64017
v -104.49910 -2.09040 205.64017
v -108.29270 -2.55660 205.64017
v -106.10340 4.97960 441.72831
v -102.81200 5.36030 441.71262
v -118.82632 -4.78370 205.64017
v -114.68952 3.45130 441.79139
v -120.86871 -5.50470 205.64017
v -115.97750 3.09320 441.80622
v -100.35760 -1.82190 205.64017
v -98.94831 5.65980 441.70022
v -30.06990 -9.61430 205.64017
v -34.12299 0.66500 441.89610
v -37.52530 -9.80720 205.64017
v -69.20321 -10.65010 205.64017
v -63.99000 -10.57460 205.64017
v -62.40480 0.11470 441.89610
v -59.08000 -10.45170 205.64017
v -107.03399 -9.89270 203.86147
v -103.06571 -9.93490 203.86147
v -107.96759 -3.30880 203.86147
v -111.81819 -3.83880 203.86147
v -114.07239 -9.39120 203.86157
v -110.68470 -9.74000 203.86147
v -94.01660 -2.59650 203.86147
v -95.74549 -2.61750 203.86138
v -85.58531 -2.94350 203.86147
v -85.65280 -2.93980 203.86147
v -37.90650 -9.79420 203.86147
v -30.52561 -9.55780 203.86147
v -117.30559 -8.94660 203.86147
v -121.73719 -6.17740 203.86147
v -122.32530 -6.54110 203.86138
v -89.88979 -2.74540 203.86138
v -66.39869 -4.60600 203.86138
v -75.12860 -3.73260 203.86147
v -121.11042 -8.02980 203.86147
v -119.72210 -8.40230 203.86157
v -82.32031 -3.13760 203.86147
v -80.68399 -3.26630 203.86138
v -118.39612 -5.10590 203.86147
v -120.41810 -5.68780 203.86147
v -69.26830 -9.83990 203.86147
v -64.10711 -9.77900 203.86147
v -46.71719 -7.62240 203.86147
v -58.65529 -5.54980 203.86147
v -122.27130 -7.43430 203.86147
v -104.21190 -2.93260 203.86147
v -73.96491 -9.88200 203.86147
v -70.79611 -9.85900 203.86147
v -115.30311 -5.07060 203.86138
v -100.81890 -9.93000 203.86147
v -43.33100 -8.16990 203.86147
v -122.58852 -6.98770 203.86147
v -59.24609 -9.67980 203.86147
v -30.52561 -9.55780 203.86147
v -122.58852 -6.98770 203.86147
v -100.11179 -2.71590 203.86147
v -34.12299 0.76500 441.89610
v -30.06990 -9.51430 205.64017
v -30.06990 -9.51430 205.64017
v -34.12299 0.76500 441.89610
v -83.35001 5.54040 -441.70518
v -82.39429 1.63960 -325.18334
v -79.34320 5.30160 -441.71500
v -82.39429 -2.26220 -208.06327
v -82.38680 -2.34440 -205.64017
v -80.73399 -2.50400 -205.64008
v -85.68470 -2.10390 -205.64017
v -85.67159 -2.02470 -208.06317
v -85.75289 -2.09930 -205.64017
v -85.67159 1.84620 -325.18315
v -87.64310 5.71940 -441.69774
v -90.03260 -1.85850 -205.64017
v -91.36379 5.83880 -441.69288
v -95.37070 5.77910 -441.69545
v -95.94741 -1.70000 -205.64008
v -94.20099 -1.67400 -205.64017
v -116.88511 2.67540 -441.82343
v -122.79510 -6.56220 -205.64008
v -122.20109 -6.11150 -205.64017
v -99.52061 -0.04590 -441.93568
v -101.07191 -10.76180 -205.64017
v -103.34132 -10.76790 -205.64017
v -65.94341 0.06200 -441.93120
v -70.74640 -10.67370 -205.64017
v -73.94719 -10.70230 -205.64017
v -73.28520 -0.00340 -441.93406
v -46.42479 -7.11590 -205.64017
v -43.00439 -7.79430 -205.64017
v -48.72179 2.31950 -441.89610
v -66.30471 -4.16420 -205.64008
v -58.48320 -5.33370 -205.64017
v -62.40480 3.82180 -441.89610
v -66.46390 4.22720 -441.75935
v -75.12259 -3.08180 -205.64017
v -74.33460 4.88380 -441.73226
v -30.06990 -9.41430 -205.64017
v -34.12299 0.86500 -441.89610
v -107.34971 -10.71550 -205.64017
v -103.09830 -0.01200 -441.93425
v -122.74048 -7.66910 -205.64017
v -123.06101 -7.11570 -205.64017
v -117.12229 2.31720 -441.83831
v -116.83609 1.95910 -441.85300
v -112.38420 3.98850 -441.76927
v -115.70199 -3.95360 -205.64008
v -112.18200 -3.21340 -205.64017
v -109.25159 4.52570 -441.74695
v -111.03709 -10.52630 -205.64017
v -106.38959 0.11040 -441.92929
v -114.45889 -10.09410 -205.64027
v -109.44378 0.39000 -441.91766
v -117.72480 -9.54310 -205.64017
v -112.35878 0.74650 -441.90297
v -120.16561 -8.86860 -205.64027
v -114.31310 1.12350 -441.88752
v -117.12229 2.31720 -441.83831
v -123.06101 -7.11570 -205.64017
v -115.78929 1.48160 -441.87264
v -121.56789 -8.40710 -205.64017
v -104.49910 -2.09040 -205.64017
v -102.81200 5.36030 -441.71262
v -106.10340 4.97960 -441.72826
v -108.29270 -2.55660 -205.64017
v -114.68952 3.45130 -441.79139
v -118.82632 -4.78370 -205.64017
v -120.86871 -5.50470 -205.64017
v -115.97750 3.09320 -441.80627
v -98.94831 5.65980 -441.70022
v -100.35760 -1.82190 -205.64017
v -30.06990 -9.61430 -205.64017
v -37.52530 -9.80720 -205.64017
v -34.12299 0.66500 -441.89610
v -69.20321 -10.65010 -205.64017
v -62.40480 0.11470 -441.89610
v -63.99000 -10.57460 -205.64017
v -59.08000 -10.45170 -205.64017
v -103.06571 -9.93490 -203.86147
v -107.03399 -9.89270 -203.86147
v -111.81819 -3.83880 -203.86147
v -107.96759 -3.30880 -203.86147
v -110.68470 -9.74000 -203.86147
v -114.07239 -9.39120 -203.86157
v -95.74549 -2.61750 -203.86138
v -94.01660 -2.59650 -203.86147
v -85.65280 -2.93980 -203.86147
v -85.58531 -2.94350 -203.86147
v -30.52561 -9.55780 -203.86147
v -37.90650 -9.79420 -203.86147
v -117.30559 -8.94660 -203.86147
v -122.32530 -6.54110 -203.86138
v -121.73719 -6.17740 -203.86147
v -89.88979 -2.74540 -203.86147
v -75.12860 -3.73260 -203.86147
v -66.39869 -4.60600 -203.86138
v -119.72210 -8.40230 -203.86157
v -121.11042 -8.02980 -203.86157
v -82.32031 -3.13760 -203.86147
v -80.68399 -3.26630 -203.86138
v -120.41810 -5.68780 -203.86147
v -118.39612 -5.10590 -203.86147
v -64.10711 -9.77900 -203.86157
v -69.26830 -9.83990 -203.86147
v -58.65529 -5.54980 -203.86157
v -46.71719 -7.62240 -203.86147
v -122.27130 -7.43430 -203.86157
v -104.21190 -2.93260 -203.86157
v -70.79611 -9.85900 -203.86147
v -73.96491 -9.88200 -203.86157
v -115.30311 -5.07060 -203.86138
v -100.81890 -9.93000 -203.86147
v -43.33100 -8.16990 -203.86147
v -122.58852 -6.98770 -203.86147
v -59.24609 -9.67980 -203.86147
v -30.52561 -9.55780 -203.86147
v -122.58852 -6.98770 -203.86147
v -100.11179 -2.71590 -203.86147
v -30.06990 -9.51430 -205.64017
v -34.12299 0.76500 -441.89610
v -34.12299 0.76500 -441.89610
v -30.06990 -9.51430 -205.64017
v -57.80981 12.65110 -732.64947
v -57.69651 13.08770 -731.39558
v -76.88181 12.50440 -731.35371
v -76.93400 12.14710 -732.64947
v -76.93400 13.88450 -732.64947
v -57.80981 12.85110 -732.64947
v -76.93400 13.88450 -732.64947
v -76.93110 15.62180 -732.64947
v -60.68389 1.89210 -441.91270
v -60.68470 0.18960 -441.92796
v -34.12271 0.66530 -441.90240
v -60.68299 3.59450 -441.89744
v -60.68389 1.89210 -441.91270
v -34.12271 0.86530 -441.90240
v -57.69651 13.28770 -731.39558
v -76.89741 15.85330 -731.63285
v -61.12370 3.53670 -441.89744
v -61.53440 3.36690 -441.89744
v -61.88710 3.09650 -441.89744
v -62.15780 2.74400 -441.89744
v -62.32810 2.33350 -441.89744
v -62.38630 1.89290 -441.89744
v -61.12530 0.24780 -441.89744
v -61.53581 0.41810 -441.89744
v -61.88829 0.68880 -441.89744
v -62.15870 1.04150 -441.89744
v -62.32860 1.45220 -441.89744
v -62.38630 1.89290 -441.89744
v -77.35600 15.56260 -732.64947
v -77.78060 15.40160 -732.64947
v -78.12059 15.12550 -732.64947
v -78.40550 14.75320 -732.64947
v -78.56960 14.33410 -732.64947
v -78.64280 13.88450 -732.64947
v -77.38359 12.20630 -732.64947
v -77.80259 12.37990 -732.64947
v -78.16250 12.65600 -732.64947
v -78.43850 13.01580 -732.64947
v -78.61211 13.43480 -732.64947
v -78.64280 13.88450 -732.64947
v -77.31540 12.57040 -731.36487
v -78.50900 14.60890 -731.53119
v -78.56400 14.17670 -731.49590
v -78.56400 14.17670 -731.49590
v -78.50490 13.74500 -731.46062
v -78.33579 13.34330 -731.42781
v -78.06809 12.99890 -731.39977
v -77.72000 12.73530 -731.37822
v -78.34361 15.01220 -731.56409
v -78.07910 15.35900 -731.59242
v -77.73359 15.62590 -731.61435
v -77.33049 15.79450 -731.62808
v -34.12271 0.76530 -441.90240
v -57.69651 13.18770 -731.39558
v -57.80981 12.75110 -732.64947
v -57.80981 12.75110 -732.64947
v -57.69651 13.18770 -731.39558
v -34.12271 0.76530 -441.90240
v -57.80981 12.65110 732.64942
v -76.93400 12.14710 732.64942
v -76.88181 12.50440 731.35371
v -57.69651 13.08770 731.39548
v -76.93400 13.88450 732.64942
v -57.80981 12.85110 732.64942
v -76.93110 15.62180 732.64942
v -76.93400 13.88450 732.64942
v -60.68389 1.89210 441.91270
v -34.12271 0.66530 441.90240
v -60.68470 0.18960 441.92781
v -60.68299 3.59450 441.89758
v -34.12271 0.86530 441.90240
v -60.68389 1.89210 441.91270
v -57.69651 13.28770 731.39548
v -76.89741 15.85330 731.63280
v -61.12370 3.53670 441.89758
v -61.53440 3.36690 441.89758
v -61.88710 3.09650 441.89758
v -62.15780 2.74400 441.89758
v -62.32810 2.33350 441.89758
v -62.38630 1.89290 441.89758
v -61.12530 0.24780 441.89758
v -61.53581 0.41810 441.89758
v -61.88829 0.68880 441.89758
v -62.15870 1.04150 441.89758
v -62.32860 1.45220 441.89758
v -62.38630 1.89290 441.89758
v -77.35600 15.56260 732.64942
v -77.78060 15.40160 732.64942
v -78.12059 15.12550 732.64942
v -78.40550 14.75320 732.64942
v -78.56960 14.33410 732.64942
v -78.64280 13.88450 732.64942
v -77.38359 12.20630 732.64942
v -77.80259 12.37990 732.64942
v -78.16250 12.65600 732.64942
v -78.43850 13.01580 732.64942
v -78.61211 13.43480 732.64942
v -78.64280 13.88450 732.64942
v -77.31540 12.57040 731.36468
v -78.56400 14.17670 731.49590
v -78.50900 14.60890 731.53119
v -78.50490 13.74500 731.46062
v -78.56400 14.17670 731.49590
v -78.33579 13.34330 731.42781
v -78.06809 12.99890 731.39968
v -77.72000 12.73530 731.37822
v -78.34361 15.01220 731.56409
v -78.07910 15.35900 731.59242
v -77.73359 15.62590 731.61421
v -77.33049 15.79450 731.62799
v -57.69651 13.18770 731.39548
v -34.12271 0.76530 441.90240
v -57.80981 12.75110 732.64942
v -57.69651 13.18770 731.39548
v -57.80981 12.75110 732.64942
v -34.12271 0.76530 441.90240
v -121.95399 -11.00990 27.09351
v -124.55552 -11.98550 27.62642
v -120.86871 -5.50470 205.64017
v -118.82632 -4.78370 205.64017
v -44.60871 -14.57560 18.85362
v -46.42479 -7.11590 205.64017
v -43.00439 -7.79430 205.64017
v -38.46750 -15.82000 18.16349
v -85.75289 -2.09930 205.64017
v -91.88271 -7.72550 22.87660
v -90.03260 -1.85850 205.64008
v -96.39280 -7.47750 23.29102
v -94.20099 -1.67400 205.64017
v -115.70199 -3.95360 205.64008
v -112.18212 -3.21340 205.64017
v -114.41391 -9.10750 25.82002
v -118.22000 -9.98100 26.43738
v -101.44231 -7.58030 23.95120
v -100.35760 -1.82190 205.64017
v -95.94729 -1.70000 205.64008
v -85.68470 -2.10390 205.64017
v -86.67650 -8.09170 22.43948
v -55.39861 -12.53530 19.80429
v -58.48320 -5.33370 205.64017
v -122.79510 -6.56220 205.64008
v -127.23501 -13.50190 28.20759
v -127.51710 -14.19370 28.40648
v -123.06101 -7.11570 205.64017
v -108.29270 -2.55660 205.64017
v -109.96621 -8.31760 25.16608
v -82.38680 -2.34440 205.64017
v -81.81520 -8.57250 22.10298
v -66.18001 -10.73570 20.72988
v -66.30471 -4.16420 205.64008
v -126.20099 -12.72310 27.92659
v -122.20109 -6.11150 205.64017
v -80.73399 -2.50400 205.64008
v -30.06990 -9.41430 205.64017
v -26.83520 -17.61810 17.08760
v -75.12259 -3.08180 205.64017
v -75.73681 -9.29050 21.61980
v -105.79360 -7.80720 24.50399
v -104.49910 -2.09040 205.64017
v -70.74640 -10.67370 205.64017
v -74.45881 -18.97180 23.00200
v -69.20321 -10.65010 205.64017
v -121.56789 -8.40710 205.64017
v -125.90201 -15.82370 28.46231
v -124.55561 -16.36370 28.43089
v -120.16561 -8.86860 205.64027
v -73.94719 -10.70230 205.64017
v -127.16959 -14.89140 28.45149
v -122.74048 -7.66910 205.64017
v -123.06101 -7.11570 205.64017
v -127.51710 -14.19370 28.40648
v -26.83520 -17.81810 17.08760
v -30.06990 -9.61430 205.64017
v -37.52530 -9.80720 205.64017
v -40.21850 -18.17630 18.61811
v -65.22341 -18.89140 21.82231
v -63.99000 -10.57460 205.64017
v -103.34132 -10.76790 205.64017
v -106.23190 -18.87980 26.86620
v -102.24810 -18.88690 26.47471
v -101.07191 -10.76180 205.64017
v -107.34971 -10.71550 205.64017
v -110.55861 -18.79460 27.28410
v -121.75381 -17.26910 28.24121
v -117.72480 -9.54310 205.64017
v -59.08000 -10.45170 205.64017
v -56.47740 -18.72280 20.70651
v -118.23030 -17.97810 27.96168
v -114.45889 -10.09410 205.64027
v -114.53800 -18.53860 27.65150
v -111.03718 -10.52630 205.64017
v -26.83520 -17.71810 17.08760
v -26.83520 -17.71810 17.08760
v -121.95399 -11.00990 -27.09351
v -118.82632 -4.78370 -205.64017
v -120.86871 -5.50470 -205.64017
v -124.55552 -11.98550 -27.62642
v -44.60871 -14.57560 -18.85362
v -38.46750 -15.82000 -18.16349
v -43.00439 -7.79430 -205.64017
v -46.42479 -7.11590 -205.64017
v -85.75289 -2.09930 -205.64017
v -90.03260 -1.85850 -205.64017
v -91.88271 -7.72550 -22.87660
v -96.39280 -7.47750 -23.29102
v -94.20099 -1.67400 -205.64017
v -115.70199 -3.95360 -205.64008
v -118.22000 -9.98100 -26.43738
v -114.41391 -9.10750 -25.82002
v -112.18200 -3.21340 -205.64017
v -95.94741 -1.70000 -205.64008
v -100.35760 -1.82190 -205.64017
v -101.44231 -7.58030 -23.95120
v -85.68470 -2.10390 -205.64017
v -86.67650 -8.09170 -22.43948
v -55.39861 -12.53530 -19.80429
v -58.48320 -5.33370 -205.64017
v -122.79510 -6.56220 -205.64008
v -123.06101 -7.11570 -205.64017
v -127.51710 -14.19370 -28.40648
v -127.23501 -13.50190 -28.20759
v -108.29270 -2.55660 -205.64017
v -109.96621 -8.31760 -25.16608
v -81.81520 -8.57250 -22.10298
v -82.38680 -2.34440 -205.64017
v -66.18001 -10.73570 -20.72988
v -66.30471 -4.16420 -205.64008
v -122.20109 -6.11150 -205.64017
v -126.20099 -12.72310 -27.92659
v -80.73399 -2.50400 -205.64008
v -26.83520 -17.61810 -17.08760
v -30.06990 -9.41430 -205.64017
v -75.73681 -9.29050 -21.61980
v -75.12259 -3.08180 -205.64017
v -105.79360 -7.80720 -24.50399
v -104.49910 -2.09040 -205.64017
v -70.74640 -10.67370 -205.64017
v -69.20321 -10.65010 -205.64017
v -74.45881 -18.97180 -23.00200
v -121.56789 -8.40710 -205.64017
v -120.16561 -8.86860 -205.64027
v -124.55561 -16.36370 -28.43089
v -125.90201 -15.82370 -28.46231
v -73.94719 -10.70230 -205.64017
v -127.16959 -14.89140 -28.45149
v -127.51710 -14.19370 -28.40648
v -123.06101 -7.11570 -205.64017
v -122.74048 -7.66910 -205.64017
v -26.83520 -17.81810 -17.08760
v -40.21850 -18.17630 -18.61811
v -37.52530 -9.80720 -205.64017
v -30.06990 -9.61430 -205.64017
v -63.99000 -10.57460 -205.64017
v -65.22341 -18.89140 -21.82231
v -103.34132 -10.76790 -205.64017
v -101.07191 -10.76180 -205.64017
v -102.24810 -18.88690 -26.47471
v -106.23190 -18.87980 -26.86620
v -110.55861 -18.79460 -27.28410
v -107.34971 -10.71550 -205.64017
v -121.75381 -17.26910 -28.24121
v -117.72480 -9.54310 -205.64017
v -56.47740 -18.72280 -20.70651
v -59.08000 -10.45170 -205.64017
v -118.23030 -17.97810 -27.96168
v -114.45889 -10.09410 -205.64027
v -114.53800 -18.53860 -27.65150
v -111.03709 -10.52630 -205.64017
v -26.83520 -17.71810 -17.08760
v -26.83520 -17.71810 -17.08760
v 302.53727 -28.45210 1.38211
v 318.08870 58.49480 0.93498
v 317.91260 58.49480 0.62332
v 302.28179 -28.50740 0.92139
v 303.01001 -28.34990 1.84278
v 318.45849 58.49480 1.24660
v 302.11651 -28.54320 0.00000
v 317.78500 58.49480 0.00000
v 317.81571 58.49480 -0.31161
v 302.16153 -28.53340 -0.46072
v 317.91260 58.49480 -0.62332
v 302.28179 -28.50740 -0.92139
v 302.16153 -28.53340 0.46072
v 317.81571 58.49480 0.31161
v 317.78500 58.49480 0.00000
v 302.11651 -28.54320 0.00000
v 302.53727 -28.45210 -1.38211
v 318.08870 58.49480 -0.93498
v 318.45849 58.49480 -1.24660
v 303.01001 -28.34990 -1.84278
v 337.30190 58.49480 0.09999
v 319.16888 58.49480 1.42598
v 303.72469 -28.19520 2.14701
v 336.28943 -22.08570 0.09999
v 319.16888 58.49480 -1.42598
v 337.30190 58.49480 -0.09999
v 336.28943 -22.08570 -0.09999
v 303.72469 -28.19520 -2.14701
v 303.72469 -28.19520 0.00000
v 303.72469 -28.19520 0.00000
v 319.16888 58.49480 0.00000
v 319.16888 58.49480 0.00000
v 336.28943 -22.08570 0.00000
v 337.30190 58.49480 0.00000
v 337.30190 58.49480 0.00000
v 336.28943 -22.08570 0.00000
v 319.16888 58.49480 0.00000
v 319.16888 58.49480 0.00000
v 303.72469 -28.19520 0.00000
v 303.72469 -28.19520 0.00000
f 648 649 650
f 651 652 653
f 654 655 656
f 657 658 659
f 657 659 660
f 661 662 663
f 664 665 666
f 664 666 667
f 668 669 670
f 668 670 671
f 672 673 674
f 672 674 659
f 675 657 660
f 675 660 676
f 673 677 678
f 673 678 674
f 679 680 681
f 679 681 682
f 683 679 682
f 683 682 684
f 685 675 676
f 685 676 686
f 687 688 689
f 687 689 690
f 680 691 681
f 692 693 694
f 692 694 695
f 696 664 667
f 696 667 697
f 698 683 684
f 698 684 699
f 669 687 690
f 669 690 670
f 677 696 697
f 677 697 678
f 688 685 686
f 688 686 689
f 700 701 702
f 700 702 703
f 665 692 695
f 665 695 666
f 701 668 671
f 701 671 702
f 704 700 703
f 704 703 705
f 705 703 706
f 705 706 707
f 691 708 709
f 702 671 710
f 702 710 711
f 666 695 712
f 666 712 713
f 703 702 711
f 703 711 706
f 689 686 714
f 689 714 715
f 678 697 716
f 678 716 717
f 670 690 718
f 670 718 719
f 697 667 720
f 697 720 716
f 695 694 721
f 695 721 712
f 722 723 724
f 690 689 715
f 690 715 718
f 686 725 714
f 674 678 717
f 674 717 726
f 659 674 726
f 659 726 727
f 671 670 719
f 671 719 710
f 667 666 713
f 667 713 720
f 660 659 727
f 728 729 730
f 731 732 733
f 724 723 729
f 727 726 734
f 723 735 729
f 710 719 718
f 736 737 738
f 714 716 715
f 710 718 711
f 718 715 711
f 709 733 730
f 738 737 735
f 737 729 735
f 716 720 715
f 720 711 715
f 730 729 709
f 729 737 709
f 720 713 711
f 713 706 711
f 713 712 706
f 712 707 706
f 739 740 741
f 742 743 744
f 745 746 747
f 745 747 748
f 749 750 751
f 749 751 752
f 753 754 755
f 753 755 756
f 757 758 759
f 757 759 760
f 761 729 728
f 761 728 762
f 763 764 765
f 763 765 652
f 766 767 768
f 766 768 769
f 770 769 771
f 770 771 772
f 773 774 775
f 773 775 776
f 709 737 681
f 709 681 691
f 762 728 730
f 762 730 777
f 778 779 780
f 778 780 781
f 782 783 784
f 782 784 750
f 785 786 779
f 785 779 778
f 787 788 789
f 787 789 790
f 790 789 791
f 790 791 792
f 701 700 793
f 701 793 794
f 685 688 795
f 685 795 796
f 797 757 760
f 797 760 798
f 799 800 801
f 799 801 786
f 802 745 748
f 802 748 803
f 804 805 745
f 804 745 802
f 806 807 808
f 806 808 809
f 810 811 812
f 810 812 813
f 746 814 815
f 746 815 747
f 774 816 663
f 774 663 662
f 814 752 817
f 814 817 815
f 818 819 820
f 818 820 821
f 688 687 822
f 688 822 795
f 823 824 825
f 823 825 826
f 648 759 758
f 648 758 649
f 827 828 829
f 827 829 830
f 831 790 792
f 831 792 832
f 833 834 814
f 833 814 746
f 835 836 837
f 835 837 838
f 839 777 694
f 839 694 693
f 840 776 788
f 840 788 787
f 841 842 654
f 841 654 656
f 668 701 794
f 668 794 843
f 844 845 764
f 844 764 763
f 842 841 846
f 842 846 847
f 796 795 806
f 796 806 824
f 751 827 830
f 751 830 848
f 849 843 850
f 849 850 851
f 852 844 763
f 852 763 853
f 794 793 854
f 794 854 855
f 856 857 858
f 856 858 859
f 851 850 767
f 851 767 766
f 768 860 861
f 768 861 862
f 750 784 827
f 750 827 751
f 712 721 732
f 712 732 707
f 809 808 770
f 809 770 836
f 863 864 859
f 863 859 846
f 865 866 867
f 865 867 868
f 869 810 813
f 869 813 870
f 821 820 871
f 821 871 872
f 765 797 798
f 765 798 873
f 680 874 708
f 680 708 691
f 756 755 875
f 756 875 864
f 789 876 877
f 789 877 791
f 878 869 870
f 878 870 754
f 779 879 863
f 779 863 780
f 733 732 721
f 733 721 730
f 773 880 816
f 773 816 774
f 881 831 832
f 881 832 860
f 781 780 841
f 781 841 656
f 784 868 828
f 784 828 827
f 824 806 809
f 824 809 825
f 882 883 833
f 882 833 805
f 884 804 802
f 884 802 885
f 700 704 840
f 700 840 793
f 836 770 772
f 836 772 837
f 704 705 880
f 704 880 773
f 793 840 787
f 793 787 854
f 883 886 834
f 883 834 833
f 854 787 790
f 854 790 831
f 652 765 873
f 652 873 653
f 887 888 652
f 887 652 651
f 880 732 731
f 880 731 816
f 888 887 857
f 888 857 856
f 748 747 649
f 748 649 758
f 825 809 836
f 825 836 835
f 889 882 805
f 889 805 804
f 764 890 797
f 764 797 765
f 891 762 777
f 891 777 839
f 886 892 749
f 886 749 834
f 791 877 893
f 791 893 894
f 747 815 650
f 747 650 649
f 895 761 762
f 895 762 891
f 896 897 898
f 896 898 899
f 828 900 901
f 828 901 829
f 902 889 804
f 902 804 884
f 855 854 831
f 855 831 881
f 890 803 757
f 890 757 797
f 780 863 846
f 780 846 841
f 879 756 864
f 879 864 863
f 686 676 734
f 686 734 725
f 892 782 750
f 892 750 749
f 899 898 903
f 899 903 904
f 832 792 905
f 832 905 906
f 769 768 862
f 769 862 771
f 870 813 844
f 870 844 852
f 776 775 907
f 776 907 788
f 904 903 655
f 904 655 908
f 903 781 656
f 903 656 655
f 675 685 796
f 675 796 909
f 803 748 758
f 803 758 757
f 663 733 709
f 663 709 708
f 795 822 807
f 795 807 806
f 808 766 769
f 808 769 770
f 816 731 733
f 816 733 663
f 860 832 906
f 860 906 861
f 801 753 756
f 801 756 879
f 705 707 732
f 705 732 880
f 698 699 722
f 698 722 910
f 845 885 890
f 845 890 764
f 868 867 900
f 868 900 828
f 669 668 843
f 669 843 849
f 663 708 874
f 663 874 661
f 792 791 894
f 792 894 905
f 699 684 738
f 699 738 735
f 805 833 746
f 805 746 745
f 820 823 826
f 820 826 871
f 735 723 722
f 735 722 699
f 687 669 849
f 687 849 822
f 911 799 786
f 911 786 785
f 897 785 778
f 897 778 898
f 847 846 859
f 847 859 858
f 912 911 785
f 912 785 897
f 913 878 754
f 913 754 753
f 714 725 734
f 714 734 716
f 853 763 652
f 853 652 888
f 786 801 879
f 786 879 779
f 864 875 856
f 864 856 859
f 812 884 885
f 812 885 845
f 813 812 845
f 813 845 844
f 910 722 761
f 910 761 895
f 767 881 860
f 767 860 768
f 822 849 851
f 822 851 807
f 834 749 752
f 834 752 814
f 807 851 766
f 807 766 808
f 726 717 716
f 726 716 734
f 704 773 776
f 704 776 840
f 908 655 654
f 908 654 914
f 800 913 753
f 800 753 801
f 875 853 888
f 875 888 856
f 658 657 819
f 658 819 818
f 811 902 884
f 811 884 812
f 657 675 909
f 657 909 819
f 850 855 881
f 850 881 767
f 819 909 823
f 819 823 820
f 676 660 727
f 676 727 734
f 898 778 781
f 898 781 903
f 737 736 682
f 737 682 681
f 843 794 855
f 843 855 850
f 722 724 729
f 722 729 761
f 777 730 721
f 777 721 694
f 754 870 852
f 754 852 755
f 684 682 736
f 684 736 738
f 909 796 824
f 909 824 823
f 755 852 853
f 755 853 875
f 788 907 876
f 788 876 789
f 783 865 868
f 783 868 784
f 885 802 803
f 885 803 890
f 752 751 848
f 752 848 817
f 915 912 897
f 915 897 896
f 648 650 740
f 648 740 916
f 871 826 917
f 871 917 918
f 829 901 919
f 829 919 920
f 838 744 743
f 838 743 835
f 916 740 739
f 817 921 922
f 817 922 815
f 825 923 917
f 825 917 826
f 871 918 924
f 871 924 872
f 815 922 740
f 815 740 650
f 920 925 830
f 920 830 829
f 926 921 817
f 926 817 848
f 925 926 848
f 925 848 830
f 835 743 923
f 835 923 825
f 894 893 927
f 894 927 928
f 887 651 929
f 887 929 930
f 654 842 931
f 654 931 932
f 759 648 933
f 759 933 934
f 873 798 935
f 873 935 936
f 837 772 937
f 837 937 938
f 838 837 938
f 838 938 939
f 842 847 940
f 842 940 931
f 862 861 941
f 862 941 942
f 653 873 936
f 653 936 943
f 772 771 944
f 772 944 937
f 847 858 945
f 847 945 940
f 906 905 946
f 906 946 947
f 916 739 948
f 916 948 949
f 857 887 930
f 857 930 950
f 739 741 951
f 739 951 948
f 742 744 952
f 742 952 953
f 771 862 942
f 771 942 944
f 648 916 949
f 648 949 933
f 914 654 932
f 914 932 954
f 760 759 934
f 760 934 955
f 651 653 943
f 651 943 929
f 798 760 955
f 798 955 935
f 861 906 947
f 861 947 941
f 858 857 950
f 858 950 945
f 905 894 928
f 905 928 946
f 744 838 939
f 744 939 952
f 901 900 956
f 901 956 957
f 658 818 958
f 658 958 959
f 919 901 957
f 919 957 960
f 867 866 961
f 867 961 962
f 900 867 962
f 900 962 956
f 872 924 963
f 872 963 964
f 821 872 964
f 821 964 965
f 818 821 965
f 818 965 958
f 961 866 966
f 658 959 967
f 968 969 970
f 971 972 973
f 974 975 976
f 977 978 979
f 977 980 978
f 981 982 983
f 984 985 986
f 984 987 985
f 988 989 990
f 988 991 989
f 992 993 994
f 992 978 993
f 995 980 977
f 995 996 980
f 994 997 998
f 994 993 997
f 999 1000 1001
f 999 1002 1000
f 1003 1002 999
f 1003 1004 1002
f 1005 996 995
f 1005 1006 996
f 1007 1008 1009
f 1007 1010 1008
f 1001 1000 1011
f 1012 1013 1014
f 1012 1015 1013
f 1016 987 984
f 1016 1017 987
f 1018 1004 1003
f 1018 1019 1004
f 990 1010 1007
f 990 989 1010
f 998 1017 1016
f 998 997 1017
f 1009 1006 1005
f 1009 1008 1006
f 1020 1021 1022
f 1020 1023 1021
f 986 1015 1012
f 986 985 1015
f 1022 991 988
f 1022 1021 991
f 1024 1023 1020
f 1024 1025 1023
f 1025 1026 1023
f 1025 1027 1026
f 1011 1028 1029
f 1021 1030 991
f 1021 1031 1030
f 985 1032 1015
f 985 1033 1032
f 1023 1031 1021
f 1023 1026 1031
f 1008 1034 1006
f 1008 1035 1034
f 997 1036 1017
f 997 1037 1036
f 989 1038 1010
f 989 1039 1038
f 1017 1040 987
f 1017 1036 1040
f 1015 1041 1013
f 1015 1032 1041
f 1042 1043 1044
f 1010 1035 1008
f 1010 1038 1035
f 1006 1034 1045
f 993 1037 997
f 993 1046 1037
f 978 1046 993
f 978 1047 1046
f 991 1039 989
f 991 1030 1039
f 987 1033 985
f 987 1040 1033
f 980 1047 978
f 1048 1049 1050
f 1051 1052 1053
f 1043 1050 1044
f 1047 1054 1046
f 1044 1050 1055
f 1030 1038 1039
f 1056 1057 1058
f 1034 1035 1036
f 1030 1031 1038
f 1038 1031 1035
f 1028 1049 1052
f 1057 1055 1058
f 1058 1055 1050
f 1036 1035 1040
f 1040 1035 1031
f 1049 1028 1050
f 1050 1028 1058
f 1040 1031 1033
f 1033 1031 1026
f 1033 1026 1032
f 1032 1026 1027
f 1059 1060 1061
f 1062 1063 1064
f 1065 1066 1067
f 1065 1067 1068
f 1069 1070 1071
f 1069 1071 1072
f 1073 1074 1075
f 1073 1075 1076
f 1077 1078 1079
f 1077 1079 1080
f 1081 1082 1048
f 1081 1048 1050
f 1083 973 1084
f 1083 1084 1085
f 1086 1087 1088
f 1086 1088 1089
f 1090 1091 1092
f 1090 1092 1087
f 1093 1094 1095
f 1093 1095 1096
f 1028 1011 1000
f 1028 1000 1058
f 1082 1097 1049
f 1082 1049 1048
f 1098 1099 1100
f 1098 1100 1101
f 1102 1072 1103
f 1102 1103 1104
f 1105 1098 1101
f 1105 1101 1106
f 1107 1108 1109
f 1107 1109 1110
f 1108 1111 1112
f 1108 1112 1109
f 1022 1113 1114
f 1022 1114 1020
f 1005 1115 1116
f 1005 1116 1009
f 1117 1118 1078
f 1117 1078 1077
f 1119 1106 1120
f 1119 1120 1121
f 1122 1123 1066
f 1122 1066 1065
f 1124 1122 1065
f 1124 1065 1125
f 1126 1127 1128
f 1126 1128 1129
f 1130 1131 1132
f 1130 1132 1133
f 1068 1067 1134
f 1068 1134 1135
f 1096 983 982
f 1096 982 1136
f 1135 1134 1137
f 1135 1137 1070
f 1138 1139 1140
f 1138 1140 1141
f 1009 1116 1142
f 1009 1142 1007
f 1143 1144 1145
f 1143 1145 1146
f 968 970 1080
f 968 1080 1079
f 1147 1148 1149
f 1147 1149 1150
f 1151 1152 1111
f 1151 1111 1108
f 1153 1068 1135
f 1153 1135 1154
f 1155 1156 1157
f 1155 1157 1158
f 1159 1014 1013
f 1159 1013 1097
f 1160 1107 1110
f 1160 1110 1094
f 1161 975 974
f 1161 974 1162
f 988 1163 1113
f 988 1113 1022
f 1164 1083 1085
f 1164 1085 1165
f 1162 1166 1167
f 1162 1167 1161
f 1115 1146 1126
f 1115 1126 1116
f 1071 1168 1148
f 1071 1148 1147
f 1169 1170 1171
f 1169 1171 1163
f 1172 1173 1083
f 1172 1083 1164
f 1113 1174 1175
f 1113 1175 1114
f 1176 1177 1178
f 1176 1178 1179
f 1170 1086 1089
f 1170 1089 1171
f 1088 1180 1181
f 1088 1181 1182
f 1072 1071 1147
f 1072 1147 1103
f 1032 1027 1053
f 1032 1053 1041
f 1127 1158 1090
f 1127 1090 1128
f 1183 1167 1177
f 1183 1177 1184
f 1185 1186 1187
f 1185 1187 1188
f 1189 1190 1131
f 1189 1131 1130
f 1139 1191 1192
f 1139 1192 1140
f 1084 1193 1118
f 1084 1118 1117
f 1001 1011 1029
f 1001 1029 1194
f 1074 1184 1195
f 1074 1195 1075
f 1109 1112 1196
f 1109 1196 1197
f 1198 1076 1190
f 1198 1190 1189
f 1101 1100 1183
f 1101 1183 1199
f 1052 1049 1041
f 1052 1041 1053
f 1093 1096 1136
f 1093 1136 1200
f 1201 1182 1152
f 1201 1152 1151
f 1099 975 1161
f 1099 1161 1100
f 1103 1147 1150
f 1103 1150 1186
f 1146 1145 1127
f 1146 1127 1126
f 1202 1125 1153
f 1202 1153 1203
f 1204 1205 1122
f 1204 1122 1124
f 1020 1114 1160
f 1020 1160 1024
f 1158 1157 1091
f 1158 1091 1090
f 1024 1093 1200
f 1024 1200 1025
f 1114 1175 1107
f 1114 1107 1160
f 1203 1153 1154
f 1203 1154 1206
f 1175 1151 1108
f 1175 1108 1107
f 973 972 1193
f 973 1193 1084
f 1207 971 973
f 1207 973 1208
f 1200 1136 1051
f 1200 1051 1053
f 1208 1176 1179
f 1208 1179 1207
f 1066 1080 970
f 1066 970 1067
f 1145 1155 1158
f 1145 1158 1127
f 1209 1124 1125
f 1209 1125 1202
f 1085 1084 1117
f 1085 1117 1210
f 1211 1159 1097
f 1211 1097 1082
f 1206 1154 1069
f 1206 1069 1212
f 1112 1213 1214
f 1112 1214 1196
f 1067 970 969
f 1067 969 1134
f 1215 1211 1082
f 1215 1082 1081
f 1216 1217 1218
f 1216 1218 1219
f 1150 1149 1220
f 1150 1220 1221
f 1222 1204 1124
f 1222 1124 1209
f 1174 1201 1151
f 1174 1151 1175
f 1210 1117 1077
f 1210 1077 1123
f 1100 1161 1167
f 1100 1167 1183
f 1199 1183 1184
f 1199 1184 1074
f 1006 1045 1054
f 1006 1054 996
f 1212 1069 1072
f 1212 1072 1102
f 1217 1223 1224
f 1217 1224 1218
f 1152 1225 1226
f 1152 1226 1111
f 1087 1092 1180
f 1087 1180 1088
f 1190 1172 1164
f 1190 1164 1131
f 1094 1110 1227
f 1094 1227 1095
f 1223 1228 976
f 1223 976 1224
f 1224 976 975
f 1224 975 1099
f 995 1229 1115
f 995 1115 1005
f 1123 1077 1080
f 1123 1080 1066
f 982 1029 1028
f 982 1028 1052
f 1116 1126 1129
f 1116 1129 1142
f 1128 1090 1087
f 1128 1087 1086
f 1136 982 1052
f 1136 1052 1051
f 1182 1181 1225
f 1182 1225 1152
f 1120 1199 1074
f 1120 1074 1073
f 1025 1200 1053
f 1025 1053 1027
f 1018 1230 1042
f 1018 1042 1019
f 1165 1085 1210
f 1165 1210 1205
f 1186 1150 1221
f 1186 1221 1187
f 990 1169 1163
f 990 1163 988
f 982 981 1194
f 982 1194 1029
f 1111 1226 1213
f 1111 1213 1112
f 1019 1055 1057
f 1019 1057 1004
f 1125 1065 1068
f 1125 1068 1153
f 1140 1192 1144
f 1140 1144 1143
f 1055 1019 1042
f 1055 1042 1044
f 1007 1142 1169
f 1007 1169 990
f 1231 1105 1106
f 1231 1106 1119
f 1219 1218 1098
f 1219 1098 1105
f 1166 1178 1177
f 1166 1177 1167
f 1232 1219 1105
f 1232 1105 1231
f 1233 1073 1076
f 1233 1076 1198
f 1034 1036 1054
f 1034 1054 1045
f 1173 1208 973
f 1173 973 1083
f 1106 1101 1199
f 1106 1199 1120
f 1184 1177 1176
f 1184 1176 1195
f 1132 1165 1205
f 1132 1205 1204
f 1131 1164 1165
f 1131 1165 1132
f 1230 1215 1081
f 1230 1081 1042
f 1089 1088 1182
f 1089 1182 1201
f 1142 1129 1170
f 1142 1170 1169
f 1154 1135 1070
f 1154 1070 1069
f 1129 1128 1086
f 1129 1086 1170
f 1046 1054 1036
f 1046 1036 1037
f 1024 1160 1094
f 1024 1094 1093
f 1228 1234 974
f 1228 974 976
f 1121 1120 1073
f 1121 1073 1233
f 1195 1176 1208
f 1195 1208 1173
f 979 1138 1141
f 979 1141 977
f 1133 1132 1204
f 1133 1204 1222
f 977 1141 1229
f 977 1229 995
f 1171 1089 1201
f 1171 1201 1174
f 1141 1140 1143
f 1141 1143 1229
f 996 1054 1047
f 996 1047 980
f 1218 1224 1099
f 1218 1099 1098
f 1058 1000 1002
f 1058 1002 1056
f 1163 1171 1174
f 1163 1174 1113
f 1042 1081 1050
f 1042 1050 1043
f 1097 1013 1041
f 1097 1041 1049
f 1076 1075 1172
f 1076 1172 1190
f 1004 1057 1056
f 1004 1056 1002
f 1229 1143 1146
f 1229 1146 1115
f 1075 1195 1173
f 1075 1173 1172
f 1110 1109 1197
f 1110 1197 1227
f 1104 1103 1186
f 1104 1186 1185
f 1205 1210 1123
f 1205 1123 1122
f 1070 1137 1168
f 1070 1168 1071
f 1235 1216 1219
f 1235 1219 1232
f 968 1236 1061
f 968 1061 969
f 1192 1237 1238
f 1192 1238 1144
f 1149 1239 1240
f 1149 1240 1220
f 1156 1155 1064
f 1156 1064 1063
f 1236 1059 1061
f 1137 1134 1241
f 1137 1241 1242
f 1145 1144 1238
f 1145 1238 1243
f 1192 1191 1244
f 1192 1244 1237
f 1134 969 1061
f 1134 1061 1241
f 1239 1149 1148
f 1239 1148 1245
f 1246 1168 1137
f 1246 1137 1242
f 1245 1148 1168
f 1245 1168 1246
f 1155 1145 1243
f 1155 1243 1064
f 1213 1247 1248
f 1213 1248 1214
f 1207 1249 1250
f 1207 1250 971
f 974 1251 1252
f 974 1252 1162
f 1079 1253 1254
f 1079 1254 968
f 1193 1255 1256
f 1193 1256 1118
f 1157 1257 1258
f 1157 1258 1091
f 1156 1259 1257
f 1156 1257 1157
f 1162 1252 1260
f 1162 1260 1166
f 1180 1261 1262
f 1180 1262 1181
f 972 1263 1255
f 972 1255 1193
f 1091 1258 1264
f 1091 1264 1092
f 1166 1260 1265
f 1166 1265 1178
f 1225 1266 1267
f 1225 1267 1226
f 1236 1268 1269
f 1236 1269 1059
f 1179 1270 1249
f 1179 1249 1207
f 1059 1269 1271
f 1059 1271 1060
f 1062 1272 1273
f 1062 1273 1063
f 1092 1264 1261
f 1092 1261 1180
f 968 1254 1268
f 968 1268 1236
f 1234 1274 1251
f 1234 1251 974
f 1078 1275 1253
f 1078 1253 1079
f 971 1250 1263
f 971 1263 972
f 1118 1256 1275
f 1118 1275 1078
f 1181 1262 1266
f 1181 1266 1225
f 1178 1265 1270
f 1178 1270 1179
f 1226 1267 1247
f 1226 1247 1213
f 1063 1273 1259
f 1063 1259 1156
f 1220 1276 1277
f 1220 1277 1221
f 979 1278 1279
f 979 1279 1138
f 1240 1280 1276
f 1240 1276 1220
f 1187 1281 1282
f 1187 1282 1188
f 1221 1277 1281
f 1221 1281 1187
f 1191 1283 1284
f 1191 1284 1244
f 1139 1285 1283
f 1139 1283 1191
f 1138 1279 1285
f 1138 1285 1139
f 1282 1286 1188
f 979 1287 1278
f 1288 1289 1290
f 1291 1292 1293
f 1291 1293 1294
f 1295 1296 1297
f 1295 1297 1298
f 1296 1299 1300
f 1296 1300 1297
f 1301 1296 1295
f 1302 1303 1299
f 1304 1305 1306
f 1304 1306 1307
f 1307 1306 1308
f 1307 1308 1309
f 1310 1309 1308
f 1310 1308 1311
f 1310 1311 1312
f 1310 1312 1313
f 1292 1313 1312
f 1292 1312 1314
f 1292 1314 1315
f 1292 1315 1293
f 1293 1315 1316
f 1293 1316 1317
f 1303 1317 1316
f 1303 1316 1318
f 1299 1303 1318
f 1299 1318 1319
f 1300 1299 1319
f 1289 1320 1290
f 1290 1320 1321
f 1290 1321 1322
f 1290 1322 1323
f 1324 1290 1323
f 1324 1323 1325
f 1326 1324 1325
f 1326 1325 1327
f 1326 1327 1328
f 1326 1328 1329
f 1326 1329 1330
f 1331 1332 1333
f 1334 1335 1336
f 1304 1337 1338
f 1291 1336 1337
f 1339 1331 1340
f 1341 1342 1343
f 1344 1345 1346
f 1347 1348 1349
f 1347 1349 1350
f 1351 1302 1301
f 1351 1301 1352
f 1353 1354 1355
f 1353 1355 1356
f 1357 1358 1359
f 1357 1359 1360
f 1361 1362 1363
f 1361 1363 1364
f 1365 1301 1295
f 1365 1295 1354
f 1366 1361 1364
f 1366 1364 1367
f 1359 1368 1362
f 1359 1362 1361
f 1369 1357 1360
f 1369 1360 1370
f 1371 1364 1363
f 1372 1352 1301
f 1372 1301 1365
f 1354 1295 1298
f 1354 1298 1355
f 1373 1374 1346
f 1373 1346 1349
f 1288 1290 1324
f 1288 1324 1373
f 1375 1347 1350
f 1375 1350 1376
f 1377 1366 1367
f 1377 1367 1343
f 1378 1379 1380
f 1378 1380 1381
f 1360 1359 1361
f 1360 1361 1366
f 1288 1373 1349
f 1288 1349 1348
f 1293 1317 1351
f 1293 1351 1294
f 1317 1303 1302
f 1317 1302 1351
f 1382 1375 1376
f 1382 1376 1383
f 1294 1351 1352
f 1294 1352 1334
f 1291 1294 1334
f 1291 1334 1336
f 1350 1349 1346
f 1350 1346 1345
f 1381 1380 1340
f 1381 1340 1333
f 1367 1364 1371
f 1384 1372 1365
f 1384 1365 1385
f 1357 1385 1353
f 1357 1353 1358
f 1385 1365 1354
f 1385 1354 1353
f 1358 1386 1368
f 1358 1368 1359
f 1369 1384 1385
f 1369 1385 1357
f 1358 1353 1356
f 1358 1356 1386
f 1370 1360 1366
f 1370 1366 1377
f 1301 1302 1299
f 1301 1299 1296
f 1382 1383 1379
f 1382 1379 1378
f 1343 1367 1371
f 1343 1371 1341
f 1373 1324 1326
f 1373 1326 1374
f 1333 1340 1331
f 1387 1369 1370
f 1387 1370 1388
f 1330 1389 1326
f 1389 1330 1390
f 1305 1304 1338
f 1383 1376 1391
f 1383 1391 1392
f 1304 1307 1337
f 1388 1370 1377
f 1388 1377 1393
f 1307 1309 1337
f 1394 1305 1338
f 1310 1313 1337
f 1292 1291 1337
f 1313 1292 1337
f 1345 1391 1376
f 1345 1376 1350
f 1384 1369 1387
f 1384 1387 1395
f 1379 1396 1397
f 1379 1397 1380
f 1342 1393 1377
f 1342 1377 1343
f 1339 1340 1380
f 1339 1380 1397
f 1383 1392 1396
f 1383 1396 1379
f 1310 1337 1309
f 1346 1374 1398
f 1346 1398 1344
f 1398 1374 1326
f 1398 1326 1389
f 1382 1378 1399
f 1382 1399 1400
f 1368 1386 1401
f 1368 1401 1402
f 1341 1403 1404
f 1404 1403 1405
f 1405 1403 1406
f 1406 1403 1407
f 1407 1403 1408
f 1408 1403 1409
f 1410 1411 1331
f 1412 1411 1410
f 1413 1411 1412
f 1414 1411 1413
f 1415 1411 1414
f 1416 1411 1415
f 1341 1404 1417
f 1341 1417 1342
f 1404 1405 1418
f 1404 1418 1417
f 1405 1406 1419
f 1405 1419 1418
f 1406 1407 1420
f 1406 1420 1419
f 1407 1408 1421
f 1407 1421 1420
f 1408 1409 1422
f 1408 1422 1421
f 1415 1423 1424
f 1415 1424 1416
f 1414 1425 1423
f 1414 1423 1415
f 1413 1426 1425
f 1413 1425 1414
f 1412 1427 1426
f 1412 1426 1413
f 1410 1428 1427
f 1410 1427 1412
f 1331 1339 1428
f 1331 1428 1410
f 1342 1417 1429
f 1342 1429 1393
f 1388 1393 1429
f 1388 1429 1430
f 1429 1431 1432
f 1429 1432 1430
f 1431 1433 1434
f 1431 1434 1432
f 1418 1419 1433
f 1418 1433 1431
f 1418 1431 1429
f 1418 1429 1417
f 1419 1420 1435
f 1419 1435 1433
f 1433 1435 1436
f 1433 1436 1434
f 1420 1421 1437
f 1420 1437 1435
f 1435 1437 1438
f 1435 1438 1436
f 1437 1439 1440
f 1437 1440 1438
f 1441 1442 1443
f 1441 1443 1444
f 1445 1446 1443
f 1445 1443 1442
f 1447 1448 1446
f 1447 1446 1445
f 1426 1447 1445
f 1426 1445 1425
f 1425 1445 1442
f 1425 1442 1423
f 1424 1423 1442
f 1424 1442 1441
f 1421 1422 1439
f 1421 1439 1437
f 1427 1449 1447
f 1427 1447 1426
f 1428 1450 1449
f 1428 1449 1427
f 1339 1397 1450
f 1339 1450 1428
f 1397 1396 1451
f 1397 1451 1450
f 1450 1451 1452
f 1450 1452 1449
f 1449 1452 1448
f 1449 1448 1447
f 1387 1388 1430
f 1387 1430 1453
f 1395 1387 1453
f 1395 1453 1454
f 1395 1454 1455
f 1395 1455 1335
f 1454 1456 1457
f 1454 1457 1455
f 1456 1458 1459
f 1456 1459 1457
f 1458 1460 1461
f 1458 1461 1459
f 1460 1462 1463
f 1460 1463 1461
f 1462 1464 1465
f 1462 1465 1463
f 1466 1467 1468
f 1466 1468 1469
f 1470 1471 1468
f 1470 1468 1467
f 1472 1473 1471
f 1472 1471 1470
f 1474 1475 1473
f 1474 1473 1472
f 1476 1477 1475
f 1476 1475 1474
f 1345 1477 1476
f 1345 1476 1391
f 1391 1476 1478
f 1391 1478 1392
f 1396 1392 1478
f 1396 1478 1451
f 1451 1478 1479
f 1451 1479 1452
f 1452 1479 1480
f 1452 1480 1448
f 1479 1474 1472
f 1479 1472 1480
f 1478 1476 1474
f 1478 1474 1479
f 1453 1481 1456
f 1453 1456 1454
f 1481 1482 1458
f 1481 1458 1456
f 1482 1483 1460
f 1482 1460 1458
f 1483 1484 1462
f 1483 1462 1460
f 1430 1432 1481
f 1430 1481 1453
f 1432 1434 1482
f 1432 1482 1481
f 1434 1436 1483
f 1434 1483 1482
f 1436 1438 1484
f 1436 1484 1483
f 1484 1485 1464
f 1484 1464 1462
f 1486 1487 1467
f 1486 1467 1466
f 1488 1470 1467
f 1488 1467 1487
f 1480 1472 1470
f 1480 1470 1488
f 1438 1440 1485
f 1438 1485 1484
f 1444 1443 1487
f 1444 1487 1486
f 1446 1488 1487
f 1446 1487 1443
f 1448 1480 1488
f 1448 1488 1446
f 1335 1455 1489
f 1335 1489 1336
f 1455 1457 1490
f 1455 1490 1489
f 1457 1459 1491
f 1457 1491 1490
f 1459 1461 1492
f 1459 1492 1491
f 1461 1463 1493
f 1461 1493 1492
f 1463 1465 1494
f 1463 1494 1493
f 1345 1344 1495
f 1345 1495 1477
f 1477 1495 1496
f 1477 1496 1475
f 1475 1496 1497
f 1475 1497 1473
f 1473 1497 1498
f 1473 1498 1471
f 1471 1498 1499
f 1471 1499 1468
f 1468 1499 1500
f 1468 1500 1469
f 1336 1489 1501
f 1336 1501 1337
f 1489 1490 1502
f 1489 1502 1501
f 1490 1491 1503
f 1490 1503 1502
f 1491 1492 1504
f 1491 1504 1503
f 1492 1493 1505
f 1492 1505 1504
f 1493 1494 1506
f 1493 1506 1505
f 1500 1499 1507
f 1500 1507 1508
f 1498 1509 1507
f 1498 1507 1499
f 1497 1510 1509
f 1497 1509 1498
f 1496 1511 1510
f 1496 1510 1497
f 1495 1512 1511
f 1495 1511 1496
f 1344 1398 1512
f 1344 1512 1495
f 1338 1513 1394
f 1394 1513 1514
f 1394 1514 1515
f 1394 1515 1516
f 1394 1516 1517
f 1394 1517 1518
f 1390 1519 1520
f 1390 1520 1521
f 1390 1521 1522
f 1390 1522 1523
f 1390 1523 1524
f 1390 1524 1389
f 1337 1501 1513
f 1337 1513 1338
f 1501 1502 1514
f 1501 1514 1513
f 1502 1503 1515
f 1502 1515 1514
f 1503 1504 1516
f 1503 1516 1515
f 1504 1505 1517
f 1504 1517 1516
f 1505 1506 1518
f 1505 1518 1517
f 1507 1520 1519
f 1507 1519 1508
f 1509 1521 1520
f 1509 1520 1507
f 1510 1522 1521
f 1510 1521 1509
f 1511 1523 1522
f 1511 1522 1510
f 1512 1524 1523
f 1512 1523 1511
f 1389 1524 1512
f 1389 1512 1398
f 1352 1372 1335
f 1352 1335 1334
f 1372 1384 1395
f 1372 1395 1335
f 1525 1526 1527
f 1525 1527 1528
f 1529 1530 1526
f 1529 1526 1525
f 1531 1532 1533
f 1531 1533 1534
f 1533 1535 1536
f 1533 1536 1534
f 1535 1537 1538
f 1535 1538 1536
f 1537 1539 1540
f 1537 1540 1538
f 1539 1541 1542
f 1539 1542 1540
f 1541 1543 1544
f 1541 1544 1542
f 1545 1546 1547
f 1545 1547 1548
f 1549 1550 1546
f 1549 1546 1545
f 1551 1552 1550
f 1551 1550 1549
f 1553 1554 1552
f 1553 1552 1551
f 1555 1556 1554
f 1555 1554 1553
f 1557 1558 1556
f 1557 1556 1555
f 1559 1531 1534
f 1559 1534 1536
f 1559 1536 1538
f 1559 1538 1540
f 1559 1540 1542
f 1559 1542 1544
f 1560 1547 1546
f 1560 1546 1550
f 1560 1550 1552
f 1560 1552 1554
f 1560 1554 1556
f 1558 1560 1556
f 1561 1562 1533
f 1561 1533 1532
f 1562 1563 1535
f 1562 1535 1533
f 1563 1564 1537
f 1563 1537 1535
f 1564 1565 1539
f 1564 1539 1537
f 1565 1566 1541
f 1565 1541 1539
f 1567 1543 1541
f 1567 1541 1566
f 1568 1545 1548
f 1568 1548 1569
f 1570 1549 1545
f 1570 1545 1568
f 1571 1551 1549
f 1571 1549 1570
f 1572 1553 1551
f 1572 1551 1571
f 1573 1555 1553
f 1573 1553 1572
f 1574 1557 1555
f 1574 1555 1573
f 1575 1576 1567
f 1575 1567 1566
f 1577 1575 1566
f 1577 1566 1565
f 1578 1577 1565
f 1578 1565 1564
f 1579 1578 1564
f 1579 1564 1563
f 1580 1579 1563
f 1580 1563 1562
f 1581 1580 1562
f 1581 1562 1561
f 1582 1568 1569
f 1582 1569 1583
f 1584 1570 1568
f 1584 1568 1582
f 1585 1571 1570
f 1585 1570 1584
f 1586 1572 1571
f 1586 1571 1585
f 1587 1573 1572
f 1587 1572 1586
f 1526 1574 1573
f 1526 1573 1587
f 1588 1589 1590
f 1588 1590 1591
f 1589 1592 1593
f 1589 1593 1590
f 1594 1595 1593
f 1594 1593 1592
f 1596 1597 1598
f 1596 1598 1599
f 1591 1590 1600
f 1591 1600 1601
f 1590 1593 1602
f 1590 1602 1600
f 1595 1603 1602
f 1595 1602 1593
f 1597 1604 1605
f 1597 1605 1598
f 1606 1607 1597
f 1606 1597 1596
f 1608 1609 1607
f 1608 1607 1606
f 1610 1611 1609
f 1610 1609 1608
f 1612 1613 1611
f 1612 1611 1610
f 1607 1614 1604
f 1607 1604 1597
f 1609 1615 1614
f 1609 1614 1607
f 1611 1616 1615
f 1611 1615 1609
f 1613 1617 1616
f 1613 1616 1611
f 1618 1619 1620
f 1618 1620 1621
f 1619 1591 1601
f 1619 1601 1620
f 1622 1588 1591
f 1622 1591 1619
f 1623 1622 1619
f 1623 1619 1618
f 1624 1623 1618
f 1624 1618 1625
f 1626 1625 1618
f 1626 1618 1621
f 1581 1626 1621
f 1581 1621 1580
f 1621 1620 1579
f 1621 1579 1580
f 1620 1601 1578
f 1620 1578 1579
f 1601 1600 1577
f 1601 1577 1578
f 1600 1602 1575
f 1600 1575 1577
f 1603 1576 1575
f 1603 1575 1602
f 1604 1582 1583
f 1604 1583 1605
f 1614 1584 1582
f 1614 1582 1604
f 1615 1585 1584
f 1615 1584 1614
f 1616 1586 1585
f 1616 1585 1615
f 1617 1587 1586
f 1617 1586 1616
f 1527 1526 1587
f 1527 1587 1617
f 1527 1617 1613
f 1527 1613 1627
f 1627 1613 1612
f 1627 1612 1628
f 1629 1630 1588
f 1629 1588 1622
f 1631 1629 1622
f 1631 1622 1623
f 1632 1631 1623
f 1632 1623 1624
f 1633 1634 1631
f 1633 1631 1632
f 1634 1635 1629
f 1634 1629 1631
f 1635 1636 1630
f 1635 1630 1629
f 1637 1638 1639
f 1637 1639 1640
f 1641 1642 1643
f 1641 1643 1644
f 1645 1644 1643
f 1645 1643 1646
f 1636 1645 1646
f 1636 1646 1630
f 1630 1646 1589
f 1630 1589 1588
f 1646 1643 1592
f 1646 1592 1589
f 1642 1594 1592
f 1642 1592 1643
f 1638 1596 1599
f 1638 1599 1639
f 1647 1606 1596
f 1647 1596 1638
f 1648 1647 1638
f 1648 1638 1637
f 1649 1608 1606
f 1649 1606 1647
f 1650 1649 1647
f 1650 1647 1648
f 1651 1652 1653
f 1651 1653 1654
f 1651 1654 1649
f 1651 1649 1650
f 1654 1610 1608
f 1654 1608 1649
f 1653 1612 1610
f 1653 1610 1654
f 1628 1612 1653
f 1628 1653 1655
f 1656 1655 1653
f 1656 1653 1652
f 1657 1658 1634
f 1657 1634 1633
f 1658 1659 1635
f 1658 1635 1634
f 1659 1660 1636
f 1659 1636 1635
f 1660 1661 1645
f 1660 1645 1636
f 1661 1662 1644
f 1661 1644 1645
f 1662 1416 1641
f 1662 1641 1644
f 1663 1637 1640
f 1663 1640 1409
f 1664 1648 1637
f 1664 1637 1663
f 1665 1650 1648
f 1665 1648 1664
f 1666 1651 1650
f 1666 1650 1665
f 1667 1652 1651
f 1667 1651 1666
f 1668 1656 1652
f 1668 1652 1667
f 1416 1662 1669
f 1662 1661 1669
f 1661 1660 1669
f 1660 1659 1669
f 1659 1658 1669
f 1658 1657 1669
f 1663 1409 1670
f 1664 1663 1670
f 1665 1664 1670
f 1666 1665 1670
f 1667 1666 1670
f 1668 1667 1670
f 1671 1672 1673
f 1671 1673 1674
f 1675 1676 1677
f 1532 1531 1678
f 1532 1678 1679
f 1680 1561 1532
f 1680 1532 1679
f 1681 1682 1557
f 1683 1684 1624
f 1683 1624 1625
f 1633 1632 1685
f 1633 1685 1686
f 1656 1687 1688
f 1656 1688 1655
f 1684 1685 1632
f 1684 1632 1624
f 1528 1527 1627
f 1528 1627 1689
f 1581 1690 1691
f 1581 1691 1626
f 1692 1557 1693
f 1693 1557 1694
f 1681 1557 1692
f 1560 1558 1695
f 1696 1557 1682
f 1628 1655 1688
f 1628 1688 1697
f 1698 1557 1696
f 1683 1625 1626
f 1683 1626 1691
f 1695 1558 1698
f 1531 1559 1699
f 1699 1678 1531
f 1627 1628 1697
f 1627 1697 1689
f 1700 1657 1686
f 1701 1679 1678
f 1701 1678 1702
f 1687 1668 1703
f 1687 1703 1704
f 1705 1706 1684
f 1705 1684 1683
f 1707 1708 1709
f 1707 1709 1710
f 1697 1688 1711
f 1697 1711 1712
f 1713 1714 1715
f 1713 1715 1716
f 1689 1717 1718
f 1689 1718 1528
f 1713 1719 1720
f 1713 1720 1714
f 1718 1716 1721
f 1718 1721 1722
f 1717 1713 1716
f 1717 1716 1718
f 1528 1718 1722
f 1528 1722 1525
f 1704 1703 1723
f 1724 1700 1686
f 1724 1686 1685
f 1690 1581 1680
f 1690 1680 1725
f 1694 1574 1530
f 1694 1530 1726
f 1726 1530 1529
f 1726 1529 1727
f 1705 1683 1691
f 1705 1691 1728
f 1729 1727 1710
f 1729 1710 1730
f 1731 1726 1727
f 1731 1727 1729
f 1732 1733 1725
f 1732 1725 1701
f 1712 1711 1734
f 1712 1734 1719
f 1706 1724 1685
f 1706 1685 1684
f 1688 1687 1704
f 1688 1704 1711
f 1728 1691 1690
f 1728 1690 1735
f 1732 1701 1702
f 1732 1702 1736
f 1701 1725 1680
f 1701 1680 1679
f 1721 1737 1738
f 1721 1738 1739
f 1525 1722 1707
f 1525 1707 1529
f 1703 1740 1723
f 1689 1697 1712
f 1689 1712 1717
f 1719 1734 1741
f 1719 1741 1720
f 1711 1704 1723
f 1711 1723 1734
f 1722 1721 1739
f 1722 1739 1707
f 1734 1723 1740
f 1734 1740 1741
f 1717 1712 1719
f 1717 1719 1713
f 1716 1715 1737
f 1716 1737 1721
f 1727 1529 1707
f 1727 1707 1710
f 1735 1690 1725
f 1735 1725 1733
f 1561 1680 1581
f 1668 1687 1656
f 1633 1686 1657
f 1694 1557 1574
f 1698 1558 1557
f 1530 1574 1526
f 1657 1700 1671
f 1678 1699 1742
f 1678 1742 1743
f 1678 1743 1744
f 1678 1744 1745
f 1678 1745 1702
f 1702 1745 1746
f 1702 1746 1736
f 1736 1746 1747
f 1736 1747 1748
f 1736 1748 1749
f 1750 1736 1749
f 1751 1752 1709
f 1709 1752 1753
f 1709 1753 1730
f 1730 1753 1754
f 1730 1754 1729
f 1731 1729 1754
f 1731 1754 1755
f 1693 1731 1755
f 1693 1755 1756
f 1693 1756 1757
f 1693 1757 1692
f 1681 1692 1757
f 1681 1757 1758
f 1681 1758 1759
f 1681 1759 1682
f 1696 1682 1759
f 1696 1759 1760
f 1698 1696 1760
f 1698 1760 1695
f 1710 1709 1730
f 1707 1739 1708
f 1708 1761 1751
f 1708 1751 1709
f 1739 1738 1761
f 1739 1761 1708
f 1694 1726 1731
f 1694 1731 1693
f 1732 1736 1750
f 1741 1740 1762
f 1741 1762 1763
f 1740 1675 1762
f 1728 1735 1764
f 1728 1764 1765
f 1737 1715 1766
f 1737 1766 1767
f 1720 1741 1763
f 1720 1763 1768
f 1705 1728 1765
f 1705 1765 1769
f 1724 1706 1770
f 1724 1770 1771
f 1671 1700 1772
f 1671 1772 1672
f 1714 1720 1768
f 1714 1768 1773
f 1715 1714 1773
f 1715 1773 1766
f 1706 1705 1769
f 1706 1769 1770
f 1700 1724 1771
f 1700 1771 1772
f 1737 1767 1774
f 1764 1735 1775
f 1375 1382 1400
f 1375 1400 1776
f 1386 1356 1777
f 1386 1777 1401
f 1363 1362 1778
f 1363 1778 1779
f 1356 1355 1780
f 1356 1780 1777
f 1362 1368 1402
f 1362 1402 1778
f 1378 1381 1781
f 1378 1781 1399
f 1347 1375 1776
f 1347 1776 1782
f 1381 1333 1783
f 1381 1783 1781
f 1780 1355 1784
f 1347 1782 1785
f 1371 1363 1779
f 1371 1779 1786
f 1333 1332 1787
f 1333 1787 1783
f 1788 1789 1790
f 1789 1791 1792
f 1789 1792 1793
f 1789 1793 1790
f 1794 1795 1793
f 1794 1793 1792
f 1795 1794 1796
f 1795 1796 1797
f 1795 1797 1798
f 1795 1798 1799
f 1790 1799 1798
f 1790 1798 1788
f 1800 1801 1802
f 1800 1802 1803
f 1804 1805 1806
f 1807 1808 1809
f 1810 1811 1812
f 1810 1812 1813
f 1814 1815 1816
f 1817 1818 1819
f 1817 1819 1820
f 1820 1819 1815
f 1820 1815 1814
f 1801 1800 1798
f 1801 1798 1797
f 1821 1822 1818
f 1821 1818 1817
f 1791 1789 1822
f 1791 1822 1821
f 1815 1823 1824
f 1815 1824 1816
f 1808 1807 1825
f 1808 1825 1826
f 1827 1828 1829
f 1827 1829 1830
f 1831 1832 1833
f 1831 1833 1834
f 1826 1825 1835
f 1826 1835 1836
f 1836 1835 1837
f 1836 1837 1838
f 1838 1837 1839
f 1838 1839 1840
f 1840 1839 1841
f 1840 1841 1842
f 1804 1806 1843
f 1804 1843 1844
f 1845 1846 1842
f 1845 1842 1841
f 1847 1848 1849
f 1847 1849 1850
f 1834 1851 1852
f 1834 1852 1831
f 1827 1846 1845
f 1827 1845 1828
f 1853 1805 1804
f 1853 1804 1854
f 1849 1848 1833
f 1849 1833 1832
f 1802 1855 1856
f 1802 1856 1803
f 1851 1853 1854
f 1851 1854 1852
f 1847 1850 1856
f 1847 1856 1855
f 1809 1812 1811
f 1809 1811 1807
f 1857 1858 1859
f 1860 1861 1862
f 1810 1813 1860
f 1810 1860 1862
f 1863 1862 1861
f 1858 1862 1863
f 1858 1863 1859
f 1808 1826 1864
f 1808 1864 1865
f 1833 1848 1866
f 1833 1866 1867
f 1836 1838 1868
f 1836 1868 1869
f 1802 1801 1870
f 1802 1870 1871
f 1796 1794 1872
f 1796 1872 1873
f 1857 1859 1874
f 1857 1874 1875
f 1838 1840 1876
f 1838 1876 1868
f 1806 1805 1877
f 1806 1877 1878
f 1801 1797 1879
f 1801 1879 1870
f 1821 1817 1880
f 1821 1880 1881
f 1842 1846 1882
f 1842 1882 1883
f 1794 1792 1884
f 1794 1884 1872
f 1840 1842 1883
f 1840 1883 1876
f 1826 1836 1869
f 1826 1869 1864
f 1791 1821 1881
f 1791 1881 1885
f 1853 1851 1886
f 1853 1886 1887
f 1861 1860 1888
f 1861 1888 1889
f 1820 1814 1890
f 1820 1890 1891
f 1846 1827 1892
f 1846 1892 1882
f 1792 1791 1885
f 1792 1885 1884
f 1848 1847 1893
f 1848 1893 1866
f 1813 1812 1894
f 1813 1894 1895
f 1834 1833 1867
f 1834 1867 1896
f 1812 1809 1897
f 1812 1897 1894
f 1817 1820 1891
f 1817 1891 1880
f 1814 1816 1898
f 1814 1898 1890
f 1851 1834 1896
f 1851 1896 1886
f 1843 1806 1878
f 1843 1878 1899
f 1809 1808 1865
f 1809 1865 1897
f 1863 1861 1889
f 1863 1889 1900
f 1816 1824 1901
f 1816 1901 1898
f 1827 1830 1902
f 1827 1902 1892
f 1855 1802 1871
f 1855 1871 1903
f 1805 1853 1887
f 1805 1887 1877
f 1859 1863 1900
f 1859 1900 1874
f 1847 1855 1903
f 1847 1903 1893
f 1860 1813 1895
f 1860 1895 1888
f 1797 1796 1873
f 1797 1873 1879
f 1824 1823 1904
f 1824 1904 1905
f 1858 1857 1906
f 1858 1906 1907
f 1908 1909 1910
f 1910 1909 1911
f 1910 1911 1912
f 1910 1912 1913
f 1914 1912 1911
f 1914 1911 1915
f 1915 1916 1914
f 1915 1917 1918
f 1915 1918 1919
f 1915 1919 1916
f 1909 1908 1918
f 1909 1918 1917
f 1920 1921 1922
f 1920 1922 1923
f 1924 1925 1926
f 1927 1928 1929
f 1930 1931 1932
f 1930 1932 1933
f 1934 1935 1936
f 1937 1938 1939
f 1937 1939 1940
f 1938 1934 1936
f 1938 1936 1939
f 1923 1919 1918
f 1923 1918 1920
f 1941 1937 1940
f 1941 1940 1942
f 1913 1941 1942
f 1913 1942 1910
f 1936 1935 1943
f 1936 1943 1944
f 1929 1945 1946
f 1929 1946 1927
f 1947 1948 1949
f 1947 1949 1950
f 1951 1952 1953
f 1951 1953 1954
f 1945 1955 1956
f 1945 1956 1946
f 1955 1957 1958
f 1955 1958 1956
f 1957 1959 1960
f 1957 1960 1958
f 1959 1961 1962
f 1959 1962 1960
f 1924 1963 1964
f 1924 1964 1925
f 1965 1962 1961
f 1965 1961 1966
f 1967 1968 1969
f 1967 1969 1970
f 1952 1951 1971
f 1952 1971 1972
f 1947 1950 1965
f 1947 1965 1966
f 1973 1974 1924
f 1973 1924 1926
f 1969 1954 1953
f 1969 1953 1970
f 1922 1921 1975
f 1922 1975 1976
f 1972 1971 1974
f 1972 1974 1973
f 1967 1976 1975
f 1967 1975 1968
f 1928 1927 1933
f 1928 1933 1932
f 1977 1978 1979
f 1980 1981 1982
f 1930 1981 1980
f 1930 1980 1931
f 1983 1982 1981
f 1979 1978 1983
f 1979 1983 1981
f 1929 1984 1985
f 1929 1985 1945
f 1953 1986 1987
f 1953 1987 1970
f 1955 1988 1989
f 1955 1989 1957
f 1922 1990 1991
f 1922 1991 1923
f 1916 1992 1993
f 1916 1993 1914
f 1977 1994 1995
f 1977 1995 1978
f 1957 1989 1996
f 1957 1996 1959
f 1925 1997 1998
f 1925 1998 1926
f 1923 1991 1999
f 1923 1999 1919
f 1941 2000 2001
f 1941 2001 1937
f 1961 2002 2003
f 1961 2003 1966
f 1914 1993 2004
f 1914 2004 1912
f 1959 1996 2002
f 1959 2002 1961
f 1945 1985 1988
f 1945 1988 1955
f 1913 2005 2000
f 1913 2000 1941
f 1973 2006 2007
f 1973 2007 1972
f 1982 2008 2009
f 1982 2009 1980
f 1938 2010 2011
f 1938 2011 1934
f 1966 2003 2012
f 1966 2012 1947
f 1912 2004 2005
f 1912 2005 1913
f 1970 1987 2013
f 1970 2013 1967
f 1931 2014 2015
f 1931 2015 1932
f 1952 2016 1986
f 1952 1986 1953
f 1932 2015 2017
f 1932 2017 1928
f 1937 2001 2010
f 1937 2010 1938
f 1934 2011 2018
f 1934 2018 1935
f 1972 2007 2016
f 1972 2016 1952
f 1964 2019 1997
f 1964 1997 1925
f 1928 2017 1984
f 1928 1984 1929
f 1983 2020 2008
f 1983 2008 1982
f 1935 2018 2021
f 1935 2021 1943
f 1947 2012 2022
f 1947 2022 1948
f 1976 2023 1990
f 1976 1990 1922
f 1926 1998 2006
f 1926 2006 1973
f 1978 1995 2020
f 1978 2020 1983
f 1967 2013 2023
f 1967 2023 1976
f 1980 2009 2014
f 1980 2014 1931
f 1919 1999 1992
f 1919 1992 1916
f 1943 2024 2025
f 1943 2025 1944
f 1979 2026 2027
f 1979 2027 1977
f 2028 2029 2030
f 2028 2030 2031
f 2028 2031 2032
f 2033 2034 2035
f 2036 2037 2038
f 2039 2040 2041
f 2042 2033 2035
f 2042 2035 2043
f 2042 2043 2039
f 2042 2039 2041
f 2038 2037 2030
f 2038 2030 2029
f 2039 2044 2040
f 2044 2045 2040
f 2045 2046 2040
f 2046 2047 2040
f 2047 2048 2040
f 2048 2049 2040
f 2050 2037 2036
f 2051 2050 2036
f 2052 2051 2036
f 2053 2052 2036
f 2054 2053 2036
f 2055 2054 2036
f 2034 2056 2035
f 2034 2057 2056
f 2034 2058 2057
f 2034 2059 2058
f 2034 2060 2059
f 2034 2061 2060
f 2032 2031 2062
f 2032 2062 2063
f 2032 2063 2064
f 2032 2064 2065
f 2032 2065 2066
f 2032 2066 2067
f 2050 2068 2030
f 2050 2030 2037
f 2048 2069 2070
f 2048 2070 2049
f 2055 2071 2072
f 2055 2072 2054
f 2054 2072 2073
f 2054 2073 2053
f 2053 2073 2074
f 2053 2074 2052
f 2052 2074 2075
f 2052 2075 2051
f 2051 2075 2068
f 2051 2068 2050
f 2047 2076 2069
f 2047 2069 2048
f 2046 2077 2076
f 2046 2076 2047
f 2045 2078 2077
f 2045 2077 2046
f 2044 2079 2078
f 2044 2078 2045
f 2039 2043 2079
f 2039 2079 2044
f 2035 2056 2079
f 2035 2079 2043
f 2079 2056 2057
f 2079 2057 2078
f 2078 2057 2058
f 2078 2058 2077
f 2077 2058 2059
f 2077 2059 2076
f 2076 2059 2060
f 2076 2060 2069
f 2069 2060 2061
f 2069 2061 2070
f 2071 2067 2066
f 2071 2066 2072
f 2073 2072 2066
f 2073 2066 2065
f 2074 2073 2065
f 2074 2065 2064
f 2075 2074 2064
f 2075 2064 2063
f 2068 2075 2063
f 2068 2063 2062
f 2030 2068 2062
f 2030 2062 2031
f 2041 2080 2081
f 2041 2081 2042
f 2042 2081 2082
f 2042 2082 2033
f 2028 2083 2084
f 2028 2084 2029
f 2029 2084 2085
f 2029 2085 2038
f 2086 2087 2088
f 2086 2088 2089
f 2086 2090 2087
f 2091 2092 2093
f 2094 2095 2096
f 2097 2098 2099
f 2100 2101 2092
f 2100 2092 2091
f 2100 2098 2097
f 2100 2097 2101
f 2095 2089 2088
f 2095 2088 2096
f 2097 2099 2102
f 2102 2099 2103
f 2103 2099 2104
f 2104 2099 2105
f 2105 2099 2106
f 2106 2099 2107
f 2108 2094 2096
f 2109 2094 2108
f 2110 2094 2109
f 2111 2094 2110
f 2112 2094 2111
f 2113 2094 2112
f 2093 2092 2114
f 2093 2114 2115
f 2093 2115 2116
f 2093 2116 2117
f 2093 2117 2118
f 2093 2118 2119
f 2090 2120 2087
f 2090 2121 2120
f 2090 2122 2121
f 2090 2123 2122
f 2090 2124 2123
f 2090 2125 2124
f 2108 2096 2088
f 2108 2088 2126
f 2106 2107 2127
f 2106 2127 2128
f 2113 2112 2129
f 2113 2129 2130
f 2112 2111 2131
f 2112 2131 2129
f 2111 2110 2132
f 2111 2132 2131
f 2110 2109 2133
f 2110 2133 2132
f 2109 2108 2126
f 2109 2126 2133
f 2105 2106 2128
f 2105 2128 2134
f 2104 2105 2134
f 2104 2134 2135
f 2103 2104 2135
f 2103 2135 2136
f 2102 2103 2136
f 2102 2136 2137
f 2097 2102 2137
f 2097 2137 2101
f 2092 2101 2137
f 2092 2137 2114
f 2137 2136 2115
f 2137 2115 2114
f 2136 2135 2116
f 2136 2116 2115
f 2135 2134 2117
f 2135 2117 2116
f 2134 2128 2118
f 2134 2118 2117
f 2128 2127 2119
f 2128 2119 2118
f 2130 2129 2124
f 2130 2124 2125
f 2131 2123 2124
f 2131 2124 2129
f 2132 2122 2123
f 2132 2123 2131
f 2133 2121 2122
f 2133 2122 2132
f 2126 2120 2121
f 2126 2121 2133
f 2088 2087 2120
f 2088 2120 2126
f 2098 2100 2138
f 2098 2138 2139
f 2100 2091 2140
f 2100 2140 2138
f 2086 2089 2141
f 2086 2141 2142
f 2089 2095 2143
f 2089 2143 2141
f 2144 2145 2146
f 2144 2146 2147
f 2148 2149 2150
f 2148 2150 2151
f 2152 2153 2154
f 2155 2156 2154
f 2155 2154 2153
f 2157 2158 2159
f 2157 2159 2160
f 2155 2161 2162
f 2155 2162 2163
f 2164 2165 2153
f 2164 2153 2152
f 2166 2167 2149
f 2166 2149 2148
f 2168 2169 2170
f 2168 2170 2171
f 2172 2173 2159
f 2172 2159 2158
f 2165 2164 2174
f 2165 2174 2175
f 2176 2177 2167
f 2176 2167 2166
f 2145 2178 2179
f 2145 2179 2146
f 2179 2178 2169
f 2179 2169 2168
f 2180 2175 2174
f 2150 2181 2182
f 2150 2182 2151
f 2156 2155 2163
f 2175 2180 2183
f 2175 2183 2184
f 2160 2144 2147
f 2160 2147 2157
f 2185 2186 2162
f 2185 2162 2161
f 2184 2183 2177
f 2184 2177 2176
f 2185 2173 2172
f 2185 2172 2186
f 2187 2188 2189
f 2190 2191 2192
f 2190 2192 2193
f 2187 2194 2188
f 2195 2196 2197
f 2195 2197 2198
f 2199 2200 2201
f 2199 2201 2202
f 2188 2203 2204
f 2188 2204 2189
f 2205 2206 2207
f 2205 2207 2208
f 2206 2205 2209
f 2206 2209 2210
f 2211 2212 2193
f 2211 2193 2192
f 2207 2188 2194
f 2207 2194 2208
f 2201 2213 2214
f 2201 2214 2202
f 2215 2216 2212
f 2215 2212 2211
f 2195 2191 2190
f 2195 2190 2196
f 2214 2213 2204
f 2214 2204 2203
f 2217 2218 2216
f 2217 2216 2215
f 2210 2209 2218
f 2210 2218 2217
f 2200 2199 2219
f 2200 2219 1906
f 2182 2181 1905
f 2182 1905 2220
f 2221 2222 2223
f 2221 2223 2224
f 2225 2226 2227
f 2225 2227 2228
f 2229 2230 2231
f 2232 2231 2230
f 2232 2230 2233
f 2234 2235 2236
f 2234 2236 2237
f 2232 2238 2239
f 2232 2239 2240
f 2241 2229 2231
f 2241 2231 2242
f 2243 2225 2228
f 2243 2228 2244
f 2245 2246 2247
f 2245 2247 2248
f 2249 2237 2236
f 2249 2236 2250
f 2242 2251 2252
f 2242 2252 2241
f 2253 2243 2244
f 2253 2244 2254
f 2224 2223 2255
f 2224 2255 2256
f 2255 2245 2248
f 2255 2248 2256
f 2257 2252 2251
f 2227 2226 2258
f 2227 2258 2259
f 2233 2238 2232
f 2251 2260 2261
f 2251 2261 2257
f 2235 2234 2222
f 2235 2222 2221
f 2262 2240 2239
f 2262 2239 2263
f 2260 2253 2254
f 2260 2254 2261
f 2262 2263 2249
f 2262 2249 2250
f 2264 2265 2266
f 2267 2268 2269
f 2267 2269 2270
f 2264 2266 2271
f 2272 2273 2274
f 2272 2274 2275
f 2276 2277 2278
f 2276 2278 2279
f 2266 2265 2280
f 2266 2280 2281
f 2282 2283 2284
f 2282 2284 2285
f 2285 2286 2287
f 2285 2287 2282
f 2288 2269 2268
f 2288 2268 2289
f 2284 2283 2271
f 2284 2271 2266
f 2278 2277 2290
f 2278 2290 2291
f 2292 2288 2289
f 2292 2289 2293
f 2272 2275 2267
f 2272 2267 2270
f 2290 2281 2280
f 2290 2280 2291
f 2294 2292 2293
f 2294 2293 2295
f 2286 2294 2295
f 2286 2295 2287
f 2279 2027 2296
f 2279 2296 2276
f 2258 2297 2024
f 2258 2024 2259
f 2298 2299 2300
f 2298 2300 2301
f 2302 2303 2299
f 2302 2299 2298
f 2304 2305 2306
f 2304 2306 2307
f 2307 2306 2308
f 2307 2308 2309
f 2310 2311 2312
f 2310 2312 2313
f 2314 2315 2316
f 2314 2316 2317
f 2309 2308 2315
f 2309 2315 2314
f 2301 2300 2311
f 2301 2311 2310
f 2318 2319 2320
f 2318 2320 2321
f 2322 2323 2324
f 2322 2324 2325
f 2317 2316 2322
f 2317 2322 2325
f 2320 2319 2303
f 2320 2303 2302
f 2302 2326 2320
f 2326 2321 2320
f 2324 2327 2325
f 2327 2317 2325
f 2301 2326 2298
f 2298 2326 2302
f 2309 2327 2307
f 2307 2327 2304
f 2313 2326 2310
f 2310 2326 2301
f 2317 2327 2314
f 2314 2327 2309
f 2316 2328 2322
f 2328 2323 2322
f 2318 2329 2319
f 2329 2303 2319
f 2305 2328 2306
f 2306 2328 2308
f 2308 2328 2315
f 2315 2328 2316
f 2300 2329 2311
f 2311 2329 2312
f 2303 2329 2299
f 2299 2329 2300
f 2318 2321 2330
f 2318 2330 2331
f 2324 2323 2332
f 2324 2332 2333
f 2332 2323 2334
f 2318 2331 2335
f 2324 2333 2336
f 2330 2321 2337
o Object_3
usemtl DefaultWhite_NONE
v -252.40030 -20.29910 -9.33981
v -252.40030 -20.29910 -7.04708
v -252.40030 -20.50090 -7.04708
v -252.40030 -20.50090 -9.33981
v -252.40030 -20.40000 -6.88710
v -251.60110 -17.22660 -10.47339
v -251.57001 -17.28090 -10.41908
v -251.57001 -17.29300 -10.42600
v -251.60110 -17.27310 -10.50029
v -251.64909 -17.21110 -10.48889
v -251.64909 -17.26750 -10.52141
v -251.57001 -17.30700 -10.42600
v -251.60110 -17.32690 -10.50029
v -251.64909 -17.33250 -10.52141
v -251.57001 -17.31910 -10.41908
v -251.60110 -17.37340 -10.47339
v -251.64909 -17.38890 -10.48889
v -251.57001 -17.32600 -10.40702
v -251.60110 -17.40030 -10.42690
v -251.64909 -17.42140 -10.43248
v -251.57001 -17.32600 -10.39300
v -251.60110 -17.40030 -10.37312
v -251.64909 -17.42140 -10.36749
v -251.57001 -17.31910 -10.38089
v -251.60110 -17.37340 -10.32662
v -251.64909 -17.38890 -10.31108
v -251.57001 -17.30700 -10.37402
v -251.60110 -17.32690 -10.29968
v -251.64909 -17.33250 -10.27861
v -251.57001 -17.29300 -10.37402
v -251.60110 -17.27310 -10.29968
v -251.64909 -17.26750 -10.27861
v -251.57001 -17.28090 -10.38089
v -251.60110 -17.22660 -10.32662
v -251.64909 -17.21110 -10.31108
v -251.57001 -17.27400 -10.39300
v -251.60110 -17.19970 -10.37312
v -251.64909 -17.17860 -10.36749
v -251.57001 -17.27400 -10.40702
v -251.60110 -17.19970 -10.42690
v -251.64909 -17.17860 -10.43248
v -252.50001 -17.26750 -10.52141
v -252.50001 -17.21110 -10.48889
v -252.50001 -17.33250 -10.52141
v -252.50001 -17.38890 -10.48889
v -252.50001 -17.42140 -10.43248
v -252.50001 -17.42140 -10.36749
v -252.50001 -17.38890 -10.31108
v -252.50001 -17.33250 -10.27861
v -252.50001 -17.26750 -10.27861
v -252.50001 -17.21110 -10.31108
v -252.50001 -17.17860 -10.36749
v -252.50001 -17.17860 -10.43248
v -251.60110 -21.62660 -12.47339
v -251.57001 -21.68090 -12.41908
v -251.57001 -21.69300 -12.42599
v -251.60110 -21.67310 -12.50029
v -251.64909 -21.61110 -12.48889
v -251.64909 -21.66750 -12.52141
v -251.57001 -21.70700 -12.42599
v -251.60110 -21.72690 -12.50029
v -251.64909 -21.73250 -12.52141
v -251.57001 -21.71910 -12.41908
v -251.60110 -21.77340 -12.47339
v -251.64909 -21.78890 -12.48889
v -251.57001 -21.72600 -12.40702
v -251.60110 -21.80030 -12.42690
v -251.64909 -21.82140 -12.43248
v -251.57001 -21.72600 -12.39300
v -251.60110 -21.80030 -12.37311
v -251.64909 -21.82140 -12.36749
v -251.57001 -21.71910 -12.38089
v -251.60110 -21.77340 -12.32662
v -251.64909 -21.78890 -12.31108
v -251.57001 -21.70700 -12.37402
v -251.60110 -21.72690 -12.29968
v -251.64909 -21.73250 -12.27860
v -251.57001 -21.69300 -12.37402
v -251.60110 -21.67310 -12.29968
v -251.64909 -21.66750 -12.27860
v -251.57001 -21.68090 -12.38089
v -251.60110 -21.62660 -12.32662
v -251.64909 -21.61110 -12.31108
v -251.57001 -21.67400 -12.39300
v -251.60110 -21.59970 -12.37311
v -251.64909 -21.57860 -12.36749
v -251.57001 -21.67400 -12.40702
v -251.60110 -21.59970 -12.42690
v -251.64909 -21.57860 -12.43248
v -252.50001 -21.66750 -12.52141
v -252.50001 -21.61110 -12.48889
v -252.50001 -21.73250 -12.52141
v -252.50001 -21.78890 -12.48889
v -252.50001 -21.82140 -12.43248
v -252.50001 -21.82140 -12.36749
v -252.50001 -21.78890 -12.31108
v -252.50001 -21.73250 -12.27860
v -252.50001 -21.66750 -12.27860
v -252.50001 -21.61110 -12.31108
v -252.50001 -21.57860 -12.36749
v -252.50001 -21.57860 -12.43248
v -251.60110 -23.42660 -10.27341
v -251.57001 -23.48090 -10.21910
v -251.57001 -23.49300 -10.22601
v -251.60110 -23.47310 -10.30030
v -251.64909 -23.41110 -10.28891
v -251.64909 -23.46750 -10.32138
v -251.57001 -23.50700 -10.22601
v -251.60110 -23.52690 -10.30030
v -251.64909 -23.53250 -10.32138
v -251.57001 -23.51910 -10.21910
v -251.60110 -23.57340 -10.27341
v -251.64909 -23.58890 -10.28891
v -251.57001 -23.52600 -10.20699
v -251.60110 -23.60030 -10.22692
v -251.64909 -23.62140 -10.23250
v -251.57001 -23.52600 -10.19301
v -251.60110 -23.60030 -10.17308
v -251.64909 -23.62140 -10.16750
v -251.57001 -23.51910 -10.18090
v -251.60110 -23.57340 -10.12659
v -251.64909 -23.58890 -10.11109
v -251.57001 -23.50700 -10.17399
v -251.60110 -23.52690 -10.09970
v -251.64909 -23.53250 -10.07862
v -251.57001 -23.49300 -10.17399
v -251.60110 -23.47310 -10.09970
v -251.64909 -23.46750 -10.07862
v -251.57001 -23.48090 -10.18090
v -251.60110 -23.42660 -10.12659
v -251.64909 -23.41110 -10.11109
v -251.57001 -23.47400 -10.19301
v -251.60110 -23.39970 -10.17308
v -251.64909 -23.37860 -10.16750
v -251.57001 -23.47400 -10.20699
v -251.60110 -23.39970 -10.22692
v -251.64909 -23.37860 -10.23250
v -252.50001 -23.46750 -10.32138
v -252.50001 -23.41110 -10.28891
v -252.50001 -23.53250 -10.32138
v -252.50001 -23.58890 -10.28891
v -252.50001 -23.62140 -10.23250
v -252.50001 -23.62140 -10.16750
v -252.50001 -23.58890 -10.11109
v -252.50001 -23.53250 -10.07862
v -252.50001 -23.46750 -10.07862
v -252.50001 -23.41110 -10.11109
v -252.50001 -23.37860 -10.16750
v -252.50001 -23.37860 -10.23250
f 2338 2339 2340
f 2338 2340 2341
f 2339 2342 2340
f 2343 2344 2345
f 2343 2345 2346
f 2347 2343 2346
f 2347 2346 2348
f 2346 2345 2349
f 2346 2349 2350
f 2348 2346 2350
f 2348 2350 2351
f 2350 2349 2352
f 2350 2352 2353
f 2351 2350 2353
f 2351 2353 2354
f 2353 2352 2355
f 2353 2355 2356
f 2354 2353 2356
f 2354 2356 2357
f 2356 2355 2358
f 2356 2358 2359
f 2357 2356 2359
f 2357 2359 2360
f 2359 2358 2361
f 2359 2361 2362
f 2360 2359 2362
f 2360 2362 2363
f 2362 2361 2364
f 2362 2364 2365
f 2363 2362 2365
f 2363 2365 2366
f 2365 2364 2367
f 2365 2367 2368
f 2366 2365 2368
f 2366 2368 2369
f 2368 2367 2370
f 2368 2370 2371
f 2369 2368 2371
f 2369 2371 2372
f 2371 2370 2373
f 2371 2373 2374
f 2372 2371 2374
f 2372 2374 2375
f 2374 2373 2376
f 2374 2376 2377
f 2375 2374 2377
f 2375 2377 2378
f 2344 2343 2377
f 2344 2377 2376
f 2343 2347 2378
f 2343 2378 2377
f 2379 2380 2347
f 2379 2347 2348
f 2381 2379 2348
f 2381 2348 2351
f 2382 2381 2351
f 2382 2351 2354
f 2383 2382 2354
f 2383 2354 2357
f 2384 2383 2357
f 2384 2357 2360
f 2385 2384 2360
f 2385 2360 2363
f 2386 2385 2363
f 2386 2363 2366
f 2387 2386 2366
f 2387 2366 2369
f 2388 2387 2369
f 2388 2369 2372
f 2389 2388 2372
f 2389 2372 2375
f 2390 2389 2375
f 2390 2375 2378
f 2380 2390 2378
f 2380 2378 2347
f 2344 2376 2373
f 2344 2373 2370
f 2344 2370 2367
f 2344 2367 2345
f 2345 2367 2364
f 2345 2364 2349
f 2349 2364 2361
f 2349 2361 2352
f 2352 2361 2358
f 2352 2358 2355
f 2391 2392 2393
f 2391 2393 2394
f 2395 2391 2394
f 2395 2394 2396
f 2394 2393 2397
f 2394 2397 2398
f 2396 2394 2398
f 2396 2398 2399
f 2398 2397 2400
f 2398 2400 2401
f 2399 2398 2401
f 2399 2401 2402
f 2401 2400 2403
f 2401 2403 2404
f 2402 2401 2404
f 2402 2404 2405
f 2404 2403 2406
f 2404 2406 2407
f 2405 2404 2407
f 2405 2407 2408
f 2407 2406 2409
f 2407 2409 2410
f 2408 2407 2410
f 2408 2410 2411
f 2410 2409 2412
f 2410 2412 2413
f 2411 2410 2413
f 2411 2413 2414
f 2413 2412 2415
f 2413 2415 2416
f 2414 2413 2416
f 2414 2416 2417
f 2416 2415 2418
f 2416 2418 2419
f 2417 2416 2419
f 2417 2419 2420
f 2419 2418 2421
f 2419 2421 2422
f 2420 2419 2422
f 2420 2422 2423
f 2422 2421 2424
f 2422 2424 2425
f 2423 2422 2425
f 2423 2425 2426
f 2392 2391 2425
f 2392 2425 2424
f 2391 2395 2426
f 2391 2426 2425
f 2427 2428 2395
f 2427 2395 2396
f 2429 2427 2396
f 2429 2396 2399
f 2430 2429 2399
f 2430 2399 2402
f 2431 2430 2402
f 2431 2402 2405
f 2432 2431 2405
f 2432 2405 2408
f 2433 2432 2408
f 2433 2408 2411
f 2434 2433 2411
f 2434 2411 2414
f 2435 2434 2414
f 2435 2414 2417
f 2436 2435 2417
f 2436 2417 2420
f 2437 2436 2420
f 2437 2420 2423
f 2438 2437 2423
f 2438 2423 2426
f 2428 2438 2426
f 2428 2426 2395
f 2392 2424 2421
f 2392 2421 2418
f 2392 2418 2415
f 2392 2415 2393
f 2393 2415 2412
f 2393 2412 2397
f 2397 2412 2409
f 2397 2409 2400
f 2400 2409 2406
f 2400 2406 2403
f 2439 2440 2441
f 2439 2441 2442
f 2443 2439 2442
f 2443 2442 2444
f 2442 2441 2445
f 2442 2445 2446
f 2444 2442 2446
f 2444 2446 2447
f 2446 2445 2448
f 2446 2448 2449
f 2447 2446 2449
f 2447 2449 2450
f 2449 2448 2451
f 2449 2451 2452
f 2450 2449 2452
f 2450 2452 2453
f 2452 2451 2454
f 2452 2454 2455
f 2453 2452 2455
f 2453 2455 2456
f 2455 2454 2457
f 2455 2457 2458
f 2456 2455 2458
f 2456 2458 2459
f 2458 2457 2460
f 2458 2460 2461
f 2459 2458 2461
f 2459 2461 2462
f 2461 2460 2463
f 2461 2463 2464
f 2462 2461 2464
f 2462 2464 2465
f 2464 2463 2466
f 2464 2466 2467
f 2465 2464 2467
f 2465 2467 2468
f 2467 2466 2469
f 2467 2469 2470
f 2468 2467 2470
f 2468 2470 2471
f 2470 2469 2472
f 2470 2472 2473
f 2471 2470 2473
f 2471 2473 2474
f 2440 2439 2473
f 2440 2473 2472
f 2439 2443 2474
f 2439 2474 2473
f 2475 2476 2443
f 2475 2443 2444
f 2477 2475 2444
f 2477 2444 2447
f 2478 2477 2447
f 2478 2447 2450
f 2479 2478 2450
f 2479 2450 2453
f 2480 2479 2453
f 2480 2453 2456
f 2481 2480 2456
f 2481 2456 2459
f 2482 2481 2459
f 2482 2459 2462
f 2483 2482 2462
f 2483 2462 2465
f 2484 2483 2465
f 2484 2465 2468
f 2485 2484 2468
f 2485 2468 2471
f 2486 2485 2471
f 2486 2471 2474
f 2476 2486 2474
f 2476 2474 2443
f 2440 2472 2469
f 2440 2469 2466
f 2440 2466 2463
f 2440 2463 2441
f 2441 2463 2460
f 2441 2460 2445
f 2445 2460 2457
f 2445 2457 2448
f 2448 2457 2454
f 2448 2454 2451
o Object_4
usemtl DefaultWhite_alt_png
v -252.33960 -4.20810 -7.70092
v -252.33960 -3.71970 -7.49841
v -252.21350 -3.94380 -7.27439
v -252.21350 -4.20810 -7.38401
v -252.16939 -4.20810 -7.01008
v -252.21350 -3.83410 -7.01008
v -252.33960 -3.51720 -7.01008
v -252.33960 -3.71970 -6.52151
v -252.21350 -3.94380 -6.74548
v -252.21350 -4.20810 -6.63619
v -252.33960 -4.20810 -6.31919
v -252.33960 -4.69670 -6.52151
v -252.21350 -4.47260 -6.74548
v -252.21350 -4.58200 -7.01008
v -252.33960 -4.89890 -7.01008
v -252.33960 -4.69670 -7.49841
v -252.21350 -4.47260 -7.27439
v -252.33960 -13.18810 -16.68081
v -252.33960 -12.69960 -16.47849
v -252.21350 -12.92350 -16.25452
v -252.21350 -13.18810 -16.36381
v -252.16939 -13.18810 -15.98992
v -252.21350 -12.81430 -15.98992
v -252.33960 -12.49720 -15.98992
v -252.33960 -12.69960 -15.50159
v -252.21350 -12.92350 -15.72561
v -252.21350 -13.18810 -15.61599
v -252.33960 -13.18810 -15.29908
v -252.33960 -13.67640 -15.50159
v -252.21350 -13.45250 -15.72561
v -252.21350 -13.56210 -15.98992
v -252.33960 -13.87900 -15.98992
v -252.33960 -13.67640 -16.47849
v -252.21350 -13.45250 -16.25452
v -252.33960 -13.18810 -16.68081
v -252.33960 -13.67640 -16.47849
v -252.65131 -13.67640 -16.47849
v -252.65131 -13.18810 -16.68081
v -252.33960 -4.89890 -7.01008
v -252.33960 -4.69670 -6.52151
v -252.65131 -4.69670 -6.52151
v -252.65131 -4.89890 -7.01008
v -252.33960 -4.69670 -6.52151
v -252.33960 -4.20810 -6.31919
v -252.65131 -4.20810 -6.31919
v -252.65131 -4.69670 -6.52151
v -252.33960 -13.18810 -15.29908
v -252.33960 -12.69960 -15.50159
v -252.65131 -12.69960 -15.50159
v -252.65131 -13.18810 -15.29908
v -252.33960 -3.51720 -7.01008
v -252.33960 -3.71970 -7.49841
v -252.65131 -3.71970 -7.49841
v -252.65131 -3.51720 -7.01008
v -252.33960 -3.71970 -7.49841
v -252.33960 -4.20810 -7.70092
v -252.65131 -4.20810 -7.70092
v -252.65131 -3.71970 -7.49841
v -252.33960 -3.71970 -6.52151
v -252.33960 -3.51720 -7.01008
v -252.65131 -3.51720 -7.01008
v -252.65131 -3.71970 -6.52151
v -252.33960 -4.69670 -7.49841
v -252.33960 -4.89890 -7.01008
v -252.65131 -4.89890 -7.01008
v -252.65131 -4.69670 -7.49841
v -252.33960 -12.69960 -15.50159
v -252.33960 -12.49720 -15.98992
v -252.65131 -12.49720 -15.98992
v -252.65131 -12.69960 -15.50159
v -252.33960 -12.49720 -15.98992
v -252.33960 -12.69960 -16.47849
v -252.65131 -12.69960 -16.47849
v -252.65131 -12.49720 -15.98992
v -252.33960 -4.20810 -7.70092
v -252.33960 -4.69670 -7.49841
v -252.65131 -4.69670 -7.49841
v -252.65131 -4.20810 -7.70092
v -252.33960 -13.67640 -15.50159
v -252.33960 -13.18810 -15.29908
v -252.65131 -13.18810 -15.29908
v -252.65131 -13.67640 -15.50159
v -252.33960 -12.69960 -16.47849
v -252.33960 -13.18810 -16.68081
v -252.65131 -13.18810 -16.68081
v -252.65131 -12.69960 -16.47849
v -252.33960 -4.20810 -6.31919
v -252.33960 -3.71970 -6.52151
v -252.65131 -3.71970 -6.52151
v -252.65131 -4.20810 -6.31919
v -252.33960 -13.87900 -15.98992
v -252.33960 -13.67640 -15.50159
v -252.65131 -13.67640 -15.50159
v -252.65131 -13.87900 -15.98992
v -252.33960 -13.67640 -16.47849
v -252.33960 -13.87900 -15.98992
v -252.65131 -13.87900 -15.98992
v -252.65131 -13.67640 -16.47849
v -252.28021 -9.67380 -16.50939
v -252.28021 -9.71740 -6.49929
v -252.28021 -11.55360 -7.26948
v -252.28021 -11.51660 -15.75551
v -252.28021 -12.95550 -8.68340
v -252.28021 -12.93050 -14.35361
v -252.28021 -13.70940 -10.52618
v -252.28021 -13.70070 -12.51740
v -252.23680 -4.88320 -11.49998
v -252.28021 -3.69060 -12.47382
v -252.28021 -3.69930 -10.48260
v -252.28021 -4.46950 -8.64639
v -252.23680 -5.21830 -9.91998
v -252.23680 -5.21830 -13.07998
v -252.28021 -4.44450 -14.31661
v -252.28021 -5.84640 -15.73052
v -252.23680 -5.96830 -12.76808
v -252.28021 -7.68260 -16.50071
v -252.28021 -7.70440 -11.49569
v -252.23680 -5.96830 -10.23192
v -252.28021 -7.72620 -6.49061
v -252.28021 -5.88340 -7.24449
v -252.23680 -5.11290 -10.15949
v -252.23680 -5.01570 -10.46982
v -252.23680 -4.94840 -10.73899
v -252.23680 -4.94840 -12.26101
v -252.23680 -5.01570 -12.53018
v -252.23680 -5.11290 -12.84051
v -252.23680 -4.88480 -11.15780
v -252.23680 -4.88480 -11.84220
v -252.23680 -5.84930 -12.51249
v -252.23680 -5.84930 -10.48751
v -252.23680 -5.77820 -12.25762
v -252.23680 -5.77820 -10.74238
v -252.23680 -5.71560 -11.99031
v -252.23680 -5.71560 -11.00969
v -252.23680 -5.68630 -11.72290
v -252.23680 -5.68220 -11.49998
v -252.23680 -5.68630 -11.27710
v -252.43161 -4.88320 -11.49998
v -252.43161 -4.88480 -11.84220
v -252.43161 -5.68630 -11.72290
v -252.43161 -5.68220 -11.49998
v -252.43161 -5.96830 -12.76808
v -252.43161 -5.84930 -12.51249
v -252.43161 -5.77820 -12.25762
v -252.43161 -5.71560 -11.99031
v -252.43161 -5.21830 -13.07998
v -252.43161 -5.11290 -12.84051
v -252.43161 -5.01570 -12.53018
v -252.43161 -4.94840 -12.26101
v -252.43161 -4.88480 -11.15780
v -252.43161 -4.94840 -10.73899
v -252.43161 -5.01570 -10.46982
v -252.43161 -5.11290 -10.15949
v -252.43161 -5.21830 -9.91998
v -252.43161 -5.96830 -10.23192
v -252.43161 -5.68630 -11.27710
v -252.43161 -5.71560 -11.00969
v -252.43161 -5.77820 -10.74238
v -252.43161 -5.84930 -10.48751
v -252.40979 -4.46950 -8.64639
v -252.40979 -4.44450 -14.31661
v -252.40979 -3.69060 -12.47382
v -252.40979 -3.69930 -10.48260
v -252.40979 -5.84640 -15.73052
v -252.40979 -5.88340 -7.24449
v -252.40979 -7.72620 -6.49061
v -252.40979 -7.68260 -16.50071
v -252.40979 -9.71740 -6.49929
v -252.40979 -9.67380 -16.50939
v -252.40979 -11.55360 -7.26948
v -252.40979 -11.51660 -15.75551
v -252.40979 -12.95550 -8.68340
v -252.40979 -12.93050 -14.35361
v -252.40979 -13.70940 -10.52618
v -252.40979 -13.70070 -12.51740
v -252.40979 -5.84640 -15.73052
v -252.40979 -4.44450 -14.31661
v -252.40979 -4.46950 -8.64639
v -252.40979 -5.88340 -7.24449
v -252.17381 -8.92280 -11.49998
v -252.17481 -9.08800 -11.49998
v -252.25501 -9.08800 -11.60011
v -252.17509 -8.92280 -11.60011
v -252.17509 -8.92280 -11.39989
v -252.25501 -9.08800 -11.39989
v -252.17381 -7.45290 -11.49998
v -252.17381 -7.30530 -11.49998
v -252.17509 -7.34610 -11.35712
v -252.17590 -7.45290 -11.26080
v -252.17381 -7.58700 -11.49998
v -252.17609 -7.58700 -11.23271
v -252.17590 -7.45290 -11.73921
v -252.17509 -7.34610 -11.64289
v -252.17609 -7.58700 -11.76729
v -252.17381 -7.70970 -11.49998
v -252.17569 -7.70970 -11.27582
v -252.17381 -7.82780 -11.49998
v -252.17509 -7.82780 -11.39989
v -252.17569 -7.70970 -11.72419
v -252.17509 -7.82780 -11.60011
v -252.17381 -8.81060 -11.49998
v -252.17381 -8.69830 -11.49998
v -252.17609 -8.69830 -11.22851
v -252.17590 -8.81060 -11.26490
v -252.17590 -8.81060 -11.73511
v -252.17609 -8.69830 -11.77149
v -252.17381 -8.58610 -11.49998
v -252.17381 -8.47380 -11.49998
v -252.17509 -8.47380 -11.39989
v -252.17590 -8.58610 -11.26771
v -252.17590 -8.58610 -11.73229
v -252.17509 -8.47380 -11.60011
v -252.25501 -9.08800 -11.60011
v -252.17481 -9.08800 -11.49998
v -252.17481 -11.25770 -11.49998
v -252.25899 -10.99550 -11.60011
v -252.17481 -11.25770 -11.49998
v -252.25501 -9.08800 -11.39989
v -252.25899 -10.99550 -11.39989
v -252.08321 -8.92280 -11.49998
v -252.08421 -9.08800 -11.49998
v -252.16441 -9.08800 -11.60011
v -252.08449 -8.92280 -11.60011
v -252.08449 -8.92280 -11.39989
v -252.16441 -9.08800 -11.39989
v -252.08321 -7.45290 -11.49998
v -252.08321 -7.30530 -11.49998
v -252.08449 -7.34610 -11.35712
v -252.08530 -7.45290 -11.26080
v -252.08321 -7.58700 -11.49998
v -252.08549 -7.58700 -11.23271
v -252.08530 -7.45290 -11.73921
v -252.08449 -7.34610 -11.64289
v -252.08549 -7.58700 -11.76729
v -252.08321 -7.70970 -11.49998
v -252.08509 -7.70970 -11.27582
v -252.08321 -7.82780 -11.49998
v -252.08449 -7.82780 -11.39989
v -252.08509 -7.70970 -11.72419
v -252.08449 -7.82780 -11.60011
v -252.08321 -8.81060 -11.49998
v -252.08321 -8.69830 -11.49998
v -252.08549 -8.69830 -11.22851
v -252.08530 -8.81060 -11.26490
v -252.08530 -8.81060 -11.73511
v -252.08549 -8.69830 -11.77149
v -252.08321 -8.58610 -11.49998
v -252.08321 -8.47380 -11.49998
v -252.08449 -8.47380 -11.39989
v -252.08530 -8.58610 -11.26771
v -252.08530 -8.58610 -11.73229
v -252.08449 -8.47380 -11.60011
v -252.08421 -9.08800 -11.49998
v -252.16441 -9.08800 -11.39989
v -252.16849 -12.27590 -11.39989
v -252.08421 -12.53810 -11.49998
v -252.08421 -12.53810 -11.49998
v -252.16849 -12.27590 -11.60011
v -252.16441 -9.08800 -11.60011
v -252.66449 -6.04600 -16.09702
v -252.66449 -4.94660 -15.25340
v -252.01111 -5.00480 -15.19518
v -252.01111 -6.08700 -16.02578
v -252.66449 -7.32620 -16.62722
v -252.01111 -7.34740 -16.54782
v -252.66449 -8.70000 -16.80808
v -252.01111 -8.70000 -16.72592
v -252.66449 -10.07380 -16.62722
v -252.01111 -10.05260 -16.54782
v -252.66449 -11.35400 -16.09702
v -252.01111 -11.31300 -16.02578
v -252.66449 -12.45340 -15.25340
v -252.01111 -12.39520 -15.19518
v -252.66449 -13.29700 -14.15401
v -252.01111 -13.22580 -14.11300
v -252.66449 -13.82720 -12.87379
v -252.01111 -13.74780 -12.85262
v -252.66449 -14.00810 -11.49998
v -252.01111 -13.92590 -11.49998
v -252.66449 -13.82720 -10.12621
v -252.01111 -13.74780 -10.14738
v -252.66449 -13.29700 -8.84600
v -252.01111 -13.22580 -8.88700
v -252.66449 -12.45340 -7.74660
v -252.01111 -12.39520 -7.80482
v -252.66449 -11.35400 -6.90298
v -252.01111 -11.31300 -6.97422
v -252.66449 -10.07380 -6.37279
v -252.01111 -10.05260 -6.45218
v -252.66449 -8.70000 -6.19192
v -252.01111 -8.70000 -6.27408
v -252.66449 -7.32620 -6.37279
v -252.01111 -7.34740 -6.45218
v -252.66449 -6.04600 -6.90298
v -252.01111 -6.08700 -6.97422
v -252.66449 -4.94660 -7.74660
v -252.01111 -5.00480 -7.80482
v -252.66449 -4.10300 -8.84590
v -252.01111 -4.17420 -8.88700
v -252.66449 -3.57280 -10.12621
v -252.01111 -3.65220 -10.14738
v -252.66449 -3.39190 -11.49998
v -252.01111 -3.47410 -11.49998
v -252.66449 -3.57280 -12.87379
v -252.01111 -3.65220 -12.85262
v -252.66449 -4.10300 -14.15401
v -252.01111 -4.17420 -14.11300
v -252.01111 -5.25610 -14.94389
v -252.01111 -6.26480 -15.71798
v -252.01111 -7.43940 -16.20440
v -252.01111 -8.70000 -16.37039
v -252.01111 -9.96060 -16.20440
v -252.01111 -11.13520 -15.71798
v -252.01111 -12.14390 -14.94389
v -252.01111 -12.91800 -13.93518
v -252.01111 -13.40440 -12.76059
v -252.01111 -13.57040 -11.49998
v -252.01111 -13.40440 -10.23941
v -252.01111 -12.91800 -9.06482
v -252.01111 -12.14390 -8.05612
v -252.01111 -11.13520 -7.28202
v -252.01111 -9.96060 -6.79560
v -252.01111 -8.70000 -6.62961
v -252.01111 -7.43940 -6.79560
v -252.01111 -6.26480 -7.28202
v -252.01111 -5.25610 -8.05612
v -252.01111 -4.48200 -9.06482
v -252.01111 -3.99560 -10.23941
v -252.01111 -3.82960 -11.49998
v -252.01111 -3.99560 -12.76059
v -252.01111 -4.48200 -13.93518
v -252.25680 -5.47370 -14.72631
v -252.25680 -6.41870 -15.45129
v -252.25680 -7.51910 -15.90719
v -252.25680 -8.70000 -16.06250
v -252.25680 -9.88090 -15.90719
v -252.25680 -10.98130 -15.45129
v -252.25680 -11.92630 -14.72631
v -252.25680 -12.65130 -13.78131
v -252.25680 -13.10720 -12.68091
v -252.25680 -13.26250 -11.49998
v -252.25680 -13.10720 -10.31909
v -252.25680 -12.65130 -9.21869
v -252.25680 -11.92630 -8.27370
v -252.25680 -10.98130 -7.54871
v -252.25680 -9.88090 -7.09281
v -252.25680 -8.70000 -6.93750
v -252.25680 -7.51910 -7.09281
v -252.25680 -6.41870 -7.54871
v -252.25680 -5.47370 -8.27370
v -252.25680 -4.74870 -9.21869
v -252.25680 -4.29280 -10.31909
v -252.25680 -4.13750 -11.49998
v -252.25680 -4.29280 -12.68091
v -252.25680 -4.74870 -13.78131
v -252.36709 -12.86800 -7.86080
v -252.36709 -12.55100 -7.64899
v -250.85001 -12.55100 -7.64899
v -250.85001 -12.86800 -7.86080
v -252.36709 -13.24180 -7.93519
v -250.85001 -13.24180 -7.93519
v -250.85001 -13.61570 -7.86080
v -252.36709 -13.61570 -7.86080
v -252.36709 -13.93270 -7.64899
v -250.85001 -13.93270 -7.64899
v -250.85001 -14.14450 -7.33199
v -252.36709 -14.14450 -7.33199
v -250.85001 -14.21890 -6.95810
v -252.36709 -14.21890 -6.95810
v -252.36709 -14.14450 -6.58431
v -250.85001 -14.14450 -6.58431
v -250.85001 -13.93270 -6.26731
v -252.36709 -13.93270 -6.26731
v -250.85001 -13.61570 -6.05550
v -252.36709 -13.61570 -6.05550
v -250.85001 -13.24180 -5.98111
v -252.36709 -13.24180 -5.98111
v -252.36709 -12.86800 -6.05550
v -250.85001 -12.86800 -6.05550
v -252.36709 -12.55100 -6.26731
v -250.85001 -12.55100 -6.26731
v -250.85001 -12.33920 -6.58431
v -252.36709 -12.33920 -6.58431
v -250.85001 -12.26480 -6.95810
v -252.36709 -12.26480 -6.95810
v -252.36709 -12.33920 -7.33199
v -250.85001 -12.33920 -7.33199
v -250.73860 -12.59340 -7.60660
v -250.73860 -12.89100 -7.80530
v -250.73860 -13.24180 -7.87511
v -250.73860 -13.59270 -7.80530
v -250.73860 -13.89030 -7.60660
v -250.73860 -14.08900 -7.30901
v -250.73860 -14.15880 -6.95810
v -250.73860 -14.08900 -6.60729
v -250.73860 -13.89030 -6.30970
v -250.73860 -13.59270 -6.11100
v -250.73860 -13.24180 -6.04119
v -250.73860 -12.89100 -6.11100
v -250.73860 -12.59340 -6.30970
v -250.73860 -12.39470 -6.60729
v -250.73860 -12.32490 -6.95810
v -250.73860 -12.39470 -7.30901
v -250.61641 -12.99350 -7.55792
v -250.61641 -12.78290 -7.41711
v -250.56829 -13.00880 -7.19118
v -250.56829 -13.11570 -7.26271
v -250.61641 -13.24180 -7.60722
v -250.56829 -13.24180 -7.28779
v -250.56829 -13.36800 -7.26271
v -250.61641 -13.49020 -7.55792
v -250.61641 -13.70080 -7.41711
v -250.56829 -13.47490 -7.19118
v -250.56829 -13.54640 -7.08432
v -250.61641 -13.84160 -7.20649
v -250.56829 -13.57150 -6.95810
v -250.61641 -13.89090 -6.95810
v -250.61641 -13.84160 -6.70981
v -250.56829 -13.54640 -6.83198
v -250.56829 -13.47490 -6.72512
v -250.61641 -13.70080 -6.49920
v -250.56829 -13.36800 -6.65359
v -250.61641 -13.49020 -6.35839
v -250.56829 -13.24180 -6.62851
v -250.61641 -13.24180 -6.30908
v -250.61641 -12.99350 -6.35839
v -250.56829 -13.11570 -6.65359
v -250.61641 -12.78290 -6.49920
v -250.56829 -13.00880 -6.72512
v -250.56829 -12.93730 -6.83198
v -250.61641 -12.64210 -6.70981
v -250.56829 -12.91220 -6.95810
v -250.61641 -12.59280 -6.95810
v -250.61641 -12.64210 -7.20649
v -250.56829 -12.93730 -7.08432
v -250.68700 -12.66740 -7.53260
v -250.68700 -12.93090 -7.70888
v -250.68700 -13.24180 -7.77059
v -250.68700 -13.55280 -7.70888
v -250.68700 -13.81630 -7.53260
v -250.68700 -13.99260 -7.26910
v -250.68700 -14.05430 -6.95810
v -250.68700 -13.99260 -6.64721
v -250.68700 -13.81630 -6.38371
v -250.68700 -13.55280 -6.20742
v -250.68700 -13.24180 -6.14572
v -250.68700 -12.93090 -6.20742
v -250.68700 -12.66740 -6.38371
v -250.68700 -12.49110 -6.64721
v -250.68700 -12.42940 -6.95810
v -250.68700 -12.49110 -7.26910
v -250.74010 -12.62930 -7.57070
v -250.74010 -12.91030 -7.75862
v -250.74010 -13.24180 -7.82452
v -250.74010 -13.57340 -7.75862
v -250.74010 -13.85440 -7.57070
v -250.74010 -14.04230 -7.28970
v -250.74010 -14.10820 -6.95810
v -250.74010 -14.04230 -6.62661
v -250.74010 -13.85440 -6.34561
v -250.74010 -13.57340 -6.15768
v -250.74010 -13.24180 -6.09179
v -250.74010 -12.91030 -6.15768
v -250.74010 -12.62930 -6.34561
v -250.74010 -12.44140 -6.62661
v -250.74010 -12.37550 -6.95810
v -250.74010 -12.44140 -7.28970
f 2487 2488 2489
f 2487 2489 2490
f 2489 2491 2490
f 2492 2491 2489
f 2488 2493 2492
f 2488 2492 2489
f 2493 2494 2495
f 2493 2495 2492
f 2495 2491 2492
f 2496 2491 2495
f 2494 2497 2496
f 2494 2496 2495
f 2497 2498 2499
f 2497 2499 2496
f 2499 2491 2496
f 2500 2491 2499
f 2498 2501 2500
f 2498 2500 2499
f 2501 2502 2503
f 2501 2503 2500
f 2503 2491 2500
f 2490 2491 2503
f 2502 2487 2490
f 2502 2490 2503
f 2504 2505 2506
f 2504 2506 2507
f 2507 2506 2508
f 2506 2509 2508
f 2505 2510 2509
f 2505 2509 2506
f 2510 2511 2512
f 2510 2512 2509
f 2509 2512 2508
f 2512 2513 2508
f 2511 2514 2513
f 2511 2513 2512
f 2514 2515 2516
f 2514 2516 2513
f 2513 2516 2508
f 2516 2517 2508
f 2515 2518 2517
f 2515 2517 2516
f 2518 2519 2520
f 2518 2520 2517
f 2517 2520 2508
f 2520 2507 2508
f 2519 2504 2507
f 2519 2507 2520
f 2521 2522 2523
f 2521 2523 2524
f 2525 2526 2527
f 2525 2527 2528
f 2529 2530 2531
f 2529 2531 2532
f 2533 2534 2535
f 2533 2535 2536
f 2537 2538 2539
f 2537 2539 2540
f 2541 2542 2543
f 2541 2543 2544
f 2545 2546 2547
f 2545 2547 2548
f 2549 2550 2551
f 2549 2551 2552
f 2553 2554 2555
f 2553 2555 2556
f 2557 2558 2559
f 2557 2559 2560
f 2561 2562 2563
f 2561 2563 2564
f 2565 2566 2567
f 2565 2567 2568
f 2569 2570 2571
f 2569 2571 2572
f 2573 2574 2575
f 2573 2575 2576
f 2577 2578 2579
f 2577 2579 2580
f 2581 2582 2583
f 2581 2583 2584
f 2585 2586 2587
f 2585 2587 2588
f 2588 2587 2589
f 2588 2589 2590
f 2590 2589 2591
f 2590 2591 2592
f 2593 2594 2595
f 2596 2597 2595
f 2598 2599 2594
f 2600 2601 2602
f 2601 2603 2602
f 2603 2604 2605
f 2604 2606 2605
f 2601 2600 2599
f 2601 2599 2598
f 2597 2596 2606
f 2597 2606 2604
f 2597 2607 2595
f 2607 2608 2595
f 2608 2609 2595
f 2610 2611 2594
f 2611 2612 2594
f 2612 2598 2594
f 2609 2613 2595
f 2613 2593 2595
f 2593 2614 2594
f 2614 2610 2594
f 2603 2586 2585
f 2602 2603 2585
f 2603 2605 2586
f 2615 2603 2601
f 2603 2616 2604
f 2617 2603 2615
f 2616 2603 2618
f 2619 2603 2617
f 2618 2603 2620
f 2619 2621 2603
f 2621 2622 2603
f 2622 2623 2603
f 2623 2620 2603
f 2614 2593 2624
f 2614 2624 2625
f 2622 2621 2626
f 2622 2626 2627
f 2615 2601 2628
f 2615 2628 2629
f 2617 2615 2629
f 2617 2629 2630
f 2619 2617 2630
f 2619 2630 2631
f 2621 2619 2631
f 2621 2631 2626
f 2601 2598 2632
f 2601 2632 2628
f 2598 2612 2633
f 2598 2633 2632
f 2612 2611 2634
f 2612 2634 2633
f 2611 2610 2635
f 2611 2635 2634
f 2610 2614 2625
f 2610 2625 2635
f 2593 2613 2636
f 2593 2636 2624
f 2613 2609 2637
f 2613 2637 2636
f 2609 2608 2638
f 2609 2638 2637
f 2608 2607 2639
f 2608 2639 2638
f 2607 2597 2640
f 2607 2640 2639
f 2597 2604 2641
f 2597 2641 2640
f 2623 2622 2627
f 2623 2627 2642
f 2620 2623 2642
f 2620 2642 2643
f 2618 2620 2643
f 2618 2643 2644
f 2616 2618 2644
f 2616 2644 2645
f 2604 2616 2645
f 2604 2645 2641
f 2646 2647 2648
f 2646 2648 2649
f 2650 2651 2652
f 2650 2652 2653
f 2653 2652 2654
f 2653 2654 2655
f 2655 2654 2656
f 2655 2656 2657
f 2657 2656 2658
f 2657 2658 2659
f 2659 2658 2660
f 2659 2660 2661
f 2662 2663 2664
f 2662 2664 2665
f 2666 2667 2668
f 2666 2668 2669
f 2667 2666 2670
f 2667 2670 2671
f 2672 2673 2674
f 2672 2674 2675
f 2676 2672 2675
f 2676 2675 2677
f 2678 2679 2673
f 2678 2673 2672
f 2680 2678 2672
f 2680 2672 2676
f 2681 2676 2677
f 2681 2677 2682
f 2683 2681 2682
f 2683 2682 2684
f 2685 2680 2676
f 2685 2676 2681
f 2686 2685 2681
f 2686 2681 2683
f 2687 2688 2689
f 2687 2689 2690
f 2666 2687 2690
f 2666 2690 2670
f 2691 2692 2688
f 2691 2688 2687
f 2669 2691 2687
f 2669 2687 2666
f 2693 2694 2695
f 2693 2695 2696
f 2688 2693 2696
f 2688 2696 2689
f 2697 2698 2694
f 2697 2694 2693
f 2692 2697 2693
f 2692 2693 2688
f 2694 2683 2684
f 2694 2684 2695
f 2698 2686 2683
f 2698 2683 2694
f 2699 2700 2701
f 2699 2701 2702
f 2703 2700 2704
f 2703 2704 2705
f 2706 2707 2708
f 2706 2708 2709
f 2707 2706 2710
f 2707 2710 2711
f 2712 2713 2714
f 2712 2714 2715
f 2716 2712 2715
f 2716 2715 2717
f 2718 2719 2713
f 2718 2713 2712
f 2720 2718 2712
f 2720 2712 2716
f 2721 2716 2717
f 2721 2717 2722
f 2723 2721 2722
f 2723 2722 2724
f 2725 2720 2716
f 2725 2716 2721
f 2726 2725 2721
f 2726 2721 2723
f 2727 2728 2729
f 2727 2729 2730
f 2706 2727 2730
f 2706 2730 2710
f 2731 2732 2728
f 2731 2728 2727
f 2709 2731 2727
f 2709 2727 2706
f 2733 2734 2735
f 2733 2735 2736
f 2728 2733 2736
f 2728 2736 2729
f 2737 2738 2734
f 2737 2734 2733
f 2732 2737 2733
f 2732 2733 2728
f 2734 2723 2724
f 2734 2724 2735
f 2738 2726 2723
f 2738 2723 2734
f 2739 2740 2741
f 2739 2741 2742
f 2739 2743 2744
f 2739 2744 2745
f 2746 2747 2748
f 2746 2748 2749
f 2750 2746 2749
f 2750 2749 2751
f 2752 2750 2751
f 2752 2751 2753
f 2754 2752 2753
f 2754 2753 2755
f 2756 2754 2755
f 2756 2755 2757
f 2758 2756 2757
f 2758 2757 2759
f 2760 2758 2759
f 2760 2759 2761
f 2762 2760 2761
f 2762 2761 2763
f 2764 2762 2763
f 2764 2763 2765
f 2766 2764 2765
f 2766 2765 2767
f 2768 2766 2767
f 2768 2767 2769
f 2770 2768 2769
f 2770 2769 2771
f 2772 2770 2771
f 2772 2771 2773
f 2774 2772 2773
f 2774 2773 2775
f 2776 2774 2775
f 2776 2775 2777
f 2778 2776 2777
f 2778 2777 2779
f 2780 2778 2779
f 2780 2779 2781
f 2782 2780 2781
f 2782 2781 2783
f 2784 2782 2783
f 2784 2783 2785
f 2786 2784 2785
f 2786 2785 2787
f 2788 2786 2787
f 2788 2787 2789
f 2790 2788 2789
f 2790 2789 2791
f 2792 2790 2791
f 2792 2791 2793
f 2748 2747 2792
f 2748 2792 2793
f 2749 2748 2794
f 2749 2794 2795
f 2751 2749 2795
f 2751 2795 2796
f 2753 2751 2796
f 2753 2796 2797
f 2755 2753 2797
f 2755 2797 2798
f 2757 2755 2798
f 2757 2798 2799
f 2759 2757 2799
f 2759 2799 2800
f 2761 2759 2800
f 2761 2800 2801
f 2763 2761 2801
f 2763 2801 2802
f 2765 2763 2802
f 2765 2802 2803
f 2767 2765 2803
f 2767 2803 2804
f 2769 2767 2804
f 2769 2804 2805
f 2771 2769 2805
f 2771 2805 2806
f 2773 2771 2806
f 2773 2806 2807
f 2775 2773 2807
f 2775 2807 2808
f 2777 2775 2808
f 2777 2808 2809
f 2779 2777 2809
f 2779 2809 2810
f 2781 2779 2810
f 2781 2810 2811
f 2783 2781 2811
f 2783 2811 2812
f 2785 2783 2812
f 2785 2812 2813
f 2787 2785 2813
f 2787 2813 2814
f 2789 2787 2814
f 2789 2814 2815
f 2791 2789 2815
f 2791 2815 2816
f 2793 2791 2816
f 2793 2816 2817
f 2793 2817 2794
f 2793 2794 2748
f 2795 2794 2818
f 2795 2818 2819
f 2796 2795 2819
f 2796 2819 2820
f 2797 2796 2820
f 2797 2820 2821
f 2798 2797 2821
f 2798 2821 2822
f 2799 2798 2822
f 2799 2822 2823
f 2800 2799 2823
f 2800 2823 2824
f 2801 2800 2824
f 2801 2824 2825
f 2802 2801 2825
f 2802 2825 2826
f 2803 2802 2826
f 2803 2826 2827
f 2804 2803 2827
f 2804 2827 2828
f 2805 2804 2828
f 2805 2828 2829
f 2806 2805 2829
f 2806 2829 2830
f 2807 2806 2830
f 2807 2830 2831
f 2808 2807 2831
f 2808 2831 2832
f 2809 2808 2832
f 2809 2832 2833
f 2810 2809 2833
f 2810 2833 2834
f 2811 2810 2834
f 2811 2834 2835
f 2812 2811 2835
f 2812 2835 2836
f 2813 2812 2836
f 2813 2836 2837
f 2814 2813 2837
f 2814 2837 2838
f 2815 2814 2838
f 2815 2838 2839
f 2816 2815 2839
f 2816 2839 2840
f 2817 2816 2840
f 2817 2840 2841
f 2817 2841 2818
f 2817 2818 2794
f 2842 2843 2844
f 2842 2844 2845
f 2846 2842 2845
f 2846 2845 2847
f 2846 2847 2848
f 2846 2848 2849
f 2850 2849 2848
f 2850 2848 2851
f 2850 2851 2852
f 2850 2852 2853
f 2853 2852 2854
f 2853 2854 2855
f 2856 2855 2854
f 2856 2854 2857
f 2856 2857 2858
f 2856 2858 2859
f 2859 2858 2860
f 2859 2860 2861
f 2861 2860 2862
f 2861 2862 2863
f 2864 2863 2862
f 2864 2862 2865
f 2866 2864 2865
f 2866 2865 2867
f 2866 2867 2868
f 2866 2868 2869
f 2869 2868 2870
f 2869 2870 2871
f 2872 2871 2870
f 2872 2870 2873
f 2843 2872 2873
f 2843 2873 2844
f 2845 2844 2874
f 2845 2874 2875
f 2847 2845 2875
f 2847 2875 2876
f 2847 2876 2877
f 2847 2877 2848
f 2851 2848 2877
f 2851 2877 2878
f 2851 2878 2879
f 2851 2879 2852
f 2852 2879 2880
f 2852 2880 2854
f 2857 2854 2880
f 2857 2880 2881
f 2857 2881 2882
f 2857 2882 2858
f 2858 2882 2883
f 2858 2883 2860
f 2860 2883 2884
f 2860 2884 2862
f 2865 2862 2884
f 2865 2884 2885
f 2867 2865 2885
f 2867 2885 2886
f 2867 2886 2887
f 2867 2887 2868
f 2868 2887 2888
f 2868 2888 2870
f 2873 2870 2888
f 2873 2888 2889
f 2844 2873 2889
f 2844 2889 2874
f 2890 2891 2892
f 2890 2892 2893
f 2894 2890 2893
f 2894 2893 2895
f 2894 2895 2896
f 2894 2896 2897
f 2898 2897 2896
f 2898 2896 2899
f 2898 2899 2900
f 2898 2900 2901
f 2901 2900 2902
f 2901 2902 2903
f 2904 2903 2902
f 2904 2902 2905
f 2904 2905 2906
f 2904 2906 2907
f 2907 2906 2908
f 2907 2908 2909
f 2909 2908 2910
f 2909 2910 2911
f 2912 2911 2910
f 2912 2910 2913
f 2914 2912 2913
f 2914 2913 2915
f 2914 2915 2916
f 2914 2916 2917
f 2917 2916 2918
f 2917 2918 2919
f 2920 2919 2918
f 2920 2918 2921
f 2891 2920 2921
f 2891 2921 2892
f 2915 2921 2918
f 2915 2918 2916
f 2892 2921 2915
f 2892 2915 2913
f 2893 2892 2913
f 2893 2913 2910
f 2893 2910 2908
f 2893 2908 2895
f 2895 2908 2906
f 2895 2906 2896
f 2896 2906 2905
f 2896 2905 2899
f 2899 2905 2902
f 2899 2902 2900
f 2922 2891 2890
f 2922 2890 2923
f 2923 2890 2894
f 2923 2894 2924
f 2924 2894 2897
f 2924 2897 2925
f 2925 2897 2898
f 2925 2898 2926
f 2926 2898 2901
f 2926 2901 2927
f 2927 2901 2903
f 2927 2903 2928
f 2928 2903 2904
f 2928 2904 2929
f 2929 2904 2907
f 2929 2907 2930
f 2930 2907 2909
f 2930 2909 2931
f 2931 2909 2911
f 2931 2911 2932
f 2932 2911 2912
f 2932 2912 2933
f 2933 2912 2914
f 2933 2914 2934
f 2934 2914 2917
f 2934 2917 2935
f 2935 2917 2919
f 2935 2919 2936
f 2936 2919 2920
f 2936 2920 2937
f 2937 2920 2891
f 2937 2891 2922
f 2874 2938 2939
f 2874 2939 2875
f 2938 2922 2923
f 2938 2923 2939
f 2875 2939 2940
f 2875 2940 2876
f 2939 2923 2924
f 2939 2924 2940
f 2876 2940 2941
f 2876 2941 2877
f 2940 2924 2925
f 2940 2925 2941
f 2877 2941 2942
f 2877 2942 2878
f 2941 2925 2926
f 2941 2926 2942
f 2878 2942 2943
f 2878 2943 2879
f 2942 2926 2927
f 2942 2927 2943
f 2879 2943 2944
f 2879 2944 2880
f 2943 2927 2928
f 2943 2928 2944
f 2880 2944 2945
f 2880 2945 2881
f 2944 2928 2929
f 2944 2929 2945
f 2881 2945 2946
f 2881 2946 2882
f 2945 2929 2930
f 2945 2930 2946
f 2882 2946 2947
f 2882 2947 2883
f 2946 2930 2931
f 2946 2931 2947
f 2883 2947 2948
f 2883 2948 2884
f 2947 2931 2932
f 2947 2932 2948
f 2884 2948 2949
f 2884 2949 2885
f 2948 2932 2933
f 2948 2933 2949
f 2885 2949 2950
f 2885 2950 2886
f 2949 2933 2934
f 2949 2934 2950
f 2886 2950 2951
f 2886 2951 2887
f 2950 2934 2935
f 2950 2935 2951
f 2887 2951 2952
f 2887 2952 2888
f 2951 2935 2936
f 2951 2936 2952
f 2888 2952 2953
f 2888 2953 2889
f 2952 2936 2937
f 2952 2937 2953
f 2889 2953 2938
f 2889 2938 2874
f 2953 2937 2922
f 2953 2922 2938
o Object_5
usemtl DefaultWhite_asi_png
v -252.50001 -8.80000 11.20000
v -252.50001 -8.80000 16.28361
v -252.50001 -10.74530 15.89670
v -252.50001 -12.39470 14.79468
v -252.50001 -13.49670 13.14530
v -252.50001 -13.88360 11.20000
v -252.50001 -13.49670 9.25460
v -252.50001 -12.39470 7.60531
v -252.50001 -10.74530 6.50330
v -252.50001 -8.80000 6.11629
v -252.50001 -6.85460 6.50330
v -252.50001 -5.20530 7.60531
v -252.50001 -4.10330 9.25460
v -252.50001 -3.71630 11.20000
v -252.50001 -4.10330 13.14530
v -252.50001 -5.20530 14.79468
v -252.50001 -6.85460 15.89670
v -252.32921 -7.81130 11.20658
v -252.32921 -8.09400 11.15561
v -252.32921 -7.99580 10.98151
v -252.35910 -8.66440 11.37190
v -252.35910 -8.66440 11.02362
v -252.33200 -7.93990 11.02362
v -252.33200 -7.93990 11.37190
v -252.32360 -8.90680 11.20281
v -252.32360 -9.21910 11.32488
v -252.32360 -9.23820 11.16118
v -252.33400 -12.90640 11.01160
v -252.33400 -12.90640 11.39369
v -252.33400 -13.44510 11.20262
v -252.32921 -7.81130 10.91290
v -252.32921 -7.62670 10.98151
v -252.32921 -7.90950 11.48262
v -252.32921 -8.06000 11.35359
v -252.32921 -7.56270 11.35359
v -252.32921 -7.71300 11.48262
v -252.32921 -7.52850 11.15561
v -252.32360 -9.06190 10.89792
v -252.32360 -8.90680 10.85839
v -252.32360 -8.75150 10.89792
v -252.32360 -9.18160 11.00731
v -252.32360 -8.98660 11.53712
v -252.32360 -9.12820 11.46049
v -252.32360 -8.68520 11.46049
v -252.32360 -8.82670 11.53712
v -252.32360 -8.57510 11.16118
v -252.32360 -8.59420 11.32488
v -252.32360 -8.63170 11.00731
v -252.34270 -9.13380 11.39369
v -252.33400 -10.56950 11.39369
v -252.33400 -10.56950 11.01160
v -252.34270 -9.13380 11.01160
v -252.44701 -13.44510 11.20262
v -252.44701 -12.90640 11.01160
v -252.44701 -12.90640 11.39369
v -252.44701 -10.56950 11.01160
v -252.44701 -10.56950 11.39369
v -252.44701 -9.13380 11.01160
v -252.44701 -9.13380 11.39369
v -252.43659 -8.90680 10.85839
v -252.43659 -8.75150 10.89792
v -252.43659 -8.63170 11.00731
v -252.43659 -8.57510 11.16118
v -252.43659 -8.59420 11.32488
v -252.43659 -8.68520 11.46049
v -252.43659 -8.82670 11.53712
v -252.43659 -8.98660 11.53712
v -252.43659 -9.12820 11.46049
v -252.43659 -9.21910 11.32488
v -252.43659 -9.23820 11.16118
v -252.43659 -9.18160 11.00731
v -252.43659 -9.06190 10.89792
v -252.44510 -7.93990 11.37190
v -252.44510 -8.66440 11.37190
v -252.44510 -7.93990 11.02362
v -252.44510 -8.66440 11.02362
v -252.44229 -7.81130 10.91290
v -252.44229 -7.62670 10.98151
v -252.44229 -7.52850 11.15561
v -252.44229 -7.56270 11.35359
v -252.44229 -7.71300 11.48262
v -252.44229 -7.90950 11.48262
v -252.44229 -8.06000 11.35359
v -252.44229 -8.09400 11.15561
v -252.44229 -7.99580 10.98151
v -252.27840 -4.16300 5.93090
v -252.27840 -4.09170 5.87358
v -252.17690 -4.05430 5.93190
v -252.17690 -4.10440 5.97148
v -252.27840 -3.53580 6.57139
v -252.27840 -3.60710 6.62870
v -252.17690 -3.64440 6.57039
v -252.17690 -3.59440 6.53071
v -252.12870 -3.66160 6.48379
v -252.12870 -3.68710 6.50430
v -252.12870 -4.03690 6.01821
v -252.12870 -4.01150 5.99799
v -252.17690 -3.47860 6.33168
v -252.17741 -3.49840 6.39191
v -252.12870 -3.56570 6.34570
v -252.12870 -3.55580 6.31480
v -252.10090 -3.85350 6.47569
v -252.08390 -3.85210 6.40211
v -252.08390 -3.82290 6.39949
v -252.10090 -3.80970 6.47230
v -252.10090 -3.89740 6.47111
v -252.08390 -3.88170 6.39849
v -252.10090 -3.93890 6.45690
v -252.08390 -3.91010 6.38962
v -252.10090 -3.97790 6.43559
v -252.08390 -3.93550 6.37488
v -252.10090 -4.01100 6.40659
v -252.08390 -3.95820 6.35581
v -252.10090 -4.03830 6.37212
v -252.08390 -3.97640 6.33249
v -252.10090 -4.05860 6.33302
v -252.08390 -3.99010 6.30660
v -252.10090 -4.07060 6.29082
v -252.08390 -3.99800 6.27789
v -252.10090 -4.07410 6.24671
v -252.08390 -4.00030 6.24828
v -252.10090 -3.84520 6.02589
v -252.08390 -3.84670 6.09999
v -252.08390 -3.87620 6.10218
v -252.10090 -3.88960 6.02961
v -252.10090 -3.80130 6.03118
v -252.08390 -3.81750 6.10309
v -252.10090 -3.75920 6.04472
v -252.08390 -3.78880 6.11272
v -252.10090 -3.72100 6.06651
v -252.08390 -3.76370 6.12688
v -252.10090 -3.68700 6.09469
v -252.08390 -3.74060 6.14591
v -252.10090 -3.65990 6.12969
v -252.08390 -3.72200 6.16951
v -252.10090 -3.64030 6.16870
v -252.08390 -3.70880 6.19550
v -252.10090 -3.62790 6.21119
v -252.08390 -3.70050 6.22411
v -252.12870 -3.55370 6.19769
v -252.12870 -3.56970 6.14128
v -252.12870 -3.59660 6.08912
v -252.12870 -3.63320 6.04310
v -252.12870 -3.67810 6.00410
v -252.12870 -3.72920 5.97558
v -252.12870 -3.78480 5.95760
v -252.12870 -3.84390 5.95088
v -252.12870 -3.90250 5.95531
v -252.10090 -3.93170 6.04181
v -252.12870 -3.95920 5.97129
v -252.12870 -4.14960 6.24571
v -252.12870 -4.14500 6.30431
v -252.12870 -4.12920 6.36091
v -252.12870 -4.10200 6.41370
v -252.12870 -4.06530 6.45971
v -252.12870 -4.02090 6.49772
v -252.12870 -3.96910 6.52642
v -252.12870 -3.91320 6.54492
v -252.12870 -3.85490 6.55150
v -252.12870 -3.79620 6.54678
v -252.10090 -3.76680 6.46019
v -252.12870 -3.73940 6.53081
v -252.10090 -3.72820 6.44040
v -252.10090 -3.62960 6.29902
v -252.10090 -3.62440 6.25491
v -252.12870 -3.54900 6.25682
v -252.17690 -3.47000 6.25792
v -252.17690 -3.47590 6.18382
v -252.17690 -3.71070 6.60410
v -252.17690 -3.78230 6.62451
v -252.17690 -3.85640 6.63052
v -252.17690 -3.93020 6.62189
v -252.17690 -4.00080 6.59881
v -252.17690 -4.06610 6.56219
v -252.17690 -4.12260 6.51450
v -252.17690 -4.16880 6.45590
v -252.17690 -4.20260 6.38938
v -252.17690 -4.22290 6.31828
v -252.17690 -4.22870 6.24442
v -252.17690 -4.22030 6.17051
v -252.12870 -4.14340 6.18682
v -252.17690 -3.98780 5.89771
v -252.17690 -3.91620 5.87759
v -252.17690 -3.84240 5.87182
v -252.17690 -3.76830 5.87988
v -252.17690 -3.69790 5.90301
v -252.17690 -3.63290 5.93958
v -252.17690 -3.57630 5.98760
v -252.17690 -3.53010 6.04620
v -252.17690 -3.49640 6.11262
v -252.27840 -3.40780 6.17132
v -252.27840 -3.43190 6.08730
v -252.27840 -3.47170 6.00882
v -252.27840 -3.52630 5.93958
v -252.27840 -3.59290 5.88250
v -252.27840 -3.67030 5.84002
v -252.27840 -3.75350 5.81269
v -252.27840 -3.84090 5.80239
v -252.27840 -3.92890 5.80912
v -252.27840 -4.01330 5.83348
v -252.27840 -4.28740 6.15559
v -252.27840 -4.29780 6.24242
v -252.27840 -4.29090 6.33020
v -252.27840 -4.26710 6.41499
v -252.27840 -4.22720 6.49352
v -252.27840 -4.17220 6.56219
v -252.27840 -4.10530 6.61941
v -252.27840 -4.02850 6.66232
v -252.27840 -3.94490 6.68921
v -252.27840 -3.85760 6.69909
v -252.27840 -3.76980 6.69241
v -252.27840 -3.68550 6.66862
v -252.27840 -3.41110 6.34689
v -252.27840 -3.40090 6.25911
v -252.08390 -3.79410 6.39162
v -252.07500 -3.89770 6.32029
v -252.27840 -4.25920 6.06871
v -252.07500 -13.66820 6.27232
v -252.08390 -13.63420 6.15101
v -252.08390 -13.61730 6.17571
v -252.17690 -13.76930 6.62718
v -252.08390 -13.70280 6.39272
v -252.10090 -13.72560 6.47259
v -252.12870 -13.74670 6.54778
v -252.08390 -13.82290 6.11701
v -252.08390 -13.79620 6.10499
v -252.07500 -13.83080 6.22611
v -252.31190 -13.78880 6.69580
v -252.27840 -13.78880 6.69580
v -252.27840 -13.69720 6.69451
v -252.31190 -13.70990 5.80268
v -252.27840 -13.70990 5.80268
v -252.27840 -13.80080 5.80349
v -252.27840 -13.54790 5.84860
v -252.31190 -13.54790 5.84860
v -252.27840 -13.47070 5.89738
v -252.27840 -13.96800 5.85728
v -252.27840 -14.03960 5.90749
v -252.61199 -14.03960 5.90749
v -252.61199 -13.96800 5.85728
v -252.27840 -14.10100 5.97029
v -252.61199 -14.10100 5.97029
v -252.27840 -14.14860 6.04439
v -252.61199 -14.14860 6.04439
v -252.27840 -14.18100 6.12612
v -252.61199 -14.18100 6.12612
v -252.27840 -14.19620 6.21300
v -252.61199 -14.19620 6.21300
v -252.27840 -14.19480 6.30050
v -252.61199 -14.19480 6.30050
v -252.27840 -14.17640 6.38661
v -252.61199 -14.17640 6.38661
v -252.27840 -14.14140 6.46782
v -252.61199 -14.14140 6.46782
v -252.27840 -14.09090 6.53968
v -252.61199 -14.09090 6.53968
v -252.27840 -14.02750 6.60081
v -252.61199 -14.02750 6.60081
v -252.27840 -13.61170 6.67601
v -252.61199 -13.61170 6.67601
v -252.61199 -13.69720 6.69451
v -252.27840 -13.53100 6.64101
v -252.61199 -13.53100 6.64101
v -252.27840 -13.45860 6.59108
v -252.61199 -13.45860 6.59108
v -252.27840 -13.39720 6.52771
v -252.61199 -13.39720 6.52771
v -252.27840 -13.35000 6.45342
v -252.61199 -13.35000 6.45342
v -252.27840 -13.31770 6.37140
v -252.61199 -13.31770 6.37140
v -252.27840 -13.30200 6.28510
v -252.61199 -13.30200 6.28510
v -252.27840 -13.30370 6.19721
v -252.61199 -13.30370 6.19721
v -252.27840 -13.32280 6.11138
v -252.61199 -13.32280 6.11138
v -252.27840 -13.35760 6.03051
v -252.61199 -13.35760 6.03051
v -252.27840 -13.40750 5.95841
v -252.61199 -13.40750 5.95841
v -252.61199 -13.47070 5.89738
v -252.27840 -13.88730 5.82228
v -252.61199 -13.88730 5.82228
v -252.61199 -13.80080 5.80349
v -252.17690 -13.93400 5.91769
v -252.12870 -13.89550 5.98669
v -252.12870 -13.94390 6.02021
v -252.17690 -13.99490 5.96008
v -252.12870 -13.98450 6.06241
v -252.17690 -14.04650 6.01358
v -252.12870 -14.01610 6.11210
v -252.17690 -14.08710 6.07629
v -252.12870 -14.03830 6.16722
v -252.17690 -14.11400 6.14538
v -252.12870 -14.04860 6.22482
v -252.17690 -14.12750 6.21881
v -252.12870 -14.04770 6.28319
v -252.17690 -14.12650 6.29292
v -252.12870 -14.03500 6.34122
v -252.17690 -14.11020 6.36568
v -252.12870 -14.01170 6.39520
v -252.17690 -14.08070 6.43349
v -252.12870 -13.97820 6.44369
v -252.17690 -14.03840 6.49452
v -252.12870 -13.93580 6.48451
v -252.17690 -13.98460 6.54650
v -252.17690 -13.70510 6.62599
v -252.12870 -13.71450 6.54802
v -252.12870 -13.65690 6.53501
v -252.17690 -13.63240 6.61001
v -252.12870 -13.60300 6.51140
v -252.17690 -13.56440 6.58069
v -252.12870 -13.55450 6.47798
v -252.17690 -13.50370 6.53830
v -252.12870 -13.51340 6.43530
v -252.17690 -13.45170 6.48479
v -252.12870 -13.48170 6.38561
v -252.17690 -13.41130 6.42190
v -252.12870 -13.46030 6.33130
v -252.17690 -13.38450 6.35309
v -252.12870 -13.44990 6.27289
v -252.17690 -13.37120 6.27952
v -252.12870 -13.45050 6.21419
v -252.17690 -13.37230 6.20532
v -252.12870 -13.46320 6.15678
v -252.17690 -13.38820 6.13270
v -252.12870 -13.48670 6.10280
v -252.17690 -13.41770 6.06441
v -252.12870 -13.52020 6.05412
v -252.17690 -13.46030 6.00328
v -252.12870 -13.56240 6.01358
v -252.17690 -13.51360 5.95150
v -252.17690 -13.79320 5.87211
v -252.12870 -13.78420 5.95069
v -252.12870 -13.84120 5.96318
v -252.17690 -13.86580 5.88799
v -252.10090 -13.81850 6.03499
v -252.10090 -13.85870 6.05249
v -252.10090 -13.77510 6.02560
v -252.10090 -13.55280 6.13980
v -252.10090 -13.57820 6.10309
v -252.10090 -13.53550 6.18000
v -252.10090 -13.52540 6.22311
v -252.10090 -13.52530 6.26702
v -252.10090 -13.53290 6.31070
v -252.10090 -13.54950 6.35152
v -252.10090 -13.57340 6.38838
v -252.10090 -13.60380 6.42028
v -252.10090 -13.63990 6.44541
v -252.10090 -13.68040 6.46300
v -252.10090 -13.92040 6.39491
v -252.10090 -13.88890 6.42519
v -252.10090 -13.94570 6.35891
v -252.10090 -13.96350 6.31828
v -252.10090 -13.97280 6.27489
v -252.10090 -13.97360 6.23088
v -252.10090 -13.96550 6.18749
v -252.10090 -13.94980 6.14619
v -252.10090 -13.92540 6.10929
v -252.10090 -13.89500 6.07810
v -252.08390 -13.84730 6.13418
v -252.08390 -13.86760 6.15501
v -252.08390 -13.88400 6.18038
v -252.08390 -13.89450 6.20828
v -252.08390 -13.89980 6.23660
v -252.08390 -13.89950 6.26678
v -252.08390 -13.89310 6.29549
v -252.08390 -13.88130 6.32281
v -252.08390 -13.67570 6.38080
v -252.08390 -13.65100 6.36401
v -252.08390 -13.63090 6.34270
v -252.08390 -13.61490 6.31809
v -252.08390 -13.60410 6.29029
v -252.08390 -13.59840 6.26140
v -252.08390 -13.59920 6.23178
v -252.08390 -13.60530 6.20260
v -252.31190 -13.62640 5.81722
v -252.61199 -13.71290 5.80192
v -252.61199 -13.62640 5.81722
v -252.61199 -13.54460 5.84998
v -252.61199 -13.87160 6.68058
v -252.31190 -13.87160 6.68058
v -252.61199 -13.78530 6.69618
v -252.27840 -13.79650 15.70549
v -252.27840 -13.70510 15.70501
v -252.17690 -13.71200 15.77382
v -252.17690 -13.77590 15.77358
v -252.27840 -13.70400 16.59722
v -252.27840 -13.79540 16.59760
v -252.17690 -13.78840 16.52880
v -252.17690 -13.72460 16.52880
v -252.12870 -13.74790 16.45031
v -252.12870 -13.78070 16.45031
v -252.12870 -13.75210 15.85221
v -252.12870 -13.71980 15.85231
v -252.17690 -13.51010 16.44502
v -252.17741 -13.56290 16.47978
v -252.12870 -13.58680 16.40182
v -252.12870 -13.56010 16.38379
v -252.10090 -13.89310 16.32462
v -252.08390 -13.84640 16.26782
v -252.08390 -13.82180 16.28399
v -252.10090 -13.85690 16.34922
v -252.10090 -13.92470 16.29348
v -252.08390 -13.86730 16.24651
v -252.10090 -13.94850 16.25681
v -252.08390 -13.88380 16.22210
v -252.10090 -13.96570 16.21580
v -252.08390 -13.89450 16.19468
v -252.10090 -13.97360 16.17241
v -252.08390 -13.90060 16.16530
v -252.10090 -13.97340 16.12859
v -252.08390 -13.90030 16.13598
v -252.10090 -13.96500 16.08529
v -252.08390 -13.89490 16.10732
v -252.10090 -13.94800 16.04471
v -252.08390 -13.88320 16.07971
v -252.10090 -13.92340 16.00790
v -252.08390 -13.86670 16.05511
v -252.10090 -13.60680 15.97738
v -252.08390 -13.65410 16.03470
v -252.08390 -13.67860 16.01801
v -252.10090 -13.64370 15.95278
v -252.10090 -13.57580 16.00909
v -252.08390 -13.63320 16.05530
v -252.10090 -13.55130 16.04571
v -252.08390 -13.61670 16.08052
v -252.10090 -13.53480 16.08658
v -252.08390 -13.60580 16.10732
v -252.10090 -13.52580 16.12992
v -252.08390 -13.59950 16.13650
v -252.10090 -13.52640 16.17389
v -252.08390 -13.59970 16.16669
v -252.10090 -13.53520 16.21671
v -252.08390 -13.60560 16.19520
v -252.10090 -13.55200 16.25772
v -252.08390 -13.61680 16.22281
v -252.12870 -13.48550 16.29338
v -252.12870 -13.46290 16.23931
v -252.12870 -13.45150 16.18171
v -252.12870 -13.45130 16.12291
v -252.12870 -13.46240 16.06450
v -252.12870 -13.48480 16.01038
v -252.12870 -13.51700 15.96169
v -252.12870 -13.55910 15.91969
v -252.12870 -13.60760 15.88669
v -252.10090 -13.68430 15.93618
v -252.12870 -13.66210 15.86390
v -252.12870 -13.94040 15.91821
v -252.10090 -13.89260 15.97691
v -252.12870 -13.98200 15.96012
v -252.12870 -14.01470 16.00909
v -252.12870 -14.03760 16.06321
v -252.12870 -14.04910 16.12129
v -252.12870 -14.04910 16.18018
v -252.12870 -14.03790 16.23759
v -252.12870 -14.01530 16.29238
v -252.12870 -13.98300 16.34159
v -252.12870 -13.94140 16.38298
v -252.12870 -13.89260 16.41579
v -252.10090 -13.81570 16.36629
v -252.12870 -13.83810 16.43882
v -252.10090 -13.77310 16.37492
v -252.12870 -13.51850 16.34259
v -252.10090 -13.57660 16.29419
v -252.17690 -13.45750 16.39252
v -252.17690 -13.41590 16.33081
v -252.17690 -13.86120 16.51402
v -252.17690 -13.93000 16.48540
v -252.17690 -13.99170 16.44392
v -252.17690 -14.04420 16.39118
v -252.17690 -14.08510 16.32919
v -252.17690 -14.11350 16.25991
v -252.17690 -14.12800 16.18748
v -252.17690 -14.12770 16.11290
v -252.17690 -14.11280 16.03980
v -252.17690 -14.08460 15.97152
v -252.17690 -14.04300 15.91010
v -252.17690 -13.99040 15.85751
v -252.17690 -13.63880 15.78851
v -252.17690 -13.57010 15.81740
v -252.17690 -13.50880 15.85860
v -252.17690 -13.45580 15.91110
v -252.17690 -13.41500 15.97300
v -252.17690 -13.38700 16.04190
v -252.17690 -13.37250 16.11490
v -252.17690 -13.37280 16.18938
v -252.17690 -13.38770 16.26239
v -252.27840 -13.35480 16.36348
v -252.27840 -13.32150 16.28270
v -252.27840 -13.30370 16.19649
v -252.27840 -13.30350 16.10842
v -252.27840 -13.32020 16.02211
v -252.27840 -13.35420 15.94081
v -252.27840 -13.40230 15.86790
v -252.27840 -13.46440 15.80520
v -252.27840 -13.53750 15.75570
v -252.27840 -13.61880 15.72232
v -252.27840 -14.03380 15.80400
v -252.27840 -14.09600 15.86552
v -252.27840 -14.14520 15.93852
v -252.27840 -14.17930 16.01958
v -252.27840 -14.19680 16.10608
v -252.27840 -14.19650 16.19391
v -252.27840 -14.17970 16.28051
v -252.27840 -14.14630 16.36171
v -252.27840 -14.09770 16.43500
v -252.27840 -14.03530 16.49680
v -252.27840 -13.96240 16.54630
v -252.27840 -13.88170 16.58020
v -252.27840 -13.46670 16.49899
v -252.27840 -13.40400 16.43639
v -252.08390 -13.79420 16.29572
v -252.07500 -13.83100 16.17541
v -252.27840 -13.95760 15.75351
v -252.61199 -3.41110 6.34689
v -252.61199 -3.43820 6.43048
v -252.31190 -3.44000 6.43311
v -252.31190 -3.53580 6.57139
v -252.61199 -3.53830 6.57411
v -252.61199 -3.60710 6.62870
v -252.31190 -4.16300 5.93090
v -252.61199 -4.16090 5.92780
v -252.61199 -4.09170 5.87358
v -252.31190 -4.21780 5.99518
v -252.61199 -4.21780 5.99518
v -252.61199 -4.28740 6.15559
v -252.61199 -4.26050 6.07181
v -252.31190 -4.25920 6.06871
v -252.17690 -4.20050 6.10938
v -252.08390 -3.69790 6.25348
v -252.31190 -3.48090 6.50740
v -252.27840 -3.44000 6.43311
v -252.07500 -3.80120 6.18119
v -252.61199 -3.48090 6.50740
v -252.10090 -3.97230 6.06270
v -252.08390 -3.90440 6.11019
v -252.10090 -3.97230 6.06270
v -252.12870 -4.13260 6.15640
v -252.10090 -4.06850 6.20098
v -252.10090 -3.72820 6.44040
v -252.61199 -3.40780 6.17132
v -252.61199 -3.40090 6.25911
v -252.61199 -3.68550 6.66862
v -252.61199 -3.76980 6.69241
v -252.61199 -3.85760 6.69909
v -252.61199 -3.94490 6.68921
v -252.61199 -4.02850 6.66232
v -252.61199 -4.10530 6.61941
v -252.61199 -4.17220 6.56219
v -252.61199 -4.22720 6.49352
v -252.61199 -4.26710 6.41499
v -252.61199 -4.29090 6.33020
v -252.61199 -4.29780 6.24242
v -252.61199 -4.01330 5.83348
v -252.61199 -3.92890 5.80912
v -252.61199 -3.84090 5.80239
v -252.61199 -3.75350 5.81269
v -252.61199 -3.67030 5.84002
v -252.61199 -3.59290 5.88250
v -252.61199 -3.52630 5.93958
v -252.61199 -3.47170 6.00882
v -252.61199 -3.43190 6.08730
v -252.10090 -3.62960 6.29902
v -252.10090 -4.06850 6.20098
v -252.08390 -13.86450 6.34689
v -252.12870 -13.90870 6.50210
v -252.10090 -13.88890 6.42519
v -252.17741 -13.72990 5.87130
v -252.10090 -13.77510 6.02560
v -252.12870 -13.75180 5.95002
v -252.17690 -13.56750 5.91722
v -252.12870 -13.58990 5.99589
v -252.10090 -13.61160 6.07152
v -252.27840 -13.95010 6.64959
v -252.31190 -13.95010 6.64959
v -252.10090 -13.61160 6.07152
v -252.10090 -13.72560 6.47259
v -252.17690 -13.93080 6.58121
v -252.61199 -13.95390 6.64859
v -252.61199 -13.46670 16.49899
v -252.61199 -13.54000 16.54758
v -252.31190 -13.54290 16.54849
v -252.31190 -13.70400 16.59722
v -252.61199 -13.70760 16.59760
v -252.61199 -13.79540 16.59760
v -252.31190 -13.79650 15.70549
v -252.61199 -13.79270 15.70430
v -252.61199 -13.70510 15.70501
v -252.31190 -13.87940 15.72170
v -252.61199 -13.87940 15.72170
v -252.61199 -14.03380 15.80400
v -252.61199 -13.96050 15.75499
v -252.31190 -13.95760 15.75351
v -252.17690 -13.93690 15.82179
v -252.08390 -13.63300 16.24732
v -252.31190 -13.62110 16.58111
v -252.27840 -13.54290 16.54849
v -252.07500 -13.66900 16.12659
v -252.61199 -13.62110 16.58111
v -252.10090 -13.72920 15.92731
v -252.08390 -13.70580 16.00680
v -252.10090 -13.72920 15.92731
v -252.12870 -13.91320 15.90090
v -252.10090 -13.60960 16.32700
v -252.10090 -13.77310 16.37492
v -252.61199 -13.35480 16.36348
v -252.61199 -13.40400 16.43639
v -252.61199 -13.88170 16.58020
v -252.61199 -13.96240 16.54630
v -252.61199 -14.03530 16.49680
v -252.61199 -14.09770 16.43500
v -252.61199 -14.14630 16.36171
v -252.61199 -14.17970 16.28051
v -252.61199 -14.19650 16.19391
v -252.61199 -14.19680 16.10608
v -252.61199 -14.17930 16.01958
v -252.61199 -14.14520 15.93852
v -252.61199 -14.09600 15.86552
v -252.61199 -13.61880 15.72232
v -252.61199 -13.53750 15.75570
v -252.61199 -13.46440 15.80520
v -252.61199 -13.40230 15.86790
v -252.61199 -13.35420 15.94081
v -252.61199 -13.32020 16.02211
v -252.61199 -13.30350 16.10842
v -252.61199 -13.30370 16.19649
v -252.61199 -13.32150 16.28270
v -252.10090 -13.60960 16.32700
v -252.10090 -13.89260 15.97691
v -252.17171 -4.04420 10.28061
v -252.17171 -3.94980 11.19490
v -253.02110 -3.93450 11.20100
v -253.02110 -4.03000 10.28671
v -252.17171 -4.32020 9.40151
v -253.02110 -4.30610 9.40762
v -252.17171 -4.76740 8.59132
v -253.02110 -4.75440 8.59761
v -252.17171 -5.37380 7.88121
v -253.02110 -5.35960 7.88732
v -252.17171 -6.10980 7.29842
v -253.02110 -6.09700 7.30448
v -252.17171 -6.95100 6.86541
v -253.02110 -6.93810 6.87160
v -252.17171 -7.86300 6.59862
v -253.02110 -7.84880 6.60491
v -252.17171 -8.81150 6.50859
v -253.02110 -8.79740 6.51479
v -253.02110 -9.74590 6.60491
v -252.17171 -9.75880 6.59862
v -253.02110 -10.65430 6.87160
v -252.17171 -10.66730 6.86541
v -253.02110 -11.48830 7.30448
v -252.17171 -11.50250 7.29842
v -253.02110 -12.21980 7.88732
v -252.17171 -12.23630 7.88121
v -253.02110 -12.83800 8.59761
v -252.17171 -12.85220 8.59141
v -253.02110 -13.28750 9.40762
v -252.17171 -13.30050 9.40151
v -253.02110 -13.56350 10.28671
v -252.17171 -13.57770 10.28061
v -253.02110 -13.65680 11.20100
v -252.17171 -13.67210 11.19490
v -253.02110 -13.56350 12.11510
v -252.17171 -13.57770 12.10899
v -253.02110 -13.28750 12.99419
v -252.17171 -13.30050 12.98809
v -253.02110 -12.83800 13.80448
v -252.17171 -12.85220 13.79828
v -253.02110 -12.23400 14.51449
v -252.17171 -12.24820 14.50839
v -253.02110 -11.49770 15.09752
v -252.17171 -11.51080 15.09118
v -253.02110 -10.65660 15.53040
v -252.17171 -10.67190 15.52429
v -253.02110 -9.74830 15.79709
v -252.17171 -9.76130 15.79080
v -253.02110 -8.79740 15.88702
v -252.17171 -8.81150 15.88092
v -253.02110 -7.84880 15.79709
v -252.17171 -7.86300 15.79080
v -253.02110 -6.93810 15.53040
v -252.17171 -6.95100 15.52429
v -252.17171 -6.10980 15.09118
v -253.02110 -6.09700 15.09752
v -252.17171 -5.37380 14.51702
v -253.02110 -5.35960 14.52332
v -252.17171 -4.76740 13.79828
v -253.02110 -4.75440 13.80448
v -252.17171 -4.04420 12.10899
v -253.02110 -4.03000 12.11510
v -252.17171 -4.32020 12.98809
v -253.02110 -4.30610 12.99419
v -252.17171 -8.81150 6.07181
v -252.17171 -9.82730 6.17051
v -252.17171 -10.81830 6.46219
v -252.17171 -11.73250 6.93622
v -252.17171 -12.53360 7.57408
v -252.17171 -13.18830 8.35128
v -252.17171 -13.67670 9.23810
v -252.17171 -13.97770 10.20031
v -252.17171 -14.08030 11.19461
v -252.17171 -13.97770 12.20160
v -252.17171 -13.67670 13.16371
v -252.17171 -13.18830 14.05039
v -252.17171 -12.53360 14.82768
v -252.17171 -11.73250 15.46559
v -252.17171 -10.81830 15.93962
v -252.17171 -9.82730 16.23149
v -252.17171 -8.79740 16.33000
v -252.17171 -7.76740 16.23149
v -252.17171 -6.77530 15.93962
v -252.17171 -5.86330 15.46559
v -252.17171 -5.06340 14.82768
v -252.17171 -4.40390 14.05039
v -252.17171 -3.91670 13.16371
v -252.17171 -3.61700 12.20150
v -252.17171 -3.51550 11.19461
v -252.17171 -3.61700 10.20031
v -252.17171 -3.91670 9.23810
v -252.17171 -4.40390 8.35128
v -252.17171 -5.06340 7.57408
v -252.17171 -5.86330 6.93622
v -252.17171 -6.77530 6.46219
v -252.17171 -7.76740 6.17051
v -252.73049 -3.61700 12.20150
v -252.73049 -3.91670 13.16371
v -252.73049 -3.51550 11.19461
v -252.73049 -3.61700 10.20031
v -252.73049 -4.40390 8.35128
v -252.73049 -3.91670 9.23810
v -252.73049 -5.06340 7.57408
v -252.73049 -5.86330 6.93622
v -252.73049 -6.77530 6.46219
v -252.73049 -7.76740 6.17051
v -252.73049 -8.81150 6.07181
v -252.73049 -9.82730 6.17051
v -252.73049 -10.81830 6.46219
v -252.73049 -11.73250 6.93622
v -252.73049 -12.53360 7.57408
v -252.73049 -13.18830 8.35128
v -252.73049 -13.67670 9.23810
v -252.73049 -13.97770 10.20031
v -252.73049 -14.08030 11.20100
v -252.73049 -13.97770 12.20160
v -252.73049 -13.67670 13.16371
v -252.73049 -13.18830 14.05039
v -252.73049 -12.53360 14.82768
v -252.73049 -11.73250 15.46559
v -252.73049 -10.81830 15.93962
v -252.73049 -9.82730 16.23149
v -252.73049 -8.79740 16.33000
v -252.73049 -6.77530 15.93962
v -252.73049 -7.76740 16.23149
v -252.73049 -5.86330 15.46559
v -252.73049 -5.06340 14.82768
v -252.73049 -4.40390 14.05039
f 2954 2955 2956
f 2954 2956 2957
f 2954 2957 2958
f 2954 2958 2959
f 2954 2959 2960
f 2954 2960 2961
f 2954 2961 2962
f 2954 2962 2963
f 2954 2963 2964
f 2954 2964 2965
f 2954 2965 2966
f 2954 2966 2967
f 2954 2967 2968
f 2954 2968 2969
f 2954 2969 2970
f 2954 2970 2955
f 2971 2972 2973
f 2974 2975 2976
f 2974 2976 2977
f 2978 2979 2980
f 2981 2982 2983
f 2973 2984 2985
f 2973 2985 2971
f 2972 2971 2986
f 2972 2986 2987
f 2986 2971 2988
f 2986 2988 2989
f 2988 2971 2985
f 2988 2985 2990
f 2991 2992 2993
f 2991 2993 2978
f 2991 2978 2980
f 2991 2980 2994
f 2979 2978 2995
f 2979 2995 2996
f 2995 2978 2997
f 2995 2997 2998
f 2997 2978 2999
f 2997 2999 3000
f 2999 2978 2993
f 2999 2993 3001
f 3002 3003 3004
f 3002 3004 3005
f 3003 2982 2981
f 3003 2981 3004
f 2981 2983 3006
f 2981 3006 3007
f 2983 2982 3008
f 2983 3008 3006
f 3004 2981 3007
f 3004 3007 3009
f 2982 3003 3010
f 2982 3010 3008
f 3005 3004 3009
f 3005 3009 3011
f 3003 3002 3012
f 3003 3012 3010
f 3002 3005 3011
f 3002 3011 3012
f 2993 2992 3013
f 2993 3013 3014
f 3001 2993 3014
f 3001 3014 3015
f 2999 3001 3015
f 2999 3015 3016
f 3000 2999 3016
f 3000 3016 3017
f 2997 3000 3017
f 2997 3017 3018
f 2998 2997 3018
f 2998 3018 3019
f 2995 2998 3019
f 2995 3019 3020
f 2996 2995 3020
f 2996 3020 3021
f 2979 2996 3021
f 2979 3021 3022
f 2980 2979 3022
f 2980 3022 3023
f 2994 2980 3023
f 2994 3023 3024
f 2991 2994 3024
f 2991 3024 3025
f 2992 2991 3025
f 2992 3025 3013
f 2974 2977 3026
f 2974 3026 3027
f 2977 2976 3028
f 2977 3028 3026
f 2976 2975 3029
f 2976 3029 3028
f 2975 2974 3027
f 2975 3027 3029
f 2985 2984 3030
f 2985 3030 3031
f 2990 2985 3031
f 2990 3031 3032
f 2988 2990 3032
f 2988 3032 3033
f 2989 2988 3033
f 2989 3033 3034
f 2986 2989 3034
f 2986 3034 3035
f 2987 2986 3035
f 2987 3035 3036
f 2972 2987 3036
f 2972 3036 3037
f 2973 2972 3037
f 2973 3037 3038
f 2984 2973 3038
f 2984 3038 3030
f 3039 3040 3041
f 3039 3041 3042
f 3043 3044 3045
f 3043 3045 3046
f 3047 3046 3045
f 3047 3045 3048
f 3049 3042 3041
f 3049 3041 3050
f 3051 3052 3053
f 3051 3053 3054
f 3055 3056 3057
f 3055 3057 3058
f 3059 3060 3056
f 3059 3056 3055
f 3061 3062 3060
f 3061 3060 3059
f 3063 3064 3062
f 3063 3062 3061
f 3065 3066 3064
f 3065 3064 3063
f 3067 3068 3066
f 3067 3066 3065
f 3069 3070 3068
f 3069 3068 3067
f 3071 3072 3070
f 3071 3070 3069
f 3073 3074 3072
f 3073 3072 3071
f 3075 3076 3077
f 3075 3077 3078
f 3079 3080 3076
f 3079 3076 3075
f 3081 3082 3080
f 3081 3080 3079
f 3083 3084 3082
f 3083 3082 3081
f 3085 3086 3084
f 3085 3084 3083
f 3087 3088 3086
f 3087 3086 3085
f 3089 3090 3088
f 3089 3088 3087
f 3091 3092 3090
f 3091 3090 3089
f 3093 3091 3089
f 3093 3089 3094
f 3094 3089 3087
f 3094 3087 3095
f 3095 3087 3085
f 3095 3085 3096
f 3096 3085 3083
f 3096 3083 3097
f 3097 3083 3081
f 3097 3081 3098
f 3098 3081 3079
f 3098 3079 3099
f 3099 3079 3075
f 3099 3075 3100
f 3100 3075 3078
f 3100 3078 3101
f 3101 3078 3102
f 3101 3102 3103
f 3104 3073 3071
f 3104 3071 3105
f 3105 3071 3069
f 3105 3069 3106
f 3106 3069 3067
f 3106 3067 3107
f 3107 3067 3065
f 3107 3065 3108
f 3108 3065 3063
f 3108 3063 3109
f 3109 3063 3061
f 3109 3061 3110
f 3110 3061 3059
f 3110 3059 3111
f 3111 3059 3055
f 3111 3055 3112
f 3112 3055 3058
f 3112 3058 3113
f 3113 3058 3114
f 3113 3114 3115
f 3115 3114 3116
f 3115 3116 3048
f 3054 3117 3118
f 3054 3118 3119
f 3119 3118 3091
f 3119 3091 3093
f 3120 3119 3093
f 3120 3093 3121
f 3051 3054 3119
f 3051 3119 3120
f 3122 3115 3048
f 3122 3048 3045
f 3123 3113 3115
f 3123 3115 3122
f 3124 3112 3113
f 3124 3113 3123
f 3125 3111 3112
f 3125 3112 3124
f 3126 3110 3111
f 3126 3111 3125
f 3127 3109 3110
f 3127 3110 3126
f 3128 3108 3109
f 3128 3109 3127
f 3129 3107 3108
f 3129 3108 3128
f 3130 3106 3107
f 3130 3107 3129
f 3131 3105 3106
f 3131 3106 3130
f 3132 3104 3105
f 3132 3105 3131
f 3133 3134 3104
f 3133 3104 3132
f 3135 3103 3050
f 3135 3050 3041
f 3136 3101 3103
f 3136 3103 3135
f 3137 3100 3101
f 3137 3101 3136
f 3138 3099 3100
f 3138 3100 3137
f 3139 3098 3099
f 3139 3099 3138
f 3140 3097 3098
f 3140 3098 3139
f 3141 3096 3097
f 3141 3097 3140
f 3142 3095 3096
f 3142 3096 3141
f 3143 3094 3095
f 3143 3095 3142
f 3121 3093 3094
f 3121 3094 3143
f 3144 3121 3143
f 3144 3143 3145
f 3145 3143 3142
f 3145 3142 3146
f 3146 3142 3141
f 3146 3141 3147
f 3147 3141 3140
f 3147 3140 3148
f 3148 3140 3139
f 3148 3139 3149
f 3149 3139 3138
f 3149 3138 3150
f 3150 3138 3137
f 3150 3137 3151
f 3151 3137 3136
f 3151 3136 3152
f 3152 3136 3135
f 3152 3135 3153
f 3153 3135 3041
f 3153 3041 3040
f 3154 3133 3132
f 3154 3132 3155
f 3155 3132 3131
f 3155 3131 3156
f 3156 3131 3130
f 3156 3130 3157
f 3157 3130 3129
f 3157 3129 3158
f 3158 3129 3128
f 3158 3128 3159
f 3159 3128 3127
f 3159 3127 3160
f 3160 3127 3126
f 3160 3126 3161
f 3161 3126 3125
f 3161 3125 3162
f 3162 3125 3124
f 3162 3124 3163
f 3163 3124 3123
f 3163 3123 3164
f 3164 3123 3122
f 3164 3122 3165
f 3165 3122 3045
f 3165 3045 3044
f 3166 3051 3120
f 3166 3120 3167
f 3167 3120 3121
f 3167 3121 3144
f 3168 3169 3170
f 3070 3072 3074
f 3171 3172 3173
f 3174 3175 3176
f 3174 3176 3177
f 3178 3179 3180
f 3181 3182 3183
f 3184 3185 3186
f 3187 3188 3189
f 3190 3191 3192
f 3190 3192 3193
f 3191 3194 3195
f 3191 3195 3192
f 3194 3196 3197
f 3194 3197 3195
f 3196 3198 3199
f 3196 3199 3197
f 3198 3200 3201
f 3198 3201 3199
f 3200 3202 3203
f 3200 3203 3201
f 3202 3204 3205
f 3202 3205 3203
f 3204 3206 3207
f 3204 3207 3205
f 3206 3208 3209
f 3206 3209 3207
f 3208 3210 3211
f 3208 3211 3209
f 3183 3212 3213
f 3183 3213 3214
f 3212 3215 3216
f 3212 3216 3213
f 3215 3217 3218
f 3215 3218 3216
f 3217 3219 3220
f 3217 3220 3218
f 3219 3221 3222
f 3219 3222 3220
f 3221 3223 3224
f 3221 3224 3222
f 3223 3225 3226
f 3223 3226 3224
f 3225 3227 3228
f 3225 3228 3226
f 3227 3229 3230
f 3227 3230 3228
f 3229 3231 3232
f 3229 3232 3230
f 3231 3233 3234
f 3231 3234 3232
f 3233 3189 3235
f 3233 3235 3234
f 3186 3236 3237
f 3186 3237 3238
f 3193 3237 3236
f 3193 3236 3190
f 3239 3240 3241
f 3239 3241 3242
f 3242 3241 3243
f 3242 3243 3244
f 3244 3243 3245
f 3244 3245 3246
f 3246 3245 3247
f 3246 3247 3248
f 3248 3247 3249
f 3248 3249 3250
f 3250 3249 3251
f 3250 3251 3252
f 3252 3251 3253
f 3252 3253 3254
f 3254 3253 3255
f 3254 3255 3256
f 3256 3255 3257
f 3256 3257 3258
f 3258 3257 3259
f 3258 3259 3260
f 3261 3262 3263
f 3261 3263 3264
f 3264 3263 3265
f 3264 3265 3266
f 3266 3265 3267
f 3266 3267 3268
f 3268 3267 3269
f 3268 3269 3270
f 3270 3269 3271
f 3270 3271 3272
f 3272 3271 3273
f 3272 3273 3274
f 3274 3273 3275
f 3274 3275 3276
f 3276 3275 3277
f 3276 3277 3278
f 3278 3277 3279
f 3278 3279 3280
f 3280 3279 3281
f 3280 3281 3282
f 3282 3281 3283
f 3282 3283 3284
f 3284 3283 3285
f 3284 3285 3286
f 3287 3288 3289
f 3287 3289 3290
f 3290 3289 3240
f 3290 3240 3239
f 3289 3291 3292
f 3289 3292 3240
f 3288 3293 3291
f 3288 3291 3289
f 3281 3294 3295
f 3281 3295 3283
f 3279 3296 3294
f 3279 3294 3281
f 3277 3297 3296
f 3277 3296 3279
f 3275 3298 3297
f 3275 3297 3277
f 3273 3299 3298
f 3273 3298 3275
f 3271 3300 3299
f 3271 3299 3273
f 3269 3301 3300
f 3269 3300 3271
f 3267 3302 3301
f 3267 3301 3269
f 3265 3303 3302
f 3265 3302 3267
f 3263 3304 3303
f 3263 3303 3265
f 3257 3305 3306
f 3257 3306 3259
f 3255 3307 3305
f 3255 3305 3257
f 3253 3308 3307
f 3253 3307 3255
f 3251 3309 3308
f 3251 3308 3253
f 3249 3310 3309
f 3249 3309 3251
f 3247 3311 3310
f 3247 3310 3249
f 3245 3312 3311
f 3245 3311 3247
f 3243 3313 3312
f 3243 3312 3245
f 3241 3314 3313
f 3241 3313 3243
f 3240 3292 3314
f 3240 3314 3241
f 3292 3178 3315
f 3292 3315 3314
f 3314 3315 3316
f 3314 3316 3313
f 3313 3316 3317
f 3313 3317 3312
f 3312 3317 3318
f 3312 3318 3311
f 3311 3318 3319
f 3311 3319 3310
f 3310 3319 3320
f 3310 3320 3309
f 3309 3320 3321
f 3309 3321 3308
f 3308 3321 3322
f 3308 3322 3307
f 3303 3323 3324
f 3303 3324 3302
f 3302 3324 3325
f 3302 3325 3301
f 3301 3325 3326
f 3301 3326 3300
f 3300 3326 3327
f 3300 3327 3299
f 3299 3327 3328
f 3299 3328 3298
f 3298 3328 3329
f 3298 3329 3297
f 3297 3329 3330
f 3297 3330 3296
f 3296 3330 3173
f 3296 3173 3294
f 3294 3173 3172
f 3294 3172 3295
f 3327 3171 3329
f 3327 3329 3328
f 3318 3180 3320
f 3318 3320 3319
f 3331 3184 3332
f 3331 3332 3333
f 3178 3180 3316
f 3178 3316 3315
f 3325 3171 3327
f 3325 3327 3326
f 3316 3180 3318
f 3316 3318 3317
f 3334 3188 3331
f 3334 3331 3333
f 3173 3330 3329
f 3173 3329 3171
f 3322 3321 3320
f 3322 3320 3180
f 3335 3336 3181
f 3335 3181 3337
f 3179 3178 3292
f 3179 3292 3291
f 3214 3337 3181
f 3214 3181 3183
f 3188 3334 3235
f 3188 3235 3189
f 3238 3332 3184
f 3238 3184 3186
f 3338 3339 3340
f 3338 3340 3341
f 3342 3343 3344
f 3342 3344 3345
f 3346 3345 3344
f 3346 3344 3347
f 3348 3341 3340
f 3348 3340 3349
f 3350 3351 3352
f 3350 3352 3353
f 3354 3355 3356
f 3354 3356 3357
f 3358 3359 3355
f 3358 3355 3354
f 3360 3361 3359
f 3360 3359 3358
f 3362 3363 3361
f 3362 3361 3360
f 3364 3365 3363
f 3364 3363 3362
f 3366 3367 3365
f 3366 3365 3364
f 3368 3369 3367
f 3368 3367 3366
f 3370 3371 3369
f 3370 3369 3368
f 3372 3373 3371
f 3372 3371 3370
f 3374 3375 3376
f 3374 3376 3377
f 3378 3379 3375
f 3378 3375 3374
f 3380 3381 3379
f 3380 3379 3378
f 3382 3383 3381
f 3382 3381 3380
f 3384 3385 3383
f 3384 3383 3382
f 3386 3387 3385
f 3386 3385 3384
f 3388 3389 3387
f 3388 3387 3386
f 3390 3391 3389
f 3390 3389 3388
f 3392 3390 3388
f 3392 3388 3393
f 3393 3388 3386
f 3393 3386 3394
f 3394 3386 3384
f 3394 3384 3395
f 3395 3384 3382
f 3395 3382 3396
f 3396 3382 3380
f 3396 3380 3397
f 3397 3380 3378
f 3397 3378 3398
f 3398 3378 3374
f 3398 3374 3399
f 3399 3374 3377
f 3399 3377 3400
f 3400 3377 3401
f 3400 3401 3402
f 3403 3404 3372
f 3403 3372 3405
f 3405 3372 3370
f 3405 3370 3406
f 3406 3370 3368
f 3406 3368 3407
f 3407 3368 3366
f 3407 3366 3408
f 3408 3366 3364
f 3408 3364 3409
f 3409 3364 3362
f 3409 3362 3410
f 3410 3362 3360
f 3410 3360 3411
f 3411 3360 3358
f 3411 3358 3412
f 3412 3358 3354
f 3412 3354 3413
f 3413 3354 3357
f 3413 3357 3414
f 3414 3357 3415
f 3414 3415 3416
f 3416 3415 3417
f 3416 3417 3347
f 3418 3419 3390
f 3418 3390 3392
f 3420 3418 3392
f 3420 3392 3421
f 3350 3353 3418
f 3350 3418 3420
f 3422 3416 3347
f 3422 3347 3344
f 3423 3414 3416
f 3423 3416 3422
f 3424 3413 3414
f 3424 3414 3423
f 3425 3412 3413
f 3425 3413 3424
f 3426 3411 3412
f 3426 3412 3425
f 3427 3410 3411
f 3427 3411 3426
f 3428 3409 3410
f 3428 3410 3427
f 3429 3408 3409
f 3429 3409 3428
f 3430 3407 3408
f 3430 3408 3429
f 3431 3406 3407
f 3431 3407 3430
f 3432 3405 3406
f 3432 3406 3431
f 3433 3403 3405
f 3433 3405 3432
f 3434 3402 3349
f 3434 3349 3340
f 3435 3400 3402
f 3435 3402 3434
f 3436 3399 3400
f 3436 3400 3435
f 3437 3398 3399
f 3437 3399 3436
f 3438 3397 3398
f 3438 3398 3437
f 3439 3396 3397
f 3439 3397 3438
f 3440 3395 3396
f 3440 3396 3439
f 3441 3394 3395
f 3441 3395 3440
f 3442 3393 3394
f 3442 3394 3441
f 3421 3392 3393
f 3421 3393 3442
f 3443 3421 3442
f 3443 3442 3444
f 3444 3442 3441
f 3444 3441 3445
f 3445 3441 3440
f 3445 3440 3446
f 3446 3440 3439
f 3446 3439 3447
f 3447 3439 3438
f 3447 3438 3448
f 3448 3438 3437
f 3448 3437 3449
f 3449 3437 3436
f 3449 3436 3450
f 3450 3436 3435
f 3450 3435 3451
f 3451 3435 3434
f 3451 3434 3452
f 3452 3434 3340
f 3452 3340 3339
f 3453 3433 3432
f 3453 3432 3454
f 3454 3432 3431
f 3454 3431 3455
f 3455 3431 3430
f 3455 3430 3456
f 3456 3430 3429
f 3456 3429 3457
f 3457 3429 3428
f 3457 3428 3458
f 3458 3428 3427
f 3458 3427 3459
f 3459 3427 3426
f 3459 3426 3460
f 3460 3426 3425
f 3460 3425 3461
f 3461 3425 3424
f 3461 3424 3462
f 3462 3424 3423
f 3462 3423 3463
f 3463 3423 3422
f 3463 3422 3464
f 3464 3422 3344
f 3464 3344 3343
f 3465 3350 3420
f 3465 3420 3466
f 3466 3420 3421
f 3466 3421 3443
f 3467 3468 3469
f 3369 3371 3373
f 3470 3471 3472
f 3470 3472 3166
f 3473 3474 3475
f 3473 3475 3044
f 3476 3477 3478
f 3476 3478 3040
f 3479 3480 3477
f 3479 3477 3476
f 3481 3482 3483
f 3481 3483 3154
f 3169 3074 3484
f 3169 3484 3170
f 3170 3483 3047
f 3170 3047 3168
f 3485 3092 3091
f 3485 3091 3118
f 3486 3473 3483
f 3486 3483 3479
f 3480 3479 3483
f 3480 3483 3482
f 3476 3039 3487
f 3476 3487 3472
f 3077 3076 3080
f 3077 3080 3488
f 3057 3056 3060
f 3057 3060 3169
f 3474 3473 3486
f 3474 3486 3489
f 3476 3472 3486
f 3476 3486 3479
f 3088 3488 3084
f 3088 3084 3086
f 3068 3070 3074
f 3068 3074 3169
f 3068 3169 3064
f 3068 3064 3066
f 3092 3488 3088
f 3092 3088 3090
f 3490 3491 3052
f 3490 3052 3487
f 3102 3491 3492
f 3134 3493 3494
f 3054 3053 3117
f 3048 3495 3047
f 3133 3484 3493
f 3133 3493 3134
f 3050 3490 3049
f 3487 3039 3042
f 3487 3042 3049
f 3154 3170 3484
f 3154 3484 3133
f 3473 3043 3047
f 3473 3047 3483
f 3166 3487 3052
f 3166 3052 3051
f 3486 3472 3471
f 3486 3471 3489
f 3084 3488 3080
f 3084 3080 3082
f 3064 3169 3060
f 3064 3060 3062
f 3114 3168 3116
f 3058 3057 3168
f 3058 3168 3114
f 3078 3077 3491
f 3078 3491 3102
f 3103 3102 3492
f 3103 3492 3050
f 3134 3494 3073
f 3134 3073 3104
f 3496 3497 3167
f 3496 3167 3144
f 3166 3167 3497
f 3166 3497 3470
f 3165 3044 3475
f 3165 3475 3498
f 3164 3165 3498
f 3164 3498 3499
f 3163 3164 3499
f 3163 3499 3500
f 3162 3163 3500
f 3162 3500 3501
f 3161 3162 3501
f 3161 3501 3502
f 3160 3161 3502
f 3160 3502 3503
f 3159 3160 3503
f 3159 3503 3504
f 3158 3159 3504
f 3158 3504 3505
f 3157 3158 3505
f 3157 3505 3506
f 3156 3157 3506
f 3156 3506 3507
f 3155 3156 3507
f 3155 3507 3508
f 3154 3155 3508
f 3154 3508 3481
f 3153 3040 3478
f 3153 3478 3509
f 3152 3153 3509
f 3152 3509 3510
f 3151 3152 3510
f 3151 3510 3511
f 3150 3151 3511
f 3150 3511 3512
f 3149 3150 3512
f 3149 3512 3513
f 3148 3149 3513
f 3148 3513 3514
f 3147 3148 3514
f 3147 3514 3515
f 3146 3147 3515
f 3146 3515 3516
f 3145 3146 3516
f 3145 3516 3517
f 3144 3145 3517
f 3144 3517 3496
f 3485 3118 3518
f 3074 3073 3519
f 3043 3473 3044
f 3472 3487 3166
f 3039 3476 3040
f 3483 3170 3154
f 3491 3488 3052
f 3168 3047 3495
f 3052 3488 3485
f 3092 3485 3488
f 3043 3046 3047
f 3052 3518 3053
f 3052 3485 3518
f 3484 3519 3493
f 3484 3074 3519
f 3487 3049 3490
f 3077 3488 3491
f 3169 3168 3057
f 3322 3180 3520
f 3185 3521 3522
f 3523 3179 3524
f 3523 3524 3525
f 3187 3526 3527
f 3523 3180 3179
f 3324 3323 3175
f 3172 3171 3182
f 3172 3527 3528
f 3520 3180 3523
f 3529 3530 3210
f 3175 3304 3176
f 3179 3291 3524
f 3236 3290 3239
f 3236 3239 3190
f 3186 3287 3290
f 3186 3290 3236
f 3233 3284 3286
f 3233 3286 3189
f 3231 3282 3284
f 3231 3284 3233
f 3229 3280 3282
f 3229 3282 3231
f 3227 3278 3280
f 3227 3280 3229
f 3225 3276 3278
f 3225 3278 3227
f 3223 3274 3276
f 3223 3276 3225
f 3221 3272 3274
f 3221 3274 3223
f 3219 3270 3272
f 3219 3272 3221
f 3217 3268 3270
f 3217 3270 3219
f 3215 3266 3268
f 3215 3268 3217
f 3212 3264 3266
f 3212 3266 3215
f 3183 3261 3264
f 3183 3264 3212
f 3208 3258 3260
f 3208 3260 3210
f 3206 3256 3258
f 3206 3258 3208
f 3204 3254 3256
f 3204 3256 3206
f 3202 3252 3254
f 3202 3254 3204
f 3200 3250 3252
f 3200 3252 3202
f 3198 3248 3250
f 3198 3250 3200
f 3196 3246 3248
f 3196 3248 3198
f 3194 3244 3246
f 3194 3246 3196
f 3191 3242 3244
f 3191 3244 3194
f 3190 3239 3242
f 3190 3242 3191
f 3283 3295 3531
f 3283 3531 3285
f 3262 3532 3304
f 3262 3304 3263
f 3307 3322 3520
f 3307 3520 3305
f 3304 3175 3323
f 3304 3323 3303
f 3295 3172 3531
f 3186 3185 3523
f 3186 3523 3287
f 3188 3187 3527
f 3188 3527 3181
f 3183 3182 3174
f 3183 3174 3261
f 3185 3529 3533
f 3185 3533 3521
f 3259 3522 3521
f 3261 3174 3177
f 3261 3177 3262
f 3285 3528 3527
f 3287 3523 3525
f 3287 3525 3288
f 3288 3525 3293
f 3262 3177 3532
f 3305 3520 3306
f 3522 3520 3523
f 3522 3523 3185
f 3325 3324 3175
f 3325 3175 3171
f 3530 3184 3331
f 3530 3331 3336
f 3521 3533 3260
f 3521 3260 3259
f 3527 3526 3286
f 3527 3286 3285
f 3530 3529 3185
f 3530 3185 3184
f 3181 3336 3331
f 3181 3331 3188
f 3187 3189 3286
f 3187 3286 3526
f 3182 3181 3527
f 3182 3527 3172
f 3171 3175 3174
f 3171 3174 3182
f 3336 3335 3534
f 3336 3534 3530
f 3530 3534 3211
f 3530 3211 3210
f 3529 3210 3260
f 3529 3260 3533
f 3535 3536 3537
f 3535 3537 3465
f 3538 3539 3540
f 3538 3540 3343
f 3541 3542 3543
f 3541 3543 3339
f 3544 3545 3542
f 3544 3542 3541
f 3546 3547 3548
f 3546 3548 3453
f 3468 3373 3549
f 3468 3549 3469
f 3469 3548 3346
f 3469 3346 3467
f 3550 3391 3390
f 3550 3390 3419
f 3548 3544 3551
f 3548 3551 3538
f 3545 3544 3548
f 3545 3548 3547
f 3541 3338 3552
f 3541 3552 3537
f 3376 3375 3379
f 3376 3379 3553
f 3356 3355 3359
f 3356 3359 3468
f 3539 3538 3551
f 3539 3551 3554
f 3541 3537 3551
f 3541 3551 3544
f 3387 3553 3383
f 3387 3383 3385
f 3367 3369 3373
f 3367 3373 3468
f 3367 3468 3363
f 3367 3363 3365
f 3391 3553 3387
f 3391 3387 3389
f 3555 3556 3351
f 3555 3351 3552
f 3401 3556 3557
f 3403 3558 3404
f 3353 3352 3559
f 3347 3560 3346
f 3433 3549 3558
f 3433 3558 3403
f 3349 3555 3348
f 3552 3338 3341
f 3552 3341 3348
f 3453 3469 3549
f 3453 3549 3433
f 3538 3342 3346
f 3538 3346 3548
f 3465 3552 3351
f 3465 3351 3350
f 3551 3537 3536
f 3551 3536 3554
f 3383 3553 3379
f 3383 3379 3381
f 3363 3468 3359
f 3363 3359 3361
f 3415 3467 3417
f 3357 3356 3467
f 3357 3467 3415
f 3377 3376 3556
f 3377 3556 3401
f 3402 3401 3557
f 3402 3557 3349
f 3353 3559 3419
f 3353 3419 3418
f 3561 3562 3466
f 3561 3466 3443
f 3465 3466 3562
f 3465 3562 3535
f 3464 3343 3540
f 3464 3540 3563
f 3463 3464 3563
f 3463 3563 3564
f 3462 3463 3564
f 3462 3564 3565
f 3461 3462 3565
f 3461 3565 3566
f 3460 3461 3566
f 3460 3566 3567
f 3459 3460 3567
f 3459 3567 3568
f 3458 3459 3568
f 3458 3568 3569
f 3457 3458 3569
f 3457 3569 3570
f 3456 3457 3570
f 3456 3570 3571
f 3455 3456 3571
f 3455 3571 3572
f 3454 3455 3572
f 3454 3572 3573
f 3453 3454 3573
f 3453 3573 3546
f 3452 3339 3543
f 3452 3543 3574
f 3451 3452 3574
f 3451 3574 3575
f 3450 3451 3575
f 3450 3575 3576
f 3449 3450 3576
f 3449 3576 3577
f 3448 3449 3577
f 3448 3577 3578
f 3447 3448 3578
f 3447 3578 3579
f 3446 3447 3579
f 3446 3579 3580
f 3445 3446 3580
f 3445 3580 3581
f 3444 3445 3581
f 3444 3581 3582
f 3443 3444 3582
f 3443 3582 3561
f 3550 3419 3583
f 3373 3372 3584
f 3342 3538 3343
f 3537 3552 3465
f 3338 3541 3339
f 3548 3469 3453
f 3556 3553 3351
f 3467 3346 3560
f 3351 3553 3550
f 3391 3550 3553
f 3342 3345 3346
f 3351 3583 3352
f 3351 3550 3583
f 3549 3584 3558
f 3549 3373 3584
f 3552 3348 3555
f 3376 3553 3556
f 3468 3467 3356
f 3585 3586 3587
f 3585 3587 3588
f 3589 3585 3588
f 3589 3588 3590
f 3591 3589 3590
f 3591 3590 3592
f 3593 3591 3592
f 3593 3592 3594
f 3595 3593 3594
f 3595 3594 3596
f 3597 3595 3596
f 3597 3596 3598
f 3599 3597 3598
f 3599 3598 3600
f 3601 3599 3600
f 3601 3600 3602
f 3603 3604 3601
f 3603 3601 3602
f 3605 3606 3604
f 3605 3604 3603
f 3607 3608 3606
f 3607 3606 3605
f 3609 3610 3608
f 3609 3608 3607
f 3611 3612 3610
f 3611 3610 3609
f 3613 3614 3612
f 3613 3612 3611
f 3615 3616 3614
f 3615 3614 3613
f 3617 3618 3616
f 3617 3616 3615
f 3619 3620 3618
f 3619 3618 3617
f 3621 3622 3620
f 3621 3620 3619
f 3623 3624 3622
f 3623 3622 3621
f 3625 3626 3624
f 3625 3624 3623
f 3627 3628 3626
f 3627 3626 3625
f 3629 3630 3628
f 3629 3628 3627
f 3631 3632 3630
f 3631 3630 3629
f 3633 3634 3632
f 3633 3632 3631
f 3635 3636 3634
f 3635 3634 3633
f 3635 3637 3638
f 3635 3638 3636
f 3639 3638 3637
f 3639 3637 3640
f 3641 3639 3640
f 3641 3640 3642
f 3643 3641 3642
f 3643 3642 3644
f 3586 3645 3646
f 3586 3646 3587
f 3645 3647 3648
f 3645 3648 3646
f 3647 3643 3644
f 3647 3644 3648
f 3649 3601 3604
f 3649 3604 3650
f 3606 3651 3650
f 3606 3650 3604
f 3608 3652 3651
f 3608 3651 3606
f 3610 3653 3652
f 3610 3652 3608
f 3612 3654 3653
f 3612 3653 3610
f 3614 3655 3654
f 3614 3654 3612
f 3616 3656 3655
f 3616 3655 3614
f 3618 3657 3656
f 3618 3656 3616
f 3620 3658 3657
f 3620 3657 3618
f 3622 3659 3658
f 3622 3658 3620
f 3624 3660 3659
f 3624 3659 3622
f 3626 3661 3660
f 3626 3660 3624
f 3628 3662 3661
f 3628 3661 3626
f 3630 3663 3662
f 3630 3662 3628
f 3632 3664 3663
f 3632 3663 3630
f 3634 3665 3664
f 3634 3664 3632
f 3636 3666 3665
f 3636 3665 3634
f 3638 3667 3666
f 3638 3666 3636
f 3639 3668 3667
f 3639 3667 3638
f 3641 3669 3668
f 3641 3668 3639
f 3643 3670 3669
f 3643 3669 3641
f 3647 3671 3670
f 3647 3670 3643
f 3645 3672 3671
f 3645 3671 3647
f 3586 3673 3672
f 3586 3672 3645
f 3585 3674 3673
f 3585 3673 3586
f 3589 3675 3674
f 3589 3674 3585
f 3591 3676 3675
f 3591 3675 3589
f 3593 3677 3676
f 3593 3676 3591
f 3595 3678 3677
f 3595 3677 3593
f 3597 3679 3678
f 3597 3678 3595
f 3599 3680 3679
f 3599 3679 3597
f 3601 3649 3680
f 3601 3680 3599
f 3671 3672 3681
f 3671 3681 3682
f 3672 3673 3683
f 3672 3683 3681
f 3673 3674 3684
f 3673 3684 3683
f 3675 3676 3685
f 3675 3685 3686
f 3676 3677 3687
f 3676 3687 3685
f 3674 3675 3686
f 3674 3686 3684
f 3677 3678 3688
f 3677 3688 3687
f 3678 3679 3689
f 3678 3689 3688
f 3679 3680 3690
f 3679 3690 3689
f 3680 3649 3691
f 3680 3691 3690
f 3649 3650 3692
f 3649 3692 3691
f 3650 3651 3693
f 3650 3693 3692
f 3651 3652 3694
f 3651 3694 3693
f 3652 3653 3695
f 3652 3695 3694
f 3653 3654 3696
f 3653 3696 3695
f 3654 3655 3697
f 3654 3697 3696
f 3655 3656 3698
f 3655 3698 3697
f 3656 3657 3699
f 3656 3699 3698
f 3657 3658 3700
f 3657 3700 3699
f 3658 3659 3701
f 3658 3701 3700
f 3659 3660 3702
f 3659 3702 3701
f 3660 3661 3703
f 3660 3703 3702
f 3661 3662 3704
f 3661 3704 3703
f 3662 3663 3705
f 3662 3705 3704
f 3663 3664 3706
f 3663 3706 3705
f 3664 3665 3707
f 3664 3707 3706
f 3666 3667 3708
f 3666 3708 3709
f 3665 3666 3709
f 3665 3709 3707
f 3667 3668 3710
f 3667 3710 3708
f 3668 3669 3711
f 3668 3711 3710
f 3669 3670 3712
f 3669 3712 3711
f 3670 3671 3682
f 3670 3682 3712
o Object_6
usemtl DefaultWhite_chrono_png
v -251.95341 -23.61870 8.10671
v -251.98431 -23.61870 7.91802
v -251.98431 -23.48530 7.97329
v -251.98431 -23.75210 7.97329
v -251.98431 -23.80740 8.10671
v -251.98431 -23.75210 8.24008
v -251.98431 -23.61870 8.29539
v -251.98431 -23.48530 8.24008
v -251.98431 -23.43010 8.10671
v -252.36170 -23.48530 7.97329
v -251.98431 -23.48530 7.97329
v -251.98431 -23.61870 7.91802
v -252.36170 -23.61870 7.91802
v -252.36170 -23.61870 7.91802
v -251.98431 -23.61870 7.91802
v -251.98431 -23.75210 7.97329
v -252.36170 -23.75210 7.97329
v -251.98431 -23.80740 8.10671
v -252.36170 -23.80740 8.10671
v -252.36170 -23.80740 8.10671
v -251.98431 -23.80740 8.10671
v -251.98431 -23.75210 8.24008
v -252.36170 -23.75210 8.24008
v -251.98431 -23.61870 8.29539
v -252.36170 -23.61870 8.29539
v -252.36170 -23.61870 8.29539
v -251.98431 -23.61870 8.29539
v -251.98431 -23.48530 8.24008
v -252.36170 -23.48530 8.24008
v -252.36170 -23.48530 8.24008
v -251.98431 -23.48530 8.24008
v -251.98431 -23.43010 8.10671
v -252.36170 -23.43010 8.10671
v -251.98431 -23.48530 7.97329
v -252.36170 -23.48530 7.97329
v -251.43869 -21.37470 7.05562
v -251.50990 -21.37470 6.62150
v -251.50990 -21.06780 6.74872
v -251.50990 -21.68170 6.74872
v -251.50990 -21.80880 7.05562
v -251.50990 -21.68170 7.36260
v -251.50990 -21.37470 7.48968
v -251.50990 -21.06780 7.36260
v -251.50990 -20.94060 7.05562
v -252.37811 -21.06780 6.74872
v -251.50990 -21.06780 6.74872
v -251.50990 -21.37470 6.62150
v -252.37811 -21.37470 6.62150
v -252.37811 -21.37470 6.62150
v -251.50990 -21.37470 6.62150
v -251.50990 -21.68170 6.74872
v -252.37811 -21.68170 6.74872
v -251.50990 -21.80880 7.05562
v -252.37811 -21.80880 7.05562
v -251.50990 -21.68170 7.36260
v -252.37811 -21.68170 7.36260
v -252.37811 -21.68170 7.36260
v -251.50990 -21.68170 7.36260
v -251.50990 -21.37470 7.48968
v -252.37811 -21.37470 7.48968
v -251.50990 -21.06780 7.36260
v -252.37811 -21.06780 7.36260
v -251.50990 -20.94060 7.05562
v -252.37811 -20.94060 7.05562
v -252.37811 -20.94060 7.05562
v -251.50990 -20.94060 7.05562
v -251.95341 -23.61870 10.58688
v -251.98431 -23.61870 10.39820
v -251.98431 -23.48530 10.45351
v -251.98431 -23.75210 10.45351
v -251.98431 -23.80740 10.58688
v -251.98431 -23.75210 10.72030
v -251.98431 -23.61870 10.77561
v -251.98431 -23.48530 10.72030
v -251.98431 -23.43010 10.58688
v -252.36170 -23.48530 10.45351
v -251.98431 -23.48530 10.45351
v -251.98431 -23.61870 10.39820
v -252.36170 -23.61870 10.39820
v -252.36170 -23.61870 10.39820
v -251.98431 -23.61870 10.39820
v -251.98431 -23.75210 10.45351
v -252.36170 -23.75210 10.45351
v -251.98431 -23.80740 10.58688
v -252.36170 -23.80740 10.58688
v -252.36170 -23.80740 10.58688
v -251.98431 -23.80740 10.58688
v -251.98431 -23.75210 10.72030
v -252.36170 -23.75210 10.72030
v -251.98431 -23.61870 10.77561
v -252.36170 -23.61870 10.77561
v -252.36170 -23.61870 10.77561
v -251.98431 -23.61870 10.77561
v -251.98431 -23.48530 10.72030
v -252.36170 -23.48530 10.72030
v -252.36170 -23.48530 10.72030
v -251.98431 -23.48530 10.72030
v -251.98431 -23.43010 10.58688
v -252.36170 -23.43010 10.58688
v -251.98431 -23.48530 10.45351
v -252.36170 -23.48530 10.45351
v -252.35710 -17.83660 11.84430
v -252.35710 -17.51450 11.97772
v -252.28341 -17.83660 12.29968
v -252.35710 -18.15860 11.97772
v -252.35710 -18.29200 12.29968
v -252.35710 -18.15860 12.62169
v -252.35710 -17.83660 12.75511
v -252.35710 -17.51450 12.62169
v -252.35710 -17.38110 12.29968
v -252.67360 -16.72660 6.72088
v -252.35710 -16.72660 6.72088
v -252.35710 -17.91390 5.62649
v -252.67360 -17.91390 5.62649
v -252.35710 -23.28660 5.62658
v -252.67360 -23.28660 5.62658
v -252.67360 -17.91390 5.62649
v -252.35710 -17.91390 5.62649
v -252.35710 -24.47350 6.72140
v -252.67360 -24.47350 6.72140
v -252.67360 -23.28660 5.62658
v -252.35710 -23.28660 5.62658
v -252.35710 -24.47340 12.27908
v -252.67360 -24.47340 12.27908
v -252.67360 -24.47350 6.72140
v -252.35710 -24.47350 6.72140
v -252.35710 -23.28610 13.37352
v -252.67360 -23.28610 13.37352
v -252.67360 -24.47340 12.27908
v -252.35710 -24.47340 12.27908
v -252.35710 -17.91340 13.37342
v -252.67360 -17.91340 13.37342
v -252.67360 -23.28610 13.37352
v -252.35710 -23.28610 13.37352
v -252.35710 -16.72650 12.27860
v -252.67360 -16.72650 12.27860
v -252.67360 -17.91340 13.37342
v -252.35710 -17.91340 13.37342
v -252.35710 -16.72660 6.72088
v -252.67360 -16.72660 6.72088
v -252.67360 -16.72650 12.27860
v -252.35710 -16.72650 12.27860
v -252.35710 -16.72660 6.72088
v -252.35710 -18.68180 6.62832
v -252.35710 -17.91390 5.62649
v -252.35710 -20.15940 6.62832
v -252.35710 -23.28660 5.62658
v -252.35710 -20.15920 8.37932
v -252.35710 -24.47350 6.72140
v -252.35710 -24.47340 12.27908
v -252.35710 -21.83610 8.37879
v -252.35710 -21.83240 12.26621
v -252.35710 -23.28610 13.37352
v -252.35710 -18.68140 12.26611
v -252.35710 -17.91340 13.37342
v -252.35710 -16.72650 12.27860
v -252.35710 -20.15940 6.62832
v -252.43340 -20.10850 6.66242
v -252.43340 -20.10770 8.43511
v -252.35710 -20.15920 8.37932
v -252.35710 -20.15920 8.37932
v -252.43340 -20.10770 8.43511
v -252.43340 -21.78590 8.43458
v -252.35710 -21.83610 8.37879
v -252.35710 -21.83610 8.37879
v -252.43340 -21.78590 8.43458
v -252.43340 -21.78230 12.22239
v -252.35710 -21.83240 12.26621
v -252.35710 -21.83240 12.26621
v -252.43340 -21.78230 12.22239
v -252.43340 -18.72950 12.22229
v -252.35710 -18.68140 12.26611
v -252.35710 -18.68140 12.26611
v -252.43340 -18.72950 12.22229
v -252.43340 -18.72980 6.66232
v -252.35710 -18.68180 6.62832
v -252.35710 -18.68180 6.62832
v -252.43340 -18.72980 6.66232
v -252.43340 -20.10850 6.66242
v -252.35710 -20.15940 6.62832
v -252.40390 -20.12080 11.33742
v -252.40390 -20.12080 12.09521
v -252.40390 -21.34330 12.09521
v -252.40390 -21.34330 11.33742
v -252.40390 -20.12080 10.57401
v -252.40390 -20.12080 11.33189
v -252.40390 -21.34330 11.33189
v -252.40390 -21.34330 10.57401
v -252.40390 -20.12080 9.44428
v -252.40390 -20.12080 10.20212
v -252.40390 -21.34330 10.20212
v -252.40390 -21.34330 9.44428
v -252.40390 -20.12080 8.68101
v -252.40390 -20.12080 9.43880
v -252.40390 -21.34330 9.43880
v -252.40390 -21.34330 8.68101
v -252.40390 -18.80790 11.33742
v -252.40390 -18.80790 12.09521
v -252.40390 -20.03040 12.09521
v -252.40390 -20.03040 11.33742
v -252.40390 -18.80790 10.57401
v -252.40390 -18.80790 11.33189
v -252.40390 -20.03040 11.33189
v -252.40390 -20.03040 10.57401
v -252.40390 -18.80790 9.44428
v -252.40390 -18.80790 10.20212
v -252.40390 -20.03040 10.20212
v -252.40390 -20.03040 9.44428
v -252.40390 -18.80790 8.68101
v -252.40390 -18.80790 9.43880
v -252.40390 -20.03040 9.43880
v -252.40390 -20.03040 8.68101
v -252.40390 -18.80790 7.55119
v -252.40390 -18.80790 8.30908
v -252.40390 -20.03040 8.30908
v -252.40390 -20.03040 7.55119
v -252.40390 -18.80790 6.78792
v -252.40390 -18.80790 7.54571
v -252.40390 -20.03040 7.54571
v -252.40390 -20.03040 6.78792
v -252.43340 -18.54990 8.29720
v -252.43340 -18.54990 12.35971
v -252.43340 -21.96550 12.35971
v -252.43340 -21.96550 8.29720
v -252.43340 -20.18870 6.46539
v -252.43340 -18.54990 6.46539
v -252.40390 -19.06240 10.19850
v -252.40390 -19.06240 10.53891
v -252.40390 -20.02010 10.53891
v -252.40390 -20.02010 10.19850
v -252.40390 -19.06240 8.32071
v -252.40390 -19.06240 8.66108
v -252.40390 -20.02010 8.66108
v -252.40390 -20.02010 8.32071
v -252.40390 -20.37530 10.19850
v -252.40390 -20.37530 10.53891
v -252.40390 -21.33310 10.53891
v -252.40390 -21.33310 10.19850
f 3713 3714 3715
f 3713 3716 3714
f 3713 3717 3716
f 3713 3718 3717
f 3713 3719 3718
f 3713 3720 3719
f 3713 3721 3720
f 3713 3715 3721
f 3722 3723 3724
f 3722 3724 3725
f 3726 3727 3728
f 3726 3728 3729
f 3729 3728 3730
f 3729 3730 3731
f 3732 3733 3734
f 3732 3734 3735
f 3735 3734 3736
f 3735 3736 3737
f 3738 3739 3740
f 3738 3740 3741
f 3742 3743 3744
f 3742 3744 3745
f 3746 3747 3745
f 3746 3745 3744
f 3748 3749 3750
f 3748 3751 3749
f 3748 3752 3751
f 3748 3753 3752
f 3748 3754 3753
f 3748 3755 3754
f 3748 3756 3755
f 3748 3750 3756
f 3757 3758 3759
f 3757 3759 3760
f 3761 3762 3763
f 3761 3763 3764
f 3764 3763 3765
f 3764 3765 3766
f 3766 3765 3767
f 3766 3767 3768
f 3769 3770 3771
f 3769 3771 3772
f 3772 3771 3773
f 3772 3773 3774
f 3774 3773 3775
f 3774 3775 3776
f 3758 3757 3777
f 3758 3777 3778
f 3779 3780 3781
f 3779 3782 3780
f 3779 3783 3782
f 3779 3784 3783
f 3779 3785 3784
f 3779 3786 3785
f 3779 3787 3786
f 3779 3781 3787
f 3788 3789 3790
f 3788 3790 3791
f 3792 3793 3794
f 3792 3794 3795
f 3795 3794 3796
f 3795 3796 3797
f 3798 3799 3800
f 3798 3800 3801
f 3801 3800 3802
f 3801 3802 3803
f 3804 3805 3806
f 3804 3806 3807
f 3808 3809 3810
f 3808 3810 3811
f 3812 3813 3811
f 3812 3811 3810
f 3814 3815 3816
f 3816 3817 3814
f 3816 3818 3817
f 3816 3819 3818
f 3816 3820 3819
f 3816 3821 3820
f 3816 3822 3821
f 3816 3815 3822
f 3823 3824 3825
f 3823 3825 3826
f 3827 3828 3829
f 3827 3829 3830
f 3831 3832 3833
f 3831 3833 3834
f 3835 3836 3837
f 3835 3837 3838
f 3839 3840 3841
f 3839 3841 3842
f 3843 3844 3845
f 3843 3845 3846
f 3847 3848 3849
f 3847 3849 3850
f 3851 3852 3853
f 3851 3853 3854
f 3855 3856 3857
f 3857 3856 3858
f 3857 3858 3859
f 3859 3858 3860
f 3859 3860 3861
f 3862 3863 3864
f 3862 3864 3865
f 3865 3864 3866
f 3865 3866 3867
f 3867 3866 3868
f 3856 3855 3868
f 3856 3868 3866
f 3861 3863 3862
f 3861 3860 3863
f 3869 3870 3871
f 3869 3871 3872
f 3873 3874 3875
f 3873 3875 3876
f 3877 3878 3879
f 3877 3879 3880
f 3881 3882 3883
f 3881 3883 3884
f 3885 3886 3887
f 3885 3887 3888
f 3889 3890 3891
f 3889 3891 3892
f 3893 3894 3895
f 3893 3895 3896
f 3897 3898 3899
f 3897 3899 3900
f 3901 3902 3903
f 3901 3903 3904
f 3905 3906 3907
f 3905 3907 3908
f 3909 3910 3911
f 3909 3911 3912
f 3913 3914 3915
f 3913 3915 3916
f 3917 3918 3919
f 3917 3919 3920
f 3921 3922 3923
f 3921 3923 3924
f 3925 3926 3927
f 3925 3927 3928
f 3929 3930 3931
f 3929 3931 3932
f 3933 3934 3935
f 3933 3935 3936
f 3933 3936 3937
f 3933 3937 3938
f 3939 3940 3941
f 3939 3941 3942
f 3943 3944 3945
f 3943 3945 3946
f 3947 3948 3949
f 3947 3949 3950
o Object_7
usemtl DefaultWhite_interior_png
v -294.75820 -8.41860 10.28638
v -295.65661 -8.59750 10.20231
v -296.22979 -7.28010 6.97560
v -278.21641 -21.70100 21.30499
v -282.31320 -18.04560 20.21790
v -275.73121 -22.20050 21.60301
v -122.20430 3.97110 15.55328
v -125.98960 4.03130 15.60102
v -123.89891 6.58560 10.68869
v -147.80560 -20.09730 29.38628
v -151.02470 -20.09730 29.38628
v -145.82230 -17.91380 29.05951
v -141.67579 -15.13320 28.54781
v -145.82220 -17.91380 -29.05941
v -147.80560 -20.09730 -29.38609
v -141.67579 -15.13320 -28.54772
v -151.02470 -20.09730 -29.38609
v -125.98960 4.03130 -15.60082
v -122.20430 3.97110 -15.55319
v -123.89891 6.58560 -10.68850
v -275.73121 -22.20050 -21.60292
v -282.31320 -18.04560 -20.21780
v -278.21641 -21.70100 -21.30480
v -295.65661 -8.59750 -10.20212
v -294.75820 -8.41860 -10.28628
v -296.22979 -7.28010 -6.97541
v -147.80560 -25.97380 28.82161
v -155.82250 -20.92610 29.30670
v -147.80560 -25.97380 -28.82152
v -155.82250 -20.92610 -29.30651
v -170.74140 -25.97370 28.82161
v -170.74150 -21.50300 29.25119
v -170.74140 -21.50300 -29.25110
v -170.74140 -25.97370 -28.82152
v -170.74140 -47.92590 -11.24558
v -194.15849 -47.52460 -11.07922
v -194.15849 -49.19130 -5.64809
v -170.74140 -49.64000 -5.73301
v -170.74140 -36.83190 -24.43380
v -194.15849 -36.73680 -24.07250
v -194.15849 -41.17530 -20.47191
v -170.74140 -41.39640 -20.77918
v -147.80560 -47.92590 11.24558
v -147.80560 -49.64000 5.73301
v -170.74140 -49.64000 5.73301
v -170.74140 -47.92590 11.24558
v -308.57520 -35.30880 0.00010
v -308.57520 -35.06610 2.98638
v -295.65661 -37.67420 3.58262
v -295.65661 -37.98250 0.00010
v -278.21641 -35.79820 -15.06481
v -278.21641 -38.27750 -11.83629
v -259.84409 -40.76810 -13.27071
v -259.84409 -37.91620 -16.89048
v -170.74140 -45.14240 -16.32609
v -194.15849 -44.81790 -16.08462
v -170.74140 -50.21880 0.00000
v -194.15849 -49.75410 0.00010
v -194.15849 -49.19130 5.64842
v -147.80560 -31.62430 -27.14930
v -170.74140 -31.62430 -27.14930
v -295.65661 -30.85180 15.26880
v -295.65661 -28.07790 16.96572
v -278.21641 -29.33030 19.68331
v -278.21641 -32.77700 17.71450
v -308.57520 -25.14010 15.01331
v -308.57520 -22.51220 15.30738
v -295.65661 -21.93800 18.36352
v -295.65661 -25.06810 18.01071
v -194.15849 -47.52450 11.07950
v -243.45651 -46.15230 -4.96802
v -243.45651 -46.63650 0.00010
v -218.80751 -48.35250 0.00010
v -218.80751 -47.82510 -5.41081
v -194.15849 -31.67300 -26.74789
v -194.15849 -44.81780 16.08491
v -170.74140 -45.14240 16.32609
v -308.57520 -10.84050 -5.85780
v -297.06960 -6.63050 -3.51720
v -308.57520 -10.12160 -2.98619
v -122.20430 -19.88840 27.99520
v -122.20430 -25.48660 27.45728
v -147.80560 -36.83190 -24.43380
v -259.84409 -42.88710 9.14121
v -259.84409 -40.76790 13.27100
v -243.45651 -42.38940 14.14819
v -243.45651 -44.71820 9.74550
v -308.57520 -12.00800 8.50439
v -308.57520 -10.84050 5.85790
v -295.65661 -13.02410 15.26871
v -295.65661 -10.59280 12.98499
v -292.62021 -10.07240 13.34710
v -289.83901 -12.22380 16.08462
v -170.74140 -41.39640 20.77918
v -194.15849 -41.17520 20.47210
v -194.15849 -36.73660 24.07260
v -170.74140 -36.83190 24.43380
v -194.15849 -49.75410 0.00010
v -170.74140 -50.21880 0.00000
v -218.80751 -47.82510 5.41110
v -218.80751 -46.26320 10.61411
v -295.65661 -37.67420 -3.58238
v -295.65661 -37.98250 0.00010
v -278.21641 -41.63730 0.00010
v -278.21641 -41.25430 -4.15630
v -308.57520 -17.67760 -14.14208
v -308.57520 -20.04750 -15.01322
v -295.65661 -18.80780 -18.01052
v -295.65661 -15.79800 -16.96548
v -308.57520 -20.04760 15.01331
v -295.65661 -18.80780 18.01071
v -278.21641 -40.11980 -8.15291
v -259.84409 -42.88710 -9.14102
v -308.57520 -27.51000 14.14218
v -278.21641 -32.77710 -17.71431
v -259.84399 -34.44130 -19.86108
v -297.06960 -6.63050 3.51739
v -308.57520 -10.12160 2.98638
v -295.65661 -35.27860 -10.20212
v -295.65661 -36.76120 -7.02729
v -122.20430 -3.94600 23.27719
v -132.35881 -3.75030 23.66538
v -128.83930 0.54970 19.97681
v -122.20430 0.40240 19.79561
v -243.45651 -44.71830 -9.74522
v -218.80751 -46.26330 -10.61382
v -122.20430 -35.83080 -23.27709
v -122.20430 -30.86970 -25.86408
v -308.57520 -13.57910 -10.82392
v -308.57520 -15.49350 -12.72759
v -295.65661 -13.02410 -15.26861
v -295.65661 -10.59280 -12.98480
v -122.20430 -25.48660 -27.45719
v -122.20430 -43.74790 -15.55328
v -122.20430 -40.17920 -19.79561
v -147.80560 -41.39640 -20.77918
v -147.80560 -45.14240 -16.32609
v -194.15849 -26.17840 -28.39551
v -147.80560 -50.21880 0.00000
v -147.80560 -49.64000 -5.73301
v -259.84409 -26.17470 23.42801
v -263.77971 -24.94240 23.00129
v -243.45651 -24.31510 25.17939
v -243.45651 -26.35230 24.97659
v -243.45651 -31.07970 23.52748
v -218.80751 -26.26030 27.20270
v -218.80751 -31.40910 25.62442
v -147.80560 -50.21880 0.00000
v -243.45651 -26.35250 -24.97649
v -243.45651 -31.07990 -23.52729
v -218.80751 -31.40930 -25.62432
v -218.80751 -26.26050 -27.20261
v -147.80560 -41.39640 20.77918
v -147.80560 -45.14240 16.32609
v -147.80560 -36.83190 24.43380
v -308.57520 -12.00800 -8.50420
v -243.45651 -24.31510 -25.17920
v -218.80751 -23.36180 -27.49100
v -122.20430 -19.88840 -27.99501
v -292.62021 -10.07240 -13.34701
v -308.57520 -22.51220 -15.30738
v -295.65661 -21.93800 -18.36338
v -136.43880 -8.73500 26.52111
v -122.20430 -8.90710 25.86422
v -278.21641 -25.59040 20.89562
v -269.87741 -23.93830 22.24679
v -289.83901 -12.22380 -16.08438
v -286.40280 -14.88200 -18.40749
v -297.34790 -6.41520 0.00010
v -308.57520 -9.87880 0.00010
v -263.77971 -24.94240 -23.00119
v -269.87741 -23.93830 -22.24669
v -278.21641 -25.59050 -20.89548
v -259.84399 -26.17490 -23.42792
v -122.20430 -30.86970 25.86422
v -122.20430 -35.83080 23.27719
v -147.80560 -31.62430 27.14939
v -147.80560 -47.92590 -11.24558
v -218.80751 -40.31350 19.61212
v -218.80751 -36.15430 23.06142
v -170.74140 -31.62430 27.14939
v -122.20430 -46.39960 -10.71329
v -194.15849 -22.40860 -28.76239
v -259.84409 -44.19210 -4.65999
v -122.20430 -14.29020 27.45728
v -259.84409 -34.44110 19.86132
v -259.84409 -30.47650 22.06869
v -243.45651 -35.43660 21.17419
v -308.57520 -33.17970 8.50439
v -308.57520 -31.60860 10.82401
v -295.65661 -33.28320 12.98499
v -295.65661 -35.27850 10.20231
v -308.57520 -29.69420 12.72769
v -295.65661 -36.76120 7.02748
v -278.21641 -38.27740 11.83648
v -278.21641 -40.11970 8.15320
v -218.80751 -40.31360 -19.61188
v -218.80751 -43.72690 -15.40890
v -218.80751 -43.72680 15.40918
v -218.80751 -36.15450 -23.06118
v -278.21641 -41.25430 4.15649
v -278.21641 -41.63730 0.00010
v -259.84409 -44.19200 4.66018
v -259.84409 -44.63270 0.00010
v -297.34790 -6.41520 0.00010
v -308.57520 -9.87880 0.00010
v -259.84409 -44.63270 0.00010
v -122.20430 -3.94600 -23.27700
v -132.35881 -3.75030 -23.66519
v -136.43880 -8.73500 -26.52092
v -122.20430 -8.90710 -25.86398
v -243.45651 -39.25540 18.00718
v -128.83930 0.54970 -19.97671
v -122.20430 0.40240 -19.79542
v -218.80751 -23.36180 27.49119
v -194.15849 -31.67280 26.74809
v -243.45651 -39.25560 -18.00699
v -243.45651 -42.38960 -14.14790
v -295.65661 -30.85190 -15.26861
v -295.65661 -33.28330 -12.98490
v -122.20430 -14.29020 -27.45709
v -122.20430 -40.17920 19.79561
v -194.15860 -22.40860 28.76258
v -194.15860 -26.17810 28.39561
v -295.65661 -25.06820 -18.01062
v -295.65661 -28.07810 -16.96558
v -278.21641 -29.33040 -19.68312
v -259.84399 -30.47670 -22.06860
v -286.40280 -14.88200 18.40758
v -295.65661 -15.79800 16.96572
v -308.57520 -15.49350 12.72769
v -308.57520 -13.57910 10.82401
v -122.20430 -43.74790 15.55328
v -243.45651 -35.43680 -21.17400
v -308.57520 -17.67760 14.14218
v -243.45651 -46.15230 4.96831
v -243.45651 -46.63650 0.00010
v -308.57520 -34.34720 -5.85780
v -308.57520 -35.06610 -2.98619
v -278.21641 -35.79810 15.06500
v -218.80751 -48.35250 0.00010
v -259.84409 -37.91610 16.89072
v -308.57520 -34.34720 5.85799
v -308.57520 -33.17980 -8.50420
v -308.57520 -35.30880 0.00010
v -308.57520 -25.14020 -15.01322
v -308.57520 -27.51010 -14.14208
v -122.20430 -46.39970 10.71329
v -308.57520 -29.69430 -12.72750
v -308.57520 -31.60870 -10.82392
v -308.57520 -22.51220 -15.30738
v -308.57520 -20.04750 -15.01322
v -308.57520 -22.58870 0.00010
v -308.57520 -10.84050 5.85790
v -308.57520 -12.00800 8.50439
v -308.57520 -22.58870 0.00010
v -308.57520 -10.12160 -2.98619
v -308.57520 -9.87880 0.00010
v -308.57520 -29.69420 12.72769
v -308.57520 -31.60860 10.82401
v -308.57520 -12.00800 -8.50420
v -308.57520 -10.84050 -5.85780
v -308.57520 -13.57910 10.82401
v -308.57520 -15.49350 12.72769
v -308.57520 -17.67760 14.14218
v -308.57520 -34.34720 -5.85780
v -308.57520 -33.17980 -8.50420
v -308.57520 -31.60870 -10.82392
v -308.57520 -33.17970 8.50439
v -308.57520 -10.12160 2.98638
v -308.57520 -27.51000 14.14218
v -308.57520 -34.34720 5.85799
v -308.57520 -35.06610 -2.98619
v -308.57520 -25.14020 -15.01322
v -308.57520 -29.69430 -12.72750
v -308.57520 -27.51010 -14.14208
v -308.57520 -22.51220 15.30738
v -308.57520 -25.14010 15.01331
v -308.57520 -17.67760 -14.14208
v -308.57520 -15.49350 -12.72759
v -308.57520 -13.57910 -10.82392
v -308.57520 -20.04760 15.01331
v -308.57520 -35.06610 2.98638
v -308.57520 -35.30880 0.00010
v -308.57520 -35.30880 0.00010
v -308.57520 -9.87880 0.00010
v -122.63019 8.13570 -5.42469
v -122.63019 8.13570 5.42479
v -122.20430 0.40240 -19.79542
v -122.20430 -3.94600 -23.27700
v -122.20430 -14.33340 0.00000
v -122.20430 -19.88840 27.99520
v -122.20430 -14.29020 27.45728
v -122.20430 -14.33340 0.00000
v -122.20430 0.40240 19.79561
v -122.20430 3.97110 15.55328
v -122.20430 -30.86970 25.86422
v -122.20430 -25.48660 27.45728
v -122.20430 -25.48660 -27.45719
v -122.20430 -30.86970 -25.86408
v -122.20430 -35.83080 23.27719
v -122.20430 -8.90710 -25.86398
v -122.20430 -14.29020 -27.45709
v -122.20430 -19.88840 -27.99501
v -122.20430 -8.90710 25.86422
v -122.20430 -3.94600 23.27719
v -122.20430 -43.74790 15.55328
v -122.20430 -40.17920 19.79561
v -122.20430 -40.17920 -19.79561
v -122.20430 -43.74790 -15.55328
v -122.20430 -35.83080 -23.27709
v -122.20430 3.97110 -15.55319
v -122.63019 8.13570 5.42479
v -122.20430 8.65590 0.00010
v -122.63019 8.13570 -5.42469
v -122.20430 8.65590 0.00010
v -122.20440 -22.79900 0.00000
v -122.20440 -23.35890 -3.98321
v -122.20430 -48.03260 -5.84311
v -122.20430 -46.39960 -10.71329
v -122.20440 -23.35890 3.98312
v -122.20440 -22.79900 0.00000
v -122.20430 -48.03260 5.84311
v -122.20430 -46.39970 10.71329
v -136.67570 -49.38160 0.00000
v -134.76079 -33.93500 0.00000
v -134.44750 -33.81160 -4.53429
v -136.67570 -48.82340 -5.97811
v -136.67570 -48.82340 5.97811
v -134.44750 -33.81160 4.53420
v -134.76079 -33.93500 0.00000
v -136.67570 -49.38160 0.00000
v -136.67570 -48.82340 5.97811
v -122.20430 -48.03260 5.84311
v -136.67570 -48.82340 -5.97811
v -122.20430 -48.03260 -5.84311
v -136.67570 -49.38160 0.00000
v -136.67570 -49.38160 0.00000
v -122.20440 -22.79900 0.00000
v -128.32100 -24.68300 0.00000
v -128.32100 -25.24300 3.98312
v -122.20440 -23.35890 3.98312
v -122.20440 -23.35890 -3.98321
v -128.32100 -25.24300 -3.98321
v -128.32100 -24.68300 0.00000
v -122.20440 -22.79900 0.00000
v -128.32100 -25.24300 -3.98321
v -122.20440 -23.35890 -3.98321
v -122.20430 -48.03260 -5.84311
v -122.20440 -23.35890 3.98312
v -128.32100 -25.24300 3.98312
v -122.20430 -48.03260 5.84311
v -136.67570 -48.82340 -5.97811
v -134.44750 -33.81160 -4.53429
v -134.44750 -33.81160 4.53420
v -136.67570 -48.82340 5.97811
v -131.51350 -27.66120 0.00000
v -131.35688 -27.87950 4.18372
v -131.35688 -27.87950 -4.18382
v -131.51350 -27.66120 0.00000
v -131.35688 -27.87950 -4.18382
v -131.35688 -27.87950 4.18372
v -136.43121 -9.56470 -6.57401
v -136.43121 -9.56470 -13.14788
v -142.12230 -6.27890 -13.14788
v -141.46510 -6.27890 -6.57401
v -162.25860 -40.00140 -14.83712
v -155.96139 -40.19270 -14.83712
v -158.98550 -43.70050 -14.83712
v -164.93120 -44.47710 -14.83712
v -155.96139 -40.19270 14.83712
v -162.25860 -40.00140 14.83712
v -164.93120 -44.47710 14.83712
v -158.98550 -43.70050 14.83712
v -158.98550 -43.70050 -14.83712
v -157.33910 -43.71790 -13.14788
v -159.25111 -45.17800 -13.14788
v -157.33910 -43.71790 13.14788
v -158.98550 -43.70050 14.83712
v -159.25111 -45.17800 13.14788
v -143.31270 -7.53790 13.14788
v -142.98770 -7.72980 14.83712
v -142.12230 -6.27890 13.14788
v -143.31270 -7.53790 -13.14788
v -142.12230 -6.27890 -13.14788
v -142.98770 -7.72980 -14.83712
v -137.89980 -10.56540 -14.83712
v -136.43121 -9.56470 -13.14788
v -136.97000 -11.19960 -13.14788
v -136.97000 -11.19960 13.14788
v -136.43121 -9.56470 13.14788
v -137.89980 -10.56540 14.83712
v -162.25860 -40.00140 14.83712
v -162.70730 -40.01670 13.14788
v -141.46510 -6.27890 -6.57401
v -142.65560 -7.53790 -6.57401
v -142.12230 -6.27890 -13.14788
v -136.43121 -9.56470 -13.14788
v -137.89980 -10.56540 -14.83712
v -142.98770 -7.72980 -14.83712
v -154.32720 -40.23050 -13.14788
v -155.96139 -40.19270 -14.83712
v -136.43121 -9.56470 6.57401
v -136.43121 -9.56470 13.14788
v -136.97000 -11.19960 13.14788
v -136.97000 -11.19960 6.57401
v -155.96139 -40.19270 14.83712
v -154.32720 -40.23050 13.14788
v -136.43121 -9.56470 13.14788
v -142.12230 -6.27890 13.14788
v -142.98770 -7.72980 14.83712
v -137.89980 -10.56540 14.83712
v -165.82280 -45.95500 13.14788
v -164.93120 -44.47710 14.83712
v -162.25860 -40.00140 14.83712
v -213.29341 -40.01670 14.73408
v -213.29350 -44.47710 14.83712
v -164.93120 -44.47710 14.83712
v -137.89980 -10.56540 14.83712
v -142.98770 -7.72980 14.83712
v -162.70730 -40.01670 -13.14788
v -162.05020 -40.54780 -6.57401
v -213.29341 -40.01670 -14.73408
v -213.29350 -44.47710 -14.83712
v -215.94050 -44.43250 -11.65118
v -215.94031 -40.44080 -11.65118
v -162.25860 -40.00140 -14.83712
v -213.29341 -40.01670 -14.73408
v -215.94031 -40.44080 -11.65118
v -162.70730 -40.01670 -13.14788
v -164.93120 -44.47710 -14.83712
v -165.82280 -45.95500 -13.14788
v -213.13379 -45.95500 -13.14788
v -213.29350 -44.47710 -14.83712
v -165.82280 -45.95500 13.14788
v -164.93120 -44.47710 14.83712
v -213.29350 -44.47710 14.83712
v -213.13379 -45.95500 13.14788
v -165.82280 -45.95500 -13.14788
v -164.93120 -44.47710 -14.83712
v -213.13379 -45.95500 6.57401
v -213.13379 -45.95500 13.14788
v -215.94050 -44.43250 11.65118
v -215.94050 -44.43250 5.82561
v -215.94031 -40.97190 -5.82561
v -215.94031 -40.44080 -11.65118
v -215.94050 -44.43250 -11.65118
v -215.94050 -44.43250 -5.82561
v -213.29350 -44.47710 14.83712
v -213.29341 -40.01670 14.73408
v -215.94031 -40.44080 11.65118
v -215.94050 -44.43250 11.65118
v -162.25860 -40.00140 -14.83712
v -213.13379 -45.95500 13.14788
v -213.29350 -44.47710 14.83712
v -215.94050 -44.43250 11.65118
v -213.29350 -44.47710 -14.83712
v -213.29341 -40.01670 -14.73408
v -162.25860 -40.00140 -14.83712
v -164.93120 -44.47710 -14.83712
v -142.98770 -7.72980 -14.83712
v -137.89980 -10.56540 -14.83712
v -213.29341 -40.01670 14.73408
v -162.25860 -40.00140 14.83712
v -162.70730 -40.01670 13.14788
v -215.94031 -40.44080 11.65118
v -162.05020 -40.54780 -6.57401
v -215.94031 -40.97190 -5.82561
v -215.94050 -44.43250 -11.65118
v -213.29350 -44.47710 -14.83712
v -213.13379 -45.95500 -13.14788
v -136.43121 -9.56470 6.57401
v -136.43121 -9.56470 0.00000
v -141.05771 -6.27890 0.00000
v -141.46510 -6.27890 6.57401
v -141.46510 -6.27890 6.57401
v -141.05771 -6.27890 0.00000
v -142.24809 -7.53790 0.00000
v -142.65560 -7.53790 6.57401
v -136.43121 -9.56470 -6.57401
v -136.43121 -9.56470 0.00000
v -136.97000 -11.19960 0.00000
v -136.97000 -11.19960 -6.57401
v -161.64269 -40.80010 0.00000
v -162.05020 -40.54780 6.57401
v -213.13379 -45.95500 -6.57401
v -213.13379 -45.95500 0.00000
v -215.94050 -44.43250 0.00000
v -215.94050 -44.43250 -5.82561
v -215.94031 -40.97190 5.82561
v -215.94031 -41.22420 0.00000
v -215.94050 -44.43250 0.00000
v -215.94050 -44.43250 5.82561
v -162.05020 -40.54780 6.57401
v -161.64269 -40.80010 0.00000
v -215.94031 -41.22420 0.00000
v -215.94031 -40.97190 5.82561
v -136.43121 -9.56470 -13.14788
v -136.97000 -11.19960 -13.14788
v -213.13379 -45.95500 -13.14788
v -215.94050 -44.43250 -11.65118
v -136.43121 -9.56470 13.14788
v -142.12230 -6.27890 13.14788
v -215.94031 -40.44080 11.65118
v -215.94050 -44.43250 11.65118
v -151.02470 -20.06130 30.61070
v -145.82230 -17.76290 30.27029
v -145.82230 -17.91380 29.05951
v -151.02470 -20.09730 29.38628
v -296.22979 -6.56950 7.26619
v -294.75820 -7.76790 10.71501
v -294.75820 -8.41860 10.28638
v -296.22979 -7.28010 6.97560
v -275.73121 -22.20050 21.60301
v -282.31320 -18.04560 20.21790
v -282.31320 -17.90170 21.06032
v -275.73121 -22.27520 22.50309
v -128.83930 1.67240 -20.80898
v -132.35881 -2.85390 -24.65129
v -132.35881 -3.75030 -23.66519
v -128.83930 0.54970 -19.97671
v -170.74140 -21.54100 -30.46989
v -194.15849 -22.49420 -29.96078
v -194.15849 -22.40860 -28.76239
v -170.74140 -21.50300 -29.25110
v -122.63019 9.65760 -5.65071
v -122.63019 8.13570 -5.42469
v -122.20430 8.65590 0.00010
v -122.20430 10.20530 0.00010
v -297.06960 -5.88570 -3.66378
v -297.34790 -5.65910 0.00010
v -297.34790 -6.41520 0.00010
v -297.06960 -6.63050 -3.51720
v -286.40280 -14.57150 -19.17448
v -289.83901 -11.77340 -16.75458
v -289.83901 -12.22380 -16.08438
v -286.40280 -14.88200 -18.40749
v -141.67579 -14.83600 -29.73719
v -145.82220 -17.76290 -30.27020
v -145.82220 -17.91380 -29.05941
v -141.67579 -15.13320 -28.54772
v -269.87741 -24.10450 -23.17362
v -275.73121 -22.27520 -22.50299
v -275.73121 -22.20050 -21.60292
v -269.87741 -23.93830 -22.24669
v -269.87741 -24.10450 23.17381
v -263.77971 -25.16140 23.95968
v -263.77971 -24.94240 23.00129
v -269.87741 -23.93830 22.24679
v -122.63019 9.65760 5.65081
v -122.63019 8.13570 5.42479
v -151.02470 -20.06130 -30.61061
v -155.82250 -20.93370 -30.52759
v -155.82250 -20.92610 -29.30651
v -151.02470 -20.09730 -29.38609
v -125.98960 5.33720 16.25099
v -123.89891 8.02600 11.13400
v -123.89891 6.58560 10.68869
v -125.98960 4.03130 15.60102
v -297.06960 -5.88570 3.66402
v -297.06960 -6.63050 3.51739
v -141.67579 -14.83600 29.73728
v -136.43880 -8.10100 27.62609
v -136.43880 -8.73500 26.52111
v -141.67579 -15.13320 28.54781
v -123.89891 8.02600 -11.13391
v -125.98960 5.33720 -16.25090
v -125.98960 4.03130 -15.60082
v -123.89891 6.58560 -10.68850
v -136.43880 -8.10100 -27.62599
v -136.43880 -8.73500 -26.52092
v -132.35881 -2.85390 24.65138
v -128.83930 1.67240 20.80922
v -128.83930 0.54970 19.97681
v -132.35881 -3.75030 23.66538
v -286.40280 -14.88200 18.40758
v -286.40280 -14.57150 19.17462
v -243.45651 -24.50100 26.22848
v -243.45651 -24.31510 25.17939
v -292.62021 -9.50880 13.90319
v -292.62021 -10.07240 13.34710
v -155.82250 -20.93370 30.52778
v -155.82250 -20.92610 29.30670
v -282.31320 -17.90170 -21.06018
v -282.31320 -18.04560 -20.21780
v -243.45651 -24.50100 -26.22828
v -263.77971 -25.16140 -23.95959
v -263.77971 -24.94240 -23.00119
v -243.45651 -24.31510 -25.17920
v -292.62021 -9.50880 -13.90309
v -292.62021 -10.07240 -13.34701
v -218.80751 -23.49760 28.63669
v -194.15860 -22.49420 29.96101
v -194.15860 -22.40860 28.76258
v -218.80751 -23.36180 27.49119
v -218.80751 -23.49760 -28.63650
v -218.80751 -23.36180 -27.49100
v -289.83901 -11.77340 16.75472
v -289.83901 -12.22380 16.08462
v -294.75820 -7.76790 -10.71491
v -294.75820 -8.41860 -10.28628
v -296.22979 -6.56950 -7.26609
v -296.22979 -7.28010 -6.97541
v -170.74150 -21.54100 30.46999
v -170.74150 -21.50300 29.25119
v -259.84409 -35.99070 18.53671
v -243.45651 -36.16240 20.57228
v -243.45651 -36.16240 15.28511
v -259.84409 -35.99070 14.60719
v -131.71329 -8.79210 26.54800
v -127.99730 -8.79210 26.25828
v -127.99730 -8.79210 12.48612
v -131.71329 -8.79210 14.26458
v -170.74140 -35.31850 25.34671
v -165.94030 -34.26410 25.63992
v -165.94030 -34.26410 17.07821
v -170.74140 -35.31850 17.07821
v -194.15849 -36.73660 24.07260
v -185.18680 -36.77310 24.21098
v -185.18680 -36.77310 16.75019
v -194.15849 -36.73660 16.75019
v -140.14000 -19.77990 28.96981
v -136.29140 -14.90010 28.24621
v -136.29140 -14.90010 15.88459
v -140.14000 -19.77990 16.50481
v -198.53470 -36.63320 16.75019
v -198.53470 -36.63320 23.89312
v -147.80560 -25.97380 28.82161
v -147.80560 -25.97380 17.07821
v -131.71329 -8.79210 26.54800
v -131.71329 -8.79210 14.26458
v -159.79730 -32.01090 27.14939
v -159.79730 -32.01090 17.07821
v -124.77891 -8.79210 25.94409
v -122.20430 -8.79210 25.82560
v -122.20430 -8.79210 9.00502
v -124.77891 -8.79210 11.13100
v -218.80751 -36.15430 23.06142
v -218.80751 -36.15430 16.31289
v -278.21641 -35.79810 15.06500
v -278.21641 -35.79810 13.31711
v -170.74140 -35.31850 17.07821
v -165.94030 -34.26410 17.07821
v -165.94030 -44.50790 17.07821
v -170.74140 -44.50790 17.07821
v -194.15849 -36.73660 16.75019
v -185.18680 -36.77310 16.75019
v -185.18680 -44.47180 16.75019
v -194.15849 -44.22890 16.75019
v -140.14000 -19.77990 16.50481
v -136.29140 -14.90010 15.88459
v -136.29140 -44.58700 15.88459
v -140.14000 -44.34970 16.50481
v -198.53470 -36.63320 16.75019
v -198.53470 -44.13780 16.75019
v -147.80560 -25.97380 17.07821
v -147.80560 -44.50790 17.07821
v -131.71329 -8.79210 14.26458
v -131.71329 -45.18450 14.26458
v -159.79730 -32.01090 17.07821
v -159.79730 -44.50790 17.07821
v -218.80751 -36.15430 16.31289
v -218.80751 -42.92310 16.31289
v -243.45651 -36.16240 15.28511
v -243.45651 -41.28310 15.28511
v -127.99730 -8.79210 12.48612
v -124.77891 -8.79210 11.13100
v -124.77891 -46.44100 11.13100
v -127.99730 -45.89620 12.48612
v -278.21641 -35.79810 13.31711
v -259.84409 -35.99070 14.60719
v -259.84409 -39.41550 14.60719
v -278.21641 -37.03160 13.31711
v -131.71329 -45.18450 -14.26458
v -127.99730 -45.89620 -12.48612
v -127.99730 -8.79210 -12.48612
v -131.71329 -8.79210 -14.26458
v -124.77891 -8.79210 -11.13100
v -124.77891 -46.44100 -11.13100
v -122.20430 -47.10890 -9.00502
v -122.20430 -8.79210 -9.00502
v -259.84409 -35.99070 -14.60719
v -259.84409 -39.41550 -14.60719
v -243.45651 -41.28310 -15.28511
v -243.45651 -36.16240 -15.28511
v -278.21641 -35.79810 -13.31711
v -278.21641 -37.03150 -13.31711
v -218.80751 -42.92300 -16.31289
v -218.80751 -36.15430 -16.31289
v -198.53470 -44.13780 -16.75019
v -198.53470 -36.63320 -16.75019
v -165.94030 -34.26410 -17.07821
v -165.94030 -44.50790 -17.07821
v -159.79730 -44.50790 -17.07821
v -159.79730 -32.01090 -17.07821
v -147.80560 -44.50790 -17.07821
v -147.80560 -25.97380 -17.07821
v -136.29140 -14.90010 -15.88459
v -136.29140 -44.58700 -15.88459
v -140.14000 -44.34970 -16.50481
v -140.14000 -19.77990 -16.50481
v -185.18680 -36.77310 -16.75019
v -185.18680 -44.47180 -16.75019
v -170.74140 -44.50790 -17.07821
v -170.74140 -35.31850 -17.07821
v -194.15849 -44.22890 -16.75019
v -194.15849 -36.73660 -16.75019
v -278.21641 -35.79810 -15.06500
v -278.21641 -35.79810 -13.31711
v -259.84409 -35.99070 -14.60719
v -259.84409 -35.99070 -18.53671
v -127.99730 -8.79210 -26.25828
v -127.99730 -8.79210 -12.48612
v -124.77891 -8.79210 -11.13100
v -124.77891 -8.79210 -25.94409
v -243.45651 -36.16240 -20.57228
v -243.45651 -36.16240 -15.28511
v -218.80751 -36.15430 -16.31289
v -218.80751 -36.15430 -23.06142
v -198.53470 -36.63320 -16.75019
v -198.53470 -36.63320 -23.89312
v -165.94030 -34.26410 -25.63992
v -165.94030 -34.26410 -17.07821
v -159.79730 -32.01090 -17.07821
v -159.79730 -32.01090 -27.14939
v -122.20430 -8.79210 -9.00502
v -122.20430 -8.79210 -25.82560
v -147.80560 -25.97380 -17.07821
v -147.80560 -25.97380 -28.82161
v -136.29140 -14.90010 -28.24621
v -136.29140 -14.90010 -15.88459
v -131.71329 -8.79210 -14.26458
v -131.71329 -8.79210 -26.54800
v -140.14000 -19.77990 -16.50481
v -140.14000 -19.77990 -28.96981
v -185.18680 -36.77310 -24.21098
v -185.18680 -36.77310 -16.75019
v -170.74140 -35.31850 -17.07821
v -170.74140 -35.31850 -25.34671
v -194.15849 -36.73660 -24.07260
v -194.15849 -36.73660 -16.75019
v -131.71329 -8.79210 -26.54800
v -131.71329 -8.79210 -14.26458
v -122.20430 -8.79210 9.00502
v -122.20430 -47.10890 9.00502
v -138.69230 -6.84120 27.62609
v -138.69230 -2.09920 25.05159
v -138.69230 -2.84650 24.04962
v -138.69230 -7.39880 26.52102
v -138.69230 -6.84120 -27.62589
v -143.75350 -13.17920 -29.73709
v -143.75350 -13.48320 -28.54762
v -138.69230 -7.39880 -26.52078
v -294.60030 -4.86590 0.00019
v -294.33019 -5.07830 3.66392
v -294.33019 -5.70640 3.51739
v -294.60030 -5.50250 0.00019
v -297.06960 -5.88570 3.66392
v -297.34790 -5.65910 0.00019
v -297.34790 -6.26400 0.00019
v -297.06960 -6.48160 3.51739
v -122.63019 9.65760 -5.65062
v -122.20430 10.20520 0.00010
v -122.20430 8.96580 0.00010
v -122.63019 8.44000 -5.42459
v -170.74000 -19.53620 -30.46980
v -194.15849 -20.44720 -30.15800
v -194.15849 -20.46060 -28.95160
v -170.74000 -19.58600 -29.25100
v -152.80150 -18.10700 -30.61051
v -157.44830 -18.93610 -30.52750
v -157.44830 -19.00990 -29.30641
v -152.80150 -18.21400 -29.38609
v -293.44790 -5.79600 -7.26600
v -294.33019 -5.07830 -3.66368
v -294.33019 -5.70640 -3.51720
v -293.44790 -6.39550 -6.97532
v -243.44690 -22.46130 -26.22828
v -262.03890 -23.12210 -23.95949
v -262.03890 -23.02840 -23.00110
v -243.44690 -22.39410 -25.17910
v -286.64441 -11.26930 -16.75448
v -289.53590 -8.86320 -13.90300
v -289.53590 -9.33990 -13.34691
v -286.64441 -11.64980 -16.08429
v -294.60030 -4.86590 0.00019
v -294.60030 -5.50250 0.00019
v -218.81261 -21.46980 -28.63641
v -218.81261 -21.44230 -27.49100
v -278.21641 -17.65540 -21.76600
v -282.91979 -14.22820 -19.17439
v -282.91979 -14.49030 -18.40739
v -278.21641 -17.78040 -20.89539
v -291.81759 -7.07780 -10.71482
v -291.81759 -7.62600 -10.28619
v -267.94901 -22.14110 -23.17362
v -273.62421 -20.43410 -22.50290
v -273.62421 -20.44800 -21.60282
v -267.94901 -22.08680 -22.24660
v -147.76530 -15.93720 -30.27010
v -147.76530 -16.13100 -29.05931
v -296.22979 -6.56950 -7.26600
v -294.75820 -7.76790 -10.71482
v -294.75820 -8.28840 -10.28619
v -296.22979 -7.13800 -6.97532
v -269.87741 -24.10450 -23.17362
v -263.77971 -25.16150 -23.95949
v -263.77971 -24.98630 -23.00110
v -269.87741 -23.97160 -22.24660
v -145.82220 -17.76290 -30.27010
v -141.67579 -14.83600 -29.73709
v -141.67579 -15.07380 -28.54762
v -145.82220 -17.88360 -29.05931
v -170.74140 -21.54100 -30.46980
v -155.82250 -20.93370 -30.52750
v -155.82250 -20.92760 -29.30641
v -170.74140 -21.51060 -29.25100
v -151.02470 -20.06140 -30.61051
v -151.02470 -20.09020 -29.38609
v -282.31320 -17.90170 -21.06009
v -275.73121 -22.27520 -22.50290
v -275.73121 -22.21540 -21.60282
v -282.31320 -18.01690 -20.21770
v -243.45651 -24.50110 -26.22828
v -218.80751 -23.49770 -28.63641
v -218.80751 -23.38900 -27.49100
v -243.45651 -24.35230 -25.17910
v -128.83930 1.67230 -20.80898
v -125.98960 5.33720 -16.25080
v -125.98960 4.29250 -15.60068
v -128.83930 0.77420 -19.97662
v -289.83901 -11.77350 -16.75448
v -286.40280 -14.57160 -19.17439
v -286.40280 -14.82000 -18.40739
v -289.83901 -12.13380 -16.08429
v -136.43880 -8.10100 -27.62589
v -136.43880 -8.60820 -26.52078
v -123.89891 8.02600 -11.13381
v -123.89891 6.87370 -10.68850
v -292.62021 -9.50880 -13.90300
v -292.62021 -9.95970 -13.34691
v -194.15849 -22.49430 -29.96078
v -194.15849 -22.42580 -28.76229
v -297.34790 -5.65910 0.00019
v -297.06960 -5.88570 -3.66368
v -297.06960 -6.48160 -3.51720
v -297.34790 -6.26400 0.00019
v -132.35881 -2.85390 -24.65119
v -132.35881 -3.57100 -23.66509
v -278.21641 -17.65540 21.76619
v -273.62421 -20.43410 22.50309
v -273.62421 -20.44800 21.60301
v -278.21641 -17.78040 20.89562
v -170.74140 -21.54100 30.46999
v -194.15860 -22.49430 29.96101
v -194.15860 -22.42580 28.76248
v -170.74140 -21.51060 29.25119
v -151.02470 -20.06140 30.61070
v -155.82250 -20.93370 30.52778
v -155.82250 -20.92760 29.30660
v -151.02470 -20.09020 29.38628
v -128.83930 1.67230 20.80922
v -132.35881 -2.85390 24.65138
v -132.35881 -3.57100 23.66529
v -128.83930 0.77420 19.97681
v -296.22979 -6.56950 7.26619
v -296.22979 -7.13800 6.97551
v -136.43880 -8.10100 27.62609
v -136.43880 -8.60820 26.52102
v -243.45651 -24.50110 26.22848
v -263.77971 -25.16150 23.95968
v -263.77971 -24.98630 23.00129
v -243.45651 -24.35230 25.17929
v -123.89891 8.02600 11.13400
v -125.98960 5.33720 16.25099
v -125.98960 4.29250 15.60102
v -123.89891 6.87370 10.68869
v -289.83901 -11.77350 16.75472
v -292.62021 -9.50880 13.90319
v -292.62021 -9.95970 13.34710
v -289.83901 -12.13380 16.08448
v -218.80751 -23.49770 28.63669
v -218.80751 -23.38900 27.49119
v -282.31320 -17.90170 21.06032
v -286.40280 -14.57160 19.17462
v -286.40280 -14.82000 18.40758
v -282.31320 -18.01690 20.21790
v -294.75820 -7.76790 10.71501
v -294.75820 -8.28840 10.28638
v -269.87741 -24.10450 23.17381
v -275.73121 -22.27520 22.50309
v -275.73121 -22.21540 21.60301
v -269.87741 -23.97160 22.24679
v -122.63019 9.65760 5.65081
v -122.63019 8.44000 5.42479
v -141.67579 -14.83600 29.73728
v -141.67579 -15.07380 28.54781
v -122.20430 10.20520 0.00010
v -122.20430 8.96580 0.00010
v -145.82220 -17.76290 30.27029
v -145.82220 -17.88360 29.05951
v -293.44790 -5.79600 7.26619
v -291.81759 -7.07780 10.71501
v -291.81759 -7.62600 10.28638
v -293.44790 -6.39550 6.97551
v -267.94901 -22.14110 23.17381
v -262.03890 -23.12210 23.95968
v -262.03890 -23.02840 23.00129
v -267.94901 -22.08680 22.24679
v -147.76530 -15.93720 30.27029
v -143.75350 -13.17920 29.73728
v -143.75350 -13.48320 28.54781
v -147.76530 -16.13100 29.05951
v -170.74000 -19.53620 30.46999
v -157.44830 -18.93610 30.52778
v -157.44830 -19.00990 29.30660
v -170.74000 -19.58600 29.25119
v -152.80150 -18.10700 30.61070
v -152.80150 -18.21400 29.38628
v -243.44690 -22.46130 26.22848
v -218.81261 -21.46980 28.63669
v -218.81261 -21.44230 27.49119
v -243.44690 -22.39410 25.17929
v -286.64441 -11.26930 16.75472
v -282.91991 -14.22820 19.17462
v -282.91991 -14.49030 18.40758
v -286.64441 -11.64980 16.08448
v -138.69230 -6.84120 27.62609
v -138.69230 -7.39880 26.52102
v -289.53590 -8.86320 13.90319
v -289.53590 -9.33990 13.34710
v -194.15849 -20.44720 30.15819
v -194.15849 -20.46060 28.95188
v -138.69230 10.73310 -5.81112
v -138.69230 9.03620 -11.42392
v -138.69230 7.84350 -10.96692
v -138.69230 9.47250 -5.57871
v -138.69230 6.26190 -16.62850
v -138.69230 2.50610 -21.22688
v -138.69230 1.57460 -20.37778
v -138.69230 5.18020 -15.96332
v -138.69230 -2.09920 -25.05140
v -138.69230 -6.84120 -27.62589
v -138.69230 -7.39880 -26.52078
v -138.69230 -2.84650 -24.04938
v -138.69230 11.30440 0.00010
v -138.69230 10.02100 0.00010
v -138.69230 10.73310 5.81131
v -138.69230 11.30440 0.00010
v -138.69230 10.02100 0.00010
v -138.69230 9.47250 5.57890
v -138.69230 6.26190 16.62869
v -138.69230 9.03620 11.42411
v -138.69230 7.84350 10.96721
v -138.69230 5.18020 15.96351
v -138.69230 2.50610 21.22712
v -138.69230 1.57460 20.37802
v -125.34740 8.64450 5.42479
v -126.57349 7.17050 10.68869
v -138.69230 7.84350 10.96721
v -138.69230 9.47250 5.57890
v -128.59399 4.74150 15.60102
v -131.34801 1.43060 19.97681
v -138.69230 1.57460 20.37802
v -138.69230 5.18020 15.96351
v -138.69230 -7.39880 26.52102
v -138.69230 -2.84650 24.04962
v -134.74929 -2.65850 23.66529
v -138.69230 10.02100 0.00010
v -124.93579 9.13930 0.00010
v -125.34740 8.64450 -5.42459
v -124.93579 9.13930 0.00010
v -138.69230 10.02100 0.00010
v -138.69230 9.47250 -5.57871
v -128.59399 4.74150 -15.60068
v -126.57349 7.17050 -10.68850
v -138.69230 7.84350 -10.96692
v -138.69230 5.18020 -15.96332
v -134.74929 -2.65850 -23.66509
v -131.34801 1.43060 -19.97662
v -138.69230 1.57460 -20.37778
v -138.69230 -2.84650 -24.04938
v -138.69230 -7.39880 -26.52078
v -218.80751 -23.38900 27.49119
v -218.81261 -21.44230 27.49119
v -194.15849 -20.46060 28.95188
v -194.15860 -22.42580 28.76248
v -170.74140 -21.51060 29.25119
v -170.74000 -19.58600 29.25119
v -243.45651 -24.35230 25.17929
v -243.44690 -22.39410 25.17929
v -122.63019 8.44000 5.42479
v -123.89891 6.87370 10.68869
v -125.98960 4.29250 15.60102
v -128.83930 0.77420 19.97681
v -132.35881 -3.57100 23.66529
v -136.43880 -8.60820 26.52102
v -122.20430 8.96580 0.00010
v -141.67579 -15.07380 28.54781
v -143.75350 -13.48320 28.54781
v -145.82220 -17.88360 29.05951
v -147.76530 -16.13100 29.05951
v -157.44830 -19.00990 29.30660
v -155.82250 -20.92760 29.30660
v -152.80150 -18.21400 29.38628
v -151.02470 -20.09020 29.38628
v -263.77971 -24.98630 23.00129
v -262.03890 -23.02840 23.00129
v -267.94901 -22.08680 22.24679
v -269.87741 -23.97160 22.24679
v -273.62421 -20.44800 21.60301
v -275.73121 -22.21540 21.60301
v -282.31320 -18.01690 20.21790
v -278.21641 -17.78040 20.89562
v -297.06960 -6.48160 3.51739
v -297.34790 -6.26400 0.00019
v -294.60030 -5.50250 0.00019
v -294.33019 -5.70640 3.51739
v -289.83901 -12.13380 16.08448
v -292.62021 -9.95970 13.34710
v -289.53590 -9.33990 13.34710
v -286.64441 -11.64980 16.08448
v -296.22979 -7.13800 6.97551
v -293.44790 -6.39550 6.97551
v -294.75820 -8.28840 10.28638
v -291.81759 -7.62600 10.28638
v -282.91991 -14.49030 18.40758
v -286.40280 -14.82000 18.40758
v -278.21641 -17.78040 -20.89539
v -282.91979 -14.49030 -18.40739
v -286.40280 -14.82000 -18.40739
v -282.31320 -18.01690 -20.21770
v -286.64441 -11.64980 -16.08429
v -289.83901 -12.13380 -16.08429
v -292.62021 -9.95970 -13.34691
v -289.53590 -9.33990 -13.34691
v -291.81759 -7.62600 -10.28619
v -294.75820 -8.28840 -10.28619
v -293.44790 -6.39550 -6.97532
v -296.22979 -7.13800 -6.97532
v -294.33019 -5.70640 -3.51720
v -297.06960 -6.48160 -3.51720
v -294.60030 -5.50250 0.00019
v -297.34790 -6.26400 0.00019
v -273.62421 -20.44800 -21.60282
v -275.73121 -22.21540 -21.60282
v -269.87741 -23.97160 -22.24660
v -267.94901 -22.08680 -22.24660
v -263.77971 -24.98630 -23.00110
v -262.03890 -23.02840 -23.00110
v -243.45651 -24.35230 -25.17910
v -243.44690 -22.39410 -25.17910
v -152.80150 -18.21400 -29.38609
v -151.02470 -20.09020 -29.38609
v -145.82220 -17.88360 -29.05931
v -147.76530 -16.13100 -29.05931
v -157.44830 -19.00990 -29.30641
v -155.82250 -20.92760 -29.30641
v -170.74000 -19.58600 -29.25100
v -170.74140 -21.51060 -29.25100
v -143.75350 -13.48320 -28.54762
v -141.67579 -15.07380 -28.54762
v -136.43880 -8.60820 -26.52078
v -122.20430 8.96580 0.00010
v -122.63019 8.44000 -5.42459
v -123.89891 6.87370 -10.68850
v -125.98960 4.29250 -15.60068
v -128.83930 0.77420 -19.97662
v -132.35881 -3.57100 -23.66509
v -218.80751 -23.38900 -27.49100
v -218.81261 -21.44230 -27.49100
v -194.15849 -20.46060 -28.95160
v -194.15849 -22.42580 -28.76229
f 3951 3952 3953
f 3954 3955 3956
f 3957 3958 3959
f 3960 3961 3962
f 3960 3962 3963
f 3964 3965 3966
f 3967 3965 3964
f 3968 3969 3970
f 3971 3972 3973
f 3974 3975 3976
f 3961 3977 3978
f 3961 3960 3977
f 3967 3979 3965
f 3967 3980 3979
f 3977 3981 3982
f 3978 3977 3982
f 3979 3980 3983
f 3984 3979 3983
f 3985 3986 3987
f 3985 3987 3988
f 3989 3990 3991
f 3989 3991 3992
f 3993 3994 3995
f 3993 3995 3996
f 3997 3998 3999
f 3997 3999 4000
f 4001 4002 4003
f 4001 4003 4004
f 4005 4006 3986
f 4005 3986 3985
f 4007 4008 4009
f 4007 4009 3995
f 4010 3979 3984
f 4010 3984 4011
f 4012 4013 4014
f 4012 4014 4015
f 3992 3991 4006
f 3992 4006 4005
f 4016 4017 4018
f 4016 4018 4019
f 3995 4009 4020
f 3995 4020 3996
f 4021 4022 4023
f 4021 4023 4024
f 4011 4025 3990
f 4011 3990 3989
f 3996 4020 4026
f 3996 4026 4027
f 4028 3976 4029
f 4028 4029 4030
f 4031 4032 3977
f 4031 3977 3960
f 4033 4010 4011
f 4033 4011 3989
f 4034 4035 4036
f 4034 4036 4037
f 4038 4039 3953
f 4038 3953 3952
f 4040 4041 4042
f 4040 4042 4043
f 4044 4045 4046
f 4044 4046 4047
f 4024 4023 4048
f 4024 4048 3987
f 3988 3987 4048
f 3988 4048 4049
f 4050 4051 4020
f 4050 4020 4009
f 4052 4053 4054
f 4052 4054 4055
f 4056 4057 4058
f 4056 4058 4059
f 4017 4060 4061
f 4017 4061 4018
f 4002 4062 4063
f 4002 4063 4003
f 4064 4016 4019
f 4064 4019 4013
f 4065 4001 4004
f 4065 4004 4066
f 4067 3953 4039
f 4067 4039 4068
f 4069 4070 4062
f 4069 4062 4002
f 4071 4072 4073
f 4071 4073 4074
f 4075 4021 4024
f 4075 4024 4076
f 4077 4078 4010
f 4077 4010 4033
f 4027 4026 4045
f 4027 4045 4044
f 4079 4080 4081
f 4079 4081 4082
f 4078 4083 3979
f 4078 3979 4010
f 4084 4085 4086
f 4084 4086 4087
f 3984 4088 4025
f 3984 4025 4011
f 4089 4090 3988
f 4089 3988 4049
f 4085 4077 4033
f 4085 4033 4086
f 4091 4092 4093
f 4091 4093 4094
f 4095 4094 4096
f 4095 4096 4097
f 4074 4073 3958
f 4074 3958 3957
f 3994 4098 4007
f 3994 4007 3995
f 4099 4100 4101
f 4099 4101 4102
f 4086 4033 3989
f 4086 3989 3992
f 4103 4104 4027
f 4103 4027 4044
f 4105 4103 4044
f 4105 4044 4047
f 4106 4079 4082
f 4106 4082 3974
f 4107 4099 4102
f 4107 4102 4108
f 4083 4109 3965
f 4083 3965 3979
f 3975 3974 4082
f 3975 4082 4110
f 4057 4111 4112
f 4057 4112 4058
f 4113 4072 4071
f 4113 4071 4114
f 4115 4116 4092
f 4115 4092 4091
f 4117 4081 4059
f 4117 4059 4118
f 4119 4067 4068
f 4119 4068 4120
f 4121 4122 4123
f 4121 4123 4124
f 4125 4126 4105
f 4125 4105 4127
f 4128 4087 4005
f 4128 4005 3985
f 4129 4130 4046
f 4129 4046 4045
f 4127 4105 4047
f 4127 4047 4131
f 4132 4084 4087
f 4132 4087 4128
f 3977 4127 4131
f 3977 4131 3981
f 4133 4108 4102
f 4133 4102 4088
f 4063 4134 4021
f 4063 4021 4075
f 3960 3963 4135
f 3960 4135 4031
f 4136 4137 4095
f 4136 4095 4138
f 4139 4140 4141
f 4139 4141 4142
f 4140 4143 4012
f 4140 4012 4141
f 4144 4142 4145
f 4144 4145 4146
f 3963 4113 4114
f 3963 4114 4135
f 4147 4148 4006
f 4147 4006 3991
f 4037 4036 4149
f 4037 4149 4051
f 4150 4147 3991
f 4150 3991 3990
f 3999 4144 4146
f 3999 4146 4151
f 4090 4128 3985
f 4090 3985 3988
f 4137 4091 4094
f 4137 4094 4095
f 4110 4082 4081
f 4110 4081 4117
f 4152 4151 4153
f 4152 4153 4154
f 4087 4086 3992
f 4087 3992 4005
f 4032 4125 4127
f 4032 4127 3977
f 4030 4029 4155
f 4030 4155 4156
f 4149 4129 4045
f 4149 4045 4026
f 4055 4054 4157
f 4055 4157 4134
f 4158 4159 4160
f 4158 4160 4161
f 4036 4162 4129
f 4036 4129 4149
f 3968 4163 4164
f 3968 4164 3969
f 4096 4094 4093
f 4096 4093 4165
f 4130 4097 4166
f 4130 4166 4046
f 4167 4168 4148
f 4167 4148 4147
f 4169 4170 4001
f 4169 4001 4065
f 4171 3966 3965
f 4171 3965 4109
f 4126 4172 4103
f 4126 4103 4105
f 4096 4165 4173
f 4096 4173 4174
f 4175 4176 4177
f 4175 4177 4123
f 4123 4177 4178
f 4123 4178 4124
f 4176 4169 4065
f 4176 4065 4177
f 4133 4088 3984
f 4133 3984 3983
f 4179 3955 4061
f 4179 4061 4180
f 4097 4096 4174
f 4097 4174 4166
f 4051 4149 4026
f 4051 4026 4020
f 4181 4182 4041
f 4181 4041 4040
f 4182 4038 3952
f 4182 3952 4041
f 4172 4183 4104
f 4172 4104 4103
f 4058 3972 4118
f 4058 4118 4059
f 4107 4121 4124
f 4107 4124 4099
f 4100 4184 4150
f 4100 4150 4101
f 4185 4181 4040
f 4185 4040 4180
f 4154 4153 4186
f 4154 4186 4187
f 4184 4167 4147
f 4184 4147 4150
f 4060 4185 4180
f 4060 4180 4061
f 4062 4055 4134
f 4062 4134 4063
f 4188 4189 4052
f 4188 4052 4070
f 4019 4018 3954
f 4019 3954 4115
f 4170 4069 4002
f 4170 4002 4001
f 3981 4174 4173
f 3981 4173 3982
f 4168 4075 4076
f 4168 4076 4148
f 4123 4122 3971
f 4123 3971 3973
f 4161 4160 3966
f 4161 3966 4171
f 4101 4150 3990
f 4101 3990 4025
f 4177 4065 4066
f 4177 4066 4178
f 4146 4145 4035
f 4146 4035 4034
f 4141 4012 4015
f 4141 4015 4190
f 4142 4141 4190
f 4142 4190 4145
f 4180 4040 4043
f 4180 4043 4179
f 4076 4024 3987
f 4076 3987 3986
f 4148 4076 3986
f 4148 3986 4006
f 4102 4101 4025
f 4102 4025 4088
f 4187 4186 4050
f 4187 4050 4191
f 4143 4064 4013
f 4143 4013 4012
f 4186 4037 4051
f 4186 4051 4050
f 4035 4192 4162
f 4035 4162 4036
f 3998 4193 4144
f 3998 4144 3999
f 4000 3999 4151
f 4000 4151 4152
f 4112 3973 3972
f 4112 3972 4058
f 4192 4136 4138
f 4192 4138 4162
f 4162 4138 4130
f 4162 4130 4129
f 4193 4139 4142
f 4193 4142 4144
f 3976 4028 4106
f 3976 4106 3974
f 4163 4159 4158
f 4163 4158 4164
f 4080 4056 4059
f 4080 4059 4081
f 4153 4034 4037
f 4153 4037 4186
f 4018 4061 3955
f 4018 3955 3954
f 4013 4019 4115
f 4013 4115 4014
f 4194 4188 4070
f 4194 4070 4069
f 4138 4095 4097
f 4138 4097 4130
f 4151 4146 4034
f 4151 4034 4153
f 4131 4166 4174
f 4131 4174 3981
f 4134 4157 4022
f 4134 4022 4021
f 4189 4195 4053
f 4189 4053 4052
f 4066 4004 4167
f 4066 4167 4184
f 4111 4196 4175
f 4111 4175 4112
f 4178 4066 4184
f 4178 4184 4100
f 4145 4190 4192
f 4145 4192 4035
f 4196 4197 4176
f 4196 4176 4175
f 4190 4015 4136
f 4190 4136 4192
f 4015 4014 4137
f 4015 4137 4136
f 4041 3952 3951
f 4041 3951 4042
f 4124 4178 4100
f 4124 4100 4099
f 4014 4115 4091
f 4014 4091 4137
f 4112 4175 4123
f 4112 4123 3973
f 4183 4198 3993
f 4183 3993 4104
f 4003 4063 4075
f 4003 4075 4168
f 4199 4200 4170
f 4199 4170 4169
f 4200 4194 4069
f 4200 4069 4170
f 4047 4046 4166
f 4047 4166 4131
f 4004 4003 4168
f 4004 4168 4167
f 4191 4050 4009
f 4191 4009 4008
f 4197 4199 4169
f 4197 4169 4176
f 4070 4052 4055
f 4070 4055 4062
f 4104 3993 3996
f 4104 3996 4027
f 3956 4116 4115
f 3956 4115 3954
f 4201 4202 4203
f 4204 4205 4206
f 4207 4208 4203
f 4209 4210 4206
f 4211 4212 4203
f 4213 4214 4206
f 4205 4213 4206
f 4212 4207 4203
f 4214 4215 4206
f 4216 4217 4203
f 4217 4218 4203
f 4210 4219 4206
f 4220 4204 4206
f 4221 4209 4206
f 4219 4222 4206
f 4223 4216 4203
f 4224 4201 4203
f 4225 4226 4203
f 4218 4225 4203
f 4227 4228 4206
f 4229 4230 4203
f 4230 4231 4203
f 4226 4224 4203
f 4231 4211 4203
f 4232 4227 4206
f 4233 4234 4206
f 4235 4223 4203
f 4236 4220 4206
f 4228 4221 4206
f 4222 4233 4206
f 4215 4232 4206
f 4202 4229 4203
f 3969 4237 3970
f 4238 3957 3959
f 4239 4240 4241
f 4242 4243 4244
f 4245 4246 4244
f 4247 4248 4244
f 4248 4242 4244
f 4249 4250 4241
f 4251 4247 4244
f 4252 4253 4241
f 4253 4254 4241
f 4240 4252 4241
f 4255 4256 4244
f 4257 4258 4244
f 4259 4260 4241
f 4243 4255 4244
f 4261 4259 4241
f 4262 4239 4241
f 4258 4251 4244
f 4254 4249 4241
f 4256 4245 4244
f 4250 4261 4241
f 4263 4244 4246
f 4264 4244 4263
f 4265 4241 4266
f 4262 4241 4265
f 4267 4241 4268
f 4269 4268 4270
f 4271 4244 4272
f 4271 4273 4274
f 4275 4276 4277
f 4275 4277 4278
f 4279 4280 4281
f 4279 4281 4282
f 4283 3993 4198
f 4284 4283 4198
f 4283 3994 3993
f 4285 4132 4128
f 4090 4285 4128
f 4285 4286 4132
f 4285 4090 4089
f 4285 4089 4287
f 4288 4098 3994
f 4288 3994 4283
f 4289 4290 4291
f 4289 4291 4292
f 4293 4294 4295
f 4293 4295 4296
f 4297 4298 4299
f 4300 4301 4302
f 4303 4304 4299
f 4305 4306 4302
f 4270 4268 4260
f 4268 4241 4260
f 4244 4271 4257
f 4271 4274 4257
f 4290 4307 4308
f 4290 4308 4291
f 4307 4281 4280
f 4307 4280 4308
f 4294 4309 4310
f 4294 4310 4295
f 4309 4277 4276
f 4309 4276 4310
f 4304 4311 4299
f 4311 4297 4299
f 4301 4312 4302
f 4312 4305 4302
f 4313 4314 4315
f 4313 4315 4316
f 4317 4318 4319
f 4317 4319 4320
f 4321 4322 4323
f 4321 4323 4324
f 4325 4326 4327
f 4328 4329 4330
f 4331 4332 4333
f 4334 4335 4336
f 4337 4338 4339
f 4340 4341 4342
f 4343 4332 4331
f 4343 4331 4344
f 4345 4335 4334
f 4345 4334 4346
f 4347 4348 4349
f 4347 4349 4350
f 4351 4326 4325
f 4351 4325 4352
f 4353 4354 4355
f 4353 4355 4356
f 4357 4329 4328
f 4357 4328 4358
f 4359 4360 4361
f 4359 4361 4362
f 4363 4330 4329
f 4363 4329 4364
f 4365 4366 4367
f 4365 4367 4368
f 4369 4370 4322
f 4369 4322 4321
f 4339 4351 4352
f 4339 4352 4337
f 4342 4357 4358
f 4342 4358 4340
f 4346 4334 4371
f 4346 4371 4372
f 4373 4374 4375
f 4373 4375 4376
f 4377 4378 4379
f 4377 4379 4380
f 4381 4382 4383
f 4381 4383 4384
f 4385 4386 4387
f 4385 4387 4388
f 4327 4389 4390
f 4327 4390 4325
f 4391 4392 4393
f 4391 4393 4394
f 4395 4396 4397
f 4395 4397 4398
f 4399 4400 4401
f 4399 4401 4402
f 4336 4403 4371
f 4336 4371 4334
f 4404 4405 4406
f 4407 4408 4409
f 4407 4409 4410
f 4411 4412 4318
f 4411 4318 4317
f 4413 4414 4415
f 4413 4415 4416
f 4417 4380 4379
f 4417 4379 4418
f 4419 4420 4421
f 4422 4423 4424
f 4422 4424 4425
f 4426 4427 4428
f 4426 4428 4429
f 4430 4431 4432
f 4430 4432 4433
f 4429 4428 4434
f 4429 4434 4435
f 4436 4437 4438
f 4436 4438 4439
f 4440 4441 4442
f 4440 4442 4443
f 4444 4445 4446
f 4444 4446 4447
f 4423 4313 4316
f 4423 4316 4424
f 4427 4345 4346
f 4427 4346 4428
f 4428 4346 4372
f 4428 4372 4434
f 4441 4395 4398
f 4441 4398 4442
f 4445 4417 4418
f 4445 4418 4446
f 4448 4430 4433
f 4448 4433 4449
f 4450 4436 4439
f 4450 4439 4451
f 4431 4353 4356
f 4431 4356 4432
f 4437 4391 4394
f 4437 4394 4438
f 4452 4422 4425
f 4452 4425 4453
f 4333 4426 4429
f 4333 4429 4331
f 4331 4429 4435
f 4331 4435 4344
f 4454 4440 4443
f 4454 4443 4455
f 4415 4444 4447
f 4415 4447 4416
f 4456 4457 4458
f 4456 4458 4459
f 4460 4461 4462
f 4460 4462 4463
f 4464 4465 4466
f 4464 4466 4467
f 4468 4469 4470
f 4468 4470 4471
f 4472 4473 4474
f 4472 4474 4475
f 4476 4477 4478
f 4476 4478 4479
f 4480 4481 4482
f 4480 4482 4483
f 4484 4485 4486
f 4484 4486 4487
f 4488 4489 4490
f 4488 4490 4491
f 4492 4493 4494
f 4492 4494 4495
f 4496 4497 4498
f 4496 4498 4499
f 4500 4479 4478
f 4500 4478 4501
f 4502 4503 4504
f 4502 4504 4505
f 4506 4507 4508
f 4506 4508 4509
f 4481 4510 4511
f 4481 4511 4482
f 4512 4513 4514
f 4512 4514 4515
f 4516 4517 4518
f 4516 4518 4519
f 4520 4488 4491
f 4520 4491 4521
f 4522 4523 4524
f 4522 4524 4525
f 4465 4526 4527
f 4465 4527 4466
f 4497 4528 4529
f 4497 4529 4498
f 4461 4530 4531
f 4461 4531 4462
f 4532 4456 4459
f 4532 4459 4533
f 4467 4496 4499
f 4467 4499 4464
f 4476 4516 4519
f 4476 4519 4477
f 4534 4484 4487
f 4534 4487 4535
f 4536 4537 4538
f 4536 4538 4539
f 4493 4534 4535
f 4493 4535 4494
f 4537 4492 4495
f 4537 4495 4538
f 4513 4522 4525
f 4513 4525 4514
f 4517 4468 4471
f 4517 4471 4518
f 4500 4501 4508
f 4500 4508 4507
f 4469 4520 4521
f 4469 4521 4470
f 4485 4540 4541
f 4485 4541 4486
f 4542 4543 4544
f 4542 4544 4545
f 4546 4536 4539
f 4546 4539 4547
f 4530 4548 4549
f 4530 4549 4531
f 4548 4527 4526
f 4548 4526 4549
f 4528 4542 4545
f 4528 4545 4529
f 4510 4460 4463
f 4510 4463 4511
f 4473 4546 4547
f 4473 4547 4474
f 4540 4550 4551
f 4540 4551 4541
f 4457 4512 4515
f 4457 4515 4458
f 4503 4472 4475
f 4503 4475 4504
f 4489 4502 4505
f 4489 4505 4490
f 4550 4552 4553
f 4550 4553 4551
f 4552 4480 4483
f 4552 4483 4553
f 4554 4532 4533
f 4554 4533 4555
f 4523 4506 4509
f 4523 4509 4524
f 4543 4554 4555
f 4543 4555 4544
f 4556 4557 4558
f 4556 4558 4559
f 4560 4561 4562
f 4560 4562 4563
f 4564 4565 4566
f 4564 4566 4567
f 4568 4569 4570
f 4568 4570 4571
f 4572 4573 4574
f 4572 4574 4575
f 4568 4571 4576
f 4568 4576 4577
f 4569 4564 4567
f 4569 4567 4570
f 4578 4572 4575
f 4578 4575 4579
f 4573 4580 4581
f 4573 4581 4574
f 4582 4578 4579
f 4582 4579 4583
f 4584 4585 4586
f 4584 4586 4587
f 4565 4582 4583
f 4565 4583 4566
f 4588 4577 4576
f 4588 4576 4589
f 4557 4588 4589
f 4557 4589 4558
f 4561 4584 4587
f 4561 4587 4562
f 4590 4556 4559
f 4590 4559 4591
f 4592 4593 4594
f 4592 4594 4595
f 4596 4597 4598
f 4596 4598 4599
f 4600 4601 4602
f 4600 4602 4603
f 4604 4596 4599
f 4604 4599 4605
f 4597 4592 4595
f 4597 4595 4598
f 4606 4600 4603
f 4606 4603 4607
f 4601 4608 4609
f 4601 4609 4602
f 4610 4606 4607
f 4610 4607 4611
f 4593 4610 4611
f 4593 4611 4594
f 4612 4604 4605
f 4612 4605 4613
f 4614 4612 4613
f 4614 4613 4615
f 4616 4617 4618
f 4616 4618 4619
f 4620 4621 4622
f 4620 4622 4623
f 4621 4614 4615
f 4621 4615 4622
f 4624 4625 4626
f 4624 4626 4627
f 4628 4629 4630
f 4628 4630 4631
f 4632 4633 4634
f 4632 4634 4635
f 4636 4637 4633
f 4636 4633 4632
f 4626 4625 4629
f 4626 4629 4628
f 4635 4634 4638
f 4635 4638 4639
f 4639 4638 4640
f 4639 4640 4641
f 4642 4643 4644
f 4642 4644 4645
f 4645 4644 4646
f 4645 4646 4647
f 4648 4649 4624
f 4648 4624 4627
f 4647 4646 4650
f 4647 4650 4651
f 4652 4653 4654
f 4652 4654 4655
f 4641 4640 4656
f 4641 4656 4657
f 4651 4650 4649
f 4651 4649 4648
f 4657 4656 4653
f 4657 4653 4652
f 4655 4654 4643
f 4655 4643 4642
f 4658 4659 4660
f 4658 4660 4661
f 4662 4663 4664
f 4662 4664 4665
f 4666 4667 4668
f 4666 4668 4669
f 4669 4668 4670
f 4669 4670 4671
f 4672 4673 4674
f 4672 4674 4675
f 4665 4664 4676
f 4665 4676 4677
f 4675 4674 4678
f 4675 4678 4679
f 4680 4681 4682
f 4680 4682 4683
f 4679 4678 4684
f 4679 4684 4685
f 4686 4687 4688
f 4686 4688 4689
f 4690 4671 4670
f 4690 4670 4691
f 4685 4684 4681
f 4685 4681 4680
f 4690 4691 4687
f 4690 4687 4686
f 4689 4688 4673
f 4689 4673 4672
f 4692 4693 4663
f 4692 4663 4662
f 4661 4660 4667
f 4661 4667 4666
f 4617 4694 4695
f 4617 4695 4618
f 4609 4608 4616
f 4609 4616 4619
f 4696 4697 4698
f 4696 4698 4699
f 4700 4701 4702
f 4700 4702 4703
f 4704 4705 4706
f 4704 4706 4707
f 4708 4709 4710
f 4708 4710 4711
f 4712 4713 4714
f 4712 4714 4715
f 4716 4717 4718
f 4716 4718 4719
f 4720 4721 4722
f 4720 4722 4723
f 4724 4725 4726
f 4724 4726 4727
f 4728 4729 4730
f 4728 4730 4731
f 4732 4733 4734
f 4732 4734 4735
f 4725 4736 4737
f 4725 4737 4726
f 4717 4738 4739
f 4717 4739 4718
f 4740 4741 4742
f 4740 4742 4743
f 4733 4744 4745
f 4733 4745 4734
f 4746 4747 4748
f 4746 4748 4749
f 4741 4732 4735
f 4741 4735 4742
f 4738 4728 4731
f 4738 4731 4739
f 4750 4720 4723
f 4750 4723 4751
f 4721 4716 4719
f 4721 4719 4722
f 4701 4750 4751
f 4701 4751 4702
f 4729 4746 4749
f 4729 4749 4730
f 4744 4724 4727
f 4744 4727 4745
f 4752 4753 4754
f 4752 4754 4755
f 4756 4757 4758
f 4756 4758 4759
f 4760 4761 4762
f 4760 4762 4763
f 4764 4765 4766
f 4764 4766 4767
f 4768 4760 4763
f 4768 4763 4769
f 4770 4771 4772
f 4770 4772 4773
f 4774 4775 4776
f 4774 4776 4777
f 4778 4779 4780
f 4778 4780 4781
f 4782 4783 4784
f 4782 4784 4785
f 4761 4786 4787
f 4761 4787 4762
f 4788 4712 4715
f 4788 4715 4789
f 4771 4756 4759
f 4771 4759 4772
f 4753 4790 4791
f 4753 4791 4754
f 4783 4770 4773
f 4783 4773 4784
f 4775 4792 4793
f 4775 4793 4776
f 4794 4795 4796
f 4794 4796 4797
f 4790 4782 4785
f 4790 4785 4791
f 4779 4788 4789
f 4779 4789 4780
f 4757 4774 4777
f 4757 4777 4758
f 4786 4798 4799
f 4786 4799 4787
f 4795 4752 4755
f 4795 4755 4796
f 4798 4778 4781
f 4798 4781 4799
f 4765 4768 4769
f 4765 4769 4766
f 4792 4764 4767
f 4792 4767 4793
f 4747 4740 4743
f 4747 4743 4748
f 4800 4801 4802
f 4800 4802 4803
f 4804 4805 4806
f 4804 4806 4807
f 4808 4809 4810
f 4808 4810 4811
f 4812 4813 4814
f 4812 4814 4815
f 4816 4708 4711
f 4816 4711 4817
f 4813 4818 4819
f 4813 4819 4814
f 4820 4821 4822
f 4820 4822 4823
f 4824 4825 4826
f 4824 4826 4827
f 4828 4829 4830
f 4828 4830 4831
f 4805 4832 4833
f 4805 4833 4806
f 4834 4835 4836
f 4834 4836 4837
f 4829 4838 4839
f 4829 4839 4830
f 4840 4841 4842
f 4840 4842 4843
f 4844 4824 4827
f 4844 4827 4845
f 4818 4846 4847
f 4818 4847 4819
f 4835 4828 4831
f 4835 4831 4836
f 4825 4812 4815
f 4825 4815 4826
f 4832 4820 4823
f 4832 4823 4833
f 4848 4844 4845
f 4848 4845 4849
f 4841 4834 4837
f 4841 4837 4842
f 4850 4808 4811
f 4850 4811 4851
f 4809 4804 4807
f 4809 4807 4810
f 4846 4850 4851
f 4846 4851 4847
f 4821 4840 4843
f 4821 4843 4822
f 4838 4816 4817
f 4838 4817 4839
f 4852 4853 4854
f 4852 4854 4855
f 4856 4857 4858
f 4856 4858 4859
f 4860 4861 4862
f 4860 4862 4863
f 4864 4865 4866
f 4864 4866 4867
f 4868 4860 4863
f 4868 4863 4869
f 4870 4871 4872
f 4870 4872 4873
f 4874 4875 4876
f 4874 4876 4877
f 4861 4878 4879
f 4861 4879 4862
f 4801 4856 4859
f 4801 4859 4802
f 4853 4880 4881
f 4853 4881 4854
f 4875 4800 4803
f 4875 4803 4876
f 4871 4882 4883
f 4871 4883 4872
f 4880 4874 4877
f 4880 4877 4881
f 4857 4870 4873
f 4857 4873 4858
f 4705 4852 4855
f 4705 4855 4706
f 4865 4868 4869
f 4865 4869 4866
f 4882 4864 4867
f 4882 4867 4883
f 4884 4885 4886
f 4884 4886 4887
f 4888 4889 4890
f 4888 4890 4891
f 4892 4893 4894
f 4892 4894 4895
f 4889 4892 4895
f 4889 4895 4890
f 4885 4888 4891
f 4885 4891 4886
f 4896 4884 4887
f 4896 4887 4897
f 4898 4899 4900
f 4898 4900 4901
f 4902 4903 4904
f 4902 4904 4905
f 4697 4906 4907
f 4697 4907 4698
f 4906 4902 4905
f 4906 4905 4907
f 4903 4898 4901
f 4903 4901 4904
f 4908 4909 4910
f 4908 4910 4911
f 4912 4913 4914
f 4912 4914 4915
f 4916 4917 4918
f 4913 4918 4917
f 4913 4917 4914
f 4909 4912 4915
f 4909 4915 4910
f 4911 4919 4920
f 4911 4920 4908
f 4921 4922 4923
f 4921 4923 4924
f 4925 4926 4927
f 4925 4927 4928
f 4929 4930 4931
f 4929 4931 4932
f 4933 4929 4932
f 4930 4925 4928
f 4930 4928 4931
f 4926 4921 4924
f 4926 4924 4927
f 4934 4935 4936
f 4934 4936 4937
f 4938 4937 4936
f 4938 4936 4939
f 4940 4941 4935
f 4940 4935 4934
f 4942 4943 4909
f 4942 4909 4908
f 4944 4945 4913
f 4944 4913 4912
f 4946 4947 4916
f 4946 4916 4918
f 4945 4946 4918
f 4945 4918 4913
f 4943 4944 4912
f 4943 4912 4909
f 4908 4920 4948
f 4908 4948 4942
f 4949 4950 4916
f 4949 4916 4947
f 4950 4949 4951
f 4950 4951 4952
f 4939 4953 4954
f 4939 4954 4938
f 4953 4955 4956
f 4953 4956 4954
f 4955 4952 4951
f 4955 4951 4956
f 4957 4958 4941
f 4957 4941 4940
f 4959 4958 4957
f 4959 4957 4960
f 4961 4959 4960
f 4961 4960 4962
f 4961 4962 4963
f 4961 4963 4964
f 4965 4966 4967
f 4965 4967 4968
f 4969 4970 4971
f 4969 4971 4972
f 4973 4965 4968
f 4973 4968 4974
f 4975 4973 4974
f 4975 4974 4976
f 4970 4975 4976
f 4970 4976 4971
f 4977 4978 4969
f 4977 4969 4972
f 4964 4963 4978
f 4964 4978 4977
f 4979 4980 4981
f 4979 4981 4982
f 4980 4983 4984
f 4980 4984 4981
f 4985 4986 4987
f 4985 4987 4988
f 4988 4987 4989
f 4988 4989 4990
f 4990 4989 4991
f 4990 4991 4992
f 4984 4983 4986
f 4984 4986 4985
f 4992 4991 4993
f 4992 4993 4994
f 4995 4979 4982
f 4995 4982 4996
f 4995 4996 4997
f 4995 4997 4998
f 4998 4997 4999
f 4998 4999 5000
f 4999 5001 5002
f 4999 5002 5000
f 5003 5004 5005
f 5003 5005 5006
f 5007 5008 5004
f 5007 5004 5003
f 5009 5010 5008
f 5009 5008 5007
f 5011 5006 5005
f 5011 5005 5012
f 5012 5013 4933
f 5012 4933 5011
f 5014 4922 4921
f 5014 4921 5015
f 5016 4926 4925
f 5016 4925 5017
f 5018 4930 4929
f 5018 4929 5019
f 5019 4929 4933
f 5019 4933 5013
f 5017 4925 4930
f 5017 4930 5018
f 5015 4921 4926
f 5015 4926 5016
f 5001 5020 5021
f 5001 5021 5002
f 5010 5009 5022
f 5010 5022 5023
f 5020 5023 5022
f 5020 5022 5021
o Object_8
usemtl DefaultWhite_sc7_top_png
v -252.42660 -20.67110 -11.52649
v -252.42660 -20.12890 -11.52649
v -252.42660 -20.12890 -11.18932
v -252.42660 -20.67110 -11.18932
v -252.46611 -20.67110 -11.22351
v -252.46611 -20.12890 -11.22351
v -252.46611 -20.12890 -10.88629
v -252.46611 -20.67110 -10.88629
v -252.42660 -20.67110 -10.51259
v -252.42660 -20.12890 -10.51259
v -252.42660 -20.12890 -10.17542
v -252.42660 -20.67110 -10.17542
v -252.42660 -20.67110 -10.92629
v -252.42660 -20.12890 -10.92629
v -252.42660 -20.12890 -10.58912
v -252.42660 -20.67110 -10.58912
v -252.54900 -20.40000 -11.74521
v -252.54900 -20.40000 -9.14831
v -252.54900 -22.99690 -9.14831
v -252.54900 -22.99690 -11.74521
v -252.54900 -17.80310 -11.74521
v -252.54900 -17.80310 -9.14831
v -252.54900 -22.34770 -7.20062
v -252.54900 -22.99690 -7.84979
v -252.54900 -20.40000 -6.55141
v -252.54900 -21.69840 -6.55141
v -252.54900 -18.45230 -7.20062
v -252.54900 -19.10160 -6.55141
v -252.54900 -17.80310 -7.84979
v -252.51639 -20.89230 -11.92670
v -252.51639 -19.90770 -11.92670
v -252.51639 -19.90770 -9.68189
v -252.51639 -20.89230 -9.68189
v -252.54900 -16.97340 -10.83250
v -252.54900 -16.97340 -9.89690
v -252.54900 -17.90900 -9.89690
v -252.54900 -17.90900 -10.83250
v -252.54900 -21.27800 -12.82091
v -252.54900 -21.27800 -11.88521
v -252.54900 -22.21370 -11.88521
v -252.54900 -22.21370 -12.82091
v -252.54900 -22.97940 -10.60710
v -252.54900 -22.97940 -9.67140
v -252.54900 -23.91500 -9.67140
v -252.54900 -23.91500 -10.60710
v -252.33240 -20.05180 -10.04071
v -252.33240 -21.04350 -9.84349
v -252.33240 -20.74820 -10.04071
v -252.33240 -20.40000 -10.11000
v -252.33240 -19.75650 -9.84349
v -252.33240 -21.24070 -9.54819
v -252.33240 -19.55930 -9.54819
v -252.33240 -21.31000 -9.20000
v -252.33240 -19.49000 -9.20000
v -252.33240 -21.24070 -8.85181
v -252.33240 -19.55930 -8.85181
v -252.33240 -21.04350 -8.55651
v -252.33240 -19.75650 -8.55651
v -252.33240 -20.74820 -8.35929
v -252.33240 -20.40000 -8.29000
v -252.33240 -20.05180 -8.35929
v -251.63691 -20.72350 -9.06601
v -251.63691 -20.75010 -9.20000
v -251.63691 -20.04990 -9.20000
v -251.63691 -20.07650 -9.06601
v -251.63691 -20.64760 -8.95238
v -251.63691 -20.15240 -8.95238
v -251.63691 -20.26600 -8.87651
v -251.63691 -20.53400 -8.87651
v -251.63691 -20.40000 -8.84991
v -251.63691 -20.72350 -9.33399
v -251.63691 -20.07650 -9.33399
v -251.63691 -20.64760 -9.44762
v -251.63691 -20.15240 -9.44762
v -251.63691 -20.53400 -9.52349
v -251.63691 -20.26600 -9.52349
v -251.63691 -20.40000 -9.55009
v -251.67041 -20.11950 -8.91948
v -251.67041 -20.24820 -8.83350
v -252.30589 -20.11950 -8.91948
v -252.30589 -20.24820 -8.83350
v -251.67041 -20.40000 -8.80332
v -252.30589 -20.40000 -8.80332
v -251.67041 -20.55180 -8.83350
v -252.30589 -20.55180 -8.83350
v -251.67041 -20.68050 -8.91948
v -252.30589 -20.68050 -8.91948
v -251.67041 -20.76650 -9.04822
v -252.30589 -20.76650 -9.04822
v -251.67041 -20.79670 -9.20000
v -252.30589 -20.79670 -9.20000
v -251.67041 -20.76650 -9.35178
v -252.30589 -20.76650 -9.35178
v -251.67041 -20.68050 -9.48052
v -252.30589 -20.68050 -9.48052
v -251.67041 -20.55180 -9.56650
v -252.30589 -20.55180 -9.56650
v -251.67041 -20.40000 -9.59668
v -252.30589 -20.40000 -9.59668
v -251.67041 -20.24820 -9.56650
v -252.30589 -20.24820 -9.56650
v -251.67041 -20.11950 -9.48052
v -252.30589 -20.11950 -9.48052
v -251.67041 -20.03350 -9.35178
v -252.30589 -20.03350 -9.35178
v -251.67041 -20.00330 -9.20000
v -252.30589 -20.00330 -9.20000
v -251.67041 -20.03350 -9.04822
v -252.30589 -20.03350 -9.04822
v -252.33240 -19.75650 -8.55651
v -252.33240 -19.55930 -8.85181
v -252.37291 -19.53010 -8.83970
v -252.37291 -19.73420 -8.53419
v -252.33240 -19.49000 -9.20000
v -252.37291 -19.45840 -9.20000
v -252.37291 -19.53010 -8.83970
v -252.33240 -19.55930 -9.54819
v -252.37291 -19.53010 -9.56030
v -252.37291 -19.45840 -9.20000
v -252.33240 -19.75650 -9.84349
v -252.37291 -19.73420 -9.86581
v -252.37291 -19.53010 -9.56030
v -252.33240 -20.05180 -10.04071
v -252.37291 -20.03970 -10.06989
v -252.37291 -19.73420 -9.86581
v -252.33240 -20.40000 -10.11000
v -252.37291 -20.40000 -10.14161
v -252.37291 -20.03970 -10.06989
v -252.33240 -20.40000 -10.11000
v -252.33240 -20.74820 -10.04071
v -252.37291 -20.76030 -10.06989
v -252.37291 -20.40000 -10.14161
v -252.33240 -20.74820 -10.04071
v -252.37291 -21.06580 -9.86581
v -252.37291 -20.76030 -10.06989
v -252.33240 -21.04350 -9.84349
v -252.37291 -21.26990 -9.56030
v -252.37291 -21.06580 -9.86581
v -252.33240 -21.24070 -9.54819
v -252.37291 -21.34160 -9.20000
v -252.37291 -21.26990 -9.56030
v -252.33240 -21.31000 -9.20000
v -252.37291 -21.26990 -8.83970
v -252.37291 -21.34160 -9.20000
v -252.33240 -21.24070 -8.85181
v -252.37291 -21.06580 -8.53419
v -252.37291 -21.26990 -8.83970
v -252.33240 -21.04350 -8.55651
v -252.33240 -20.74820 -8.35929
v -252.37291 -20.76030 -8.33011
v -252.37291 -21.06580 -8.53419
v -252.33240 -20.74820 -8.35929
v -252.33240 -20.40000 -8.29000
v -252.37291 -20.40000 -8.25839
v -252.37291 -20.76030 -8.33011
v -252.33240 -20.05180 -8.35929
v -252.37291 -20.03970 -8.33011
v -252.37291 -20.40000 -8.25839
v -252.33240 -20.05180 -8.35929
v -252.33240 -19.75650 -8.55651
v -252.37291 -19.73420 -8.53419
v -252.37291 -20.03970 -8.33011
v -252.33240 -20.05180 -10.04071
v -252.33240 -21.04350 -9.84349
v -252.37291 -21.06580 -9.86581
v -252.37291 -20.03970 -10.06989
v -252.33240 -19.75650 -9.84349
v -252.33240 -21.24070 -9.54819
v -252.37291 -21.26990 -9.56030
v -252.37291 -19.73420 -9.86581
v -252.33240 -19.55930 -9.54819
v -252.33240 -21.31000 -9.20000
v -252.37291 -21.34160 -9.20000
v -252.37291 -19.53010 -9.56030
v -252.33240 -19.49000 -9.20000
v -252.33240 -21.24070 -8.85181
v -252.37291 -21.26990 -8.83970
v -252.37291 -19.45840 -9.20000
v -252.33240 -21.04350 -8.55651
v -252.37291 -21.06580 -8.53419
v -252.37291 -19.53010 -8.83970
v -252.33240 -19.75650 -8.55651
v -252.37291 -20.76030 -8.33011
v -252.37291 -19.73420 -8.53419
v -251.27950 -19.12330 -12.33540
v -251.27950 -19.19000 -12.43382
v -251.27950 -19.15050 -12.44721
v -251.27950 -19.06750 -12.36420
v -251.27950 -19.17080 -12.29420
v -251.27950 -19.21700 -12.40220
v -251.27950 -19.23050 -12.27508
v -251.27950 -19.25550 -12.38990
v -251.27950 -19.29300 -12.28108
v -251.27950 -19.29590 -12.40001
v -251.27950 -19.35520 -12.27221
v -251.27950 -19.33570 -12.38799
v -251.27950 -19.41570 -12.28838
v -251.27950 -19.37470 -12.39839
v -251.27950 -19.46510 -12.32729
v -251.27950 -19.40320 -12.42881
v -251.27950 -19.52230 -12.35328
v -251.27950 -19.44330 -12.44020
v -251.27950 -19.56440 -12.39972
v -251.27950 -19.47040 -12.47010
v -251.27950 -19.58490 -12.45909
v -251.27950 -19.47800 -12.51101
v -251.27950 -19.61900 -12.51192
v -251.27950 -19.50550 -12.54230
v -251.27950 -19.62930 -12.57372
v -251.27950 -19.51220 -12.58211
v -251.27950 -19.61450 -12.63480
v -251.27950 -19.49650 -12.62069
v -251.27950 -19.61450 -12.69760
v -251.27950 -19.50260 -12.66179
v -251.27950 -19.58990 -12.75520
v -251.27950 -19.48680 -12.69889
v -251.27950 -19.54440 -12.79850
v -251.27950 -19.45270 -12.72292
v -251.27950 -19.51040 -12.85138
v -251.27950 -19.43560 -12.76078
v -251.27950 -19.45850 -12.88648
v -251.27950 -19.40220 -12.78338
v -251.27950 -19.39680 -12.89840
v -251.27950 -19.36060 -12.78520
v -251.27950 -19.33970 -12.92448
v -251.27950 -19.32570 -12.80789
v -251.27950 -19.27700 -12.92601
v -251.27950 -19.28540 -12.80890
v -251.27950 -19.21870 -12.90259
v -251.27950 -19.24950 -12.78782
v -251.27950 -19.15650 -12.89372
v -251.27950 -19.20780 -12.78811
v -251.27950 -19.10300 -12.86111
v -251.27950 -19.17340 -12.76708
v -251.27950 -19.06660 -12.80990
v -251.27950 -19.15460 -12.72998
v -251.27950 -19.01910 -12.76879
v -251.27950 -19.11940 -12.70771
v -251.27950 -18.99170 -12.71238
v -251.27950 -19.10180 -12.67142
v -251.27950 -18.98880 -12.64968
v -251.27950 -19.10600 -12.62999
v -251.27950 -18.97100 -12.58941
v -251.27950 -19.08840 -12.59222
v -251.27950 -18.97850 -12.52718
v -251.27950 -19.09320 -12.55212
v -251.27950 -19.00990 -12.47282
v -251.27950 -19.11920 -12.51960
v -251.27950 -19.02760 -12.41250
v -251.27950 -19.12490 -12.47830
v -252.30000 -18.97040 -12.26721
v -252.30000 -19.05160 -12.22959
v -251.29941 -19.10090 -12.30230
v -251.29941 -19.03800 -12.33468
v -251.29941 -19.03800 -12.33468
v -251.29941 -19.10090 -12.30230
v -252.30000 -19.11670 -12.16812
v -251.29941 -19.15440 -12.25591
v -251.29941 -19.15440 -12.25591
v -252.30000 -19.20130 -12.14108
v -251.29941 -19.22160 -12.23440
v -251.29941 -19.22160 -12.23440
v -252.30000 -19.29000 -12.15339
v -251.29941 -19.29210 -12.24122
v -251.29941 -19.29210 -12.24122
v -252.30000 -19.37800 -12.13689
v -251.29941 -19.36210 -12.23111
v -251.29941 -19.36210 -12.23111
v -252.30000 -19.46370 -12.15992
v -251.29941 -19.43030 -12.24928
v -251.29941 -19.43030 -12.24928
v -252.30000 -19.53170 -12.21809
v -251.29941 -19.48590 -12.29310
v -251.29941 -19.48590 -12.29310
v -252.30000 -19.61460 -12.25190
v -251.29941 -19.55030 -12.32252
v -251.29941 -19.55030 -12.32252
v -252.30000 -19.67430 -12.31761
v -251.29941 -19.59780 -12.37469
v -251.29941 -19.59780 -12.37469
v -252.30000 -19.70000 -12.40330
v -251.29941 -19.62090 -12.44159
v -251.29941 -19.62090 -12.44159
v -252.30000 -19.75150 -12.47649
v -251.29941 -19.65920 -12.50110
v -251.29941 -19.65920 -12.50110
v -252.30000 -19.76630 -12.56409
v -251.29941 -19.67090 -12.57071
v -251.29941 -19.67090 -12.57071
v -252.30000 -19.74150 -12.65011
v -251.29941 -19.65420 -12.63952
v -251.29941 -19.65420 -12.63952
v -252.30000 -19.74530 -12.73952
v -251.29941 -19.65420 -12.71029
v -251.29941 -19.65420 -12.71029
v -252.30000 -19.71030 -12.82110
v -251.29941 -19.62640 -12.77518
v -251.29941 -19.62640 -12.77518
v -252.30000 -19.64300 -12.88009
v -251.29941 -19.57520 -12.82401
v -251.29941 -19.57520 -12.82401
v -252.30000 -19.59780 -12.95738
v -251.29941 -19.53700 -12.88352
v -251.29941 -19.53700 -12.88352
v -252.30000 -19.52430 -13.00721
v -251.29941 -19.47850 -12.92310
v -251.29941 -19.47850 -12.92310
v -252.30000 -19.43580 -13.02042
v -251.29941 -19.40900 -12.93650
v -251.29941 -19.40900 -12.93650
v -252.30000 -19.35600 -13.06100
v -251.29941 -19.34460 -12.96592
v -251.29941 -19.34460 -12.96592
v -252.30000 -19.26720 -13.06310
v -251.29941 -19.27410 -12.96759
v -251.29941 -19.27410 -12.96759
v -252.30000 -19.18560 -13.02629
v -251.29941 -19.20840 -12.94122
v -251.29941 -19.20840 -12.94122
v -252.30000 -19.09650 -13.01732
v -251.29941 -19.13830 -12.93120
v -251.29941 -19.13830 -12.93120
v -252.30000 -19.02070 -12.97112
v -251.29941 -19.07800 -12.89449
v -251.29941 -19.07800 -12.89449
v -252.30000 -18.97190 -12.89611
v -251.29941 -19.03700 -12.83679
v -251.29941 -19.03700 -12.83679
v -252.30000 -18.90180 -12.84041
v -251.29941 -18.98350 -12.79049
v -251.29941 -18.98350 -12.79049
v -252.30000 -18.86310 -12.76050
v -251.29941 -18.95270 -12.72702
v -251.29941 -18.95270 -12.72702
v -252.30000 -18.86260 -12.67099
v -251.29941 -18.94930 -12.65631
v -251.29941 -18.94930 -12.65631
v -252.30000 -18.83370 -12.58631
v -251.29941 -18.92940 -12.58841
v -251.29941 -18.92940 -12.58841
v -252.30000 -18.84430 -12.49809
v -251.29941 -18.93770 -12.51831
v -251.29941 -18.93770 -12.51831
v -252.30000 -18.89230 -12.42251
v -251.29941 -18.97320 -12.45699
v -251.29941 -18.97320 -12.45699
v -252.30000 -18.91390 -12.33568
v -251.29941 -18.99310 -12.38909
v -251.29941 -18.99310 -12.38909
v -251.26820 -19.17870 -12.89210
v -251.26820 -19.52510 -12.82320
v -251.26820 -19.42200 -12.89210
v -251.26820 -19.30030 -12.91628
v -251.26820 -19.07560 -12.82320
v -251.26820 -19.59400 -12.72011
v -251.26820 -19.00660 -12.72011
v -251.26820 -19.61820 -12.59842
v -251.26820 -18.98250 -12.59842
v -251.26820 -19.59400 -12.47678
v -251.26820 -19.00660 -12.47678
v -251.26820 -19.52510 -12.37369
v -251.26820 -19.07560 -12.37369
v -251.26820 -19.42200 -12.30478
v -251.26820 -19.30030 -12.28061
v -251.26820 -19.17870 -12.30478
v -252.34489 -17.31510 -11.93490
v -252.34489 -18.20420 -10.61072
v -252.34489 -18.53220 -11.01122
v -252.34489 -17.77600 -12.49762
v -252.34489 -16.76110 -9.14979
v -252.34489 -17.80980 -8.62832
v -252.34489 -17.75860 -9.14350
v -252.34489 -16.68910 -9.87358
v -252.34489 -16.97160 -8.45351
v -252.34489 -17.95970 -8.13270
v -252.34489 -17.31510 -7.81231
v -252.34489 -18.20420 -7.67632
v -252.34489 -17.77600 -7.24959
v -252.34489 -18.53220 -7.27568
v -252.34489 -18.33870 -6.78868
v -252.34489 -18.93280 -6.94761
v -252.34489 -18.97990 -6.44522
v -252.34489 -19.38920 -6.70309
v -252.34489 -19.67620 -6.23469
v -252.34489 -19.88480 -6.55332
v -252.34489 -20.40000 -6.16269
v -252.34489 -20.40000 -6.50210
v -252.34489 -21.12380 -6.23469
v -252.34489 -20.91520 -6.55332
v -252.34489 -21.82010 -6.44522
v -252.34489 -21.41080 -6.70309
v -252.34489 -22.46130 -6.78868
v -252.34489 -21.86720 -6.94761
v -252.34489 -23.02400 -7.24959
v -252.34489 -22.26780 -7.27568
v -252.34489 -23.48490 -7.81231
v -252.34489 -22.59580 -7.67632
v -252.34489 -23.82840 -8.45351
v -252.34489 -22.84030 -8.13270
v -252.34489 -24.03890 -9.14979
v -252.34489 -22.99020 -8.62832
v -252.34489 -24.11090 -9.87358
v -252.34489 -23.04140 -9.14350
v -252.34489 -23.48490 -11.93490
v -252.34489 -23.02400 -12.49762
v -252.34489 -22.26780 -11.01122
v -252.34489 -22.59580 -10.61072
v -252.34489 -22.46130 -12.95848
v -252.34489 -21.86720 -11.33928
v -252.34489 -19.67620 -13.51252
v -252.34489 -19.88480 -11.73358
v -252.34489 -20.40000 -11.78489
v -252.34489 -20.40000 -13.58452
v -252.34489 -18.97990 -13.30199
v -252.34489 -19.38920 -11.58381
v -252.34489 -18.33870 -12.95848
v -252.34489 -18.93280 -11.33928
v -252.34489 -18.22760 -10.59499
v -252.34489 -17.95970 -10.15429
v -252.34489 -17.98570 -10.14352
v -252.51639 -18.06810 -10.10938
v -252.51639 -18.30180 -10.54549
v -252.34489 -18.55220 -10.99129
v -252.51639 -18.61530 -10.92820
v -252.34489 -17.80980 -9.65872
v -252.34489 -17.83750 -9.65319
v -252.51639 -17.92500 -9.63578
v -252.34489 -17.78680 -9.14350
v -252.51639 -17.87600 -9.14350
v -252.34489 -17.83750 -8.63380
v -252.51639 -17.92500 -8.65121
v -252.34489 -17.98570 -8.14338
v -252.51639 -18.06810 -8.17761
v -252.34489 -18.22760 -7.69191
v -252.51639 -18.30180 -7.74150
v -252.34489 -18.55220 -7.29561
v -252.51639 -18.61530 -7.35879
v -252.34489 -18.94840 -6.97112
v -252.51639 -18.99800 -7.04532
v -252.34489 -19.40000 -6.72922
v -252.51639 -19.43410 -6.81162
v -252.34489 -19.89030 -6.58088
v -252.51639 -19.90770 -6.66852
v -252.34489 -20.40000 -6.53028
v -252.51639 -20.40000 -6.61950
v -252.34489 -20.90970 -6.58088
v -252.51639 -20.89230 -6.66852
v -252.34489 -21.40000 -6.72922
v -252.51639 -21.36590 -6.81162
v -252.34489 -21.85160 -6.97112
v -252.51639 -21.80200 -7.04532
v -252.34489 -22.24780 -7.29561
v -252.51639 -22.18470 -7.35879
v -252.34489 -22.57240 -7.69191
v -252.51639 -22.49820 -7.74150
v -252.34489 -22.81430 -8.14338
v -252.51639 -22.73190 -8.17761
v -252.34489 -22.96250 -8.63380
v -252.51639 -22.87500 -8.65121
v -252.34489 -23.01320 -9.14350
v -252.51639 -22.92400 -9.14350
v -252.34489 -22.99020 -9.65872
v -252.34489 -22.96250 -9.65319
v -252.51639 -22.87500 -9.63578
v -252.34489 -22.84030 -10.15429
v -252.34489 -22.81430 -10.14352
v -252.51639 -22.73190 -10.10938
v -252.34489 -22.57240 -10.59499
v -252.51639 -22.49820 -10.54549
v -252.34489 -22.24780 -10.99129
v -252.51639 -22.18470 -10.92820
v -252.34489 -21.85160 -11.31592
v -252.51639 -21.80200 -11.24172
v -252.34489 -21.41080 -11.58381
v -252.34489 -21.40000 -11.55782
v -252.51639 -21.36590 -11.47528
v -252.34489 -20.91520 -11.73358
v -252.34489 -20.90970 -11.70602
v -252.51639 -20.89230 -11.61852
v -252.34489 -20.40000 -11.75671
v -252.51639 -20.40000 -11.66749
v -252.34489 -19.89030 -11.70602
v -252.51639 -19.90770 -11.61852
v -252.34489 -19.40000 -11.55782
v -252.51639 -19.43410 -11.47528
v -252.34489 -18.94840 -11.31592
v -252.51639 -18.99800 -11.24172
v -252.39029 -16.88770 -11.32841
v -252.39029 -17.23960 -11.98530
v -252.54200 -17.23960 -11.98530
v -252.54200 -16.88770 -11.32841
v -252.39029 -17.71180 -12.56180
v -252.54200 -17.71180 -12.56180
v -252.39029 -16.67210 -10.61511
v -252.54200 -16.67210 -10.61511
v -252.39029 -16.59830 -9.87358
v -252.54200 -16.59830 -9.87358
v -252.39029 -16.67210 -9.13210
v -252.54200 -16.67210 -9.13210
v -252.39029 -16.88770 -8.41880
v -252.54200 -16.88770 -8.41880
v -252.39029 -17.23960 -7.76191
v -252.54200 -17.23960 -7.76191
v -252.39029 -17.71180 -7.18541
v -252.54200 -17.71180 -7.18541
v -252.39029 -18.28830 -6.71320
v -252.54200 -18.28830 -6.71320
v -252.39029 -18.94520 -6.36129
v -252.54200 -18.94520 -6.36129
v -252.39029 -19.65850 -6.14572
v -252.54200 -19.65850 -6.14572
v -252.39029 -20.40000 -6.07190
v -252.54200 -20.40000 -6.07190
v -252.39029 -21.14150 -6.14572
v -252.54200 -21.14150 -6.14572
v -252.39029 -21.85480 -6.36129
v -252.54200 -21.85480 -6.36129
v -252.39029 -22.51170 -6.71320
v -252.54200 -22.51170 -6.71320
v -252.39029 -23.08820 -7.18541
v -252.54200 -23.08820 -7.18541
v -252.39029 -23.56040 -7.76191
v -252.54200 -23.56040 -7.76191
v -252.39029 -23.91230 -8.41880
v -252.54200 -23.91230 -8.41880
v -252.39029 -24.12790 -9.13210
v -252.54200 -24.12790 -9.13210
v -252.39029 -24.20170 -9.87358
v -252.54200 -24.20170 -9.87358
v -252.39029 -24.12790 -10.61511
v -252.54200 -24.12790 -10.61511
v -252.39029 -23.91230 -11.32841
v -252.54200 -23.91230 -11.32841
v -252.39029 -23.56040 -11.98530
v -252.54200 -23.56040 -11.98530
v -252.39029 -23.08820 -12.56180
v -252.54200 -23.08820 -12.56180
v -252.39029 -22.51170 -13.03401
v -252.54200 -22.51170 -13.03401
v -252.39029 -21.85480 -13.38592
v -252.54200 -21.85480 -13.38592
v -252.39029 -21.14150 -13.60149
v -252.54200 -21.14150 -13.60149
v -252.39029 -20.40000 -13.67531
v -252.54200 -20.40000 -13.67531
v -252.39029 -19.65850 -13.60149
v -252.54200 -19.65850 -13.60149
v -252.39029 -18.94520 -13.38592
v -252.54200 -18.94520 -13.38592
v -252.39029 -18.28830 -13.03401
v -252.54200 -18.28830 -13.03401
v -252.34489 -17.16070 -10.52098
v -252.34489 -17.29100 -10.57382
v -252.34489 -16.97160 -11.29370
v -252.34489 -17.41930 -10.26778
v -252.34489 -17.29100 -10.21872
v -252.34489 -23.36000 -10.07891
v -252.34489 -23.30870 -10.19802
v -252.34489 -23.49020 -10.02421
v -252.34489 -23.61860 -10.07328
v -252.34489 -23.66800 -10.19802
v -252.34489 -24.03890 -10.59742
v -252.34489 -23.61860 -10.32090
v -252.34489 -23.82840 -11.29370
v -252.34489 -23.49020 -10.37931
v -252.34489 -23.33440 -10.72402
v -252.34489 -23.36000 -10.32648
v -252.34489 -21.69660 -12.20918
v -252.34489 -21.56640 -12.26392
v -252.34489 -21.82490 -12.25829
v -252.34489 -21.87430 -12.38298
v -252.34489 -21.82010 -13.30199
v -252.34489 -21.82490 -12.50591
v -252.34489 -21.69660 -12.56428
v -252.34489 -21.12380 -13.51252
v -252.34489 -21.56640 -12.51149
v -252.34489 -21.01950 -12.62312
v -252.34489 -21.51510 -12.38298
v -252.34489 -17.16070 -10.27341
v -252.34489 -17.10940 -10.39252
v -252.34489 -16.76110 -10.59742
v -252.34489 -17.46870 -10.39252
v -252.34489 -17.46560 -10.72402
v -252.34489 -17.41930 -10.51540
v -252.36900 -17.27510 -11.96160
v -252.36900 -16.92710 -11.31210
v -252.36900 -17.74200 -12.53161
v -252.36900 -16.71390 -10.60681
v -252.36900 -16.64100 -9.87358
v -252.36900 -16.71390 -9.14040
v -252.36900 -16.92710 -8.43511
v -252.36900 -17.27510 -7.78561
v -252.36900 -17.74200 -7.21560
v -252.36900 -18.31200 -6.74872
v -252.36900 -18.96150 -6.40068
v -252.36900 -19.66680 -6.18749
v -252.36900 -20.40000 -6.11458
v -252.36900 -21.13320 -6.18749
v -252.36900 -21.83850 -6.40068
v -252.36900 -22.48800 -6.74872
v -252.36900 -23.05800 -7.21560
v -252.36900 -23.52490 -7.78561
v -252.36900 -23.87290 -8.43511
v -252.36900 -24.08610 -9.14040
v -252.36900 -24.15900 -9.87358
v -252.36900 -24.08610 -10.60681
v -252.36900 -23.87290 -11.31210
v -252.36900 -23.52490 -11.96160
v -252.36900 -23.05800 -12.53161
v -252.36900 -22.48800 -12.99849
v -252.36900 -21.83850 -13.34648
v -252.36900 -21.13320 -13.55972
v -252.36900 -20.40000 -13.63258
v -252.36900 -19.66680 -13.55972
v -252.36900 -18.96150 -13.34648
v -252.36900 -18.31200 -12.99849
v -252.51510 -19.55120 -10.16040
v -252.51510 -19.60070 -10.28509
v -252.51510 -19.29270 -10.41360
v -252.51510 -19.24140 -10.28509
v -252.51510 -19.29270 -10.16598
v -252.51510 -19.42290 -10.11128
v -252.51510 -19.55120 -10.40802
v -252.51510 -19.42290 -10.46648
v -252.51510 -21.45700 -10.40802
v -252.51510 -21.32870 -10.46648
v -252.51510 -21.19840 -10.41360
v -252.51510 -21.50640 -10.28509
v -252.51510 -21.45700 -10.16040
v -252.51510 -21.14720 -10.28509
v -252.51510 -21.19840 -10.16598
v -252.51510 -21.32870 -10.11128
v -252.51510 -19.55120 -11.00931
v -252.51510 -19.42290 -11.06768
v -252.51510 -19.29270 -11.01489
v -252.51510 -19.60070 -10.88638
v -252.51510 -19.55120 -10.76169
v -252.51510 -19.24140 -10.88638
v -252.51510 -19.29270 -10.76732
v -252.51510 -19.42290 -10.71258
v -252.46880 -17.64780 -12.68458
v -252.46880 -17.74710 -12.93540
v -252.46880 -17.12770 -13.19389
v -252.46880 -17.02460 -12.93540
v -252.46880 -17.12770 -12.69579
v -252.46880 -17.38960 -12.58578
v -252.46880 -17.64780 -13.18259
v -252.46880 -17.38960 -13.30009
v -252.46880 -23.64870 -13.18259
v -252.46880 -23.39050 -13.30009
v -252.46880 -23.12860 -13.19389
v -252.46880 -23.74800 -12.93540
v -252.46880 -23.64870 -12.68458
v -252.46880 -23.02540 -12.93540
v -252.46880 -23.12860 -12.69579
v -252.46880 -23.39050 -12.58578
v -252.46880 -23.64870 -6.66151
v -252.46880 -23.74800 -6.91242
v -252.46880 -23.12860 -7.17082
v -252.46880 -23.02540 -6.91242
v -252.46880 -23.12860 -6.67272
v -252.46880 -23.39050 -6.56271
v -252.46880 -23.64870 -7.15952
v -252.46880 -23.39050 -7.27701
v -252.46880 -17.64780 -7.15952
v -252.46880 -17.38960 -7.27701
v -252.46880 -17.12770 -7.17082
v -252.46880 -17.74710 -6.91242
v -252.46880 -17.64780 -6.66151
v -252.46880 -17.02460 -6.91242
v -252.46880 -17.12770 -6.67272
v -252.46880 -17.38960 -6.56271
f 5024 5025 5026
f 5024 5026 5027
f 5028 5029 5030
f 5028 5030 5031
f 5032 5033 5034
f 5032 5034 5035
f 5036 5037 5038
f 5036 5038 5039
f 5040 5041 5042
f 5040 5042 5043
f 5044 5045 5041
f 5044 5041 5040
f 5042 5041 5046
f 5042 5046 5047
f 5041 5048 5049
f 5041 5049 5046
f 5048 5041 5050
f 5048 5050 5051
f 5041 5045 5052
f 5041 5052 5050
f 5053 5054 5055
f 5053 5055 5056
f 5057 5058 5059
f 5057 5059 5060
f 5061 5062 5063
f 5061 5063 5064
f 5065 5066 5067
f 5065 5067 5068
f 5069 5070 5071
f 5069 5071 5072
f 5073 5074 5070
f 5073 5070 5069
f 5075 5076 5074
f 5075 5074 5073
f 5077 5078 5076
f 5077 5076 5075
f 5079 5080 5078
f 5079 5078 5077
f 5079 5081 5082
f 5079 5082 5080
f 5083 5082 5081
f 5083 5081 5084
f 5085 5086 5087
f 5085 5087 5088
f 5089 5085 5088
f 5089 5088 5090
f 5091 5092 5089
f 5091 5089 5090
f 5091 5093 5092
f 5086 5094 5095
f 5086 5095 5087
f 5094 5096 5097
f 5094 5097 5095
f 5096 5098 5099
f 5096 5099 5097
f 5098 5100 5099
f 5091 5090 5101
f 5091 5101 5102
f 5102 5101 5103
f 5102 5103 5104
f 5091 5102 5105
f 5091 5105 5093
f 5102 5104 5106
f 5102 5106 5105
f 5093 5105 5107
f 5093 5107 5092
f 5105 5106 5108
f 5105 5108 5107
f 5092 5107 5109
f 5092 5109 5089
f 5107 5108 5110
f 5107 5110 5109
f 5089 5109 5111
f 5089 5111 5085
f 5109 5110 5112
f 5109 5112 5111
f 5085 5111 5113
f 5085 5113 5086
f 5111 5112 5114
f 5111 5114 5113
f 5086 5113 5115
f 5086 5115 5094
f 5113 5114 5116
f 5113 5116 5115
f 5094 5115 5117
f 5094 5117 5096
f 5115 5116 5118
f 5115 5118 5117
f 5096 5117 5119
f 5096 5119 5098
f 5117 5118 5120
f 5117 5120 5119
f 5098 5119 5121
f 5098 5121 5100
f 5119 5120 5122
f 5119 5122 5121
f 5100 5121 5123
f 5100 5123 5099
f 5121 5122 5124
f 5121 5124 5123
f 5099 5123 5125
f 5099 5125 5097
f 5123 5124 5126
f 5123 5126 5125
f 5097 5125 5127
f 5097 5127 5095
f 5125 5126 5128
f 5125 5128 5127
f 5095 5127 5129
f 5095 5129 5087
f 5127 5128 5130
f 5127 5130 5129
f 5087 5129 5131
f 5087 5131 5088
f 5129 5130 5132
f 5129 5132 5131
f 5090 5088 5131
f 5090 5131 5101
f 5101 5131 5132
f 5101 5132 5103
f 5133 5134 5135
f 5133 5135 5136
f 5079 5137 5138
f 5079 5138 5139
f 5077 5140 5141
f 5077 5141 5142
f 5075 5143 5144
f 5075 5144 5145
f 5073 5146 5147
f 5073 5147 5148
f 5069 5149 5150
f 5069 5150 5151
f 5152 5153 5154
f 5152 5154 5155
f 5156 5070 5157
f 5156 5157 5158
f 5159 5074 5160
f 5159 5160 5161
f 5162 5076 5163
f 5162 5163 5164
f 5165 5078 5166
f 5165 5166 5167
f 5168 5080 5169
f 5168 5169 5170
f 5171 5172 5173
f 5171 5173 5174
f 5175 5176 5177
f 5175 5177 5178
f 5083 5179 5180
f 5083 5180 5181
f 5182 5183 5184
f 5182 5184 5185
f 5186 5187 5188
f 5186 5188 5189
f 5190 5191 5192
f 5190 5192 5193
f 5194 5195 5196
f 5194 5196 5197
f 5198 5199 5200
f 5198 5200 5201
f 5079 5202 5203
f 5079 5203 5204
f 5205 5082 5206
f 5205 5206 5207
f 5208 5209 5210
f 5208 5210 5211
f 5212 5213 5209
f 5212 5209 5208
f 5214 5215 5213
f 5214 5213 5212
f 5216 5217 5215
f 5216 5215 5214
f 5218 5219 5217
f 5218 5217 5216
f 5220 5221 5219
f 5220 5219 5218
f 5222 5223 5221
f 5222 5221 5220
f 5224 5225 5223
f 5224 5223 5222
f 5226 5227 5225
f 5226 5225 5224
f 5228 5229 5227
f 5228 5227 5226
f 5230 5231 5229
f 5230 5229 5228
f 5232 5233 5231
f 5232 5231 5230
f 5234 5235 5233
f 5234 5233 5232
f 5236 5237 5235
f 5236 5235 5234
f 5238 5239 5237
f 5238 5237 5236
f 5240 5241 5239
f 5240 5239 5238
f 5242 5243 5241
f 5242 5241 5240
f 5244 5245 5243
f 5244 5243 5242
f 5246 5247 5245
f 5246 5245 5244
f 5248 5249 5247
f 5248 5247 5246
f 5250 5251 5249
f 5250 5249 5248
f 5252 5253 5251
f 5252 5251 5250
f 5254 5255 5253
f 5254 5253 5252
f 5256 5257 5255
f 5256 5255 5254
f 5258 5259 5257
f 5258 5257 5256
f 5260 5261 5259
f 5260 5259 5258
f 5262 5263 5261
f 5262 5261 5260
f 5264 5265 5263
f 5264 5263 5262
f 5266 5267 5265
f 5266 5265 5264
f 5268 5269 5267
f 5268 5267 5266
f 5270 5271 5269
f 5270 5269 5268
f 5272 5273 5271
f 5272 5271 5270
f 5272 5211 5210
f 5272 5210 5273
f 5274 5275 5276
f 5274 5276 5277
f 5278 5279 5208
f 5278 5208 5211
f 5275 5280 5281
f 5275 5281 5276
f 5279 5282 5212
f 5279 5212 5208
f 5280 5283 5284
f 5280 5284 5281
f 5282 5285 5214
f 5282 5214 5212
f 5283 5286 5287
f 5283 5287 5284
f 5285 5288 5216
f 5285 5216 5214
f 5286 5289 5290
f 5286 5290 5287
f 5288 5291 5218
f 5288 5218 5216
f 5289 5292 5293
f 5289 5293 5290
f 5291 5294 5220
f 5291 5220 5218
f 5292 5295 5296
f 5292 5296 5293
f 5294 5297 5222
f 5294 5222 5220
f 5295 5298 5299
f 5295 5299 5296
f 5297 5300 5224
f 5297 5224 5222
f 5298 5301 5302
f 5298 5302 5299
f 5300 5303 5226
f 5300 5226 5224
f 5301 5304 5305
f 5301 5305 5302
f 5303 5306 5228
f 5303 5228 5226
f 5304 5307 5308
f 5304 5308 5305
f 5306 5309 5230
f 5306 5230 5228
f 5307 5310 5311
f 5307 5311 5308
f 5309 5312 5232
f 5309 5232 5230
f 5310 5313 5314
f 5310 5314 5311
f 5312 5315 5234
f 5312 5234 5232
f 5313 5316 5317
f 5313 5317 5314
f 5315 5318 5236
f 5315 5236 5234
f 5316 5319 5320
f 5316 5320 5317
f 5318 5321 5238
f 5318 5238 5236
f 5319 5322 5323
f 5319 5323 5320
f 5321 5324 5240
f 5321 5240 5238
f 5322 5325 5326
f 5322 5326 5323
f 5324 5327 5242
f 5324 5242 5240
f 5325 5328 5329
f 5325 5329 5326
f 5327 5330 5244
f 5327 5244 5242
f 5328 5331 5332
f 5328 5332 5329
f 5330 5333 5246
f 5330 5246 5244
f 5331 5334 5335
f 5331 5335 5332
f 5333 5336 5248
f 5333 5248 5246
f 5334 5337 5338
f 5334 5338 5335
f 5336 5339 5250
f 5336 5250 5248
f 5337 5340 5341
f 5337 5341 5338
f 5339 5342 5252
f 5339 5252 5250
f 5340 5343 5344
f 5340 5344 5341
f 5342 5345 5254
f 5342 5254 5252
f 5343 5346 5347
f 5343 5347 5344
f 5345 5348 5256
f 5345 5256 5254
f 5346 5349 5350
f 5346 5350 5347
f 5348 5351 5258
f 5348 5258 5256
f 5349 5352 5353
f 5349 5353 5350
f 5351 5354 5260
f 5351 5260 5258
f 5352 5355 5356
f 5352 5356 5353
f 5354 5357 5262
f 5354 5262 5260
f 5355 5358 5359
f 5355 5359 5356
f 5357 5360 5264
f 5357 5264 5262
f 5358 5361 5362
f 5358 5362 5359
f 5360 5363 5266
f 5360 5266 5264
f 5361 5364 5365
f 5361 5365 5362
f 5363 5366 5268
f 5363 5268 5266
f 5364 5367 5368
f 5364 5368 5365
f 5366 5369 5270
f 5366 5270 5268
f 5367 5370 5371
f 5367 5371 5368
f 5369 5372 5272
f 5369 5272 5270
f 5370 5274 5277
f 5370 5277 5371
f 5372 5278 5211
f 5372 5211 5272
f 5373 5374 5375
f 5373 5375 5376
f 5377 5378 5374
f 5377 5374 5373
f 5379 5380 5378
f 5379 5378 5377
f 5381 5382 5380
f 5381 5380 5379
f 5383 5384 5382
f 5383 5382 5381
f 5383 5385 5386
f 5383 5386 5384
f 5387 5386 5385
f 5387 5385 5388
f 5389 5390 5391
f 5389 5391 5392
f 5393 5394 5395
f 5393 5395 5396
f 5393 5397 5398
f 5393 5398 5394
f 5399 5400 5398
f 5399 5398 5397
f 5399 5401 5402
f 5399 5402 5400
f 5403 5404 5402
f 5403 5402 5401
f 5403 5405 5406
f 5403 5406 5404
f 5407 5408 5406
f 5407 5406 5405
f 5407 5409 5410
f 5407 5410 5408
f 5411 5412 5410
f 5411 5410 5409
f 5411 5413 5414
f 5411 5414 5412
f 5415 5416 5414
f 5415 5414 5413
f 5415 5417 5418
f 5415 5418 5416
f 5419 5420 5418
f 5419 5418 5417
f 5419 5421 5422
f 5419 5422 5420
f 5423 5424 5422
f 5423 5422 5421
f 5423 5425 5426
f 5423 5426 5424
f 5427 5428 5429
f 5427 5429 5430
f 5431 5432 5429
f 5431 5429 5428
f 5433 5434 5435
f 5433 5435 5436
f 5433 5437 5438
f 5433 5438 5434
f 5439 5440 5438
f 5439 5438 5437
f 5439 5392 5391
f 5439 5391 5440
f 5441 5390 5442
f 5441 5442 5443
f 5443 5444 5445
f 5443 5445 5441
f 5390 5441 5446
f 5390 5446 5391
f 5441 5445 5447
f 5441 5447 5446
f 5448 5449 5443
f 5448 5443 5442
f 5449 5450 5444
f 5449 5444 5443
f 5395 5451 5449
f 5395 5449 5448
f 5451 5452 5450
f 5451 5450 5449
f 5394 5453 5451
f 5394 5451 5395
f 5453 5454 5452
f 5453 5452 5451
f 5398 5455 5453
f 5398 5453 5394
f 5455 5456 5454
f 5455 5454 5453
f 5400 5457 5455
f 5400 5455 5398
f 5457 5458 5456
f 5457 5456 5455
f 5402 5459 5457
f 5402 5457 5400
f 5459 5460 5458
f 5459 5458 5457
f 5404 5461 5459
f 5404 5459 5402
f 5461 5462 5460
f 5461 5460 5459
f 5406 5463 5461
f 5406 5461 5404
f 5463 5464 5462
f 5463 5462 5461
f 5408 5465 5463
f 5408 5463 5406
f 5465 5466 5464
f 5465 5464 5463
f 5410 5467 5465
f 5410 5465 5408
f 5467 5468 5466
f 5467 5466 5465
f 5412 5469 5467
f 5412 5467 5410
f 5469 5470 5468
f 5469 5468 5467
f 5414 5471 5469
f 5414 5469 5412
f 5471 5472 5470
f 5471 5470 5469
f 5416 5473 5471
f 5416 5471 5414
f 5473 5474 5472
f 5473 5472 5471
f 5418 5475 5473
f 5418 5473 5416
f 5475 5476 5474
f 5475 5474 5473
f 5420 5477 5475
f 5420 5475 5418
f 5477 5478 5476
f 5477 5476 5475
f 5422 5479 5477
f 5422 5477 5420
f 5479 5480 5478
f 5479 5478 5477
f 5424 5481 5479
f 5424 5479 5422
f 5481 5482 5480
f 5481 5480 5479
f 5426 5483 5481
f 5426 5481 5424
f 5483 5484 5482
f 5483 5482 5481
f 5485 5486 5483
f 5485 5483 5426
f 5486 5487 5484
f 5486 5484 5483
f 5488 5489 5486
f 5488 5486 5485
f 5489 5490 5487
f 5489 5487 5486
f 5430 5491 5489
f 5430 5489 5488
f 5491 5492 5490
f 5491 5490 5489
f 5429 5493 5491
f 5429 5491 5430
f 5493 5494 5492
f 5493 5492 5491
f 5432 5495 5493
f 5432 5493 5429
f 5495 5496 5494
f 5495 5494 5493
f 5497 5498 5495
f 5497 5495 5432
f 5498 5499 5496
f 5498 5496 5495
f 5500 5501 5498
f 5500 5498 5497
f 5501 5502 5499
f 5501 5499 5498
f 5435 5503 5501
f 5435 5501 5500
f 5503 5504 5502
f 5503 5502 5501
f 5434 5505 5503
f 5434 5503 5435
f 5505 5506 5504
f 5505 5504 5503
f 5438 5507 5505
f 5438 5505 5434
f 5507 5508 5506
f 5507 5506 5505
f 5440 5509 5507
f 5440 5507 5438
f 5509 5510 5508
f 5509 5508 5507
f 5391 5446 5509
f 5391 5509 5440
f 5446 5447 5510
f 5446 5510 5509
f 5511 5512 5513
f 5511 5513 5514
f 5512 5515 5516
f 5512 5516 5513
f 5517 5511 5514
f 5517 5514 5518
f 5519 5517 5518
f 5519 5518 5520
f 5521 5519 5520
f 5521 5520 5522
f 5523 5521 5522
f 5523 5522 5524
f 5525 5523 5524
f 5525 5524 5526
f 5527 5525 5526
f 5527 5526 5528
f 5529 5527 5528
f 5529 5528 5530
f 5531 5529 5530
f 5531 5530 5532
f 5533 5531 5532
f 5533 5532 5534
f 5535 5533 5534
f 5535 5534 5536
f 5537 5535 5536
f 5537 5536 5538
f 5539 5537 5538
f 5539 5538 5540
f 5541 5539 5540
f 5541 5540 5542
f 5543 5541 5542
f 5543 5542 5544
f 5545 5543 5544
f 5545 5544 5546
f 5547 5545 5546
f 5547 5546 5548
f 5549 5547 5548
f 5549 5548 5550
f 5551 5549 5550
f 5551 5550 5552
f 5553 5551 5552
f 5553 5552 5554
f 5555 5553 5554
f 5555 5554 5556
f 5557 5555 5556
f 5557 5556 5558
f 5559 5557 5558
f 5559 5558 5560
f 5561 5559 5560
f 5561 5560 5562
f 5563 5561 5562
f 5563 5562 5564
f 5565 5563 5564
f 5565 5564 5566
f 5567 5565 5566
f 5567 5566 5568
f 5569 5567 5568
f 5569 5568 5570
f 5571 5569 5570
f 5571 5570 5572
f 5573 5571 5572
f 5573 5572 5574
f 5515 5573 5574
f 5515 5574 5516
f 5575 5576 5577
f 5578 5579 5448
f 5485 5580 5581
f 5485 5581 5488
f 5426 5582 5580
f 5426 5580 5485
f 5426 5425 5583
f 5426 5583 5582
f 5425 5584 5583
f 5585 5586 5584
f 5585 5584 5425
f 5585 5587 5588
f 5585 5588 5586
f 5589 5427 5430
f 5488 5589 5430
f 5589 5587 5427
f 5587 5589 5590
f 5587 5590 5588
f 5590 5589 5488
f 5590 5488 5581
f 5497 5591 5592
f 5497 5592 5500
f 5432 5593 5591
f 5432 5591 5497
f 5432 5431 5594
f 5432 5594 5593
f 5431 5595 5596
f 5431 5596 5594
f 5595 5597 5596
f 5598 5599 5597
f 5598 5597 5595
f 5600 5436 5435
f 5500 5600 5435
f 5600 5598 5436
f 5598 5600 5601
f 5598 5601 5599
f 5592 5601 5600
f 5592 5600 5500
f 5395 5602 5396
f 5448 5579 5602
f 5448 5602 5395
f 5603 5604 5396
f 5603 5396 5602
f 5577 5604 5603
f 5577 5603 5575
f 5448 5442 5605
f 5448 5605 5578
f 5606 5390 5389
f 5577 5606 5389
f 5606 5442 5390
f 5605 5442 5606
f 5605 5606 5607
f 5576 5607 5606
f 5576 5606 5577
f 5389 5608 5609
f 5389 5609 5577
f 5608 5512 5511
f 5608 5511 5609
f 5392 5610 5608
f 5392 5608 5389
f 5610 5515 5512
f 5610 5512 5608
f 5577 5609 5611
f 5577 5611 5604
f 5609 5511 5517
f 5609 5517 5611
f 5604 5611 5612
f 5604 5612 5396
f 5611 5517 5519
f 5611 5519 5612
f 5396 5612 5613
f 5396 5613 5393
f 5612 5519 5521
f 5612 5521 5613
f 5393 5613 5614
f 5393 5614 5397
f 5613 5521 5523
f 5613 5523 5614
f 5397 5614 5615
f 5397 5615 5399
f 5614 5523 5525
f 5614 5525 5615
f 5399 5615 5616
f 5399 5616 5401
f 5615 5525 5527
f 5615 5527 5616
f 5401 5616 5617
f 5401 5617 5403
f 5616 5527 5529
f 5616 5529 5617
f 5403 5617 5618
f 5403 5618 5405
f 5617 5529 5531
f 5617 5531 5618
f 5405 5618 5619
f 5405 5619 5407
f 5618 5531 5533
f 5618 5533 5619
f 5407 5619 5620
f 5407 5620 5409
f 5619 5533 5535
f 5619 5535 5620
f 5409 5620 5621
f 5409 5621 5411
f 5620 5535 5537
f 5620 5537 5621
f 5411 5621 5622
f 5411 5622 5413
f 5621 5537 5539
f 5621 5539 5622
f 5413 5622 5623
f 5413 5623 5415
f 5622 5539 5541
f 5622 5541 5623
f 5415 5623 5624
f 5415 5624 5417
f 5623 5541 5543
f 5623 5543 5624
f 5417 5624 5625
f 5417 5625 5419
f 5624 5543 5545
f 5624 5545 5625
f 5419 5625 5626
f 5419 5626 5421
f 5625 5545 5547
f 5625 5547 5626
f 5421 5626 5627
f 5421 5627 5423
f 5626 5547 5549
f 5626 5549 5627
f 5423 5627 5628
f 5423 5628 5425
f 5627 5549 5551
f 5627 5551 5628
f 5425 5628 5629
f 5425 5629 5585
f 5628 5551 5553
f 5628 5553 5629
f 5585 5629 5630
f 5585 5630 5587
f 5629 5553 5555
f 5629 5555 5630
f 5587 5630 5631
f 5587 5631 5427
f 5630 5555 5557
f 5630 5557 5631
f 5427 5631 5632
f 5427 5632 5428
f 5631 5557 5559
f 5631 5559 5632
f 5428 5632 5633
f 5428 5633 5431
f 5632 5559 5561
f 5632 5561 5633
f 5431 5633 5634
f 5431 5634 5595
f 5633 5561 5563
f 5633 5563 5634
f 5595 5634 5635
f 5595 5635 5598
f 5634 5563 5565
f 5634 5565 5635
f 5598 5635 5636
f 5598 5636 5436
f 5635 5565 5567
f 5635 5567 5636
f 5436 5636 5637
f 5436 5637 5433
f 5636 5567 5569
f 5636 5569 5637
f 5433 5637 5638
f 5433 5638 5437
f 5637 5569 5571
f 5637 5571 5638
f 5437 5638 5639
f 5437 5639 5439
f 5638 5571 5573
f 5638 5573 5639
f 5439 5639 5610
f 5439 5610 5392
f 5639 5573 5515
f 5639 5515 5610
f 5640 5641 5642
f 5640 5642 5643
f 5640 5643 5644
f 5640 5644 5645
f 5646 5647 5642
f 5646 5642 5641
f 5648 5649 5650
f 5648 5650 5651
f 5652 5653 5654
f 5652 5654 5655
f 5652 5651 5650
f 5652 5650 5653
f 5656 5657 5658
f 5656 5658 5659
f 5660 5661 5662
f 5660 5662 5663
f 5660 5659 5658
f 5660 5658 5661
f 5664 5665 5666
f 5664 5666 5667
f 5664 5667 5668
f 5664 5668 5669
f 5670 5671 5666
f 5670 5666 5665
f 5672 5673 5674
f 5672 5674 5675
f 5676 5677 5678
f 5676 5678 5679
f 5676 5675 5674
f 5676 5674 5677
f 5680 5681 5682
f 5680 5682 5683
f 5680 5683 5684
f 5680 5684 5685
f 5686 5687 5682
f 5686 5682 5681
f 5688 5689 5690
f 5688 5690 5691
f 5692 5693 5694
f 5692 5694 5695
f 5692 5691 5690
f 5692 5690 5693
o Object_9
usemtl DefaultWhite
v 293.50059 -33.46560 0.66810
v 293.62853 -32.34920 0.66810
v 292.96219 -32.34920 0.76280
v 291.67621 -36.39540 0.66810
v 291.95120 -35.23000 0.76280
v 291.20553 -36.01580 0.76280
v 280.42600 -31.23280 0.66810
v 280.29807 -32.34920 0.66810
v 280.96440 -32.34920 0.76280
v 282.24981 -28.30300 0.66810
v 281.97539 -29.46840 0.76280
v 282.72107 -28.68260 0.76280
v 291.20553 -28.68260 0.76280
v 290.29620 -28.03770 0.76280
v 289.32731 -29.33470 0.76280
v 289.97233 -29.78550 0.76280
v 289.25917 -27.55860 0.76280
v 288.59189 -28.99960 0.76280
v 288.13360 -27.26350 0.76280
v 287.79380 -28.79330 0.76280
v 285.79290 -27.26350 0.76280
v 284.66742 -27.55860 0.76280
v 285.33480 -28.99960 0.76280
v 286.13293 -28.79330 0.76280
v 283.63039 -28.03780 0.76280
v 284.59933 -29.33470 0.76280
v 283.95431 -29.78560 0.76280
v 283.42478 -30.33490 0.76280
v 281.42111 -30.36490 0.76280
v 283.03187 -30.96180 0.76280
v 281.07951 -31.33760 0.76280
v 282.78964 -31.64190 0.76280
v 282.70791 -32.34920 0.76280
v 281.07951 -33.36080 0.76280
v 282.78964 -33.05650 0.76280
v 281.42111 -34.33360 0.76280
v 283.03187 -33.73660 0.76280
v 281.97539 -35.23010 0.76280
v 283.42478 -34.36340 0.76280
v 282.72107 -36.01580 0.76280
v 283.95431 -34.91290 0.76280
v 283.63039 -36.66070 0.76280
v 284.59933 -35.36370 0.76280
v 284.66742 -37.13980 0.76280
v 285.33480 -35.69880 0.76280
v 285.79290 -37.43490 0.76280
v 286.13293 -35.90510 0.76280
v 288.13360 -37.43490 0.76280
v 289.25917 -37.13980 0.76280
v 288.59189 -35.69880 0.76280
v 287.79380 -35.90510 0.76280
v 290.29620 -36.66070 0.76280
v 289.32731 -35.36370 0.76280
v 289.97233 -34.91290 0.76280
v 290.50181 -34.36340 0.76280
v 292.50548 -34.33360 0.76280
v 290.89482 -33.73660 0.76280
v 292.84708 -33.36080 0.76280
v 291.13700 -33.05650 0.76280
v 291.21869 -32.34920 0.76280
v 292.84708 -31.33760 0.76280
v 291.13700 -31.64190 0.76280
v 292.50548 -30.36490 0.76280
v 290.89482 -30.96180 0.76280
v 291.95120 -29.46840 0.76280
v 290.50181 -30.33490 0.76280
v 289.26980 -30.38030 0.66810
v 289.67540 -30.80220 0.66810
v 289.97681 -31.28370 0.66810
v 290.16240 -31.80600 0.66810
v 290.22520 -32.34920 0.66810
v 290.16240 -32.89240 0.66810
v 289.97681 -33.41480 0.66810
v 288.21146 -34.92170 0.66810
v 284.65683 -34.31810 0.66810
v 284.25119 -33.89620 0.66810
v 283.94978 -33.41480 0.66810
v 283.76420 -32.89240 0.66810
v 283.70140 -32.34920 0.66810
v 283.76420 -31.80600 0.66810
v 283.94978 -31.28370 0.66810
v 285.71522 -29.77670 0.66810
v 286.32672 -29.61830 0.66810
v 285.88121 -30.10960 0.56529
v 286.41160 -29.97170 0.56529
v 285.39259 -30.33360 0.56529
v 285.15103 -30.03400 0.66810
v 284.96401 -30.63510 0.56529
v 284.13589 -32.34920 0.56529
v 287.59949 -35.08020 0.66810
v 288.04533 -34.58880 0.56529
v 287.51500 -34.72680 0.56529
v 288.53400 -34.36480 0.56529
v 288.77561 -34.66440 0.66810
v 288.96258 -34.06330 0.56529
v 289.79061 -32.34920 0.56529
v 286.96330 -32.34920 0.56529
v 289.31401 -31.00240 0.56529
v 288.96258 -30.63510 0.56529
v 289.57531 -31.42150 0.56529
v 289.73620 -31.87630 0.56529
v 289.73620 -32.82210 0.56529
v 289.57531 -33.27690 0.56529
v 289.31401 -33.69600 0.56529
v 285.39259 -34.36480 0.56529
v 285.88121 -34.58880 0.56529
v 284.96401 -34.06330 0.56529
v 284.61258 -33.69600 0.56529
v 284.35137 -33.27690 0.56529
v 284.19039 -32.82210 0.56529
v 284.19039 -31.87630 0.56529
v 284.35137 -31.42150 0.56529
v 284.61258 -31.00240 0.56529
v 288.53400 -30.33360 0.56529
v 288.04533 -30.10960 0.56529
v 292.01739 -28.01990 0.30832
v 290.93430 -27.25850 0.30832
v 290.78648 -27.37420 0.30832
v 291.82932 -28.11830 0.30832
v 290.89472 -27.26760 0.36678
v 291.96703 -28.02760 0.36678
v 291.78069 -28.12590 0.36678
v 290.74843 -27.38300 0.36678
v 289.67140 -26.70280 0.36678
v 289.57059 -26.83110 0.36678
v 289.69872 -26.69270 0.30832
v 289.59687 -26.82120 0.30832
v 288.34393 -26.35500 0.36678
v 288.29253 -26.49120 0.36678
v 288.35781 -26.34430 0.30832
v 288.30597 -26.48070 0.30832
v 284.25519 -26.70280 0.36678
v 285.58271 -26.35500 0.36678
v 285.63406 -26.49120 0.36678
v 284.35600 -26.83110 0.36678
v 285.56883 -26.34430 0.30832
v 284.22787 -26.69270 0.30832
v 284.32982 -26.82120 0.30832
v 285.62071 -26.48080 0.30832
v 283.03187 -27.26760 0.36678
v 283.17831 -27.38310 0.36678
v 282.99229 -27.25850 0.30832
v 283.14011 -27.37420 0.30832
v 281.95961 -28.02760 0.36678
v 282.14581 -28.12590 0.36678
v 281.90920 -28.01990 0.30832
v 282.09727 -28.11830 0.30832
v 281.07951 -28.95380 0.36678
v 281.29847 -29.03090 0.36678
v 281.02019 -28.94770 0.30832
v 281.24149 -29.02500 0.30832
v 280.42548 -30.01040 0.36678
v 280.66890 -30.06350 0.36678
v 280.35958 -30.00620 0.30832
v 280.60544 -30.05940 0.30832
v 280.02269 -31.15690 0.36678
v 280.28109 -31.18400 0.36678
v 279.95269 -31.15480 0.30832
v 280.21367 -31.18190 0.30832
v 279.88670 -32.34920 0.36678
v 280.15010 -32.34920 0.36678
v 279.81541 -32.34920 0.30832
v 280.08149 -32.34920 0.30832
v 280.02269 -33.54150 0.36678
v 280.28109 -33.51440 0.36678
v 279.95269 -33.54360 0.30832
v 280.21367 -33.51650 0.30832
v 280.42548 -34.68800 0.36678
v 280.66890 -34.63490 0.36678
v 280.35958 -34.69220 0.30832
v 280.60544 -34.63890 0.30832
v 281.07951 -35.74460 0.36678
v 281.29847 -35.66750 0.36678
v 281.02019 -35.75070 0.30832
v 281.24149 -35.67340 0.30832
v 281.95961 -36.67080 0.36678
v 282.14581 -36.57260 0.36678
v 281.90920 -36.67850 0.30832
v 282.09727 -36.58010 0.30832
v 283.03187 -37.43080 0.36678
v 283.17831 -37.31530 0.36678
v 282.99229 -37.43990 0.30832
v 283.14011 -37.32420 0.30832
v 284.25519 -37.99560 0.36678
v 284.35600 -37.86730 0.36678
v 284.22787 -38.00570 0.30832
v 284.32982 -37.87710 0.30832
v 285.58271 -38.34340 0.36678
v 285.63406 -38.20710 0.36678
v 285.56883 -38.35410 0.30832
v 285.62071 -38.21760 0.30832
v 289.67140 -37.99560 0.36678
v 288.34393 -38.34340 0.36678
v 288.29253 -38.20710 0.36678
v 289.57059 -37.86730 0.36678
v 288.35781 -38.35410 0.30832
v 289.69872 -38.00570 0.30832
v 289.59687 -37.87710 0.30832
v 288.30597 -38.21760 0.30832
v 290.89472 -37.43080 0.36678
v 290.74843 -37.31530 0.36678
v 290.93430 -37.43990 0.30832
v 290.78648 -37.32420 0.30832
v 291.96703 -36.67080 0.36678
v 291.78069 -36.57250 0.36678
v 292.01739 -36.67850 0.30832
v 291.82932 -36.58010 0.30832
v 292.84708 -35.74460 0.36678
v 292.62812 -35.66750 0.36678
v 292.90640 -35.75070 0.30832
v 292.68520 -35.67340 0.30832
v 293.50111 -34.68800 0.36678
v 293.25783 -34.63490 0.36678
v 293.56701 -34.69220 0.30832
v 293.32120 -34.63900 0.30832
v 293.90390 -33.54150 0.36678
v 293.64560 -33.51440 0.36678
v 293.97390 -33.54360 0.30832
v 293.71293 -33.51650 0.30832
v 294.03989 -32.34920 0.36678
v 293.77649 -32.34920 0.36678
v 294.11118 -32.34920 0.30832
v 293.84511 -32.34920 0.30832
v 293.90390 -31.15690 0.36678
v 293.64560 -31.18400 0.36678
v 293.97390 -31.15470 0.30832
v 293.71293 -31.18190 0.30832
v 293.50111 -30.01040 0.36678
v 293.25783 -30.06350 0.36678
v 293.56701 -30.00620 0.30832
v 293.32120 -30.05940 0.30832
v 292.84708 -28.95380 0.36678
v 292.62812 -29.03090 0.36678
v 292.90640 -28.94770 0.30832
v 292.68520 -29.02500 0.30832
v 291.01117 -27.15420 0.03352
v 292.11543 -27.93120 0.03352
v 291.93771 -28.04940 0.03352
v 290.87160 -27.29320 0.03352
v 289.75170 -26.57680 0.03352
v 289.65552 -26.73130 0.03352
v 288.38480 -26.22120 0.03352
v 288.33582 -26.38520 0.03352
v 284.17490 -26.57680 0.03352
v 285.54180 -26.22120 0.03352
v 285.59077 -26.38520 0.03352
v 284.27107 -26.73120 0.03352
v 282.91543 -27.15420 0.03352
v 283.05500 -27.29320 0.03352
v 281.81131 -27.93120 0.03352
v 281.98893 -28.04940 0.03352
v 280.90508 -28.87800 0.03352
v 281.11403 -28.97090 0.03352
v 280.23179 -29.95820 0.03352
v 280.46381 -30.02220 0.03352
v 279.81703 -31.13030 0.03352
v 280.06337 -31.16290 0.03352
v 279.67703 -32.34920 0.03352
v 279.92823 -32.34920 0.03352
v 279.81703 -33.56810 0.03352
v 280.06337 -33.53550 0.03352
v 280.23179 -34.74020 0.03352
v 280.46381 -34.67620 0.03352
v 280.90508 -35.82040 0.03352
v 281.11403 -35.72750 0.03352
v 281.81131 -36.76720 0.03352
v 281.98893 -36.64900 0.03352
v 282.91543 -37.54420 0.03352
v 283.05500 -37.40530 0.03352
v 284.17490 -38.12160 0.03352
v 284.27107 -37.96720 0.03352
v 285.54180 -38.47720 0.03352
v 285.59077 -38.31320 0.03352
v 289.75170 -38.12160 0.03352
v 288.38480 -38.47720 0.03352
v 288.33582 -38.31320 0.03352
v 289.65552 -37.96720 0.03352
v 291.01117 -37.54420 0.03352
v 290.87160 -37.40530 0.03352
v 292.11543 -36.76720 0.03352
v 291.93771 -36.64900 0.03352
v 293.02151 -35.82040 0.03352
v 292.81261 -35.72750 0.03352
v 293.69490 -34.74020 0.03352
v 293.46278 -34.67620 0.03352
v 294.10961 -33.56810 0.03352
v 293.86322 -33.53550 0.03352
v 294.24961 -32.34920 0.03352
v 293.99841 -32.34920 0.03352
v 294.10961 -31.13030 0.03352
v 293.86322 -31.16290 0.03352
v 293.69490 -29.95820 0.03352
v 293.46278 -30.02220 0.03352
v 293.02151 -28.87800 0.03352
v 292.81261 -28.97090 0.03352
v 292.11543 -27.93120 -0.03352
v 291.93771 -28.04940 -0.03352
v 292.81261 -28.97090 -0.03352
v 293.02151 -28.87800 -0.03352
v 293.46278 -30.02220 -0.03352
v 293.69490 -29.95820 -0.03352
v 293.86322 -31.16290 -0.03352
v 294.10961 -31.13030 -0.03352
v 293.99841 -32.34920 -0.03352
v 294.24961 -32.34920 -0.03352
v 293.86322 -33.53550 -0.03352
v 294.10961 -33.56810 -0.03352
v 293.46278 -34.67620 -0.03352
v 293.69490 -34.74020 -0.03352
v 292.81261 -35.72750 -0.03352
v 293.02151 -35.82040 -0.03352
v 291.93771 -36.64900 -0.03352
v 292.11543 -36.76720 -0.03352
v 290.87160 -37.40530 -0.03352
v 291.01117 -37.54420 -0.03352
v 289.65552 -37.96720 -0.03352
v 289.75170 -38.12160 -0.03352
v 288.33582 -38.31320 -0.03352
v 288.38480 -38.47710 -0.03352
v 285.54180 -38.47710 -0.03352
v 285.59077 -38.31320 -0.03352
v 284.27107 -37.96710 -0.03352
v 284.17490 -38.12160 -0.03352
v 283.05500 -37.40530 -0.03352
v 282.91543 -37.54420 -0.03352
v 281.98893 -36.64900 -0.03352
v 281.81131 -36.76720 -0.03352
v 281.11403 -35.72750 -0.03352
v 280.90508 -35.82040 -0.03352
v 280.46381 -34.67620 -0.03352
v 280.23179 -34.74020 -0.03352
v 280.06337 -33.53550 -0.03352
v 279.81703 -33.56810 -0.03352
v 279.92823 -32.34920 -0.03352
v 279.67703 -32.34920 -0.03352
v 280.06337 -31.16290 -0.03352
v 279.81703 -31.13030 -0.03352
v 280.46381 -30.02220 -0.03352
v 280.23179 -29.95820 -0.03352
v 281.11403 -28.97090 -0.03352
v 280.90508 -28.87800 -0.03352
v 281.98893 -28.04940 -0.03352
v 281.81131 -27.93120 -0.03352
v 283.05500 -27.29320 -0.03352
v 282.91543 -27.15420 -0.03352
v 284.27107 -26.73120 -0.03352
v 284.17490 -26.57680 -0.03352
v 285.59077 -26.38520 -0.03352
v 285.54180 -26.22120 -0.03352
v 288.38480 -26.22120 -0.03352
v 288.33582 -26.38520 -0.03352
v 289.65552 -26.73120 -0.03352
v 289.75170 -26.57680 -0.03352
v 290.87160 -27.29320 -0.03352
v 291.01117 -27.15420 -0.03352
v 292.90640 -28.94770 -0.30832
v 292.68520 -29.02500 -0.30832
v 291.82932 -28.11830 -0.30832
v 292.01739 -28.01990 -0.30832
v 291.96703 -28.02760 -0.36678
v 291.78069 -28.12590 -0.36678
v 292.62812 -29.03090 -0.36678
v 292.84708 -28.95380 -0.36678
v 293.56701 -30.00620 -0.30832
v 293.32120 -30.05940 -0.30832
v 293.25783 -30.06350 -0.36678
v 293.50111 -30.01040 -0.36678
v 293.97390 -31.15470 -0.30832
v 293.71293 -31.18190 -0.30832
v 293.64560 -31.18400 -0.36678
v 293.90390 -31.15690 -0.36678
v 294.11118 -32.34920 -0.30832
v 293.84511 -32.34920 -0.30832
v 293.77649 -32.34920 -0.36678
v 294.03989 -32.34920 -0.36678
v 293.97390 -33.54360 -0.30832
v 293.71293 -33.51650 -0.30832
v 293.64560 -33.51440 -0.36678
v 293.90390 -33.54150 -0.36678
v 293.56701 -34.69220 -0.30832
v 293.32120 -34.63900 -0.30832
v 293.25783 -34.63490 -0.36678
v 293.50111 -34.68800 -0.36678
v 292.90640 -35.75070 -0.30832
v 292.68520 -35.67340 -0.30832
v 292.62812 -35.66750 -0.36678
v 292.84708 -35.74460 -0.36678
v 292.01739 -36.67850 -0.30832
v 291.82932 -36.58010 -0.30832
v 291.78069 -36.57250 -0.36678
v 291.96703 -36.67080 -0.36678
v 290.93430 -37.43990 -0.30832
v 290.78648 -37.32420 -0.30832
v 290.74843 -37.31530 -0.36678
v 290.89472 -37.43080 -0.36678
v 289.69872 -38.00570 -0.30832
v 289.59687 -37.87710 -0.30832
v 289.57059 -37.86730 -0.36678
v 289.67140 -37.99560 -0.36678
v 288.35781 -38.35410 -0.30832
v 288.30597 -38.21760 -0.30832
v 288.29253 -38.20710 -0.36678
v 288.34393 -38.34340 -0.36678
v 284.22787 -38.00570 -0.30832
v 284.32982 -37.87710 -0.30832
v 285.62071 -38.21760 -0.30832
v 285.56883 -38.35410 -0.30832
v 285.58271 -38.34340 -0.36678
v 285.63406 -38.20710 -0.36678
v 284.35600 -37.86730 -0.36678
v 284.25519 -37.99560 -0.36678
v 282.99229 -37.43990 -0.30832
v 283.14011 -37.32420 -0.30832
v 283.17831 -37.31530 -0.36678
v 283.03187 -37.43080 -0.36678
v 281.90920 -36.67850 -0.30832
v 282.09727 -36.58010 -0.30832
v 282.14581 -36.57260 -0.36678
v 281.95961 -36.67080 -0.36678
v 281.02019 -35.75070 -0.30832
v 281.24149 -35.67340 -0.30832
v 281.29847 -35.66750 -0.36678
v 281.07951 -35.74460 -0.36678
v 280.35958 -34.69220 -0.30832
v 280.60544 -34.63890 -0.30832
v 280.66890 -34.63490 -0.36678
v 280.42548 -34.68800 -0.36678
v 279.95269 -33.54360 -0.30832
v 280.21367 -33.51650 -0.30832
v 280.28109 -33.51440 -0.36678
v 280.02269 -33.54150 -0.36678
v 279.81541 -32.34920 -0.30832
v 280.08149 -32.34920 -0.30832
v 280.15010 -32.34920 -0.36678
v 279.88670 -32.34920 -0.36678
v 279.95269 -31.15480 -0.30832
v 280.21367 -31.18190 -0.30832
v 280.28109 -31.18400 -0.36678
v 280.02269 -31.15690 -0.36678
v 280.35958 -30.00620 -0.30832
v 280.60544 -30.05940 -0.30832
v 280.66890 -30.06350 -0.36678
v 280.42548 -30.01040 -0.36678
v 281.02019 -28.94770 -0.30832
v 281.24149 -29.02500 -0.30832
v 281.29847 -29.03090 -0.36678
v 281.07951 -28.95380 -0.36678
v 281.90920 -28.01990 -0.30832
v 282.09727 -28.11830 -0.30832
v 282.14581 -28.12590 -0.36678
v 281.95961 -28.02760 -0.36678
v 282.99229 -27.25850 -0.30832
v 283.14011 -27.37420 -0.30832
v 283.17831 -27.38310 -0.36678
v 283.03187 -27.26760 -0.36678
v 284.22787 -26.69270 -0.30832
v 284.32982 -26.82120 -0.30832
v 284.35600 -26.83110 -0.36678
v 284.25519 -26.70280 -0.36678
v 285.56883 -26.34430 -0.30832
v 285.62071 -26.48080 -0.30832
v 285.63406 -26.49120 -0.36678
v 285.58271 -26.35500 -0.36678
v 289.69872 -26.69270 -0.30832
v 289.59687 -26.82120 -0.30832
v 288.30597 -26.48070 -0.30832
v 288.35781 -26.34430 -0.30832
v 288.34393 -26.35500 -0.36678
v 288.29253 -26.49120 -0.36678
v 289.57059 -26.83110 -0.36678
v 289.67140 -26.70280 -0.36678
v 290.93430 -27.25850 -0.30832
v 290.78648 -27.37420 -0.30832
v 290.74843 -27.38300 -0.36678
v 290.89472 -27.26760 -0.36678
v 286.96330 -32.34920 -0.56529
v 288.53400 -30.33360 -0.56529
v 288.96258 -30.63510 -0.56529
v 288.04533 -30.10960 -0.56529
v 285.39259 -30.33360 -0.56529
v 285.88121 -30.10960 -0.56529
v 284.96401 -30.63510 -0.56529
v 284.61258 -31.00240 -0.56529
v 284.35137 -31.42150 -0.56529
v 284.19039 -31.87630 -0.56529
v 284.13589 -32.34920 -0.56529
v 284.19039 -32.82210 -0.56529
v 284.35137 -33.27690 -0.56529
v 284.61258 -33.69600 -0.56529
v 284.96401 -34.06330 -0.56529
v 285.39259 -34.36480 -0.56529
v 285.88121 -34.58880 -0.56529
v 288.53400 -34.36480 -0.56529
v 288.04533 -34.58880 -0.56529
v 288.96258 -34.06330 -0.56529
v 289.31401 -33.69600 -0.56529
v 289.57531 -33.27690 -0.56529
v 289.73620 -32.82210 -0.56529
v 289.79061 -32.34920 -0.56529
v 289.73620 -31.87630 -0.56529
v 289.57531 -31.42150 -0.56529
v 289.31401 -31.00240 -0.56529
v 290.16240 -32.89240 -0.66810
v 290.22520 -32.34920 -0.66810
v 288.77561 -34.66440 -0.66810
v 288.21146 -34.92170 -0.66810
v 287.59949 -35.08020 -0.66810
v 287.51500 -34.72680 -0.56529
v 283.76420 -31.80600 -0.66810
v 283.70140 -32.34920 -0.66810
v 285.15103 -30.03400 -0.66810
v 285.71522 -29.77670 -0.66810
v 286.32672 -29.61830 -0.66810
v 286.41160 -29.97170 -0.56529
v 286.13293 -28.79330 -0.76280
v 285.33480 -28.99960 -0.76280
v 283.42478 -30.33490 -0.76280
v 283.94978 -31.28370 -0.66810
v 283.03187 -30.96180 -0.76280
v 282.78964 -31.64190 -0.76280
v 282.70791 -32.34920 -0.76280
v 283.76420 -32.89240 -0.66810
v 282.78964 -33.05650 -0.76280
v 283.94978 -33.41480 -0.66810
v 283.03187 -33.73660 -0.76280
v 284.25119 -33.89620 -0.66810
v 283.42478 -34.36340 -0.76280
v 284.65683 -34.31810 -0.66810
v 283.95431 -34.91290 -0.76280
v 287.79380 -35.90510 -0.76280
v 288.59189 -35.69880 -0.76280
v 290.50181 -34.36340 -0.76280
v 289.97681 -33.41480 -0.66810
v 290.89482 -33.73660 -0.76280
v 291.13700 -33.05650 -0.76280
v 291.21869 -32.34920 -0.76280
v 290.16240 -31.80600 -0.66810
v 291.13700 -31.64190 -0.76280
v 289.97681 -31.28370 -0.66810
v 290.89482 -30.96180 -0.76280
v 289.67540 -30.80220 -0.66810
v 290.50181 -30.33490 -0.76280
v 289.26980 -30.38030 -0.66810
v 289.97233 -29.78550 -0.76280
v 291.95120 -29.46840 -0.76280
v 291.20553 -28.68260 -0.76280
v 292.50548 -30.36490 -0.76280
v 292.84708 -31.33760 -0.76280
v 292.96219 -32.34920 -0.76280
v 292.84708 -33.36080 -0.76280
v 292.50548 -34.33360 -0.76280
v 291.95120 -35.23000 -0.76280
v 291.20553 -36.01580 -0.76280
v 289.97233 -34.91290 -0.76280
v 290.29620 -36.66060 -0.76280
v 289.32731 -35.36370 -0.76280
v 289.25917 -37.13980 -0.76280
v 288.13360 -37.43490 -0.76280
v 284.66742 -37.13980 -0.76280
v 285.33480 -35.69880 -0.76280
v 286.13293 -35.90510 -0.76280
v 285.79290 -37.43490 -0.76280
v 283.63039 -36.66060 -0.76280
v 284.59933 -35.36370 -0.76280
v 282.72107 -36.01580 -0.76280
v 281.97539 -35.23010 -0.76280
v 281.42111 -34.33360 -0.76280
v 281.07951 -33.36080 -0.76280
v 280.96440 -32.34920 -0.76280
v 281.07951 -31.33760 -0.76280
v 281.42111 -30.36490 -0.76280
v 281.97539 -29.46840 -0.76280
v 282.72107 -28.68260 -0.76280
v 283.95431 -29.78560 -0.76280
v 283.63039 -28.03780 -0.76280
v 284.59933 -29.33470 -0.76280
v 284.66742 -27.55860 -0.76280
v 285.79290 -27.26350 -0.76280
v 289.25917 -27.55850 -0.76280
v 288.59189 -28.99960 -0.76280
v 287.79380 -28.79330 -0.76280
v 288.13360 -27.26350 -0.76280
v 290.29620 -28.03770 -0.76280
v 289.32731 -29.33470 -0.76280
v 282.24981 -28.30300 -0.66810
v 280.42600 -31.23280 -0.66810
v 280.29807 -32.34920 -0.66810
v 291.67621 -36.39540 -0.66810
v 293.50059 -33.46560 -0.66810
v 293.62853 -32.34920 -0.66810
v 290.79640 -37.29650 0.56581
v 289.60373 -37.84630 0.56581
v 289.67140 -37.99560 0.36678
v 290.89472 -37.43080 0.36678
v 293.50059 -31.23280 -0.66810
v 293.12127 -30.15940 -0.66810
v 293.33770 -30.07220 -0.56581
v 293.73038 -31.18840 -0.56581
v 291.84201 -36.55650 0.56581
v 291.96703 -36.67080 0.36678
v 289.59687 -37.87710 -0.30832
v 289.57059 -37.86730 -0.36678
v 290.74843 -37.31530 -0.36678
v 290.78648 -37.32420 -0.30832
v 280.60544 -34.63890 -0.30832
v 280.66890 -34.63490 -0.36678
v 281.29847 -35.66750 -0.36678
v 281.24149 -35.67340 -0.30832
v 286.32720 -35.08020 0.66810
v 286.41160 -34.72680 0.56529
v 285.71522 -34.92170 0.66810
v 292.50510 -35.52830 0.66810
v 289.51428 -37.63590 -0.66810
v 288.26382 -37.96150 -0.66810
v 280.80533 -30.15940 0.66810
v 288.77561 -30.03400 0.66810
v 285.61718 -26.51350 0.56581
v 285.66277 -26.73680 0.66810
v 286.96330 -26.62690 0.66810
v 286.96330 -26.39920 0.56581
v 293.86122 -31.16190 -0.00010
v 293.86322 -31.16290 -0.03352
v 293.46278 -30.02220 -0.03352
v 293.46087 -30.02030 -0.00010
v 288.30941 -38.18490 0.56581
v 288.34393 -38.34340 0.36678
v 290.66632 -37.10710 -0.66810
v 285.15103 -34.66440 0.66810
v 285.61718 -38.18490 0.56581
v 285.66277 -37.96160 0.66810
v 284.41222 -37.63590 0.66810
v 284.32291 -37.84630 0.56581
v 286.96330 -37.53450 -0.76280
v 286.96330 -38.07150 -0.66810
v 285.66277 -37.96150 -0.66810
v 292.81080 -28.96810 -0.00010
v 292.81261 -28.97090 -0.03352
v 291.93771 -28.04940 -0.03352
v 291.93623 -28.04590 -0.00010
v 286.96330 -29.56470 0.66810
v 286.96330 -29.92510 0.56529
v 287.51500 -29.97160 0.56529
v 287.59949 -29.61820 0.66810
v 284.32982 -26.82120 -0.30832
v 284.35600 -26.83110 -0.36678
v 283.17831 -27.38310 -0.36678
v 283.14011 -27.37420 -0.30832
v 293.73038 -33.51000 0.56581
v 293.33770 -34.62610 0.56581
v 293.50111 -34.68800 0.36678
v 293.90390 -33.54150 0.36678
v 292.50576 -29.17010 -0.66810
v 292.70003 -29.04360 -0.56581
v 284.32982 -37.87710 -0.30832
v 284.35600 -37.86730 -0.36678
v 285.63406 -38.20710 -0.36678
v 285.62071 -38.21760 -0.30832
v 290.87050 -37.40930 -0.00010
v 290.87160 -37.40530 -0.03352
v 291.93771 -36.64900 -0.03352
v 291.93623 -36.65250 -0.00010
v 281.42083 -29.17010 0.66810
v 293.86313 -32.34920 -0.56581
v 293.46087 -34.67810 -0.00010
v 293.46278 -34.67620 -0.03352
v 293.86322 -33.53550 -0.03352
v 293.86122 -33.53650 -0.00010
v 282.09727 -28.11830 -0.30832
v 282.14581 -28.12590 -0.36678
v 281.29847 -29.03090 -0.36678
v 281.24149 -29.02500 -0.30832
v 293.99841 -32.34920 -0.03352
v 293.99631 -32.34920 -0.00010
v 288.77561 -30.03400 -0.66810
v 288.21146 -29.77670 -0.66810
v 288.26382 -26.73680 0.66810
v 288.30941 -26.51350 0.56581
v 293.32120 -34.63900 -0.30832
v 293.25783 -34.63490 -0.36678
v 293.64560 -33.51440 -0.36678
v 293.71293 -33.51650 -0.30832
v 285.59120 -38.31800 -0.00010
v 285.59077 -38.31320 -0.03352
v 286.96330 -38.43000 -0.03352
v 286.96330 -38.43490 -0.00010
v 284.25519 -37.99560 0.36678
v 285.58271 -38.34340 0.36678
v 286.96330 -29.92510 -0.56529
v 287.51500 -29.97160 -0.56529
v 284.32291 -26.85210 0.56581
v 284.41222 -27.06250 0.66810
v 280.42600 -33.46560 0.66810
v 291.67683 -28.30290 -0.66810
v 291.84201 -28.14190 -0.56581
v 293.73038 -31.18840 0.56581
v 293.86313 -32.34920 0.56581
v 294.03989 -32.34920 0.36678
v 293.90390 -31.15690 0.36678
v 283.13010 -37.29650 0.56581
v 283.03187 -37.43080 0.36678
v 290.66632 -37.10710 0.66810
v 284.27193 -37.97170 -0.00010
v 284.27107 -37.96710 -0.03352
v 286.96330 -26.36580 -0.30832
v 286.96330 -26.37650 -0.36678
v 285.63406 -26.49120 -0.36678
v 285.62071 -26.48080 -0.30832
v 283.05619 -37.40930 -0.00010
v 283.05500 -37.40530 -0.03352
v 289.51380 -27.06250 0.66810
v 289.60373 -26.85200 0.56581
v 281.42083 -29.17010 -0.66810
v 293.12127 -34.53900 0.66810
v 286.96330 -27.16390 -0.76280
v 286.96330 -26.62690 -0.66810
v 288.26382 -26.73680 -0.66810
v 288.30597 -26.48070 -0.30832
v 288.29253 -26.49120 -0.36678
v 280.80533 -30.15940 -0.66810
v 281.99041 -36.65250 -0.00010
v 281.98893 -36.64900 -0.03352
v 285.66277 -26.73680 -0.66810
v 288.30597 -38.21760 -0.30832
v 288.29253 -38.20710 -0.36678
v 284.41222 -27.06250 -0.66810
v 290.74843 -27.38300 -0.36678
v 290.78648 -27.37420 -0.30832
v 291.82932 -28.11830 -0.30832
v 291.78069 -28.12590 -0.36678
v 293.84511 -32.34920 -0.30832
v 293.77649 -32.34920 -0.36678
v 293.64560 -31.18400 -0.36678
v 293.71293 -31.18190 -0.30832
v 292.50510 -35.52830 -0.66810
v 283.26027 -27.59130 -0.66810
v 286.96330 -38.32200 -0.36678
v 286.96330 -38.33260 -0.30832
v 280.06546 -31.16190 -0.00010
v 280.06337 -31.16290 -0.03352
v 279.92823 -32.34920 -0.03352
v 279.93033 -32.34920 -0.00010
v 284.41222 -37.63590 -0.66810
v 283.26027 -37.10710 -0.66810
v 286.96330 -35.13360 0.66810
v 286.96330 -34.77340 0.56529
v 292.81080 -35.73020 -0.00010
v 292.81261 -35.72750 -0.03352
v 280.06361 -32.34920 -0.56581
v 280.19621 -31.18840 -0.56581
v 289.51428 -37.63590 0.66810
v 285.61718 -26.51350 -0.56581
v 286.96330 -26.39920 -0.56581
v 285.61718 -38.18490 -0.56581
v 284.32291 -37.84630 -0.56581
v 288.33539 -26.38040 -0.00010
v 288.33582 -26.38520 -0.03352
v 286.96330 -26.26830 -0.03352
v 286.96330 -26.26350 -0.00010
v 284.65683 -30.38030 0.66810
v 293.50059 -31.23280 0.66810
v 286.96330 -38.29920 -0.56581
v 280.46582 -30.02030 -0.00010
v 280.46381 -30.02220 -0.03352
v 293.12127 -34.53900 -0.66810
v 281.22661 -35.65490 0.56581
v 280.58889 -34.62620 0.56581
v 280.42548 -34.68800 0.36678
v 281.07951 -35.74460 0.36678
v 290.87160 -27.29320 -0.03352
v 290.87050 -27.28910 -0.00010
v 286.96330 -38.33260 0.30832
v 286.96330 -38.47170 0.30832
v 280.19621 -33.51000 0.56581
v 280.02269 -33.54150 0.36678
v 289.65471 -26.72670 -0.00010
v 289.65552 -26.73120 -0.03352
v 282.08458 -36.55650 0.56581
v 281.95961 -36.67080 0.36678
v 289.51380 -27.06250 -0.66810
v 288.30941 -26.51350 -0.56581
v 289.60373 -26.85200 -0.56581
v 288.30941 -38.18490 -0.56581
v 286.96330 -35.97480 0.76280
v 280.42600 -33.46560 -0.66810
v 280.80533 -34.53900 -0.66810
v 280.58889 -34.62620 -0.56581
v 280.19621 -33.51000 -0.56581
v 288.21146 -29.77670 0.66810
v 293.73038 -33.51000 -0.56581
v 293.33770 -34.62610 -0.56581
v 280.06337 -33.53550 -0.03352
v 280.06546 -33.53650 -0.00010
v 292.70003 -35.65480 -0.56581
v 291.84201 -36.55650 -0.56581
v 284.25119 -30.80220 0.66810
v 286.96330 -26.22660 0.30832
v 286.96330 -26.36580 0.30832
v 282.25043 -36.39540 -0.66810
v 283.13010 -37.29650 -0.56581
v 282.08458 -36.55650 -0.56581
v 289.26980 -34.31810 0.66810
v 280.46582 -34.67810 -0.00010
v 280.46381 -34.67620 -0.03352
v 281.11403 -35.72750 -0.03352
v 281.11579 -35.73020 -0.00010
v 281.42149 -35.52840 -0.66810
v 281.22661 -35.65490 -0.56581
v 286.96330 -37.53450 0.76280
v 284.32291 -26.85210 -0.56581
v 283.13010 -27.40200 -0.56581
v 286.96330 -28.72360 0.76280
v 280.58889 -30.07220 -0.56581
v 282.08458 -28.14190 -0.56581
v 281.22661 -29.04360 -0.56581
v 285.58271 -26.35500 0.36678
v 284.25519 -26.70280 0.36678
v 290.66632 -27.59130 -0.66810
v 290.79640 -27.40190 -0.56581
v 290.79640 -37.29650 -0.56581
v 289.60373 -37.84630 -0.56581
v 292.70003 -35.65480 0.56581
v 292.84708 -35.74460 0.36678
v 284.65683 -30.38030 -0.66810
v 286.96330 -27.16390 0.76280
v 289.67140 -26.70280 0.36678
v 288.34393 -26.35500 0.36678
v 284.25119 -30.80220 -0.66810
v 280.06361 -32.34920 0.56581
v 280.19621 -31.18840 0.56581
v 286.96330 -26.23760 0.36678
v 283.26027 -37.10710 0.66810
v 289.67540 -33.89620 0.66810
v 290.66632 -27.59130 0.66810
v 291.67683 -28.30290 0.66810
v 293.25783 -30.06350 -0.36678
v 293.32120 -30.05940 -0.30832
v 292.68520 -35.67340 -0.30832
v 292.62812 -35.66750 -0.36678
v 280.58889 -30.07220 0.56581
v 283.13010 -27.40200 0.56581
v 283.03187 -27.26760 0.36678
v 282.08458 -28.14190 0.56581
v 281.95961 -28.02760 0.36678
v 290.79640 -27.40190 0.56581
v 290.89472 -27.26760 0.36678
v 291.82932 -36.58010 -0.30832
v 291.78069 -36.57250 -0.36678
v 292.50576 -29.17010 0.66810
v 293.12127 -30.15940 0.66810
v 281.22661 -29.04360 0.56581
v 281.07951 -28.95380 0.36678
v 292.62812 -29.03090 -0.36678
v 292.68520 -29.02500 -0.30832
v 286.96330 -38.07150 0.66810
v 282.25043 -36.39540 0.66810
v 281.42149 -35.52840 0.66810
v 289.67540 -33.89620 -0.66810
v 286.96330 -28.72360 -0.76280
v 285.15103 -34.66440 -0.66810
v 285.71522 -34.92170 -0.66810
v 288.26382 -37.96150 0.66810
v 286.96330 -35.97480 -0.76280
v 283.14011 -37.32420 -0.30832
v 283.17831 -37.31530 -0.36678
v 291.84201 -28.14190 0.56581
v 291.96703 -28.02760 0.36678
v 279.88670 -32.34920 0.36678
v 280.80533 -34.53900 0.66810
v 287.59949 -29.61820 -0.66810
v 286.96330 -29.56470 -0.66810
v 293.33770 -30.07220 0.56581
v 285.59077 -26.38520 -0.03352
v 285.59120 -26.38040 -0.00010
v 280.42548 -30.01040 0.36678
v 282.09727 -36.58010 -0.30832
v 282.14581 -36.57260 -0.36678
v 286.32720 -35.08020 -0.66810
v 286.96330 -35.13360 -0.66810
v 280.02269 -31.15690 0.36678
v 292.70003 -29.04360 0.56581
v 292.84708 -28.95380 0.36678
v 281.11579 -28.96810 -0.00010
v 281.11403 -28.97090 -0.03352
v 286.96330 -34.77340 -0.56529
v 286.41160 -34.72680 -0.56529
v 281.99041 -28.04590 -0.00010
v 281.98893 -28.04940 -0.03352
v 289.26980 -34.31810 -0.66810
v 284.27107 -26.73120 -0.03352
v 284.27193 -26.72670 -0.00010
v 283.26027 -27.59130 0.66810
v 280.66890 -30.06350 -0.36678
v 280.60544 -30.05940 -0.30832
v 280.28109 -31.18400 -0.36678
v 280.21367 -31.18190 -0.30832
v 280.08149 -32.34920 -0.30832
v 280.15010 -32.34920 -0.36678
v 280.28109 -33.51440 -0.36678
v 280.21367 -33.51650 -0.30832
v 293.50111 -30.01040 0.36678
v 289.57059 -26.83110 -0.36678
v 289.59687 -26.82120 -0.30832
v 286.96330 -38.29920 0.56581
v 286.96330 -38.46080 0.36678
v 288.33582 -38.31320 -0.03352
v 288.33539 -38.31800 -0.00010
v 289.65471 -37.97170 -0.00010
v 289.65552 -37.96720 -0.03352
v 283.05619 -27.28910 -0.00010
v 283.05500 -27.29320 -0.03352
v 283.03187 -37.43080 -0.36678
v 284.25519 -37.99560 -0.36678
v 286.96330 -38.46080 -0.36678
v 288.34393 -38.34340 -0.36678
v 280.02269 -33.54150 -0.36678
v 280.42548 -34.68800 -0.36678
v 293.90390 -33.54150 -0.36678
v 294.03989 -32.34920 -0.36678
v 292.01739 -28.01990 0.30832
v 292.90640 -28.94770 0.30832
v 293.02151 -28.87800 0.03352
v 292.11543 -27.93120 0.03352
v 286.96330 -26.26840 0.03352
v 286.96330 -26.10120 0.03352
v 286.96330 -26.26830 -0.03352
v 286.96330 -26.10120 -0.03352
v 281.07951 -28.95380 -0.36678
v 280.42548 -30.01040 -0.36678
v 284.17490 -38.12160 -0.03352
v 284.22787 -38.00570 -0.30832
v 285.56883 -38.35410 -0.30832
v 285.54180 -38.47710 -0.03352
v 281.95961 -28.02760 -0.36678
v 283.03187 -27.26760 -0.36678
v 292.62812 -29.03090 0.36678
v 293.25783 -30.06350 0.36678
v 293.32120 -30.05940 0.30832
v 292.68520 -29.02500 0.30832
v 286.96330 -38.47170 0.30832
v 285.56883 -38.35410 0.30832
v 285.54180 -38.47720 0.03352
v 286.96330 -38.59720 0.03352
v 283.17831 -37.31530 0.36678
v 282.14581 -36.57260 0.36678
v 282.09727 -36.58010 0.30832
v 283.14011 -37.32420 0.30832
v 286.96330 -26.23760 0.36678
v 286.96330 -26.37650 0.36678
v 288.38480 -26.22120 -0.03352
v 288.35781 -26.34430 -0.30832
v 286.96330 -26.22660 -0.30832
v 286.96330 -26.10120 -0.03352
v 282.91543 -37.54420 -0.03352
v 282.99229 -37.43990 -0.30832
v 284.25519 -26.70280 -0.36678
v 281.29847 -35.66750 0.36678
v 281.24149 -35.67340 0.30832
v 290.89472 -27.26760 -0.36678
v 289.67140 -26.70280 -0.36678
v 284.22787 -38.00570 0.30832
v 284.17490 -38.12160 0.03352
v 289.75170 -38.12160 -0.03352
v 289.69872 -38.00570 -0.30832
v 290.93430 -37.43990 -0.30832
v 291.01117 -37.54420 -0.03352
v 281.07951 -35.74460 -0.36678
v 281.95961 -36.67080 -0.36678
v 285.56883 -26.34430 0.30832
v 286.96330 -26.22660 0.30832
v 286.96330 -26.10120 0.03352
v 285.54180 -26.22120 0.03352
v 293.99841 -32.34920 0.03352
v 293.86322 -33.53550 0.03352
v 294.10961 -33.56810 -0.03352
v 293.97390 -33.54360 -0.30832
v 294.11118 -32.34920 -0.30832
v 294.24961 -32.34920 -0.03352
v 293.90390 -31.15690 -0.36678
v 293.50111 -30.01040 -0.36678
v 293.97390 -31.15470 -0.30832
v 294.10961 -31.13030 -0.03352
v 286.96330 -38.43000 0.03352
v 286.96330 -38.59720 0.03352
v 286.96330 -38.43000 -0.03352
v 286.96330 -38.59720 -0.03352
v 286.96330 -26.36580 -0.30832
v 286.96330 -26.22660 -0.30832
v 293.46278 -34.67620 0.03352
v 289.75170 -26.57680 -0.03352
v 289.69872 -26.69270 -0.30832
v 293.86322 -31.16290 0.03352
v 281.11403 -35.72750 0.03352
v 280.46381 -34.67620 0.03352
v 290.87160 -27.29320 0.03352
v 291.93771 -28.04940 0.03352
v 292.81261 -35.72750 0.03352
v 286.96330 -38.47170 -0.30832
v 286.96330 -38.59720 -0.03352
v 286.96330 -38.32200 0.36678
v 285.63406 -38.20710 0.36678
v 285.62071 -38.21760 0.30832
v 286.96330 -38.33260 0.30832
v 284.35600 -26.83110 0.36678
v 285.63406 -26.49120 0.36678
v 285.62071 -26.48080 0.30832
v 284.32982 -26.82120 0.30832
v 280.28109 -33.51440 0.36678
v 280.15010 -32.34920 0.36678
v 280.08149 -32.34920 0.30832
v 280.21367 -33.51650 0.30832
v 288.35781 -38.35410 -0.30832
v 288.38480 -38.47710 -0.03352
v 279.88670 -32.34920 -0.36678
v 281.98893 -36.64900 0.03352
v 286.96330 -38.33260 -0.30832
v 286.96330 -38.47170 -0.30832
v 280.28109 -31.18400 0.36678
v 280.21367 -31.18190 0.30832
v 279.92823 -32.34920 0.03352
v 280.06337 -31.16290 0.03352
v 289.57059 -26.83110 0.36678
v 290.74843 -27.38300 0.36678
v 290.78648 -27.37420 0.30832
v 289.59687 -26.82120 0.30832
v 291.01117 -27.15420 -0.03352
v 290.93430 -27.25850 -0.30832
v 293.56701 -30.00620 -0.30832
v 293.69490 -29.95820 -0.03352
v 280.02269 -31.15690 -0.36678
v 280.46381 -30.02220 0.03352
v 286.96330 -26.37650 0.36678
v 286.96330 -26.36580 0.30832
v 280.06337 -33.53550 0.03352
v 280.66890 -34.63490 0.36678
v 280.60544 -34.63890 0.30832
v 283.17831 -27.38310 0.36678
v 283.14011 -27.37420 0.30832
v 292.81261 -28.97090 0.03352
v 293.46278 -30.02220 0.03352
v 280.23179 -29.95820 -0.03352
v 280.35958 -30.00620 -0.30832
v 279.95269 -31.15480 -0.30832
v 279.81703 -31.13030 -0.03352
v 292.11543 -27.93120 -0.03352
v 292.01739 -28.01990 -0.30832
v 279.81541 -32.34920 -0.30832
v 279.67703 -32.34920 -0.03352
v 283.05500 -37.40530 0.03352
v 291.93771 -36.64900 0.03352
v 290.87160 -37.40530 0.03352
v 280.66890 -30.06350 0.36678
v 280.60544 -30.05940 0.30832
v 291.82932 -28.11830 0.30832
v 291.78069 -28.12590 0.36678
v 289.57059 -37.86730 0.36678
v 288.29253 -38.20710 0.36678
v 288.30597 -38.21760 0.30832
v 289.59687 -37.87710 0.30832
v 280.90508 -28.87800 -0.03352
v 281.02019 -28.94770 -0.30832
v 293.64560 -31.18400 0.36678
v 293.77649 -32.34920 0.36678
v 293.84511 -32.34920 0.30832
v 293.71293 -31.18190 0.30832
v 288.29253 -26.49120 0.36678
v 288.30597 -26.48070 0.30832
v 286.96330 -38.46080 0.36678
v 286.96330 -38.32200 0.36678
v 284.35600 -37.86730 0.36678
v 284.32982 -37.87710 0.30832
v 290.74843 -37.31530 0.36678
v 290.78648 -37.32420 0.30832
v 292.90640 -28.94770 -0.30832
v 293.02151 -28.87800 -0.03352
v 282.91543 -27.15420 -0.03352
v 282.99229 -27.25850 -0.30832
v 281.90920 -28.01990 -0.30832
v 281.81131 -27.93120 -0.03352
v 293.64560 -33.51440 0.36678
v 293.71293 -33.51650 0.30832
v 279.81703 -33.56810 -0.03352
v 279.95269 -33.54360 -0.30832
v 280.35958 -34.69220 -0.30832
v 280.23179 -34.74020 -0.03352
v 293.25783 -34.63490 0.36678
v 293.32120 -34.63900 0.30832
v 292.62812 -35.66750 0.36678
v 291.78069 -36.57250 0.36678
v 291.82932 -36.58010 0.30832
v 292.68520 -35.67340 0.30832
v 293.56701 -34.69220 0.30832
v 292.90640 -35.75070 0.30832
v 293.02151 -35.82040 0.03352
v 293.69490 -34.74020 0.03352
v 292.01739 -36.67850 0.30832
v 292.11543 -36.76720 0.03352
v 293.97390 -33.54360 0.30832
v 294.10961 -33.56810 0.03352
v 286.96330 -26.37650 -0.36678
v 286.96330 -26.23760 -0.36678
v 294.11118 -32.34920 0.30832
v 294.24961 -32.34920 0.03352
v 284.27107 -26.73120 0.03352
v 285.59077 -26.38520 0.03352
v 282.14581 -28.12590 0.36678
v 282.09727 -28.11830 0.30832
v 285.56883 -26.34430 -0.30832
v 285.54180 -26.22120 -0.03352
v 281.29847 -29.03090 0.36678
v 281.24149 -29.02500 0.30832
v 279.81541 -32.34920 0.30832
v 279.95269 -31.15480 0.30832
v 279.81703 -31.13030 0.03352
v 279.67703 -32.34920 0.03352
v 284.22787 -26.69270 -0.30832
v 284.17490 -26.57680 -0.03352
v 281.90920 -28.01990 0.30832
v 282.99229 -27.25850 0.30832
v 282.91543 -27.15420 0.03352
v 281.81131 -27.93120 0.03352
v 280.35958 -30.00620 0.30832
v 281.02019 -28.94770 0.30832
v 280.90508 -28.87800 0.03352
v 280.23179 -29.95820 0.03352
v 286.96330 -38.43000 0.03352
v 285.59077 -38.31320 0.03352
v 293.69490 -34.74020 -0.03352
v 293.56701 -34.69220 -0.30832
v 289.69872 -26.69270 0.30832
v 290.93430 -27.25850 0.30832
v 291.01117 -27.15420 0.03352
v 289.75170 -26.57680 0.03352
v 284.22787 -26.69270 0.30832
v 284.17490 -26.57680 0.03352
v 281.02019 -35.75070 -0.30832
v 280.90508 -35.82040 -0.03352
v 288.33582 -38.31320 0.03352
v 279.95269 -33.54360 0.30832
v 279.81703 -33.56810 0.03352
v 288.35781 -26.34430 0.30832
v 288.38480 -26.22120 0.03352
v 281.81131 -36.76720 -0.03352
v 281.90920 -36.67850 -0.30832
v 282.99229 -37.43990 0.30832
v 282.91543 -37.54420 0.03352
v 281.90920 -36.67850 0.30832
v 281.81131 -36.76720 0.03352
v 288.35781 -38.35410 0.30832
v 288.38480 -38.47720 0.03352
v 280.35958 -34.69220 0.30832
v 280.23179 -34.74020 0.03352
v 284.27107 -37.96720 0.03352
v 286.96330 -38.32200 -0.36678
v 286.96330 -38.46080 -0.36678
v 292.11543 -36.76720 -0.03352
v 292.01739 -36.67850 -0.30832
v 292.90640 -35.75070 -0.30832
v 293.02151 -35.82040 -0.03352
v 281.98893 -28.04940 0.03352
v 283.05500 -27.29320 0.03352
v 288.34393 -26.35500 -0.36678
v 289.65552 -37.96720 0.03352
v 290.93430 -37.43990 0.30832
v 291.01117 -37.54420 0.03352
v 286.96330 -26.26840 0.03352
v 288.33582 -26.38520 0.03352
v 293.97390 -31.15470 0.30832
v 294.10961 -31.13030 0.03352
v 285.58271 -26.35500 -0.36678
v 289.69872 -38.00570 0.30832
v 289.75170 -38.12160 0.03352
v 293.56701 -30.00620 0.30832
v 293.69490 -29.95820 0.03352
v 281.11403 -28.97090 0.03352
v 286.96330 -26.23760 -0.36678
v 291.96703 -28.02760 -0.36678
v 281.02019 -35.75070 0.30832
v 280.90508 -35.82040 0.03352
v 289.65552 -26.73130 0.03352
v 291.96703 -36.67080 -0.36678
v 292.84708 -35.74460 -0.36678
v 290.89472 -37.43080 -0.36678
v 285.58271 -38.34340 -0.36678
v 289.67140 -37.99560 -0.36678
v 293.50111 -34.68800 -0.36678
v 292.84708 -28.95380 -0.36678
v -105.91960 -52.40390 3.37110
v -105.66061 -50.14400 3.37110
v -107.00939 -50.14400 3.84908
v -109.61270 -58.33480 3.37110
v -109.05600 -55.97560 3.84908
v -110.56550 -57.56630 3.84908
v -132.38618 -47.88420 3.37110
v -132.64511 -50.14400 3.37110
v -131.29640 -50.14400 3.84908
v -128.69442 -41.95320 3.37110
v -129.24979 -44.31250 3.84908
v -127.74041 -42.72170 3.84908
v -110.56550 -42.72170 3.84908
v -112.40609 -41.41640 3.84908
v -114.36741 -44.04170 3.84908
v -113.06179 -44.95440 3.84908
v -114.50541 -40.44640 3.84908
v -115.85619 -43.36340 3.84908
v -116.78379 -39.84910 3.84908
v -117.47181 -42.94580 3.84908
v -121.52212 -39.84910 3.84908
v -123.80040 -40.44640 3.84908
v -122.44961 -43.36350 3.84908
v -120.83390 -42.94590 3.84908
v -125.89982 -41.41640 3.84908
v -123.93839 -44.04170 3.84908
v -125.24400 -44.95450 3.84908
v -126.31581 -46.06660 3.84908
v -130.37179 -46.12710 3.84908
v -127.11120 -47.33540 3.84908
v -131.06329 -48.09620 3.84908
v -127.60160 -48.71220 3.84908
v -127.76701 -50.14400 3.84908
v -131.06329 -52.19180 3.84908
v -127.60160 -51.57580 3.84908
v -130.37179 -54.16090 3.84908
v -127.11120 -52.95260 3.84908
v -129.24979 -55.97570 3.84908
v -126.31581 -54.22140 3.84908
v -127.74041 -57.56630 3.84908
v -125.24400 -55.33360 3.84908
v -125.89982 -58.87170 3.84908
v -123.93839 -56.24630 3.84908
v -123.80040 -59.84160 3.84908
v -122.44961 -56.92450 3.84908
v -121.52212 -60.43890 3.84908
v -120.83390 -57.34210 3.84908
v -116.78379 -60.43890 3.84908
v -114.50541 -59.84160 3.84908
v -115.85619 -56.92450 3.84908
v -117.47181 -57.34210 3.84908
v -112.40609 -58.87170 3.84908
v -114.36741 -56.24630 3.84908
v -113.06179 -55.33360 3.84908
v -111.98990 -54.22140 3.84908
v -107.93390 -54.16090 3.84908
v -111.19449 -52.95260 3.84908
v -107.24242 -52.19180 3.84908
v -110.70411 -51.57580 3.84908
v -110.53870 -50.14400 3.84908
v -107.24242 -48.09620 3.84908
v -110.70411 -48.71220 3.84908
v -107.93390 -46.12710 3.84908
v -111.19449 -47.33540 3.84908
v -109.05600 -44.31240 3.84908
v -111.98990 -46.06660 3.84908
v -114.48390 -46.15840 3.37110
v -113.66279 -47.01250 3.37110
v -113.05270 -47.98700 3.37110
v -112.67700 -49.04440 3.37110
v -112.54990 -50.14400 3.37110
v -112.67700 -51.24370 3.37110
v -113.05270 -52.30100 3.37110
v -116.62619 -55.35150 3.37110
v -123.82200 -54.12970 3.37110
v -124.64302 -53.27550 3.37110
v -125.25311 -52.30100 3.37110
v -125.62881 -51.24370 3.37110
v -125.75581 -50.14400 3.37110
v -125.62881 -49.04440 3.37110
v -125.25311 -47.98700 3.37110
v -121.67950 -44.93650 3.37110
v -120.44160 -44.61580 3.37110
v -121.34330 -45.61030 2.85258
v -120.26970 -45.33120 2.85258
v -122.33250 -46.06380 2.85258
v -122.82159 -45.45740 3.37110
v -123.20011 -46.67410 2.85258
v -124.87628 -50.14400 2.85258
v -117.86511 -55.67230 3.37110
v -116.96250 -54.67770 2.85258
v -118.03601 -54.95690 2.85258
v -115.97331 -54.22420 2.85258
v -115.48421 -54.83070 3.37110
v -115.10580 -53.61390 2.85258
v -113.42950 -50.14400 2.85258
v -119.15290 -50.14400 2.85258
v -114.39440 -47.41780 2.85258
v -115.10580 -46.67410 2.85258
v -113.86549 -48.26610 2.85258
v -113.53981 -49.18670 2.85258
v -113.42950 -50.14400 2.85258
v -113.53981 -51.10130 2.85258
v -113.86549 -52.02190 2.85258
v -114.39440 -52.87030 2.85258
v -115.10580 -53.61390 2.85258
v -115.97331 -54.22420 2.85258
v -116.96250 -54.67770 2.85258
v -122.33250 -54.22420 2.85258
v -121.34330 -54.67770 2.85258
v -123.20011 -53.61390 2.85258
v -123.91131 -52.87030 2.85258
v -124.44022 -52.02190 2.85258
v -124.76599 -51.10130 2.85258
v -124.87628 -50.14400 2.85258
v -124.76599 -49.18670 2.85258
v -124.44022 -48.26610 2.85258
v -123.91131 -47.41780 2.85258
v -123.20011 -46.67410 2.85258
v -122.33250 -46.06380 2.85258
v -121.34330 -45.61030 2.85258
v -115.97331 -46.06380 2.85258
v -116.96250 -45.61030 2.85258
v -108.92189 -41.38030 1.55568
v -111.11438 -39.83890 1.55568
v -111.41369 -40.07310 1.55568
v -109.30269 -41.57940 1.55568
v -111.19468 -39.85730 1.85089
v -109.02390 -41.39580 1.85089
v -109.40101 -41.59480 1.85089
v -111.49080 -40.09100 1.85089
v -113.67090 -38.71400 1.85089
v -113.87489 -38.97380 1.85089
v -113.61570 -38.69360 1.55568
v -113.82170 -38.95380 1.55568
v -116.35811 -38.01000 1.85089
v -116.46221 -38.28570 1.85089
v -116.33000 -37.98830 1.55568
v -116.43500 -38.26450 1.55568
v -124.63491 -38.71410 1.85089
v -121.94760 -38.01010 1.85089
v -121.84360 -38.28570 1.85089
v -124.43089 -38.97380 1.85089
v -121.97590 -37.98830 1.55568
v -124.69010 -38.69360 1.55568
v -124.48399 -38.95380 1.55568
v -121.87068 -38.26460 1.55568
v -127.11110 -39.85730 1.85089
v -126.81491 -40.09110 1.85089
v -127.19131 -39.83890 1.55568
v -126.89211 -40.07310 1.55568
v -129.28190 -41.39590 1.85089
v -128.90480 -41.59480 1.85089
v -129.38402 -41.38030 1.55568
v -129.00300 -41.57940 1.55568
v -131.06329 -43.27070 1.85089
v -130.62000 -43.42690 1.85089
v -131.18341 -43.25830 1.55568
v -130.73552 -43.41480 1.55568
v -132.38730 -45.40960 1.85089
v -131.89471 -45.51720 1.85089
v -132.52070 -45.40110 1.55568
v -132.02310 -45.50880 1.55568
v -133.20270 -47.73040 1.85089
v -132.67970 -47.78520 1.85089
v -133.34429 -47.72610 1.55568
v -132.81600 -47.78110 1.55568
v -133.47800 -50.14400 1.85089
v -132.94480 -50.14400 1.85089
v -133.62229 -50.14400 1.55568
v -133.08361 -50.14400 1.55568
v -133.20270 -52.55760 1.85089
v -132.67970 -52.50270 1.85089
v -133.34429 -52.56190 1.55568
v -132.81600 -52.50700 1.55568
v -132.38730 -54.87850 1.85089
v -131.89471 -54.77090 1.85089
v -132.52070 -54.88690 1.55568
v -132.02310 -54.77910 1.55568
v -131.06329 -57.01730 1.85089
v -130.62000 -56.86110 1.85089
v -131.18341 -57.02970 1.55568
v -130.73552 -56.87320 1.55568
v -129.28190 -58.89220 1.85089
v -128.90480 -58.69330 1.85089
v -129.38402 -58.90780 1.55568
v -129.00300 -58.70860 1.55568
v -127.11110 -60.43070 1.85089
v -126.81491 -60.19690 1.85089
v -127.19131 -60.44910 1.55568
v -126.89211 -60.21490 1.55568
v -124.63491 -61.57390 1.85089
v -124.43089 -61.31420 1.85089
v -124.69010 -61.59440 1.55568
v -124.48399 -61.33410 1.55568
v -121.94760 -62.27790 1.85089
v -121.84360 -62.00220 1.85089
v -121.97590 -62.29970 1.55568
v -121.87068 -62.02340 1.55568
v -113.67090 -61.57390 1.85089
v -116.35811 -62.27790 1.85089
v -116.46221 -62.00220 1.85089
v -113.87489 -61.31420 1.85089
v -116.33000 -62.29970 1.55568
v -113.61570 -61.59440 1.55568
v -113.82170 -61.33410 1.55568
v -116.43500 -62.02340 1.55568
v -111.19468 -60.43070 1.85089
v -111.49080 -60.19690 1.85089
v -111.11438 -60.44910 1.55568
v -111.41369 -60.21490 1.55568
v -109.02390 -58.89210 1.85089
v -109.40101 -58.69320 1.85089
v -108.92189 -58.90770 1.55568
v -109.30269 -58.70860 1.55568
v -107.24251 -57.01730 1.85089
v -107.68580 -56.86110 1.85089
v -107.12240 -57.02970 1.55568
v -107.57020 -56.87310 1.55568
v -105.91850 -54.87850 1.85089
v -106.41100 -54.77090 1.85089
v -105.78511 -54.88690 1.55568
v -106.28269 -54.77920 1.55568
v -105.10309 -52.55750 1.85089
v -105.62608 -52.50270 1.85089
v -104.96151 -52.56190 1.55568
v -105.48980 -52.50700 1.55568
v -104.82781 -50.14400 1.85089
v -105.36101 -50.14400 1.85089
v -104.68349 -50.14400 1.55568
v -105.22211 -50.14400 1.55568
v -105.10309 -47.73040 1.85089
v -105.62608 -47.78520 1.85089
v -104.96151 -47.72600 1.55568
v -105.48980 -47.78110 1.55568
v -105.91850 -45.40960 1.85089
v -106.41100 -45.51720 1.85089
v -105.78511 -45.40110 1.55568
v -106.28269 -45.50880 1.55568
v -107.24251 -43.27060 1.85089
v -107.68580 -43.42690 1.85089
v -107.12240 -43.25830 1.55568
v -107.57020 -43.41480 1.55568
v -110.95879 -39.62780 0.16890
v -108.72362 -41.20070 0.16890
v -109.08339 -41.44000 0.16890
v -111.24132 -39.90920 0.16890
v -113.50839 -38.45900 0.16890
v -113.70308 -38.77170 0.16890
v -116.27541 -37.73920 0.16890
v -116.37452 -38.07110 0.16890
v -124.79730 -38.45900 0.16890
v -122.03050 -37.73920 0.16890
v -121.93129 -38.07110 0.16890
v -124.60279 -38.77160 0.16890
v -127.34702 -39.62770 0.16890
v -127.06449 -39.90920 0.16890
v -129.58210 -41.20070 0.16890
v -129.22251 -41.44000 0.16890
v -131.41639 -43.11720 0.16890
v -130.99360 -43.30530 0.16890
v -132.77950 -45.30390 0.16890
v -132.30970 -45.43350 0.16890
v -133.61909 -47.67650 0.16890
v -133.12030 -47.74250 0.16890
v -133.90250 -50.14400 0.16890
v -133.39388 -50.14400 0.16890
v -133.61909 -52.61150 0.16890
v -133.12030 -52.54550 0.16890
v -132.77950 -54.98410 0.16890
v -132.30970 -54.85450 0.16890
v -131.41639 -57.17080 0.16890
v -130.99360 -56.98270 0.16890
v -129.58210 -59.08730 0.16890
v -129.22251 -58.84800 0.16890
v -127.34702 -60.66030 0.16890
v -127.06449 -60.37890 0.16890
v -124.79730 -61.82900 0.16890
v -124.60279 -61.51640 0.16890
v -122.03050 -62.54880 0.16890
v -121.93129 -62.21690 0.16890
v -113.50839 -61.82910 0.16890
v -116.27541 -62.54880 0.16890
v -116.37452 -62.21690 0.16890
v -113.70308 -61.51640 0.16890
v -110.95879 -60.66030 0.16890
v -111.24132 -60.37890 0.16890
v -108.72362 -59.08730 0.16890
v -109.08339 -58.84800 0.16890
v -106.88941 -57.17080 0.16890
v -107.31230 -56.98270 0.16890
v -105.52630 -54.98410 0.16890
v -105.99601 -54.85460 0.16890
v -104.68671 -52.61150 0.16890
v -105.18548 -52.54550 0.16890
v -104.40331 -50.14400 0.16890
v -104.91180 -50.14400 0.16890
v -104.68671 -47.67650 0.16890
v -105.18548 -47.74250 0.16890
v -105.52630 -45.30390 0.16890
v -105.99601 -45.43350 0.16890
v -106.88941 -43.11720 0.16890
v -107.31230 -43.30530 0.16890
v -108.72362 -41.20070 -0.16899
v -109.08339 -41.44000 -0.16899
v -107.31230 -43.30530 -0.16899
v -106.88941 -43.11720 -0.16899
v -105.99601 -45.43350 -0.16899
v -105.52630 -45.30390 -0.16899
v -105.18548 -47.74250 -0.16899
v -104.68671 -47.67650 -0.16899
v -104.91180 -50.14400 -0.16899
v -104.40331 -50.14400 -0.16899
v -105.18548 -52.54550 -0.16899
v -104.68671 -52.61150 -0.16899
v -105.99601 -54.85460 -0.16899
v -105.52630 -54.98410 -0.16899
v -107.31230 -56.98270 -0.16899
v -106.88941 -57.17080 -0.16899
v -109.08339 -58.84800 -0.16899
v -108.72362 -59.08730 -0.16899
v -111.24132 -60.37890 -0.16899
v -110.95879 -60.66030 -0.16899
v -113.70308 -61.51640 -0.16899
v -113.50839 -61.82910 -0.16899
v -116.37452 -62.21690 -0.16899
v -116.27541 -62.54870 -0.16899
v -122.03050 -62.54870 -0.16899
v -121.93129 -62.21690 -0.16899
v -124.60279 -61.51630 -0.16899
v -124.79730 -61.82900 -0.16899
v -127.06449 -60.37890 -0.16899
v -127.34702 -60.66030 -0.16899
v -129.22251 -58.84800 -0.16899
v -129.58210 -59.08730 -0.16899
v -130.99360 -56.98270 -0.16899
v -131.41639 -57.17080 -0.16899
v -132.30970 -54.85450 -0.16899
v -132.77950 -54.98410 -0.16899
v -133.12030 -52.54550 -0.16899
v -133.61909 -52.61150 -0.16899
v -133.39388 -50.14400 -0.16899
v -133.90250 -50.14400 -0.16899
v -133.12030 -47.74250 -0.16899
v -133.61909 -47.67650 -0.16899
v -132.30970 -45.43350 -0.16899
v -132.77950 -45.30390 -0.16899
v -130.99360 -43.30530 -0.16899
v -131.41639 -43.11720 -0.16899
v -129.22251 -41.44000 -0.16899
v -129.58210 -41.20070 -0.16899
v -127.06449 -39.90920 -0.16899
v -127.34702 -39.62770 -0.16899
v -124.60279 -38.77160 -0.16899
v -124.79730 -38.45900 -0.16899
v -121.93129 -38.07110 -0.16899
v -122.03050 -37.73920 -0.16899
v -116.27541 -37.73920 -0.16899
v -116.37452 -38.07110 -0.16899
v -113.70308 -38.77160 -0.16899
v -113.50839 -38.45900 -0.16899
v -111.24132 -39.90920 -0.16899
v -110.95879 -39.62780 -0.16899
v -107.12240 -43.25830 -1.55592
v -107.57020 -43.41480 -1.55592
v -109.30269 -41.57940 -1.55592
v -108.92189 -41.38030 -1.55592
v -109.02390 -41.39580 -1.85108
v -109.40101 -41.59480 -1.85108
v -107.68580 -43.42690 -1.85108
v -107.24251 -43.27060 -1.85108
v -105.78511 -45.40110 -1.55592
v -106.28269 -45.50880 -1.55592
v -106.41100 -45.51720 -1.85108
v -105.91850 -45.40960 -1.85108
v -104.96151 -47.72600 -1.55592
v -105.48980 -47.78110 -1.55592
v -105.62608 -47.78520 -1.85108
v -105.10309 -47.73040 -1.85108
v -104.68349 -50.14400 -1.55592
v -105.22211 -50.14400 -1.55592
v -105.36101 -50.14400 -1.85108
v -104.82781 -50.14400 -1.85108
v -104.96151 -52.56190 -1.55592
v -105.48980 -52.50700 -1.55592
v -105.62608 -52.50270 -1.85108
v -105.10309 -52.55750 -1.85108
v -105.78511 -54.88690 -1.55592
v -106.28269 -54.77920 -1.55592
v -106.41100 -54.77080 -1.85108
v -105.91850 -54.87850 -1.85108
v -107.12240 -57.02970 -1.55592
v -107.57020 -56.87310 -1.55592
v -107.68580 -56.86110 -1.85108
v -107.24251 -57.01730 -1.85108
v -108.92189 -58.90770 -1.55592
v -109.30269 -58.70850 -1.55592
v -109.40101 -58.69320 -1.85108
v -109.02390 -58.89210 -1.85108
v -111.11438 -60.44910 -1.55592
v -111.41369 -60.21490 -1.55592
v -111.49080 -60.19690 -1.85108
v -111.19468 -60.43070 -1.85108
v -113.61570 -61.59440 -1.55592
v -113.82170 -61.33410 -1.55592
v -113.87489 -61.31420 -1.85108
v -113.67090 -61.57390 -1.85108
v -116.33000 -62.29960 -1.55592
v -116.43500 -62.02340 -1.55592
v -116.46221 -62.00220 -1.85108
v -116.35811 -62.27790 -1.85108
v -124.69010 -61.59440 -1.55592
v -124.48399 -61.33410 -1.55592
v -121.87068 -62.02340 -1.55592
v -121.97590 -62.29960 -1.55592
v -121.94760 -62.27790 -1.85108
v -121.84360 -62.00220 -1.85108
v -124.43089 -61.31420 -1.85108
v -124.63491 -61.57390 -1.85108
v -127.19131 -60.44910 -1.55592
v -126.89211 -60.21490 -1.55592
v -126.81491 -60.19690 -1.85108
v -127.11110 -60.43070 -1.85108
v -129.38402 -58.90780 -1.55592
v -129.00300 -58.70860 -1.55592
v -128.90480 -58.69330 -1.85108
v -129.28190 -58.89220 -1.85108
v -131.18341 -57.02970 -1.55592
v -130.73552 -56.87320 -1.55592
v -130.62000 -56.86110 -1.85108
v -131.06329 -57.01730 -1.85108
v -132.52070 -54.88690 -1.55592
v -132.02310 -54.77910 -1.55592
v -131.89471 -54.77080 -1.85108
v -132.38730 -54.87850 -1.85108
v -133.34429 -52.56190 -1.55592
v -132.81600 -52.50700 -1.55592
v -132.67970 -52.50270 -1.85108
v -133.20270 -52.55760 -1.85108
v -133.62229 -50.14400 -1.55592
v -133.08361 -50.14400 -1.55592
v -132.94480 -50.14400 -1.85108
v -133.47800 -50.14400 -1.85108
v -133.34429 -47.72610 -1.55592
v -132.81600 -47.78110 -1.55592
v -132.67970 -47.78520 -1.85108
v -133.20270 -47.73040 -1.85108
v -132.52070 -45.40110 -1.55592
v -132.02310 -45.50880 -1.55592
v -131.89471 -45.51720 -1.85108
v -132.38730 -45.40960 -1.85108
v -131.18341 -43.25830 -1.55592
v -130.73552 -43.41480 -1.55592
v -130.62000 -43.42690 -1.85108
v -131.06329 -43.27060 -1.85108
v -129.38402 -41.38030 -1.55592
v -129.00300 -41.57940 -1.55592
v -128.90480 -41.59480 -1.85108
v -129.28190 -41.39590 -1.85108
v -127.19131 -39.83890 -1.55592
v -126.89211 -40.07310 -1.55592
v -126.81491 -40.09110 -1.85108
v -127.11110 -39.85730 -1.85108
v -124.69010 -38.69360 -1.55592
v -124.48399 -38.95380 -1.55592
v -124.43089 -38.97380 -1.85108
v -124.63491 -38.71410 -1.85108
v -121.97590 -37.98830 -1.55592
v -121.87068 -38.26460 -1.55592
v -121.84360 -38.28570 -1.85108
v -121.94760 -38.01010 -1.85108
v -113.61570 -38.69360 -1.55592
v -113.82170 -38.95380 -1.55592
v -116.43500 -38.26450 -1.55592
v -116.33000 -37.98830 -1.55592
v -116.35811 -38.01000 -1.85108
v -116.46221 -38.28570 -1.85108
v -113.87489 -38.97380 -1.85108
v -113.67090 -38.71400 -1.85108
v -111.11438 -39.83890 -1.55592
v -111.41369 -40.07310 -1.55592
v -111.49080 -40.09100 -1.85108
v -111.19468 -39.85730 -1.85108
v -119.15290 -50.14400 -2.85282
v -115.97331 -46.06380 -2.85268
v -115.10580 -46.67410 -2.85268
v -116.96250 -45.61030 -2.85268
v -122.33250 -46.06380 -2.85268
v -121.34330 -45.61030 -2.85268
v -123.20011 -46.67410 -2.85268
v -123.91131 -47.41780 -2.85268
v -124.44022 -48.26610 -2.85282
v -124.76599 -49.18670 -2.85282
v -124.87628 -50.14400 -2.85282
v -124.76599 -51.10130 -2.85282
v -124.44022 -52.02190 -2.85282
v -123.91131 -52.87030 -2.85282
v -123.20011 -53.61390 -2.85282
v -122.33250 -54.22420 -2.85282
v -121.34330 -54.67770 -2.85282
v -115.97331 -54.22420 -2.85282
v -116.96250 -54.67770 -2.85282
v -115.10580 -53.61390 -2.85282
v -114.39440 -52.87030 -2.85282
v -113.86549 -52.02190 -2.85282
v -113.53981 -51.10130 -2.85282
v -113.42950 -50.14400 -2.85282
v -113.53981 -49.18670 -2.85282
v -113.86549 -48.26610 -2.85282
v -114.39440 -47.41780 -2.85268
v -112.67700 -51.24360 -3.37129
v -113.42950 -50.14400 -2.85282
v -112.54990 -50.14400 -3.37129
v -115.48421 -54.83070 -3.37129
v -115.97331 -54.22420 -2.85282
v -115.10580 -53.61390 -2.85282
v -116.62619 -55.35150 -3.37129
v -116.96250 -54.67770 -2.85282
v -117.86511 -55.67230 -3.37129
v -118.03601 -54.95690 -2.85282
v -125.62881 -49.04440 -3.37129
v -124.87628 -50.14400 -2.85282
v -125.75581 -50.14400 -3.37129
v -122.82159 -45.45740 -3.37129
v -122.33250 -46.06380 -2.85268
v -123.20011 -46.67410 -2.85268
v -121.67950 -44.93650 -3.37129
v -121.34330 -45.61030 -2.85268
v -120.44160 -44.61580 -3.37129
v -120.26970 -45.33120 -2.85268
v -120.83390 -42.94590 -3.84922
v -122.44961 -43.36350 -3.84922
v -126.31581 -46.06660 -3.84922
v -125.25311 -47.98700 -3.37129
v -127.11120 -47.33540 -3.84922
v -127.60160 -48.71220 -3.84922
v -127.76701 -50.14400 -3.84922
v -125.62881 -51.24360 -3.37129
v -127.60160 -51.57580 -3.84922
v -125.25311 -52.30100 -3.37129
v -127.11120 -52.95260 -3.84922
v -124.64302 -53.27550 -3.37129
v -126.31581 -54.22140 -3.84922
v -123.82200 -54.12970 -3.37129
v -125.24400 -55.33360 -3.84922
v -117.47181 -57.34210 -3.84922
v -115.85619 -56.92450 -3.84922
v -111.98990 -54.22140 -3.84922
v -113.05270 -52.30100 -3.37129
v -111.19449 -52.95260 -3.84922
v -110.70411 -51.57580 -3.84922
v -110.53870 -50.14400 -3.84922
v -112.67700 -49.04440 -3.37129
v -110.70411 -48.71220 -3.84922
v -113.05270 -47.98700 -3.37129
v -111.19449 -47.33540 -3.84922
v -113.66279 -47.01250 -3.37129
v -111.98990 -46.06660 -3.84922
v -114.48390 -46.15840 -3.37129
v -113.06179 -44.95440 -3.84922
v -109.05600 -44.31240 -3.84922
v -110.56550 -42.72170 -3.84922
v -107.93390 -46.12710 -3.84922
v -107.24242 -48.09620 -3.84922
v -107.00939 -50.14400 -3.84922
v -107.24242 -52.19180 -3.84922
v -107.93390 -54.16090 -3.84922
v -109.05600 -55.97560 -3.84922
v -110.56550 -57.56630 -3.84922
v -113.06179 -55.33360 -3.84922
v -112.40609 -58.87160 -3.84922
v -114.36741 -56.24630 -3.84922
v -114.50541 -59.84160 -3.84922
v -116.78379 -60.43890 -3.84922
v -123.80040 -59.84160 -3.84922
v -122.44961 -56.92450 -3.84922
v -120.83390 -57.34210 -3.84922
v -121.52212 -60.43890 -3.84922
v -125.89982 -58.87160 -3.84922
v -123.93839 -56.24630 -3.84922
v -127.74041 -57.56630 -3.84922
v -129.24979 -55.97570 -3.84922
v -130.37179 -54.16090 -3.84922
v -131.06329 -52.19180 -3.84922
v -131.29640 -50.14400 -3.84922
v -131.06329 -48.09620 -3.84922
v -130.37179 -46.12710 -3.84922
v -129.24979 -44.31250 -3.84922
v -127.74041 -42.72170 -3.84922
v -125.24400 -44.95450 -3.84922
v -125.89982 -41.41640 -3.84922
v -123.93839 -44.04170 -3.84922
v -123.80040 -40.44640 -3.84922
v -121.52212 -39.84910 -3.84922
v -114.50541 -40.44630 -3.84922
v -115.85619 -43.36340 -3.84922
v -117.47181 -42.94580 -3.84922
v -116.78379 -39.84910 -3.84922
v -112.40609 -41.41640 -3.84922
v -114.36741 -44.04170 -3.84922
v -128.69442 -41.95320 -3.37129
v -132.38618 -47.88420 -3.37129
v -132.64511 -50.14400 -3.37129
v -109.61270 -58.33480 -3.37129
v -105.91960 -52.40390 -3.37129
v -105.66061 -50.14400 -3.37129
v -111.39350 -60.15870 2.85501
v -113.80789 -61.27170 2.85501
v -113.67090 -61.57390 1.85089
v -111.19468 -60.43070 1.85089
v -105.91960 -47.88420 -3.37129
v -106.68728 -45.71120 -3.37129
v -106.24931 -45.53470 -2.85511
v -105.45430 -47.79420 -2.85511
v -109.27711 -58.66070 2.85501
v -109.02390 -58.89210 1.85089
v -113.82170 -61.33410 -1.55592
v -113.87489 -61.31420 -1.85108
v -111.49080 -60.19690 -1.85108
v -111.41369 -60.21490 -1.55592
v -132.02310 -54.77910 -1.55592
v -131.89471 -54.77080 -1.85108
v -130.62000 -56.86110 -1.85108
v -130.73552 -56.87320 -1.55592
v -120.44070 -55.67230 3.37110
v -120.26970 -54.95690 2.85258
v -121.34330 -54.67770 2.85258
v -121.67950 -55.35150 3.37110
v -107.93469 -56.57950 3.37110
v -113.98890 -60.84580 -3.37129
v -116.52040 -61.50490 -3.37129
v -131.61850 -45.71120 3.37110
v -115.48421 -45.45730 3.37110
v -121.87779 -38.33090 2.85501
v -121.78540 -38.78300 3.37110
v -119.15290 -38.56040 3.37110
v -119.15290 -38.09950 2.85501
v -105.18970 -47.74050 -0.00062
v -105.18548 -47.74250 -0.16899
v -105.99601 -45.43350 -0.16899
v -105.99999 -45.42960 -0.00062
v -116.42802 -61.95720 2.85501
v -116.35811 -62.27790 1.85089
v -111.65690 -59.77540 -3.37129
v -122.82159 -54.83070 3.37110
v -121.87779 -61.95720 2.85501
v -121.78540 -61.50500 3.37110
v -124.31700 -60.84580 3.37110
v -124.49791 -61.27170 2.85501
v -119.15290 -60.64060 -3.84922
v -119.15290 -61.72760 -3.37129
v -121.78540 -61.50490 -3.37129
v -107.31580 -43.29970 -0.00062
v -107.31230 -43.30530 -0.16899
v -109.08339 -41.44000 -0.16899
v -109.08630 -41.43290 -0.00062
v -119.15290 -44.50750 3.37110
v -119.15290 -45.23690 2.85258
v -118.03601 -45.33110 2.85258
v -117.86511 -44.61570 3.37110
v -124.48399 -38.95380 -1.55592
v -124.43089 -38.97380 -1.85108
v -126.81491 -40.09110 -1.85108
v -126.89211 -40.07310 -1.55592
v -105.45430 -52.49380 2.85501
v -106.24931 -54.75320 2.85501
v -105.91850 -54.87850 1.85089
v -105.10309 -52.55750 1.85089
v -107.93340 -43.70850 -3.37129
v -107.54011 -43.45240 -2.85511
v -124.48399 -61.33410 -1.55592
v -124.43089 -61.31420 -1.85108
v -121.84360 -62.00220 -1.85108
v -121.87068 -62.02340 -1.55592
v -111.24361 -60.38710 -0.00062
v -111.24132 -60.37890 -0.16899
v -109.08339 -58.84800 -0.16899
v -109.08630 -58.85510 -0.00062
v -130.37250 -43.70850 3.37110
v -105.18579 -50.14400 -2.85511
v -105.99999 -54.85840 -0.00062
v -105.99601 -54.85460 -0.16899
v -105.18548 -52.54550 -0.16899
v -105.18970 -52.54740 -0.00062
v -122.33250 -54.22420 2.85258
v -129.00300 -41.57940 -1.55592
v -128.90480 -41.59480 -1.85108
v -130.62000 -43.42690 -1.85108
v -130.73552 -43.41480 -1.55592
v -104.91180 -50.14400 -0.16899
v -104.91610 -50.14400 -0.00062
v -115.48421 -45.45730 -3.37129
v -116.62619 -44.93650 -3.37129
v -116.52040 -38.78300 3.37110
v -116.42802 -38.33090 2.85501
v -106.28269 -54.77920 -1.55592
v -106.41100 -54.77080 -1.85108
v -105.62608 -52.50270 -1.85108
v -105.48980 -52.50700 -1.55592
v -121.93038 -62.22660 -0.00062
v -121.93129 -62.21690 -0.16899
v -119.15290 -62.45340 -0.16899
v -119.15290 -62.46330 -0.00062
v -124.63491 -61.57390 1.85089
v -121.94760 -62.27790 1.85089
v -119.15290 -45.23690 -2.85268
v -118.03601 -45.33110 -2.85268
v -124.49791 -39.01630 2.85501
v -124.31700 -39.44220 3.37110
v -132.38618 -52.40390 3.37110
v -109.61130 -41.95320 -3.37129
v -109.27711 -41.62730 -2.85511
v -105.45430 -47.79420 2.85501
v -105.18579 -50.14400 2.85501
v -104.82781 -50.14400 1.85089
v -105.10309 -47.73040 1.85089
v -126.91228 -60.15870 2.85501
v -127.11110 -60.43070 1.85089
v -111.65690 -59.77540 3.37110
v -124.60110 -61.52550 -0.00062
v -124.60279 -61.51630 -0.16899
v -119.15290 -38.03180 -1.55592
v -119.15290 -38.05350 -1.85108
v -121.84360 -38.28570 -1.85108
v -121.87068 -38.26460 -1.55592
v -127.06211 -60.38710 -0.00062
v -127.06449 -60.37890 -0.16899
v -113.99009 -39.44220 3.37110
v -113.80789 -39.01620 2.85501
v -130.37250 -43.70850 -3.37129
v -106.68728 -54.57680 3.37110
v -119.15290 -39.64740 -3.84922
v -119.15290 -38.56040 -3.37129
v -116.52040 -38.78300 -3.37129
v -116.43500 -38.26450 -1.55592
v -116.46221 -38.28570 -1.85108
v -131.61850 -45.71120 -3.37129
v -129.21951 -58.85510 -0.00062
v -129.22251 -58.84800 -0.16899
v -121.78540 -38.78300 -3.37129
v -116.43500 -62.02340 -1.55592
v -116.46221 -62.00220 -1.85108
v -124.31700 -39.44220 -3.37129
v -123.20011 -53.61390 2.85258
v -111.49080 -40.09100 -1.85108
v -111.41369 -40.07310 -1.55592
v -109.30269 -41.57940 -1.55592
v -109.40101 -41.59480 -1.85108
v -105.22211 -50.14400 -1.55592
v -105.36101 -50.14400 -1.85108
v -105.62608 -47.78520 -1.85108
v -105.48980 -47.78110 -1.55592
v -107.93469 -56.57950 -3.37129
v -126.64890 -40.51270 -3.37129
v -119.15290 -62.23460 -1.85108
v -119.15290 -62.25620 -1.55592
v -133.11610 -47.74050 -0.00062
v -133.12030 -47.74250 -0.16899
v -133.39388 -50.14400 -0.16899
v -133.38969 -50.14400 -0.00062
v -124.31700 -60.84580 -3.37129
v -126.64890 -59.77540 -3.37129
v -119.15290 -55.78050 3.37110
v -119.15290 -55.05120 2.85258
v -107.31580 -56.98820 -0.00062
v -107.31230 -56.98270 -0.16899
v -133.11989 -50.14400 -2.85511
v -132.85151 -47.79430 -2.85511
v -113.98890 -60.84580 3.37110
v -121.87779 -38.33080 -2.85511
v -119.15290 -38.09950 -2.85511
v -121.87779 -61.95720 -2.85511
v -124.49791 -61.27170 -2.85511
v -116.37540 -38.06140 -0.00062
v -116.37452 -38.07110 -0.16899
v -119.15290 -37.83460 -0.16899
v -119.15290 -37.82470 -0.00062
v -123.82200 -46.15840 3.37110
v -105.91960 -47.88420 3.37110
v -115.10580 -46.67410 2.85258
v -114.39440 -47.41780 2.85258
v -119.15290 -62.18850 -2.85511
v -132.30579 -45.42960 -0.00062
v -132.30970 -45.43350 -0.16899
v -113.86549 -48.26610 2.85258
v -106.68728 -54.57680 -3.37129
v -113.53981 -49.18670 2.85258
v -130.76560 -56.83570 2.85501
v -132.05650 -54.75330 2.85501
v -132.38730 -54.87850 1.85089
v -131.06329 -57.01730 1.85089
v -115.97331 -46.06380 2.85258
v -111.24132 -39.90920 -0.16899
v -111.24361 -39.90090 -0.00062
v -119.15290 -62.25620 1.55568
v -119.15290 -62.53780 1.55568
v -132.85151 -52.49380 2.85501
v -133.20270 -52.55760 1.85089
v -113.70471 -38.76250 -0.00062
v -113.70308 -38.77160 -0.16899
v -129.02870 -58.66080 2.85501
v -129.28190 -58.89220 1.85089
v -120.26970 -45.33120 -2.85268
v -113.99009 -39.44220 -3.37129
v -116.42802 -38.33080 -2.85511
v -113.80789 -39.01620 -2.85511
v -116.42802 -61.95720 -2.85511
v -119.15290 -57.48320 3.84908
v -132.38618 -52.40390 -3.37129
v -131.61850 -54.57690 -3.37129
v -132.05650 -54.75330 -2.85511
v -132.85151 -52.49380 -2.85511
v -116.62619 -44.93650 3.37110
v -105.45430 -52.49380 -2.85511
v -106.24931 -54.75320 -2.85511
v -133.12030 -52.54550 -0.16899
v -133.11610 -52.54740 -0.00062
v -107.54011 -56.83560 -2.85511
v -109.27711 -58.66070 -2.85511
v -124.64302 -47.01250 3.37110
v -119.15290 -37.75010 1.55568
v -119.15290 -38.03180 1.55568
v -128.69320 -58.33480 -3.37129
v -126.91228 -60.15870 -2.85511
v -129.02870 -58.66080 -2.85511
v -114.48390 -54.12970 3.37110
v -132.30579 -54.85840 -0.00062
v -132.30970 -54.85450 -0.16899
v -130.99360 -56.98270 -0.16899
v -130.99000 -56.98820 -0.00062
v -130.37112 -56.57950 -3.37129
v -130.76560 -56.83570 -2.85511
v -119.15290 -60.64060 3.84908
v -124.49791 -39.01630 -2.85511
v -126.91228 -40.12940 -2.85511
v -119.15290 -42.80480 3.84908
v -132.05650 -45.53480 -2.85511
v -129.02870 -41.62730 -2.85511
v -130.76560 -43.45240 -2.85511
v -121.94760 -38.01010 1.85089
v -124.63491 -38.71410 1.85089
v -111.65690 -40.51250 -3.37129
v -111.39350 -40.12920 -2.85511
v -111.39350 -60.15870 -2.85511
v -113.80789 -61.27170 -2.85511
v -107.54011 -56.83560 2.85501
v -107.24251 -57.01730 1.85089
v -123.82200 -46.15840 -3.37129
v -119.15290 -39.64740 3.84908
v -113.67090 -38.71400 1.85089
v -116.35811 -38.01000 1.85089
v -124.64302 -47.01250 -3.37129
v -133.11989 -50.14400 2.85501
v -132.85151 -47.79430 2.85501
v -119.15290 -37.77230 1.85089
v -124.76599 -49.18670 2.85258
v -126.64890 -59.77540 3.37110
v -113.66279 -53.27550 3.37110
v -111.65690 -40.51250 3.37110
v -109.61130 -41.95320 3.37110
v -106.41100 -45.51720 -1.85108
v -106.28269 -45.50880 -1.55592
v -107.57020 -56.87310 -1.55592
v -107.68580 -56.86110 -1.85108
v -132.05650 -45.53480 2.85501
v -126.91228 -40.12940 2.85501
v -127.11110 -39.85730 1.85089
v -124.44022 -48.26610 2.85258
v -129.02870 -41.62730 2.85501
v -129.28190 -41.39590 1.85089
v -111.39350 -40.12920 2.85501
v -111.19468 -39.85730 1.85089
v -109.30269 -58.70850 -1.55592
v -109.40101 -58.69320 -1.85108
v -124.76599 -51.10130 2.85258
v -107.93340 -43.70850 3.37110
v -106.68728 -45.71120 3.37110
v -130.76560 -43.45240 2.85501
v -131.06329 -43.27070 1.85089
v -107.68580 -43.42690 -1.85108
v -107.57020 -43.41480 -1.55592
v -119.15290 -61.72760 3.37110
v -128.69320 -58.33480 3.37110
v -130.37112 -56.57950 3.37110
v -113.66279 -53.27550 -3.37129
v -119.15290 -42.80480 -3.84922
v -122.82159 -54.83070 -3.37129
v -121.67950 -55.35150 -3.37129
v -116.52040 -61.50490 3.37110
v -119.15290 -57.48320 -3.84922
v -126.89211 -60.21490 -1.55592
v -126.81491 -60.19690 -1.85108
v -109.27711 -41.62730 2.85501
v -109.02390 -41.39580 1.85089
v -133.47800 -50.14400 1.85089
v -113.53981 -51.10130 2.85258
v -113.86549 -52.02190 2.85258
v -114.39440 -52.87030 2.85258
v -131.61850 -54.57690 3.37110
v -117.86511 -44.61570 -3.37129
v -119.15290 -44.50750 -3.37129
v -123.91131 -52.87030 2.85258
v -124.44022 -52.02190 2.85258
v -106.24931 -45.53480 2.85501
v -121.93129 -38.07110 -0.16899
v -121.93038 -38.06140 -0.00062
v -132.38730 -45.40960 1.85089
v -129.00300 -58.70860 -1.55592
v -128.90480 -58.69330 -1.85108
v -120.44070 -55.67230 -3.37129
v -119.15290 -55.78050 -3.37129
v -133.20270 -47.73040 1.85089
v -107.54011 -43.45240 2.85501
v -107.24251 -43.27060 1.85089
v -130.99000 -43.29970 -0.00062
v -130.99360 -43.30530 -0.16899
v -119.15290 -55.05120 -2.85282
v -120.26970 -54.95690 -2.85282
v -129.21951 -41.43290 -0.00062
v -129.22251 -41.44000 -0.16899
v -114.48390 -54.12970 -3.37129
v -124.60279 -38.77160 -0.16899
v -124.60110 -38.76240 -0.00062
v -126.64890 -40.51270 3.37110
v -131.89471 -45.51720 -1.85108
v -132.02310 -45.50880 -1.55592
v -132.67970 -47.78520 -1.85108
v -132.81600 -47.78110 -1.55592
v -133.08361 -50.14400 -1.55592
v -132.94480 -50.14400 -1.85108
v -132.67970 -52.50270 -1.85108
v -132.81600 -52.50700 -1.55592
v -105.91850 -45.40960 1.85089
v -113.87489 -38.97380 -1.85108
v -113.82170 -38.95380 -1.55592
v -123.91131 -47.41780 2.85258
v -119.15290 -62.18850 2.85501
v -119.15290 -62.51570 1.85089
v -116.37452 -62.21690 -0.16899
v -116.37540 -62.22660 -0.00062
v -116.96250 -45.61030 2.85258
v -113.70471 -61.52550 -0.00062
v -113.70308 -61.51640 -0.16899
v -127.06211 -39.90080 -0.00062
v -127.06449 -39.90920 -0.16899
v -118.03601 -54.95690 -2.85282
v -127.11110 -60.43070 -1.85108
v -124.63491 -61.57390 -1.85108
v -119.15290 -62.51570 -1.85108
v -116.35811 -62.27790 -1.85108
v -133.20270 -52.55760 -1.85108
v -132.38730 -54.87850 -1.85108
v -105.10309 -52.55750 -1.85108
v -104.82781 -50.14400 -1.85108
v -108.92189 -41.38030 1.55568
v -107.12240 -43.25830 1.55568
v -106.88941 -43.11720 0.16890
v -108.72362 -41.20070 0.16890
v -119.15290 -37.83460 0.16890
v -119.15290 -37.49620 0.16890
v -119.15290 -37.83460 -0.16899
v -119.15290 -37.49620 -0.16899
v -131.06329 -43.27060 -1.85108
v -132.38730 -45.40960 -1.85108
v -124.79730 -61.82900 -0.16899
v -124.69010 -61.59440 -1.55592
v -121.97590 -62.29960 -1.55592
v -122.03050 -62.54870 -0.16899
v -129.28190 -41.39590 -1.85108
v -127.11110 -39.85730 -1.85108
v -107.68580 -43.42690 1.85089
v -106.41100 -45.51720 1.85089
v -106.28269 -45.50880 1.55568
v -107.57020 -43.41480 1.55568
v -119.15290 -62.53780 1.55568
v -121.97590 -62.29970 1.55568
v -122.03050 -62.54880 0.16890
v -119.15290 -62.79170 0.16890
v -126.81491 -60.19690 1.85089
v -128.90480 -58.69330 1.85089
v -129.00300 -58.70860 1.55568
v -126.89211 -60.21490 1.55568
v -119.15290 -37.77230 1.85089
v -119.15290 -38.05350 1.85089
v -116.27541 -37.73920 -0.16899
v -116.33000 -37.98830 -1.55592
v -119.15290 -37.75010 -1.55592
v -119.15290 -37.49620 -0.16899
v -127.34702 -60.66030 -0.16899
v -127.19131 -60.44910 -1.55592
v -124.63491 -38.71410 -1.85108
v -130.62000 -56.86110 1.85089
v -130.73552 -56.87320 1.55568
v -111.19468 -39.85730 -1.85108
v -113.67090 -38.71400 -1.85108
v -119.15290 -55.05120 -2.85282
v -124.69010 -61.59440 1.55568
v -124.79730 -61.82900 0.16890
v -119.15290 -45.23690 2.85258
v -118.03601 -45.33110 2.85258
v -113.50839 -61.82910 -0.16899
v -113.61570 -61.59440 -1.55592
v -111.11438 -60.44910 -1.55592
v -110.95879 -60.66030 -0.16899
v -131.06329 -57.01730 -1.85108
v -129.28190 -58.89220 -1.85108
v -120.26970 -54.95690 -2.85282
v -121.97590 -37.98830 1.55568
v -119.15290 -37.75010 1.55568
v -119.15290 -37.49620 0.16890
v -122.03050 -37.73920 0.16890
v -104.91180 -50.14400 0.16890
v -105.18548 -52.54550 0.16890
v -119.15290 -45.23690 -2.85268
v -104.68671 -52.61150 -0.16899
v -104.96151 -52.56190 -1.55592
v -104.68349 -50.14400 -1.55592
v -104.40331 -50.14400 -0.16899
v -105.10309 -47.73040 -1.85108
v -105.91850 -45.40960 -1.85108
v -104.96151 -47.72600 -1.55592
v -104.68671 -47.67650 -0.16899
v -119.15290 -62.45340 0.16890
v -119.15290 -62.79170 0.16890
v -119.15290 -62.45340 -0.16899
v -119.15290 -62.79170 -0.16899
v -123.91131 -47.41780 -2.85268
v -119.15290 -38.03180 -1.55592
v -119.15290 -37.75010 -1.55592
v -105.99601 -54.85460 0.16890
v -113.50839 -38.45900 -0.16899
v -113.61570 -38.69360 -1.55592
v -105.18548 -47.74250 0.16890
v -118.03601 -45.33110 -2.85268
v -130.99360 -56.98270 0.16890
v -132.30970 -54.85450 0.16890
v -124.76599 -49.18670 -2.85282
v -124.44022 -48.26610 -2.85282
v -122.33250 -54.22420 -2.85282
v -121.34330 -54.67770 -2.85282
v -111.24132 -39.90920 0.16890
v -109.08339 -41.44000 0.16890
v -107.31230 -56.98270 0.16890
v -119.15290 -62.53780 -1.55592
v -119.15290 -62.79170 -0.16899
v -113.86549 -52.02190 -2.85282
v -114.39440 -52.87030 -2.85282
v -119.15290 -62.23460 1.85089
v -121.84360 -62.00220 1.85089
v -121.87068 -62.02340 1.55568
v -119.15290 -62.25620 1.55568
v -124.43089 -38.97380 1.85089
v -121.84360 -38.28570 1.85089
v -121.87068 -38.26460 1.55568
v -124.48399 -38.95380 1.55568
v -114.39440 -47.41780 -2.85268
v -115.10580 -46.67410 -2.85268
v -132.67970 -52.50270 1.85089
v -132.94480 -50.14400 1.85089
v -133.08361 -50.14400 1.55568
v -132.81600 -52.50700 1.55568
v -120.26970 -45.33120 2.85258
v -116.33000 -62.29960 -1.55592
v -116.27541 -62.54870 -0.16899
v -133.47800 -50.14400 -1.85108
v -129.22251 -58.84800 0.16890
v -119.15290 -62.25620 -1.55592
v -119.15290 -62.53780 -1.55592
v -123.20011 -53.61390 -2.85282
v -132.67970 -47.78520 1.85089
v -132.81600 -47.78110 1.55568
v -133.39388 -50.14400 0.16890
v -133.12030 -47.74250 0.16890
v -113.87489 -38.97380 1.85089
v -111.49080 -40.09100 1.85089
v -111.41369 -40.07310 1.55568
v -113.82170 -38.95380 1.55568
v -110.95879 -39.62780 -0.16899
v -111.11438 -39.83890 -1.55592
v -105.78511 -45.40110 -1.55592
v -105.52630 -45.30390 -0.16899
v -133.20270 -47.73040 -1.85108
v -132.30970 -45.43350 0.16890
v -119.15290 -38.05350 1.85089
v -119.15290 -38.03180 1.55568
v -133.12030 -52.54550 0.16890
v -131.89471 -54.77090 1.85089
v -132.02310 -54.77910 1.55568
v -126.81491 -40.09110 1.85089
v -126.89211 -40.07310 1.55568
v -107.31230 -43.30530 0.16890
v -105.99601 -45.43350 0.16890
v -132.77950 -45.30390 -0.16899
v -132.52070 -45.40110 -1.55592
v -133.34429 -47.72610 -1.55592
v -133.61909 -47.67650 -0.16899
v -108.72362 -41.20070 -0.16899
v -108.92189 -41.38030 -1.55592
v -133.62229 -50.14400 -1.55592
v -133.90250 -50.14400 -0.16899
v -127.06449 -60.37890 0.16890
v -109.08339 -58.84800 0.16890
v -111.24132 -60.37890 0.16890
v -131.89471 -45.51720 1.85089
v -132.02310 -45.50880 1.55568
v -109.30269 -41.57940 1.55568
v -109.40101 -41.59480 1.85089
v -113.53981 -51.10130 -2.85282
v -113.87489 -61.31420 1.85089
v -116.46221 -62.00220 1.85089
v -116.43500 -62.02340 1.55568
v -113.82170 -61.33410 1.55568
v -131.41639 -43.11720 -0.16899
v -131.18341 -43.25830 -1.55592
v -113.86549 -48.26610 -2.85282
v -105.62608 -47.78520 1.85089
v -105.36101 -50.14400 1.85089
v -105.22211 -50.14400 1.55568
v -105.48980 -47.78110 1.55568
v -116.46221 -38.28570 1.85089
v -116.43500 -38.26450 1.55568
v -113.53981 -49.18670 -2.85282
v -119.15290 -62.51570 1.85089
v -119.15290 -62.23460 1.85089
v -124.43089 -61.31420 1.85089
v -124.48399 -61.33410 1.55568
v -111.49080 -60.19690 1.85089
v -111.41369 -60.21490 1.55568
v -115.97331 -46.06380 -2.85268
v -107.12240 -43.25830 -1.55592
v -106.88941 -43.11720 -0.16899
v -127.34702 -39.62770 -0.16899
v -127.19131 -39.83890 -1.55592
v -129.38402 -41.38030 -1.55592
v -129.58210 -41.20070 -0.16899
v -105.62608 -52.50270 1.85089
v -105.48980 -52.50700 1.55568
v -133.61909 -52.61150 -0.16899
v -133.34429 -52.56190 -1.55592
v -132.52070 -54.88690 -1.55592
v -132.77950 -54.98410 -0.16899
v -106.41100 -54.77090 1.85089
v -106.28269 -54.77920 1.55568
v -107.68580 -56.86110 1.85089
v -109.40101 -58.69320 1.85089
v -109.30269 -58.70860 1.55568
v -107.57020 -56.87310 1.55568
v -124.76599 -51.10130 -2.85282
v -124.44022 -52.02190 -2.85282
v -105.78511 -54.88690 1.55568
v -107.12240 -57.02970 1.55568
v -106.88941 -57.17080 0.16890
v -105.52630 -54.98410 0.16890
v -108.92189 -58.90770 1.55568
v -108.72362 -59.08730 0.16890
v -104.96151 -52.56190 1.55568
v -104.68671 -52.61150 0.16890
v -119.15290 -38.05350 -1.85108
v -119.15290 -37.77230 -1.85108
v -104.68349 -50.14400 1.55568
v -104.40331 -50.14400 0.16890
v -123.91131 -52.87030 -2.85282
v -124.60279 -38.77160 0.16890
v -121.93129 -38.07110 0.16890
v -119.15290 -55.05120 2.85258
v -120.26970 -54.95690 2.85258
v -128.90480 -41.59480 1.85089
v -129.00300 -41.57940 1.55568
v -121.97590 -37.98830 -1.55592
v -122.03050 -37.73920 -0.16899
v -130.62000 -43.42690 1.85089
v -130.73552 -43.41480 1.55568
v -133.62229 -50.14400 1.55568
v -133.34429 -47.72610 1.55568
v -133.61909 -47.67650 0.16890
v -133.90250 -50.14400 0.16890
v -116.96250 -45.61030 -2.85268
v -124.69010 -38.69360 -1.55592
v -124.79730 -38.45900 -0.16899
v -129.38402 -41.38030 1.55568
v -127.19131 -39.83890 1.55568
v -127.34702 -39.62770 0.16890
v -129.58210 -41.20070 0.16890
v -132.52070 -45.40110 1.55568
v -131.18341 -43.25830 1.55568
v -131.41639 -43.11720 0.16890
v -132.77950 -45.30390 0.16890
v -119.15290 -62.45340 0.16890
v -121.93129 -62.21690 0.16890
v -105.52630 -54.98410 -0.16899
v -105.78511 -54.88690 -1.55592
v -113.61570 -38.69360 1.55568
v -111.11438 -39.83890 1.55568
v -110.95879 -39.62780 0.16890
v -113.50839 -38.45900 0.16890
v -124.69010 -38.69360 1.55568
v -124.79730 -38.45900 0.16890
v -131.18341 -57.02970 -1.55592
v -131.41639 -57.17080 -0.16899
v -116.37452 -62.21690 0.16890
v -133.34429 -52.56190 1.55568
v -133.61909 -52.61150 0.16890
v -116.33000 -37.98830 1.55568
v -116.27541 -37.73920 0.16890
v -129.58210 -59.08730 -0.16899
v -129.38402 -58.90780 -1.55592
v -127.19131 -60.44910 1.55568
v -127.34702 -60.66030 0.16890
v -129.38402 -58.90780 1.55568
v -129.58210 -59.08730 0.16890
v -116.33000 -62.29970 1.55568
v -116.27541 -62.54880 0.16890
v -132.52070 -54.88690 1.55568
v -132.77950 -54.98410 0.16890
v -124.60279 -61.51640 0.16890
v -119.15290 -62.23460 -1.85108
v -119.15290 -62.51570 -1.85108
v -108.72362 -59.08730 -0.16899
v -108.92189 -58.90770 -1.55592
v -107.12240 -57.02970 -1.55592
v -106.88941 -57.17080 -0.16899
v -129.22251 -41.44000 0.16890
v -127.06449 -39.90920 0.16890
v -116.35811 -38.01000 -1.85108
v -113.70308 -61.51640 0.16890
v -111.11438 -60.44910 1.55568
v -110.95879 -60.66030 0.16890
v -119.15290 -37.83460 0.16890
v -116.37452 -38.07110 0.16890
v -118.03601 -54.95690 2.85258
v -104.96151 -47.72600 1.55568
v -104.68671 -47.67650 0.16890
v -121.94760 -38.01010 -1.85108
v -113.61570 -61.59440 1.55568
v -113.50839 -61.82910 0.16890
v -105.78511 -45.40110 1.55568
v -105.52630 -45.30390 0.16890
v -130.99360 -43.30530 0.16890
v -119.15290 -37.77230 -1.85108
v -109.02390 -41.39580 -1.85108
v -131.18341 -57.02970 1.55568
v -131.41639 -57.17080 0.16890
v -113.70308 -38.77170 0.16890
v -109.02390 -58.89210 -1.85108
v -107.24251 -57.01730 -1.85108
v -111.19468 -60.43070 -1.85108
v -121.94760 -62.27790 -1.85108
v -113.67090 -61.57390 -1.85108
v -105.91850 -54.87850 -1.85108
v -107.24251 -43.27060 -1.85108
v 295.30451 60.16790 145.75129
v 294.68949 60.17110 147.11180
v 296.20392 60.09460 147.11180
v 300.61400 59.79190 145.75129
v 297.36931 60.02169 145.75129
v 298.09678 59.96071 147.11180
v 280.20203 59.48830 145.75129
v 279.82781 59.31941 145.75129
v 282.01511 59.31770 147.11180
v 281.92551 59.14560 147.11180
v 282.03361 58.97360 147.11180
v 287.19437 59.01991 148.69962
v 287.10892 59.16750 148.69962
v 282.42929 58.81141 147.11180
v 287.50737 58.88091 148.69962
v 282.35819 59.47230 147.11180
v 287.17968 59.31509 148.69962
v 287.45120 59.44770 148.69962
v 284.82749 58.49059 147.11180
v 285.98177 58.43111 147.11180
v 290.31780 58.55470 148.69962
v 289.40470 58.60570 148.69962
v 283.71623 59.74010 147.11180
v 282.84490 59.59620 147.11180
v 287.83619 59.55389 148.69962
v 282.01511 59.31770 147.11180
v 287.10892 59.16750 148.69962
v 282.98719 58.68719 147.11180
v 283.72591 58.57270 147.11180
v 288.53309 58.67620 148.69962
v 287.94873 58.77441 148.69962
v 298.40453 59.98130 148.69962
v 299.90208 59.86651 148.69962
v 294.72430 58.91630 150.04311
v 294.44730 58.99400 150.04311
v 294.41197 59.40760 150.04311
v 294.65373 59.48511 150.04311
v 297.20652 60.04700 148.69962
v 299.72928 59.88080 150.04311
v 300.53504 59.84491 150.04311
v 295.63811 58.79319 150.04311
v 295.09108 58.84460 150.04311
v 301.28691 59.79701 150.04311
v 302.22681 59.71320 150.04311
v 291.30189 58.52110 148.69962
v 296.82887 58.73140 150.04311
v 296.21127 58.75600 150.04311
v 291.38749 59.99749 148.69962
v 290.40339 59.89280 148.69962
v 296.26501 59.73240 150.04311
v 296.88270 59.80881 150.04311
v 294.19711 59.20311 150.04311
v 294.24160 59.31080 150.04311
v 292.54267 60.07980 148.69962
v 297.60783 59.86879 150.04311
v 288.52551 59.67730 148.69962
v 295.08631 59.57510 150.04311
v 292.37158 58.51180 148.69962
v 297.50030 58.72460 150.04311
v 295.92288 60.09620 148.69962
v 294.81051 60.12900 148.69962
v 299.03109 59.90470 150.04311
v 289.46211 59.79770 148.69962
v 295.67420 59.66299 150.04311
v 293.61241 60.11260 148.69962
v 298.27912 59.89271 150.04311
v 294.25080 59.09540 150.04311
v 294.19711 59.20311 150.04311
v 278.80223 58.72510 144.09480
v 279.84803 58.94349 145.75129
v 278.34342 58.91591 144.09480
v 285.93080 58.21850 144.09480
v 286.98628 58.29640 145.75129
v 285.51142 58.30820 145.75129
v 277.82390 58.68869 141.79811
v 277.34749 58.89160 141.79811
v 282.10127 58.21260 141.79811
v 282.92091 58.27740 144.09480
v 281.58257 58.34740 144.09480
v 277.25699 58.66770 139.63161
v 276.77000 58.87759 139.63161
v 296.63241 57.68021 0.00000
v 297.03181 58.12820 139.63161
v 291.30118 57.64180 0.00000
v 262.92813 57.96800 0.00000
v 278.85301 58.35870 139.63161
v 277.94373 58.50700 139.63161
v 279.38492 58.38980 141.79811
v 278.49562 58.53320 141.79811
v 296.56579 59.14770 150.30341
v 296.52312 59.22530 150.30341
v 301.17629 59.29399 150.56372
v 301.15530 59.32251 150.56372
v 296.72177 59.07450 150.30341
v 301.25573 59.26570 150.56372
v 296.55850 59.30300 150.30341
v 296.69373 59.37280 150.30341
v 301.17438 59.34990 150.56372
v 301.24471 59.37310 150.56372
v 298.12272 58.90290 150.30341
v 297.66753 58.92970 150.30341
v 301.97403 59.18570 150.56372
v 301.74019 59.20129 150.56372
v 299.23170 59.70541 150.30341
v 299.76490 59.72269 150.30341
v 300.36199 59.73130 150.30341
v 297.22931 59.49360 150.30341
v 297.69609 59.55700 150.30341
v 301.52152 59.40951 150.56372
v 301.76232 59.42610 150.56372
v 298.16530 59.60711 150.30341
v 302.00398 59.43790 150.56372
v 300.91660 59.71411 150.30341
v 299.14639 58.88019 150.30341
v 298.61319 58.88520 150.30341
v 302.49999 59.16410 150.56372
v 302.22590 59.17290 150.56372
v 296.88570 59.42870 150.30341
v 301.34413 59.39069 150.56372
v 298.65582 59.66210 150.30341
v 302.25680 59.45120 150.56372
v 302.55339 59.45910 150.56372
v 301.55642 59.68819 150.30341
v 302.15352 59.65369 150.30341
v 296.52312 59.22530 150.30341
v 301.15530 59.32251 150.56372
v 302.42379 58.73321 150.04311
v 297.23303 58.96680 150.30341
v 296.94178 59.01850 150.30341
v 301.51732 59.22030 150.56372
v 301.36817 59.24271 150.56372
v 260.43704 58.40550 0.00000
v 259.67691 58.70250 0.00000
v 301.51999 59.30800 150.57092
v 301.51999 59.30800 150.57092
v 301.87972 59.29371 150.57311
v 302.13559 59.28200 150.57511
v 301.76232 59.42610 150.56372
v 301.87972 59.29371 150.57311
v 302.13559 59.28200 150.57511
v 302.00398 59.43790 150.56372
v 302.41330 59.26979 150.57969
v 302.25680 59.45120 150.56372
v 302.41330 59.26979 150.57969
v 302.72629 59.45860 150.56372
v 302.72629 59.60730 150.30341
v 302.55339 59.45910 150.56372
v 302.72629 59.25739 150.57969
v 302.72629 59.45860 150.56372
v 302.72629 59.66870 150.04311
v 302.72629 58.73600 150.04311
v 302.41101 58.54149 148.69962
v 302.72629 58.54591 148.69962
v 302.72629 58.80640 150.16761
v 302.72629 59.15859 150.56372
v 276.77000 58.87759 139.63161
v 276.63682 59.10040 139.63161
v 259.46910 59.01781 0.00000
v 259.67691 58.70250 0.00000
v 285.48748 60.43850 141.79811
v 287.11550 60.48630 141.79811
v 286.75673 60.52700 139.63161
v 285.09219 60.47750 139.63161
v 301.26822 58.41560 147.11180
v 300.21579 58.52349 148.69962
v 298.49341 58.39460 147.11180
v 297.16561 58.16689 141.79811
v 285.22699 58.14989 141.79811
v 284.82592 58.11051 139.63161
v 283.59902 58.16351 141.79811
v 283.16138 58.12460 139.63161
v 279.84803 58.94349 145.75129
v 279.73001 59.13150 145.75129
v 280.27947 58.76650 145.75129
v 272.25049 57.61680 0.00000
v 284.15463 58.35109 145.75129
v 284.36310 58.23130 144.09480
v 291.13533 60.39301 144.09480
v 293.01641 60.32550 144.09480
v 292.58559 60.39060 141.79811
v 290.63189 60.46240 141.79811
v 290.35189 60.50220 139.63161
v 292.34917 60.42790 139.63161
v 283.99270 60.89670 0.00000
v 280.87533 61.00190 0.00000
v 296.68810 60.12719 141.79811
v 300.26972 59.86391 141.79811
v 300.20540 59.88320 139.63161
v 296.54362 60.15560 139.63161
v 300.82858 58.33420 145.75129
v 297.80200 58.31130 145.75129
v 297.42672 58.23451 144.09480
v 300.64371 58.25921 144.09480
v 283.04627 60.11390 144.09480
v 284.48861 60.25750 144.09480
v 283.72929 60.31840 141.79811
v 282.23150 60.16560 141.79811
v 287.22231 60.29330 145.75129
v 288.69717 60.33500 145.75129
v 287.74922 60.41550 144.09480
v 286.18147 60.37050 144.09480
v 269.65258 57.63670 0.00000
v 288.93893 60.51031 141.79811
v 288.62078 60.55179 139.63161
v 283.29461 60.35320 139.63161
v 281.76329 60.19531 139.63161
v 300.50662 58.19320 141.79811
v 281.63021 58.17540 139.63161
v 280.20918 58.25229 139.63161
v 265.04481 57.81750 0.00000
v 267.26258 57.70860 0.00000
v 279.44891 58.57890 144.09480
v 280.71148 58.28701 141.79811
v 280.30541 58.44410 144.09480
v 294.77208 60.23540 144.09480
v 294.40892 60.29480 141.79811
v 278.17347 61.07190 0.00000
v 278.21810 59.11840 144.09480
v 278.34342 58.91591 144.09480
v 293.65270 60.25150 145.75129
v 294.21341 60.32889 139.63161
v 286.90217 60.75659 0.00000
v 277.21732 59.10690 141.79811
v 277.32518 59.32229 141.79811
v 276.74711 59.32310 139.63161
v 276.63682 59.10040 139.63161
v 296.96677 60.07779 144.09480
v 278.21810 59.11840 144.09480
v 278.32201 59.32100 144.09480
v 278.71974 59.50300 144.09480
v 279.28402 59.64881 144.09480
v 278.32429 59.67091 141.79811
v 277.73821 59.51590 141.79811
v 288.57787 58.38099 147.11180
v 279.73001 59.13150 145.75129
v 279.82781 59.31941 145.75129
v 289.50493 60.43800 144.09480
v 278.32201 59.32100 144.09480
v 261.50887 58.17791 0.00000
v 291.88292 60.31410 145.75129
v 280.73289 59.62361 145.75129
v 280.29859 60.05170 139.63161
v 267.47038 60.56750 0.00000
v 265.18443 60.36430 0.00000
v 287.22579 58.39190 147.11180
v 296.25437 60.12570 0.00000
v 290.53919 60.51120 0.00000
v 285.62939 60.18850 145.75129
v 284.27260 60.05520 145.75129
v 284.90021 59.88050 147.11180
v 286.09002 59.99140 147.11180
v 278.84123 59.86989 139.63161
v 262.90963 60.10690 0.00000
v 277.76864 59.68370 139.63161
v 277.16939 59.52330 139.63161
v 261.23559 59.84331 0.00000
v 260.30037 59.61640 0.00000
v 275.26391 61.03690 0.00000
v 272.66610 60.96681 0.00000
v 259.64129 59.33309 0.00000
v 259.46910 59.01781 0.00000
v 290.14637 60.24759 147.11180
v 288.79421 60.20940 147.11180
v 287.33399 60.11340 147.11180
v 282.97470 59.93410 145.75129
v 277.21732 59.10690 141.79811
v 277.34749 58.89160 141.79811
v 269.86039 60.79100 0.00000
v 291.66071 60.26680 147.11180
v 276.74711 59.32310 139.63161
v 259.64129 59.33309 0.00000
v 282.89549 58.41599 145.75129
v 281.69377 58.50571 145.75129
v 300.41564 59.83019 144.09480
v 277.32518 59.32229 141.79811
v 301.07148 59.75030 147.11180
v 281.68328 59.78070 145.75129
v 293.06691 60.22850 147.11180
v 290.34903 60.35591 145.75129
v 300.44758 58.15530 139.63161
v 280.29420 59.81811 144.09480
v 281.66678 59.98340 144.09480
v 280.79889 60.02679 141.79811
v 279.37338 59.85101 141.79811
v 302.72629 59.65210 149.13640
v 281.92551 59.14560 147.11180
v 280.88801 58.63081 145.75129
v 302.72629 59.60870 147.11180
v 302.72629 59.61090 145.75129
v 302.72629 59.15859 150.56372
v 302.72629 59.25739 150.57969
v 302.72629 58.22310 141.79811
v 302.72629 58.18639 139.63161
v 302.72629 58.28660 144.09480
v 302.72629 58.43449 147.11180
v 302.72629 59.64540 141.79811
v 302.72629 59.65640 139.63161
v 302.72629 58.35879 145.75129
v 302.72629 59.62949 144.09480
v 302.72629 59.59740 0.02198
v 302.69711 59.60010 0.00000
v 302.72629 57.73891 0.02198
v 302.69711 57.73830 0.00000
v 300.44758 58.15530 -139.63161
v 302.72629 58.18639 -139.63161
v 302.72629 57.73891 -0.02198
v 297.03181 58.12820 -139.63161
v 302.72629 59.59740 -0.02198
v 302.72629 59.65640 -139.63161
v 300.20540 59.88320 -139.63161
v 302.41330 59.26979 -150.57969
v 302.25680 59.45120 -150.56376
v 302.55339 59.45910 -150.56376
v 302.72629 59.25739 -150.57969
v 300.41564 59.83019 -144.09480
v 300.26972 59.86391 -141.79807
v 302.72629 59.64540 -141.79807
v 302.72629 59.62949 -144.09480
v 302.72629 58.35879 -145.75133
v 300.82858 58.33420 -145.75133
v 301.26822 58.41560 -147.11194
v 302.72629 58.43449 -147.11194
v 300.61400 59.79190 -145.75133
v 302.72629 59.61090 -145.75133
v 302.72629 58.28660 -144.09480
v 300.64371 58.25921 -144.09480
v 302.41101 58.54149 -148.69971
v 302.72629 58.54591 -148.69971
v 302.72629 58.22310 -141.79807
v 300.50662 58.19320 -141.79807
v 302.49999 59.16410 -150.56376
v 302.41330 59.26979 -150.57969
v 302.72629 59.25739 -150.57969
v 302.72629 59.15859 -150.56376
v 302.72629 59.60730 -150.30351
v 301.28691 59.79701 -150.04315
v 302.22681 59.71320 -150.04315
v 302.15352 59.65369 -150.30351
v 300.91660 59.71411 -150.30351
v 301.55642 59.68819 -150.30351
v 302.72629 59.45860 -150.56376
v 300.36199 59.73130 -150.30351
v 299.76490 59.72269 -150.30351
v 299.23170 59.70541 -150.30351
v 302.55339 59.45910 -150.56376
v 302.25527 59.68609 -148.69971
v 302.72629 59.65210 -149.13650
v 302.72629 59.66870 -150.04315
v 302.72629 59.60870 -147.11194
v 301.07148 59.75030 -147.11194
v 302.72629 59.63770 -148.35496
v 292.58559 60.39060 -141.79807
v 292.34917 60.42790 -139.63161
v 294.21341 60.32889 -139.63161
v 294.40892 60.29480 -141.79807
v 283.72929 60.31840 -141.79807
v 283.29461 60.35320 -139.63161
v 285.09219 60.47750 -139.63161
v 285.48748 60.43850 -141.79807
v 279.37338 59.85101 -141.79807
v 278.84123 59.86989 -139.63161
v 280.29859 60.05170 -139.63161
v 280.79889 60.02679 -141.79807
v 295.30451 60.16790 -145.75133
v 297.36931 60.02169 -145.75133
v 298.09678 59.96071 -147.11194
v 296.20392 60.09460 -147.11194
v 294.68949 60.17110 -147.11194
v 293.06691 60.22850 -147.11194
v 293.65270 60.25150 -145.75133
v 279.28402 59.64881 -144.09480
v 278.32429 59.67091 -141.79807
v 280.29420 59.81811 -144.09480
v 281.76329 60.19531 -139.63161
v 282.23150 60.16560 -141.79807
v 284.15463 58.35109 -145.75133
v 282.89549 58.41599 -145.75133
v 284.82749 58.49059 -147.11194
v 285.98177 58.43111 -147.11194
v 286.98628 58.29640 -145.75133
v 285.51142 58.30820 -145.75133
v 287.22579 58.39190 -147.11194
v 288.57787 58.38099 -147.11194
v 280.30541 58.44410 -144.09480
v 279.44891 58.57890 -144.09480
v 280.27947 58.76650 -145.75133
v 280.88801 58.63081 -145.75133
v 288.69717 60.33500 -145.75133
v 287.74922 60.41550 -144.09480
v 289.50493 60.43800 -144.09480
v 290.34903 60.35591 -145.75133
v 282.42929 58.81141 -147.11194
v 282.98719 58.68719 -147.11194
v 298.49341 58.39460 -147.11194
v 292.37158 58.51180 -148.69971
v 300.21579 58.52349 -148.69971
v 278.32201 59.32100 -144.09480
v 277.32518 59.32229 -141.79807
v 277.73821 59.51590 -141.79807
v 278.71974 59.50300 -144.09480
v 282.84490 59.59620 -147.11194
v 281.68328 59.78070 -145.75133
v 282.97470 59.93410 -145.75133
v 283.71623 59.74010 -147.11194
v 301.51999 59.30800 -150.57101
v 301.52152 59.40951 -150.56376
v 301.76232 59.42610 -150.56376
v 301.87972 59.29371 -150.57311
v 288.93893 60.51031 -141.79807
v 290.63189 60.46240 -141.79807
v 291.13533 60.39301 -144.09480
v 281.69377 58.50571 -145.75133
v 283.72591 58.57270 -147.11194
v 291.88292 60.31410 -145.75133
v 280.73289 59.62361 -145.75133
v 281.58257 58.34740 -144.09480
v 279.73001 59.13150 -145.75133
v 279.82781 59.31941 -145.75133
v 282.01511 59.31770 -147.11194
v 281.92551 59.14560 -147.11194
v 296.54362 60.15560 -139.63161
v 296.68810 60.12719 -141.79807
v 281.66678 59.98340 -144.09480
v 283.04627 60.11390 -144.09480
v 284.27260 60.05520 -145.75133
v 287.33399 60.11340 -147.11194
v 287.22231 60.29330 -145.75133
v 288.79421 60.20940 -147.11194
v 291.66071 60.26680 -147.11194
v 290.14637 60.24759 -147.11194
v 284.48861 60.25750 -144.09480
v 286.18147 60.37050 -144.09480
v 277.34749 58.89160 -141.79807
v 276.77000 58.87759 -139.63161
v 276.63682 59.10040 -139.63161
v 277.21732 59.10690 -141.79807
v 299.90208 59.86651 -148.69971
v 277.76864 59.68370 -139.63161
v 285.62939 60.18850 -145.75133
v 293.61241 60.11260 -148.69971
v 294.81051 60.12900 -148.69971
v 297.16561 58.16689 -141.79807
v 288.62078 60.55179 -139.63161
v 290.35189 60.50220 -139.63161
v 296.96677 60.07779 -144.09480
v 301.25573 59.26570 -150.56376
v 301.51999 59.30800 -150.57101
v 301.51732 59.22030 -150.56376
v 301.36817 59.24271 -150.56376
v 282.35819 59.47230 -147.11194
v 280.20203 59.48830 -145.75133
v 285.93080 58.21850 -144.09480
v 285.22699 58.14989 -141.79807
v 283.59902 58.16351 -141.79807
v 284.36310 58.23130 -144.09480
v 295.92288 60.09620 -148.69971
v 284.90021 59.88050 -147.11194
v 288.52551 59.67730 -148.69971
v 287.83619 59.55389 -148.69971
v 297.42672 58.23451 -144.09480
v 301.97403 59.18570 -150.56376
v 301.74019 59.20129 -150.56376
v 276.74711 59.32310 -139.63161
v 277.16939 59.52330 -139.63161
v 283.16138 58.12460 -139.63161
v 281.63021 58.17540 -139.63161
v 279.84803 58.94349 -145.75133
v 278.80223 58.72510 -144.09480
v 277.34749 58.89160 -141.79807
v 277.82390 58.68869 -141.79807
v 277.94373 58.50700 -139.63161
v 277.25699 58.66770 -139.63161
v 290.31780 58.55470 -148.69971
v 291.30189 58.52110 -148.69971
v 282.10127 58.21260 -141.79807
v 297.20652 60.04700 -148.69971
v 282.92091 58.27740 -144.09480
v 286.09002 59.99140 -147.11194
v 289.46211 59.79770 -148.69971
v 290.40339 59.89280 -148.69971
v 280.71148 58.28701 -141.79807
v 292.54267 60.07980 -148.69971
v 278.34342 58.91591 -144.09480
v 278.21810 59.11840 -144.09480
v 286.75673 60.52700 -139.63161
v 301.24471 59.37310 -150.56376
v 301.34413 59.39069 -150.56376
v 291.38749 59.99749 -148.69971
v 278.34342 58.91591 -144.09480
v 278.49562 58.53320 -141.79807
v 276.63682 59.10040 -139.63161
v 276.74711 59.32310 -139.63161
v 302.42379 58.73321 -150.04315
v 302.72629 58.58790 -149.00432
v 280.20918 58.25229 -139.63161
v 278.85301 58.35870 -139.63161
v 299.14639 58.88019 -150.30351
v 302.72629 58.80640 -150.16770
v 287.11550 60.48630 -141.79807
v 279.38492 58.38980 -141.79807
v 297.50030 58.72460 -150.04315
v 297.80200 58.31130 -145.75133
v 293.01641 60.32550 -144.09480
v 294.77208 60.23540 -144.09480
v 276.77000 58.87759 -139.63161
v 279.82781 59.31941 -145.75133
v 300.53504 59.84491 -150.04315
v 298.40453 59.98130 -148.69971
v 299.72928 59.88080 -150.04315
v 299.03109 59.90470 -150.04315
v 278.21810 59.11840 -144.09480
v 278.32201 59.32100 -144.09480
v 277.21732 59.10690 -141.79807
v 277.32518 59.32229 -141.79807
v 279.84803 58.94349 -145.75133
v 279.73001 59.13150 -145.75133
v 284.82592 58.11051 -139.63161
v 282.03361 58.97360 -147.11194
v 281.92551 59.14560 -147.11194
v 302.72629 59.15859 -150.56376
v 302.72629 58.73600 -150.04315
v 302.72629 59.45860 -150.56376
v 302.22590 59.17290 -150.56376
v 302.13559 59.28200 -150.57511
v 302.00398 59.43790 -150.56376
v 302.13559 59.28200 -150.57511
v 301.87972 59.29371 -150.57311
v 301.17438 59.34990 -150.56376
v 301.17629 59.29399 -150.56376
v 301.15530 59.32251 -150.56376
v 301.15530 59.32251 -150.56376
v 296.94178 59.01850 -150.30351
v 296.72177 59.07450 -150.30351
v 294.72430 58.91630 -150.04315
v 294.44730 58.99400 -150.04315
v 296.69373 59.37280 -150.30351
v 296.88570 59.42870 -150.30351
v 294.41197 59.40760 -150.04315
v 294.65373 59.48511 -150.04315
v 297.66753 58.92970 -150.30351
v 297.23303 58.96680 -150.30351
v 295.63811 58.79319 -150.04315
v 295.09108 58.84460 -150.04315
v 298.61319 58.88520 -150.30351
v 298.12272 58.90290 -150.30351
v 296.82887 58.73140 -150.04315
v 296.21127 58.75600 -150.04315
v 298.16530 59.60711 -150.30351
v 298.65582 59.66210 -150.30351
v 302.25680 59.45120 -150.56376
v 302.00398 59.43790 -150.56376
v 296.26501 59.73240 -150.04315
v 296.88270 59.80881 -150.04315
v 296.52312 59.22530 -150.30351
v 296.55850 59.30300 -150.30351
v 294.19711 59.20311 -150.04315
v 294.24160 59.31080 -150.04315
v 297.60783 59.86879 -150.04315
v 297.22931 59.49360 -150.30351
v 295.08631 59.57510 -150.04315
v 297.69609 59.55700 -150.30351
v 301.76232 59.42610 -150.56376
v 295.67420 59.66299 -150.04315
v 298.27912 59.89271 -150.04315
v 296.56579 59.14770 -150.30351
v 294.25080 59.09540 -150.04315
v 296.52312 59.22530 -150.30351
v 294.19711 59.20311 -150.04315
v 287.10892 59.16750 -148.69971
v 287.19437 59.01991 -148.69971
v 287.50737 58.88091 -148.69971
v 287.45120 59.44770 -148.69971
v 287.17968 59.31509 -148.69971
v 289.40470 58.60570 -148.69971
v 287.10892 59.16750 -148.69971
v 287.94873 58.77441 -148.69971
v 288.53309 58.67620 -148.69971
f 5696 5697 5698
f 5699 5700 5701
f 5702 5703 5704
f 5705 5706 5707
f 5708 5709 5710
f 5708 5710 5711
f 5709 5712 5713
f 5709 5713 5710
f 5712 5714 5715
f 5712 5715 5713
f 5716 5717 5718
f 5716 5718 5719
f 5717 5720 5721
f 5717 5721 5718
f 5720 5707 5722
f 5720 5722 5721
f 5707 5706 5723
f 5707 5723 5722
f 5706 5724 5725
f 5706 5725 5723
f 5724 5726 5727
f 5724 5727 5725
f 5726 5704 5728
f 5726 5728 5727
f 5704 5729 5730
f 5704 5730 5728
f 5729 5731 5732
f 5729 5732 5730
f 5731 5733 5734
f 5731 5734 5732
f 5733 5735 5736
f 5733 5736 5734
f 5735 5737 5738
f 5735 5738 5736
f 5737 5739 5740
f 5737 5740 5738
f 5739 5741 5742
f 5739 5742 5740
f 5743 5744 5745
f 5743 5745 5746
f 5744 5747 5748
f 5744 5748 5745
f 5747 5701 5749
f 5747 5749 5748
f 5701 5700 5750
f 5701 5750 5749
f 5700 5751 5752
f 5700 5752 5750
f 5751 5753 5754
f 5751 5754 5752
f 5753 5698 5755
f 5753 5755 5754
f 5698 5756 5757
f 5698 5757 5755
f 5756 5758 5759
f 5756 5759 5757
f 5758 5760 5761
f 5758 5761 5759
f 5760 5708 5711
f 5760 5711 5761
f 5761 5711 5762
f 5761 5762 5763
f 5759 5761 5763
f 5759 5763 5764
f 5757 5759 5764
f 5757 5764 5765
f 5755 5757 5765
f 5755 5765 5766
f 5754 5755 5766
f 5754 5766 5767
f 5752 5754 5767
f 5752 5767 5768
f 5750 5752 5768
f 5746 5745 5769
f 5734 5736 5770
f 5734 5770 5771
f 5732 5734 5771
f 5732 5771 5772
f 5730 5732 5772
f 5730 5772 5773
f 5728 5730 5773
f 5728 5773 5774
f 5727 5728 5774
f 5727 5774 5775
f 5725 5727 5775
f 5725 5775 5776
f 5723 5725 5776
f 5719 5718 5777
f 5778 5779 5780
f 5777 5781 5779
f 5782 5783 5781
f 5775 5774 5784
f 5785 5786 5787
f 5769 5788 5786
f 5789 5790 5788
f 5767 5766 5791
f 5792 5793 5794
f 5792 5795 5793
f 5792 5796 5795
f 5792 5791 5796
f 5792 5797 5791
f 5792 5798 5797
f 5792 5799 5798
f 5792 5790 5799
f 5792 5788 5790
f 5792 5786 5788
f 5792 5800 5801
f 5792 5802 5800
f 5792 5803 5802
f 5792 5804 5803
f 5792 5805 5804
f 5792 5784 5805
f 5792 5806 5784
f 5792 5807 5806
f 5792 5808 5807
f 5792 5783 5808
f 5792 5781 5783
f 5792 5779 5781
f 5792 5809 5810
f 5792 5794 5809
f 5811 5812 5813
f 5811 5813 5814
f 5815 5816 5817
f 5815 5817 5818
f 5819 5815 5818
f 5819 5818 5820
f 5812 5821 5822
f 5812 5822 5813
f 5823 5819 5820
f 5823 5820 5824
f 5821 5825 5826
f 5821 5826 5822
f 5827 5828 5829
f 5827 5829 5830
f 5831 5832 5833
f 5831 5833 5834
f 5835 5827 5830
f 5835 5830 5836
f 5832 5837 5838
f 5832 5838 5833
f 5839 5835 5836
f 5839 5836 5840
f 5837 5841 5842
f 5837 5842 5838
f 5843 5839 5840
f 5843 5840 5844
f 5841 5845 5846
f 5841 5846 5842
f 5847 5843 5844
f 5847 5844 5848
f 5845 5849 5850
f 5845 5850 5846
f 5851 5847 5848
f 5851 5848 5852
f 5849 5853 5854
f 5849 5854 5850
f 5855 5851 5852
f 5855 5852 5856
f 5853 5857 5858
f 5853 5858 5854
f 5859 5855 5856
f 5859 5856 5860
f 5857 5861 5862
f 5857 5862 5858
f 5863 5859 5860
f 5863 5860 5864
f 5861 5865 5866
f 5861 5866 5862
f 5867 5863 5864
f 5867 5864 5868
f 5865 5869 5870
f 5865 5870 5866
f 5871 5867 5868
f 5871 5868 5872
f 5869 5873 5874
f 5869 5874 5870
f 5875 5871 5872
f 5875 5872 5876
f 5873 5877 5878
f 5873 5878 5874
f 5879 5875 5876
f 5879 5876 5880
f 5877 5881 5882
f 5877 5882 5878
f 5883 5879 5880
f 5883 5880 5884
f 5881 5885 5886
f 5881 5886 5882
f 5887 5888 5889
f 5887 5889 5890
f 5891 5892 5893
f 5891 5893 5894
f 5895 5887 5890
f 5895 5890 5896
f 5892 5897 5898
f 5892 5898 5893
f 5899 5895 5896
f 5899 5896 5900
f 5897 5901 5902
f 5897 5902 5898
f 5903 5899 5900
f 5903 5900 5904
f 5901 5905 5906
f 5901 5906 5902
f 5907 5903 5904
f 5907 5904 5908
f 5905 5909 5910
f 5905 5910 5906
f 5911 5907 5908
f 5911 5908 5912
f 5909 5913 5914
f 5909 5914 5910
f 5915 5911 5912
f 5915 5912 5916
f 5913 5917 5918
f 5913 5918 5914
f 5919 5915 5916
f 5919 5916 5920
f 5917 5921 5922
f 5917 5922 5918
f 5923 5919 5920
f 5923 5920 5924
f 5921 5925 5926
f 5921 5926 5922
f 5927 5923 5924
f 5927 5924 5928
f 5925 5929 5930
f 5925 5930 5926
f 5816 5927 5928
f 5816 5928 5817
f 5929 5811 5814
f 5929 5814 5930
f 5931 5932 5933
f 5931 5933 5934
f 5935 5931 5934
f 5935 5934 5936
f 5937 5935 5936
f 5937 5936 5938
f 5939 5940 5941
f 5939 5941 5942
f 5943 5939 5942
f 5943 5942 5944
f 5945 5943 5944
f 5945 5944 5946
f 5947 5945 5946
f 5947 5946 5948
f 5949 5947 5948
f 5949 5948 5950
f 5951 5949 5950
f 5951 5950 5952
f 5953 5951 5952
f 5953 5952 5954
f 5955 5953 5954
f 5955 5954 5956
f 5957 5955 5956
f 5957 5956 5958
f 5959 5957 5958
f 5959 5958 5960
f 5961 5959 5960
f 5961 5960 5962
f 5963 5961 5962
f 5963 5962 5964
f 5965 5963 5964
f 5965 5964 5966
f 5967 5965 5966
f 5967 5966 5968
f 5969 5970 5971
f 5969 5971 5972
f 5973 5969 5972
f 5973 5972 5974
f 5975 5973 5974
f 5975 5974 5976
f 5977 5975 5976
f 5977 5976 5978
f 5979 5977 5978
f 5979 5978 5980
f 5981 5979 5980
f 5981 5980 5982
f 5983 5981 5982
f 5983 5982 5984
f 5985 5983 5984
f 5985 5984 5986
f 5987 5985 5986
f 5987 5986 5988
f 5989 5987 5988
f 5989 5988 5990
f 5932 5989 5990
f 5932 5990 5933
f 5991 5992 5993
f 5991 5993 5994
f 5994 5993 5995
f 5994 5995 5996
f 5996 5995 5997
f 5996 5997 5998
f 5998 5997 5999
f 5998 5999 6000
f 6000 5999 6001
f 6000 6001 6002
f 6002 6001 6003
f 6002 6003 6004
f 6004 6003 6005
f 6004 6005 6006
f 6006 6005 6007
f 6006 6007 6008
f 6008 6007 6009
f 6008 6009 6010
f 6010 6009 6011
f 6010 6011 6012
f 6012 6011 6013
f 6012 6013 6014
f 6015 6016 6017
f 6015 6017 6018
f 6018 6017 6019
f 6018 6019 6020
f 6020 6019 6021
f 6020 6021 6022
f 6022 6021 6023
f 6022 6023 6024
f 6024 6023 6025
f 6024 6025 6026
f 6026 6025 6027
f 6026 6027 6028
f 6028 6027 6029
f 6028 6029 6030
f 6030 6029 6031
f 6030 6031 6032
f 6032 6031 6033
f 6032 6033 6034
f 6034 6033 6035
f 6034 6035 6036
f 6036 6035 6037
f 6036 6037 6038
f 6038 6037 6039
f 6038 6039 6040
f 6040 6039 6041
f 6040 6041 6042
f 6042 6041 6043
f 6042 6043 6044
f 6045 6046 6047
f 6045 6047 6048
f 6048 6047 6049
f 6048 6049 6050
f 6050 6049 5992
f 6050 5992 5991
f 6051 6052 6053
f 6051 6053 6054
f 6055 6056 6057
f 6055 6057 6058
f 6059 6060 6052
f 6059 6052 6051
f 6058 6057 6061
f 6058 6061 6062
f 6063 6064 6060
f 6063 6060 6059
f 6062 6061 6065
f 6062 6065 6066
f 6067 6068 6064
f 6067 6064 6063
f 6066 6065 6069
f 6066 6069 6070
f 6071 6072 6068
f 6071 6068 6067
f 6070 6069 6073
f 6070 6073 6074
f 6075 6076 6072
f 6075 6072 6071
f 6074 6073 6077
f 6074 6077 6078
f 6079 6080 6076
f 6079 6076 6075
f 6078 6077 6081
f 6078 6081 6082
f 6083 6084 6080
f 6083 6080 6079
f 6082 6081 6085
f 6082 6085 6086
f 6087 6088 6084
f 6087 6084 6083
f 6086 6085 6089
f 6086 6089 6090
f 6091 6092 6088
f 6091 6088 6087
f 6090 6089 6093
f 6090 6093 6094
f 6095 6096 6092
f 6095 6092 6091
f 6094 6093 6097
f 6094 6097 6098
f 6099 6100 6101
f 6099 6101 6102
f 6103 6104 6105
f 6103 6105 6106
f 6107 6108 6100
f 6107 6100 6099
f 6106 6105 6109
f 6106 6109 6110
f 6111 6112 6108
f 6111 6108 6107
f 6110 6109 6113
f 6110 6113 6114
f 6115 6116 6112
f 6115 6112 6111
f 6114 6113 6117
f 6114 6117 6118
f 6119 6120 6116
f 6119 6116 6115
f 6118 6117 6121
f 6118 6121 6122
f 6123 6124 6120
f 6123 6120 6119
f 6122 6121 6125
f 6122 6125 6126
f 6127 6128 6124
f 6127 6124 6123
f 6126 6125 6129
f 6126 6129 6130
f 6131 6132 6128
f 6131 6128 6127
f 6130 6129 6133
f 6130 6133 6134
f 6135 6136 6132
f 6135 6132 6131
f 6134 6133 6137
f 6134 6137 6138
f 6139 6140 6136
f 6139 6136 6135
f 6138 6137 6141
f 6138 6141 6142
f 6143 6144 6140
f 6143 6140 6139
f 6142 6141 6145
f 6142 6145 6146
f 6147 6148 6144
f 6147 6144 6143
f 6146 6145 6149
f 6146 6149 6150
f 6151 6152 6148
f 6151 6148 6147
f 6150 6149 6153
f 6150 6153 6154
f 6155 6156 6152
f 6155 6152 6151
f 6154 6153 6157
f 6154 6157 6158
f 6159 6160 6161
f 6159 6161 6162
f 6163 6164 6165
f 6163 6165 6166
f 6167 6168 6160
f 6167 6160 6159
f 6166 6165 6169
f 6166 6169 6170
f 6170 6169 6056
f 6170 6056 6055
f 6054 6053 6168
f 6054 6168 6167
f 6171 6172 6173
f 6171 6174 6172
f 6171 6175 6176
f 6171 6177 6175
f 6171 6178 6177
f 6171 6179 6178
f 6171 6180 6179
f 6171 6181 6180
f 6171 6182 6181
f 6171 6183 6182
f 6171 6184 6183
f 6171 6185 6184
f 6171 6186 6185
f 6171 6187 6186
f 6171 6188 6189
f 6171 6190 6188
f 6171 6191 6190
f 6171 6192 6191
f 6171 6193 6192
f 6171 6194 6193
f 6171 6195 6194
f 6171 6196 6195
f 6171 6197 6196
f 6171 6173 6197
f 6198 6194 6199
f 6200 6188 6190
f 6201 6189 6188
f 6202 6203 6189
f 6204 6181 6205
f 6206 6175 6177
f 6207 6176 6175
f 6208 6209 6176
f 6210 6207 6211
f 6212 6213 6214
f 6214 6213 6204
f 6214 6204 6215
f 6215 6204 6205
f 6215 6205 6216
f 6216 6205 6217
f 6216 6217 6218
f 6218 6217 6219
f 6218 6219 6220
f 6220 6219 6221
f 6220 6221 6222
f 6222 6221 6223
f 6222 6223 6224
f 6225 6201 6226
f 6227 6228 6229
f 6229 6228 6198
f 6229 6198 6230
f 6230 6198 6199
f 6230 6199 6231
f 6231 6199 6232
f 6231 6232 6233
f 6233 6232 6234
f 6233 6234 6235
f 6235 6234 6236
f 6235 6236 6237
f 6237 6236 6238
f 6237 6238 6239
f 6240 6237 6239
f 6240 6239 6241
f 6242 6235 6237
f 6242 6237 6240
f 6243 6233 6235
f 6243 6235 6242
f 6244 6231 6233
f 6244 6233 6243
f 6245 6230 6231
f 6245 6231 6244
f 6246 6229 6230
f 6246 6230 6245
f 6247 6227 6229
f 6247 6229 6246
f 6248 6249 6227
f 6248 6227 6247
f 6250 6251 6249
f 6250 6249 6248
f 6252 6226 6251
f 6252 6251 6250
f 6253 6225 6226
f 6253 6226 6252
f 6254 6255 6256
f 6254 6256 6257
f 6258 6259 6255
f 6258 6255 6254
f 6260 6224 6259
f 6260 6259 6258
f 6261 6222 6224
f 6261 6224 6260
f 6262 6220 6222
f 6262 6222 6261
f 6263 6218 6220
f 6263 6220 6262
f 6264 6216 6218
f 6264 6218 6263
f 6265 6215 6216
f 6265 6216 6264
f 6266 6214 6215
f 6266 6215 6265
f 6267 6212 6214
f 6267 6214 6266
f 6268 6269 6212
f 6268 6212 6267
f 6270 6271 6269
f 6270 6269 6268
f 6272 6211 6271
f 6272 6271 6270
f 6273 6210 6211
f 6273 6211 6272
f 6274 6275 6276
f 6274 6276 6277
f 6278 6279 6275
f 6278 6275 6274
f 6241 6239 6279
f 6241 6279 6278
f 6280 6268 6267
f 6281 6264 6282
f 6283 6248 6247
f 6284 6244 6285
f 6286 6287 6288
f 6286 6288 6289
f 6290 6291 6292
f 6290 6292 6293
f 6294 6286 6289
f 6294 6289 6295
f 6296 6297 6298
f 6296 6298 6299
f 6300 6301 6302
f 6300 6302 6303
f 6304 6305 5801
f 6304 5801 6306
f 5751 5700 5699
f 5751 5699 6307
f 6253 6252 6308
f 6253 6308 6309
f 5704 5726 6310
f 5704 6310 5702
f 5710 6311 5762
f 5710 5762 5711
f 6312 6313 6314
f 6312 6314 6315
f 6316 6317 6318
f 6316 6318 6319
f 6287 6320 6321
f 6287 6321 6288
f 6252 6250 6322
f 6252 6322 6308
f 5740 6306 6323
f 5740 6323 5738
f 5742 6304 6306
f 5742 6306 5740
f 6324 6325 6326
f 6324 6326 6327
f 6257 6328 6329
f 6257 6329 6330
f 6331 6332 6333
f 6331 6333 6334
f 6335 6336 6337
f 6335 6337 6338
f 6339 6340 6341
f 6339 6341 6342
f 6343 6344 6345
f 6343 6345 6346
f 6291 6347 6348
f 6291 6348 6292
f 6189 6201 6225
f 6189 6225 6202
f 5778 5780 6336
f 5778 6336 6335
f 6349 6350 6351
f 6349 6351 6352
f 6353 6354 6355
f 6353 6355 6356
f 5726 5724 6357
f 5726 6357 6310
f 6285 6290 6293
f 6285 6293 6358
f 6359 6360 6361
f 6359 6361 6362
f 6306 5801 5800
f 6306 5800 6323
f 6363 6364 6365
f 6363 6365 6366
f 6362 6361 6367
f 6362 6367 6368
f 6369 6370 6275
f 6369 6275 6279
f 6315 6314 6371
f 6315 6371 6372
f 6373 6374 6375
f 6373 6375 6376
f 6377 6378 6379
f 6377 6379 6380
f 6324 6327 6381
f 6324 6381 6382
f 6174 6171 6383
f 6174 6383 6384
f 5745 5789 5788
f 5745 5788 5769
f 6319 6318 6332
f 6319 6332 6331
f 6385 6386 6313
f 6385 6313 6312
f 6387 5729 5704
f 6387 5704 5703
f 6347 6388 6389
f 6347 6389 6348
f 6390 6391 6392
f 6390 6392 6393
f 5724 5706 5705
f 5724 5705 6357
f 6327 6394 6395
f 6327 6395 6381
f 5699 5701 5747
f 5699 5747 6396
f 6397 6398 6378
f 6397 6378 6377
f 6399 6400 6401
f 6399 6401 6402
f 6403 6404 6398
f 6403 6398 6397
f 6391 6343 6346
f 6391 6346 6392
f 6372 6371 6405
f 6372 6405 6406
f 6280 6267 6266
f 6280 6266 6407
f 5698 5753 6408
f 5698 6408 5696
f 6277 6409 6410
f 6277 6410 6411
f 6412 6413 6400
f 6412 6400 6399
f 6407 6266 6265
f 6407 6265 6414
f 6415 6416 6404
f 6415 6404 6403
f 6409 6273 6417
f 6409 6417 6410
f 6418 6419 6297
f 6418 6297 6296
f 6175 6206 6211
f 6175 6211 6207
f 6273 6272 6420
f 6273 6420 6417
f 6323 5800 5802
f 6323 5802 5770
f 6421 6422 6423
f 6421 6423 6424
f 6425 6426 6427
f 6425 6427 6428
f 6283 6247 6246
f 6283 6246 6429
f 6270 6268 6280
f 6270 6280 6430
f 6352 6351 6431
f 6352 6431 6432
f 6272 6270 6430
f 6272 6430 6420
f 6433 6434 6435
f 6433 6435 6436
f 6258 6254 6437
f 6258 6437 6438
f 6439 6440 6305
f 6439 6305 6304
f 6441 6442 6360
f 6441 6360 6359
f 5785 5787 6440
f 5785 6440 6439
f 6281 6282 6443
f 6281 6443 6444
f 6356 6355 6442
f 6356 6442 6441
f 6396 5747 5744
f 6396 5744 6445
f 6410 6417 6446
f 6410 6446 6447
f 5753 5751 6307
f 5753 6307 6408
f 6437 6330 6448
f 6437 6448 6449
f 6450 6451 6452
f 6450 6452 6453
f 6454 5782 5718
f 6454 5718 5721
f 6342 6341 6364
f 6342 6364 6363
f 6455 5756 5698
f 6455 5698 5697
f 5762 5794 5793
f 5762 5793 5763
f 6330 6329 6456
f 6330 6456 6448
f 6457 6458 6434
f 6457 6434 6433
f 5763 5793 5795
f 5763 5795 5764
f 6429 6246 6245
f 6429 6245 6459
f 5764 5795 5796
f 5764 5796 5765
f 6240 6241 6388
f 6240 6388 6347
f 6460 6461 6462
f 6460 6462 6463
f 6311 5809 5794
f 6311 5794 5762
f 6254 6257 6330
f 6254 6330 6437
f 6464 6465 6334
f 6464 6334 6333
f 6188 6200 6226
f 6188 6226 6201
f 5891 5894 6466
f 5891 6466 6467
f 6461 6468 6469
f 6461 6469 6462
f 6250 6248 6283
f 6250 6283 6322
f 6432 6431 6419
f 6432 6419 6418
f 6470 6471 6451
f 6470 6451 6450
f 6394 6472 6473
f 6394 6473 6395
f 6376 6375 6426
f 6376 6426 6425
f 6383 6171 6176
f 6383 6176 6209
f 6474 6411 6475
f 6474 6475 6476
f 6329 6309 6477
f 6329 6477 6456
f 5746 5785 6439
f 5746 6439 6478
f 6479 6480 6481
f 6479 6481 6482
f 5713 6483 6311
f 5713 6311 5710
f 6284 6285 6358
f 6284 6358 6484
f 6459 6284 6484
f 6459 6484 6485
f 6436 6435 6486
f 6436 6486 6487
f 6283 6429 6488
f 6283 6488 6489
f 5776 6490 5722
f 5776 5722 5723
f 6429 6459 6485
f 6429 6485 6488
f 6491 6492 5826
f 6491 5826 5825
f 6493 6438 6494
f 6493 6494 6495
f 6465 6464 6471
f 6465 6471 6470
f 6496 5789 5745
f 6496 5745 5748
f 6438 6437 6449
f 6438 6449 6494
f 6282 6479 6482
f 6282 6482 6443
f 6242 6240 6347
f 6242 6347 6291
f 6497 6498 6499
f 6497 6499 6500
f 6480 6501 6502
f 6480 6502 6481
f 6411 6410 6447
f 6411 6447 6475
f 6500 6499 6416
f 6500 6416 6415
f 5743 5746 6478
f 5743 6478 6503
f 5715 6338 6483
f 5715 6483 5713
f 6417 6420 6504
f 6417 6504 6446
f 6487 6486 6498
f 6487 6498 6497
f 6420 6430 6505
f 6420 6505 6504
f 6472 6460 6463
f 6472 6463 6473
f 5719 5778 6335
f 5719 6335 6506
f 6414 6281 6444
f 6414 6444 6507
f 6430 6280 6508
f 6430 6508 6505
f 6490 6454 5721
f 6490 5721 5722
f 6478 6439 6304
f 6478 6304 5742
f 6280 6407 6509
f 6280 6509 6508
f 5719 5777 5779
f 5719 5779 5778
f 6244 6243 6290
f 6244 6290 6285
f 6385 6312 6510
f 6385 6510 6511
f 6407 6414 6507
f 6407 6507 6509
f 6388 6512 6513
f 6388 6513 6389
f 6308 6322 6514
f 6308 6514 6515
f 5738 6323 5770
f 5738 5770 5736
f 6344 6516 6517
f 6344 6517 6345
f 6402 6401 6340
f 6402 6340 6339
f 6211 6206 6518
f 6211 6518 6271
f 6263 6262 6480
f 6263 6480 6479
f 5746 5769 5786
f 5746 5786 5785
f 6519 6506 5715
f 6519 5715 5714
f 5831 5834 6492
f 5831 6492 6491
f 6368 6367 6317
f 6368 6317 6316
f 6262 6261 6501
f 6262 6501 6480
f 5718 5782 5781
f 5718 5781 5777
f 6243 6242 6291
f 6243 6291 6290
f 6372 6406 6520
f 6372 6520 6521
f 6314 6519 5714
f 6314 5714 6371
f 6271 6518 6522
f 6271 6522 6269
f 6523 5703 5702
f 6523 5702 6524
f 6322 6283 6489
f 6322 6489 6514
f 6315 6372 6521
f 6315 6521 6525
f 5776 5775 5784
f 5776 5784 5806
f 6326 5739 5737
f 6326 5737 6526
f 6325 5741 5739
f 6325 5739 6326
f 6309 6308 6515
f 6309 6515 6477
f 5768 6527 5749
f 5768 5749 5750
f 6528 5709 5708
f 6528 5708 6529
f 5716 5719 6506
f 5716 6506 6519
f 6459 6245 6244
f 6459 6244 6284
f 6312 6315 6525
f 6312 6525 6510
f 6371 5714 5712
f 6371 5712 6405
f 6428 6427 6530
f 6428 6530 6531
f 6313 5716 6519
f 6313 6519 6314
f 6532 6533 6374
f 6532 6374 6373
f 6524 5702 6310
f 6524 6310 6534
f 6535 6385 6511
f 6535 6511 6536
f 6490 5776 5806
f 6490 5806 5807
f 6264 6263 6479
f 6264 6479 6282
f 6278 6274 6474
f 6278 6474 6512
f 6503 6478 5742
f 6503 5742 5741
f 6537 6535 6536
f 6537 6536 6538
f 6468 6387 5703
f 6468 5703 6523
f 6406 6539 6540
f 6406 6540 6520
f 6260 6258 6438
f 6260 6438 6493
f 6527 6496 5748
f 6527 5748 5749
f 6541 6542 6533
f 6541 6533 6532
f 6261 6260 6493
f 6261 6493 6501
f 6299 6298 6542
f 6299 6542 6541
f 6241 6278 6512
f 6241 6512 6388
f 5773 5805 5784
f 5773 5784 5774
f 6543 5760 5758
f 6543 5758 6544
f 6274 6277 6411
f 6274 6411 6474
f 6467 6466 5886
f 6467 5886 5885
f 6545 6537 6538
f 6545 6538 6546
f 6531 6530 6547
f 6531 6547 6548
f 6549 6503 5741
f 6549 5741 6325
f 6550 5735 5733
f 6550 5733 6551
f 6529 5708 5760
f 6529 5760 6543
f 6414 6265 6264
f 6414 6264 6281
f 6526 5737 5735
f 6526 5735 6550
f 6249 6552 6228
f 6249 6228 6227
f 6553 6210 6273
f 6553 6273 6409
f 6554 6555 6255
f 6554 6255 6259
f 6556 5743 6503
f 6556 6503 6549
f 6256 6557 6328
f 6256 6328 6257
f 6544 5758 5756
f 6544 5756 6455
f 6558 6559 6350
f 6558 6350 6349
f 6539 6560 6561
f 6539 6561 6540
f 6468 6523 6562
f 6468 6562 6469
f 6276 6553 6409
f 6276 6409 6277
f 5768 5767 5791
f 5768 5791 5797
f 6527 5768 5797
f 6527 5797 5798
f 5789 6496 5799
f 5789 5799 5790
f 6496 6527 5798
f 6496 5798 5799
f 5765 5796 5791
f 5765 5791 5766
f 6551 5733 5731
f 6551 5731 6563
f 6370 6564 6276
f 6370 6276 6275
f 6286 6396 6445
f 6286 6445 6287
f 6445 5744 5743
f 6445 5743 6556
f 6269 6522 6213
f 6269 6213 6212
f 6564 6565 6553
f 6564 6553 6276
f 6565 6208 6210
f 6565 6210 6553
f 5771 5803 5804
f 5771 5804 5772
f 6566 6544 6455
f 6566 6455 6390
f 6548 6547 6424
f 6548 6424 6423
f 6453 6452 6567
f 6453 6567 6568
f 6472 6550 6551
f 6472 6551 6460
f 6534 6545 6546
f 6534 6546 6569
f 6570 6571 6559
f 6570 6559 6558
f 6460 6551 6563
f 6460 6563 6461
f 6557 6225 6253
f 6557 6253 6328
f 6572 6573 6557
f 6572 6557 6256
f 6523 6524 6574
f 6523 6574 6562
f 6560 6575 6576
f 6560 6576 6561
f 6577 6578 6458
f 6577 6458 6457
f 6406 6405 6528
f 6406 6528 6539
f 6187 6171 6579
f 6187 6579 6580
f 6581 6582 6578
f 6581 6578 6577
f 6226 6200 6583
f 6226 6583 6251
f 6563 5731 5729
f 6563 5729 6387
f 5770 5802 5803
f 5770 5803 5771
f 6568 6567 6584
f 6568 6584 6585
f 5705 5707 5720
f 5705 5720 6586
f 6366 6365 6587
f 6366 6587 6588
f 6586 5720 5717
f 6586 5717 6386
f 6223 6554 6259
f 6223 6259 6224
f 6588 6587 6589
f 6588 6589 6590
f 6535 6586 6386
f 6535 6386 6385
f 6545 6357 5705
f 6545 5705 6537
f 6591 6592 6593
f 6591 6593 6594
f 6566 6390 6393
f 6566 6393 6595
f 6573 6202 6225
f 6573 6225 6557
f 6405 5712 5709
f 6405 5709 6528
f 6590 6589 6592
f 6590 6592 6591
f 6422 6421 6596
f 6422 6596 6597
f 6534 6310 6357
f 6534 6357 6545
f 6537 5705 6586
f 6537 6586 6535
f 5782 6454 5808
f 5782 5808 5783
f 6598 6324 6382
f 6598 6382 6599
f 6454 6490 5807
f 6454 5807 5808
f 5772 5804 5805
f 5772 5805 5773
f 6251 6583 6552
f 6251 6552 6249
f 6594 6593 6301
f 6594 6301 6300
f 6560 6529 6543
f 6560 6543 6575
f 6555 6572 6256
f 6555 6256 6255
f 6386 5717 5716
f 6386 5716 6313
f 6461 6563 6387
f 6461 6387 6468
f 6320 6556 6549
f 6320 6549 6598
f 6380 6379 6600
f 6380 6600 6601
f 6394 6526 6550
f 6394 6550 6472
f 6483 5810 5809
f 6483 5809 6311
f 6524 6534 6569
f 6524 6569 6574
f 6303 6302 6571
f 6303 6571 6570
f 6602 6603 6354
f 6602 6354 6353
f 6327 6326 6526
f 6327 6526 6394
f 6338 6337 5810
f 6338 5810 6483
f 6597 6596 6413
f 6597 6413 6412
f 6604 6605 6582
f 6604 6582 6581
f 6287 6445 6556
f 6287 6556 6320
f 6575 6543 6544
f 6575 6544 6566
f 6585 6584 6605
f 6585 6605 6604
f 6579 6171 6189
f 6579 6189 6203
f 6598 6549 6325
f 6598 6325 6324
f 6575 6566 6595
f 6575 6595 6576
f 6390 6455 5697
f 6390 5697 6391
f 6320 6598 6599
f 6320 6599 6321
f 6391 5697 5696
f 6391 5696 6343
f 6529 6560 6539
f 6529 6539 6528
f 6506 6335 6338
f 6506 6338 5715
f 6601 6600 6603
f 6601 6603 6602
f 6343 5696 6408
f 6343 6408 6344
f 6516 6294 6295
f 6516 6295 6517
f 6501 6493 6495
f 6501 6495 6502
f 6516 6307 5699
f 6516 5699 6294
f 6176 6207 6210
f 6176 6210 6208
f 6294 5699 6396
f 6294 6396 6286
f 6344 6408 6307
f 6344 6307 6516
f 6328 6253 6309
f 6328 6309 6329
f 6512 6474 6476
f 6512 6476 6513
f 6238 6369 6279
f 6238 6279 6239
f 6606 6494 6449
f 6606 6449 6607
f 6608 6456 6477
f 6608 6477 6609
f 6610 6482 6481
f 6610 6481 6611
f 6612 6484 6358
f 6612 6358 6613
f 6614 6615 6616
f 6614 6616 6617
f 5937 5938 6618
f 5937 6618 6619
f 6620 6046 6045
f 6620 6045 6621
f 6622 6509 6507
f 6622 6507 6623
f 6624 6625 6626
f 6624 6626 6627
f 6628 6508 6509
f 6628 6509 6622
f 6629 6505 6508
f 6629 6508 6628
f 6630 6631 6632
f 6630 6632 6633
f 6634 6635 6636
f 6634 6636 6637
f 6638 6639 6640
f 6638 6640 6641
f 6642 6643 5829
f 6642 5829 5828
f 6644 6645 6646
f 6644 6646 6647
f 6648 6649 6625
f 6648 6625 6624
f 6650 6504 6505
f 6650 6505 6629
f 6639 6651 6652
f 6639 6652 6640
f 6653 6513 6476
f 6653 6476 6654
f 6579 6203 6202
f 6579 6202 6573
f 6635 6655 6656
f 6635 6656 6636
f 6336 5792 5810
f 6336 5810 6337
f 6657 6658 6659
f 6657 6659 6660
f 6661 6502 6495
f 6661 6495 6662
f 6580 6579 6573
f 6580 6573 6572
f 6663 6664 6665
f 6663 6665 6666
f 6667 6668 6362
f 6667 6362 6368
f 6383 6209 6208
f 6383 6208 6565
f 6669 6670 6671
f 6669 6671 6672
f 6611 6481 6502
f 6611 6502 6661
f 6673 6293 6292
f 6673 6292 6674
f 5823 5824 6643
f 5823 6643 6642
f 6672 6671 6675
f 6672 6675 6676
f 5967 5968 6677
f 5967 6677 6678
f 6679 6016 6015
f 6679 6015 6680
f 6178 6518 6206
f 6178 6206 6177
f 6161 6681 6682
f 6161 6682 6162
f 6668 6683 6359
f 6668 6359 6362
f 6684 6685 6645
f 6684 6645 6644
f 6686 6667 6368
f 6686 6368 6316
f 6384 6383 6565
f 6384 6565 6564
f 6687 6688 6497
f 6687 6497 6500
f 6180 6213 6522
f 6180 6522 6179
f 6186 6187 6555
f 6186 6555 6554
f 6334 6465 6689
f 6334 6689 6690
f 6683 6691 6441
f 6683 6441 6359
f 6627 6626 6692
f 6627 6692 6693
f 6192 6552 6583
f 6192 6583 6191
f 6694 6695 6696
f 6694 6696 6697
f 6698 6699 6700
f 6698 6700 6701
f 6197 6173 6238
f 6197 6238 6236
f 6702 6703 6704
f 6702 6704 6705
f 6191 6583 6200
f 6191 6200 6190
f 5779 5792 6336
f 5779 6336 5780
f 6179 6522 6518
f 6179 6518 6178
f 6693 6692 6706
f 6693 6706 6707
f 6708 6443 6482
f 6708 6482 6610
f 6709 6687 6500
f 6709 6500 6415
f 6101 6710 6711
f 6101 6711 6102
f 6185 6186 6554
f 6185 6554 6223
f 6703 6712 6713
f 6703 6713 6704
f 6714 6715 6433
f 6714 6433 6436
f 6716 6717 6718
f 6716 6718 6719
f 6720 6721 6685
f 6720 6685 6684
f 6676 6675 6722
f 6676 6722 6723
f 6181 6204 6213
f 6181 6213 6180
f 6623 6507 6444
f 6623 6444 6724
f 6715 6725 6457
f 6715 6457 6433
f 6699 6726 6727
f 6699 6727 6700
f 6688 6728 6487
f 6688 6487 6497
f 6187 6580 6572
f 6187 6572 6555
f 6729 6702 6705
f 6729 6705 6730
f 6731 6698 6701
f 6731 6701 6732
f 6728 6714 6436
f 6728 6436 6487
f 6733 6734 6319
f 6733 6319 6331
f 6735 6736 6737
f 6735 6737 6738
f 6721 6720 6739
f 6721 6739 6740
f 6738 6737 6741
f 6738 6741 6742
f 6743 6709 6415
f 6743 6415 6403
f 6744 6745 6353
f 6744 6353 6356
f 6724 6444 6443
f 6724 6443 6708
f 6712 6746 6747
f 6712 6747 6713
f 6748 6718 6717
f 6748 6717 6749
f 6193 6228 6552
f 6193 6552 6192
f 6651 6729 6730
f 6651 6730 6652
f 6750 6751 6752
f 6750 6752 6753
f 6754 6755 6736
f 6754 6736 6735
f 6196 6197 6236
f 6196 6236 6234
f 6756 6757 6758
f 6756 6758 6759
f 6681 6156 6155
f 6681 6155 6682
f 6726 6760 6761
f 6726 6761 6727
f 6195 6196 6234
f 6195 6234 6232
f 6762 6763 5889
f 6762 5889 5888
f 6695 6764 6765
f 6695 6765 6696
f 6764 6638 6641
f 6764 6641 6765
f 6194 6198 6228
f 6194 6228 6193
f 6766 6750 6753
f 6766 6753 6767
f 6691 6744 6356
f 6691 6356 6441
f 6760 6716 6719
f 6760 6719 6761
f 6690 6733 6331
f 6690 6331 6334
f 6013 6679 6680
f 6013 6680 6014
f 6749 6630 6633
f 6749 6633 6748
f 6173 6172 6369
f 6173 6369 6238
f 6723 6722 6768
f 6723 6768 6769
f 6751 6694 6697
f 6751 6697 6752
f 6734 6686 6316
f 6734 6316 6319
f 5883 5884 6763
f 5883 6763 6762
f 6631 6756 6759
f 6631 6759 6632
f 6770 6771 6772
f 6770 6772 6773
f 6757 6774 6775
f 6757 6775 6758
f 6776 6777 6778
f 6776 6778 6779
f 6774 6780 6781
f 6774 6781 6775
f 6782 6783 6784
f 6782 6784 6785
f 6182 6183 6219
f 6182 6219 6217
f 6710 6096 6095
f 6710 6095 6711
f 6780 6782 6785
f 6780 6785 6781
f 6786 6787 6788
f 6786 6788 6789
f 6742 6741 6777
f 6742 6777 6776
f 6783 6766 6767
f 6783 6767 6784
f 6787 6790 6791
f 6787 6791 6788
f 6792 6786 6789
f 6792 6789 6793
f 6157 6794 6795
f 6157 6795 6158
f 6796 6792 6793
f 6796 6793 6797
f 6194 6195 6232
f 6194 6232 6199
f 6043 6620 6621
f 6043 6621 6044
f 6769 6768 6740
f 6769 6740 6739
f 6183 6184 6221
f 6183 6221 6219
f 6773 6772 6755
f 6773 6755 6754
f 6794 6164 6163
f 6794 6163 6795
f 6798 6799 6568
f 6798 6568 6585
f 6440 5792 5801
f 6440 5801 6305
f 6800 6731 6732
f 6800 6732 6801
f 6647 6646 6802
f 6647 6802 6803
f 6804 6800 6801
f 6804 6801 6805
f 6806 6807 6808
f 6806 6808 6809
f 6746 6804 6805
f 6746 6805 6747
f 6172 6174 6370
f 6172 6370 6369
f 6803 6802 6810
f 6803 6810 6811
f 6184 6185 6223
f 6184 6223 6221
f 6812 6813 6814
f 6812 6814 6815
f 6816 6817 6818
f 6816 6818 6819
f 6820 6821 6377
f 6820 6377 6380
f 6822 6823 6670
f 6822 6670 6669
f 6817 6812 6815
f 6817 6815 6818
f 6824 6825 6826
f 6824 6826 6827
f 6813 6828 6829
f 6813 6829 6814
f 6779 6778 6830
f 6779 6830 6831
f 6181 6182 6217
f 6181 6217 6205
f 6828 6663 6666
f 6828 6666 6829
f 6832 6820 6380
f 6832 6380 6601
f 6833 6806 6809
f 6833 6809 6834
f 6664 6835 6836
f 6664 6836 6665
f 6807 6816 6819
f 6807 6819 6808
f 6837 6838 6649
f 6837 6649 6648
f 6655 6839 6840
f 6655 6840 6656
f 6839 6841 6842
f 6839 6842 6840
f 6174 6384 6564
f 6174 6564 6370
f 6843 6634 6637
f 6843 6637 6844
f 6845 6833 6834
f 6845 6834 6846
f 6821 6847 6397
f 6821 6397 6377
f 6097 6848 6849
f 6097 6849 6098
f 6835 6824 6827
f 6835 6827 6836
f 6850 6851 6852
f 6850 6852 6853
f 6854 6855 6604
f 6854 6604 6581
f 6654 6476 6475
f 6654 6475 6856
f 6857 6832 6601
f 6857 6601 6602
f 6790 6858 6859
f 6790 6859 6791
f 6745 6857 6602
f 6745 6602 6353
f 6860 6861 6450
f 6860 6450 6453
f 6811 6810 6771
f 6811 6771 6770
f 6799 6860 6453
f 6799 6453 6568
f 6853 6852 6823
f 6853 6823 6822
f 5786 5792 6440
f 5786 6440 5787
f 6847 6743 6403
f 6847 6403 6397
f 6862 6796 6797
f 6862 6797 6863
f 6855 6798 6585
f 6855 6585 6604
f 6864 6446 6504
f 6864 6504 6650
f 6865 6843 6844
f 6865 6844 6866
f 6615 6867 6868
f 6615 6868 6616
f 6869 6854 6581
f 6869 6581 6577
f 6870 6447 6446
f 6870 6446 6864
f 6856 6475 6447
f 6856 6447 6870
f 6513 6653 6871
f 6513 6871 6389
f 6831 6830 6838
f 6831 6838 6837
f 6872 6845 6846
f 6872 6846 6873
f 6678 6677 5971
f 6678 5971 5970
f 6841 6872 6873
f 6841 6873 6842
f 6617 6826 6825
f 6617 6825 6614
f 6848 6104 6103
f 6848 6103 6849
f 6707 6706 6658
f 6707 6658 6657
f 6867 6862 6863
f 6867 6863 6868
f 6858 6865 6866
f 6858 6866 6859
f 6725 6869 6577
f 6725 6577 6457
f 6874 6689 6465
f 6874 6465 6470
f 6875 6489 6488
f 6875 6488 6876
f 6877 6514 6489
f 6877 6489 6875
f 6861 6874 6470
f 6861 6470 6450
f 6607 6449 6448
f 6607 6448 6878
f 6879 6515 6514
f 6879 6514 6877
f 6880 6485 6484
f 6880 6484 6612
f 6876 6488 6485
f 6876 6485 6880
f 6613 6358 6293
f 6613 6293 6673
f 6609 6477 6515
f 6609 6515 6879
f 6619 6618 5941
f 6619 5941 5940
f 6878 6448 6456
f 6878 6456 6608
f 6674 6292 6348
f 6674 6348 6881
f 6660 6659 6851
f 6660 6851 6850
f 6881 6348 6389
f 6881 6389 6871
f 6662 6495 6494
f 6662 6494 6606
f 6882 6883 6884
f 6885 6886 6887
f 6888 6889 6890
f 6891 6892 6893
f 6894 6895 6896
f 6894 6896 6897
f 6895 6898 6899
f 6895 6899 6896
f 6898 6900 6901
f 6898 6901 6899
f 6902 6903 6904
f 6902 6904 6905
f 6903 6906 6907
f 6903 6907 6904
f 6906 6893 6908
f 6906 6908 6907
f 6893 6892 6909
f 6893 6909 6908
f 6892 6910 6911
f 6892 6911 6909
f 6910 6912 6913
f 6910 6913 6911
f 6912 6890 6914
f 6912 6914 6913
f 6890 6915 6916
f 6890 6916 6914
f 6915 6917 6918
f 6915 6918 6916
f 6917 6919 6920
f 6917 6920 6918
f 6919 6921 6922
f 6919 6922 6920
f 6921 6923 6924
f 6921 6924 6922
f 6923 6925 6926
f 6923 6926 6924
f 6925 6927 6928
f 6925 6928 6926
f 6929 6930 6931
f 6929 6931 6932
f 6930 6933 6934
f 6930 6934 6931
f 6933 6887 6935
f 6933 6935 6934
f 6887 6886 6936
f 6887 6936 6935
f 6886 6937 6938
f 6886 6938 6936
f 6937 6939 6940
f 6937 6940 6938
f 6939 6884 6941
f 6939 6941 6940
f 6884 6942 6943
f 6884 6943 6941
f 6942 6944 6945
f 6942 6945 6943
f 6944 6946 6947
f 6944 6947 6945
f 6946 6894 6897
f 6946 6897 6947
f 6947 6897 6948
f 6947 6948 6949
f 6945 6947 6949
f 6945 6949 6950
f 6943 6945 6950
f 6943 6950 6951
f 6941 6943 6951
f 6941 6951 6952
f 6940 6941 6952
f 6940 6952 6953
f 6938 6940 6953
f 6938 6953 6954
f 6936 6938 6954
f 6932 6931 6955
f 6920 6922 6956
f 6920 6956 6957
f 6918 6920 6957
f 6918 6957 6958
f 6916 6918 6958
f 6916 6958 6959
f 6914 6916 6959
f 6914 6959 6960
f 6913 6914 6960
f 6913 6960 6961
f 6911 6913 6961
f 6911 6961 6962
f 6909 6911 6962
f 6905 6904 6963
f 6964 6965 6966
f 6963 6967 6965
f 6968 6969 6967
f 6961 6960 6970
f 6971 6972 6973
f 6955 6974 6972
f 6975 6976 6974
f 6953 6952 6977
f 6978 6979 6980
f 6978 6981 6979
f 6978 6982 6981
f 6978 6983 6982
f 6978 6984 6983
f 6978 6985 6984
f 6978 6986 6985
f 6978 6987 6986
f 6978 6988 6987
f 6978 6989 6988
f 6978 6990 6991
f 6978 6992 6990
f 6978 6993 6992
f 6978 6994 6993
f 6978 6995 6994
f 6978 6996 6995
f 6978 6997 6996
f 6978 6998 6997
f 6978 6999 6998
f 6978 7000 6999
f 6978 7001 7000
f 6978 7002 7001
f 6978 7003 7004
f 6978 6980 7003
f 7005 7006 7007
f 7005 7007 7008
f 7009 7010 7011
f 7009 7011 7012
f 7013 7009 7012
f 7013 7012 7014
f 7006 7015 7016
f 7006 7016 7007
f 7017 7013 7014
f 7017 7014 7018
f 7015 7019 7020
f 7015 7020 7016
f 7021 7022 7023
f 7021 7023 7024
f 7025 7026 7027
f 7025 7027 7028
f 7029 7021 7024
f 7029 7024 7030
f 7026 7031 7032
f 7026 7032 7027
f 7033 7029 7030
f 7033 7030 7034
f 7031 7035 7036
f 7031 7036 7032
f 7037 7033 7034
f 7037 7034 7038
f 7035 7039 7040
f 7035 7040 7036
f 7041 7037 7038
f 7041 7038 7042
f 7039 7043 7044
f 7039 7044 7040
f 7045 7041 7042
f 7045 7042 7046
f 7043 7047 7048
f 7043 7048 7044
f 7049 7045 7046
f 7049 7046 7050
f 7047 7051 7052
f 7047 7052 7048
f 7053 7049 7050
f 7053 7050 7054
f 7051 7055 7056
f 7051 7056 7052
f 7057 7053 7054
f 7057 7054 7058
f 7055 7059 7060
f 7055 7060 7056
f 7061 7057 7058
f 7061 7058 7062
f 7059 7063 7064
f 7059 7064 7060
f 7065 7061 7062
f 7065 7062 7066
f 7063 7067 7068
f 7063 7068 7064
f 7069 7065 7066
f 7069 7066 7070
f 7067 7071 7072
f 7067 7072 7068
f 7073 7069 7070
f 7073 7070 7074
f 7071 7075 7076
f 7071 7076 7072
f 7077 7073 7074
f 7077 7074 7078
f 7075 7079 7080
f 7075 7080 7076
f 7081 7082 7083
f 7081 7083 7084
f 7085 7086 7087
f 7085 7087 7088
f 7089 7081 7084
f 7089 7084 7090
f 7086 7091 7092
f 7086 7092 7087
f 7093 7089 7090
f 7093 7090 7094
f 7091 7095 7096
f 7091 7096 7092
f 7097 7093 7094
f 7097 7094 7098
f 7095 7099 7100
f 7095 7100 7096
f 7101 7097 7098
f 7101 7098 7102
f 7099 7103 7104
f 7099 7104 7100
f 7105 7101 7102
f 7105 7102 7106
f 7103 7107 7108
f 7103 7108 7104
f 7109 7105 7106
f 7109 7106 7110
f 7107 7111 7112
f 7107 7112 7108
f 7113 7109 7110
f 7113 7110 7114
f 7111 7115 7116
f 7111 7116 7112
f 7117 7113 7114
f 7117 7114 7118
f 7115 7119 7120
f 7115 7120 7116
f 7121 7117 7118
f 7121 7118 7122
f 7119 7123 7124
f 7119 7124 7120
f 7010 7121 7122
f 7010 7122 7011
f 7123 7005 7008
f 7123 7008 7124
f 7125 7126 7127
f 7125 7127 7128
f 7129 7125 7128
f 7129 7128 7130
f 7131 7129 7130
f 7131 7130 7132
f 7133 7134 7135
f 7133 7135 7136
f 7137 7133 7136
f 7137 7136 7138
f 7139 7137 7138
f 7139 7138 7140
f 7141 7139 7140
f 7141 7140 7142
f 7143 7141 7142
f 7143 7142 7144
f 7145 7143 7144
f 7145 7144 7146
f 7147 7145 7146
f 7147 7146 7148
f 7149 7147 7148
f 7149 7148 7150
f 7151 7149 7150
f 7151 7150 7152
f 7153 7151 7152
f 7153 7152 7154
f 7155 7153 7154
f 7155 7154 7156
f 7157 7155 7156
f 7157 7156 7158
f 7159 7157 7158
f 7159 7158 7160
f 7161 7159 7160
f 7161 7160 7162
f 7163 7164 7165
f 7163 7165 7166
f 7167 7163 7166
f 7167 7166 7168
f 7169 7167 7168
f 7169 7168 7170
f 7171 7169 7170
f 7171 7170 7172
f 7173 7171 7172
f 7173 7172 7174
f 7175 7173 7174
f 7175 7174 7176
f 7177 7175 7176
f 7177 7176 7178
f 7179 7177 7178
f 7179 7178 7180
f 7181 7179 7180
f 7181 7180 7182
f 7183 7181 7182
f 7183 7182 7184
f 7126 7183 7184
f 7126 7184 7127
f 7185 7186 7187
f 7185 7187 7188
f 7188 7187 7189
f 7188 7189 7190
f 7190 7189 7191
f 7190 7191 7192
f 7192 7191 7193
f 7192 7193 7194
f 7194 7193 7195
f 7194 7195 7196
f 7196 7195 7197
f 7196 7197 7198
f 7198 7197 7199
f 7198 7199 7200
f 7200 7199 7201
f 7200 7201 7202
f 7202 7201 7203
f 7202 7203 7204
f 7204 7203 7205
f 7204 7205 7206
f 7206 7205 7207
f 7206 7207 7208
f 7209 7210 7211
f 7209 7211 7212
f 7212 7211 7213
f 7212 7213 7214
f 7214 7213 7215
f 7214 7215 7216
f 7216 7215 7217
f 7216 7217 7218
f 7218 7217 7219
f 7218 7219 7220
f 7220 7219 7221
f 7220 7221 7222
f 7222 7221 7223
f 7222 7223 7224
f 7224 7223 7225
f 7224 7225 7226
f 7226 7225 7227
f 7226 7227 7228
f 7228 7227 7229
f 7228 7229 7230
f 7230 7229 7231
f 7230 7231 7232
f 7232 7231 7233
f 7232 7233 7234
f 7234 7233 7235
f 7234 7235 7236
f 7236 7235 7237
f 7236 7237 7238
f 7239 7240 7241
f 7239 7241 7242
f 7242 7241 7243
f 7242 7243 7244
f 7244 7243 7186
f 7244 7186 7185
f 7245 7246 7247
f 7245 7247 7248
f 7249 7250 7251
f 7249 7251 7252
f 7253 7254 7246
f 7253 7246 7245
f 7252 7251 7255
f 7252 7255 7256
f 7257 7258 7254
f 7257 7254 7253
f 7256 7255 7259
f 7256 7259 7260
f 7261 7262 7258
f 7261 7258 7257
f 7260 7259 7263
f 7260 7263 7264
f 7265 7266 7262
f 7265 7262 7261
f 7264 7263 7267
f 7264 7267 7268
f 7269 7270 7266
f 7269 7266 7265
f 7268 7267 7271
f 7268 7271 7272
f 7273 7274 7270
f 7273 7270 7269
f 7272 7271 7275
f 7272 7275 7276
f 7277 7278 7274
f 7277 7274 7273
f 7276 7275 7279
f 7276 7279 7280
f 7281 7282 7278
f 7281 7278 7277
f 7280 7279 7283
f 7280 7283 7284
f 7285 7286 7282
f 7285 7282 7281
f 7284 7283 7287
f 7284 7287 7288
f 7289 7290 7286
f 7289 7286 7285
f 7288 7287 7291
f 7288 7291 7292
f 7293 7294 7295
f 7293 7295 7296
f 7297 7298 7299
f 7297 7299 7300
f 7301 7302 7294
f 7301 7294 7293
f 7300 7299 7303
f 7300 7303 7304
f 7305 7306 7302
f 7305 7302 7301
f 7304 7303 7307
f 7304 7307 7308
f 7309 7310 7306
f 7309 7306 7305
f 7308 7307 7311
f 7308 7311 7312
f 7313 7314 7310
f 7313 7310 7309
f 7312 7311 7315
f 7312 7315 7316
f 7317 7318 7314
f 7317 7314 7313
f 7316 7315 7319
f 7316 7319 7320
f 7321 7322 7318
f 7321 7318 7317
f 7320 7319 7323
f 7320 7323 7324
f 7325 7326 7322
f 7325 7322 7321
f 7324 7323 7327
f 7324 7327 7328
f 7329 7330 7326
f 7329 7326 7325
f 7328 7327 7331
f 7328 7331 7332
f 7333 7334 7330
f 7333 7330 7329
f 7332 7331 7335
f 7332 7335 7336
f 7337 7338 7334
f 7337 7334 7333
f 7336 7335 7339
f 7336 7339 7340
f 7341 7342 7338
f 7341 7338 7337
f 7340 7339 7343
f 7340 7343 7344
f 7345 7346 7342
f 7345 7342 7341
f 7344 7343 7347
f 7344 7347 7348
f 7349 7350 7346
f 7349 7346 7345
f 7348 7347 7351
f 7348 7351 7352
f 7353 7354 7355
f 7353 7355 7356
f 7357 7358 7359
f 7357 7359 7360
f 7361 7362 7354
f 7361 7354 7353
f 7360 7359 7363
f 7360 7363 7364
f 7364 7363 7250
f 7364 7250 7249
f 7248 7247 7362
f 7248 7362 7361
f 7365 7366 7367
f 7365 7368 7366
f 7365 7369 7370
f 7365 7371 7369
f 7365 7372 7371
f 7365 7373 7372
f 7365 7374 7373
f 7365 7375 7374
f 7365 7376 7375
f 7365 7377 7376
f 7365 7378 7377
f 7365 7379 7378
f 7365 7380 7379
f 7365 7381 7380
f 7365 7382 7383
f 7365 7384 7382
f 7365 7385 7384
f 7365 7386 7385
f 7365 7387 7386
f 7365 7388 7387
f 7365 7389 7388
f 7365 7390 7389
f 7365 7391 7390
f 7365 7367 7391
f 7392 7393 7394
f 7395 7396 7397
f 7398 7399 7396
f 7400 7401 7399
f 7402 7403 7404
f 7405 7406 7407
f 7408 7409 7406
f 7410 7411 7409
f 7412 7408 7413
f 7414 7415 7416
f 7416 7415 7402
f 7416 7402 7417
f 7417 7402 7404
f 7417 7404 7418
f 7418 7404 7419
f 7418 7419 7420
f 7420 7419 7421
f 7420 7421 7422
f 7422 7421 7423
f 7422 7423 7424
f 7424 7423 7425
f 7424 7425 7426
f 7427 7398 7428
f 7429 7430 7431
f 7431 7430 7392
f 7431 7392 7432
f 7432 7392 7394
f 7432 7394 7433
f 7433 7394 7434
f 7433 7434 7435
f 7435 7434 7436
f 7435 7436 7437
f 7437 7436 7438
f 7437 7438 7439
f 7439 7438 7440
f 7439 7440 7441
f 7442 7439 7441
f 7442 7441 7443
f 7444 7437 7439
f 7444 7439 7442
f 7445 7435 7437
f 7445 7437 7444
f 7446 7433 7435
f 7446 7435 7445
f 7447 7432 7433
f 7447 7433 7446
f 7448 7431 7432
f 7448 7432 7447
f 7449 7429 7431
f 7449 7431 7448
f 7450 7451 7429
f 7450 7429 7449
f 7452 7453 7451
f 7452 7451 7450
f 7454 7428 7453
f 7454 7453 7452
f 7455 7427 7428
f 7455 7428 7454
f 7456 7457 7458
f 7456 7458 7459
f 7460 7461 7457
f 7460 7457 7456
f 7462 7426 7461
f 7462 7461 7460
f 7463 7424 7426
f 7463 7426 7462
f 7464 7422 7424
f 7464 7424 7463
f 7465 7420 7422
f 7465 7422 7464
f 7466 7418 7420
f 7466 7420 7465
f 7467 7417 7418
f 7467 7418 7466
f 7468 7416 7417
f 7468 7417 7467
f 7469 7414 7416
f 7469 7416 7468
f 7470 7471 7414
f 7470 7414 7469
f 7472 7473 7471
f 7472 7471 7470
f 7474 7413 7473
f 7474 7473 7472
f 7475 7412 7413
f 7475 7413 7474
f 7476 7477 7478
f 7476 7478 7479
f 7480 7481 7477
f 7480 7477 7476
f 7443 7441 7481
f 7443 7481 7480
f 7482 7470 7469
f 7483 7466 7484
f 7485 7450 7449
f 7486 7446 7487
f 7488 7489 7490
f 7488 7490 7491
f 7492 7493 7494
f 7492 7494 7495
f 7496 7488 7491
f 7496 7491 7497
f 7498 7499 7500
f 7498 7500 7501
f 7502 7503 7504
f 7502 7504 7505
f 7506 7507 7508
f 7506 7508 7509
f 6937 6886 6885
f 6937 6885 7510
f 7455 7454 7511
f 7455 7511 7512
f 6890 6912 7513
f 6890 7513 6888
f 6896 7514 6948
f 6896 6948 6897
f 7515 7516 7517
f 7515 7517 7518
f 7519 7520 7521
f 7519 7521 7522
f 7489 7523 7524
f 7489 7524 7490
f 7454 7452 7525
f 7454 7525 7511
f 6926 7509 7526
f 6926 7526 6924
f 6928 7506 7509
f 6928 7509 6926
f 7527 7528 7529
f 7527 7529 7530
f 7459 7531 7532
f 7459 7532 7533
f 7534 7535 7536
f 7534 7536 7537
f 7538 7539 7540
f 7538 7540 7541
f 7542 7543 7544
f 7542 7544 7545
f 7546 7547 7548
f 7546 7548 7549
f 7493 7550 7551
f 7493 7551 7494
f 7399 7398 7427
f 7399 7427 7400
f 6964 6966 7539
f 6964 7539 7538
f 7552 7553 7554
f 7552 7554 7555
f 7556 7557 7558
f 7556 7558 7559
f 6912 6910 7560
f 6912 7560 7513
f 7487 7492 7495
f 7487 7495 7561
f 7562 7563 7564
f 7562 7564 7565
f 7509 7508 7566
f 7509 7566 7526
f 7567 7568 7569
f 7567 7569 7570
f 7565 7564 7571
f 7565 7571 7572
f 7573 7574 7477
f 7573 7477 7481
f 7518 7517 7575
f 7518 7575 7576
f 7577 7578 7579
f 7577 7579 7580
f 7581 7582 7583
f 7581 7583 7584
f 7527 7530 7585
f 7527 7585 7586
f 7368 7365 7587
f 7368 7587 7588
f 6931 6975 6974
f 6931 6974 6955
f 7522 7521 7535
f 7522 7535 7534
f 7589 7590 7516
f 7589 7516 7515
f 7591 6915 6890
f 7591 6890 6889
f 7550 7592 7593
f 7550 7593 7551
f 7594 7595 7596
f 7594 7596 7597
f 6910 6892 6891
f 6910 6891 7560
f 7530 7598 7599
f 7530 7599 7585
f 6885 6887 6933
f 6885 6933 7600
f 7601 7602 7582
f 7601 7582 7581
f 7603 7604 7605
f 7603 7605 7606
f 7607 7608 7602
f 7607 7602 7601
f 7595 7546 7549
f 7595 7549 7596
f 7576 7575 7609
f 7576 7609 7610
f 7482 7469 7468
f 7482 7468 7611
f 6884 6939 7612
f 6884 7612 6882
f 7479 7613 7614
f 7479 7614 7615
f 7616 7617 7604
f 7616 7604 7603
f 7611 7468 7467
f 7611 7467 7618
f 7619 7620 7608
f 7619 7608 7607
f 7613 7475 7621
f 7613 7621 7614
f 7622 7623 7499
f 7622 7499 7498
f 7406 7405 7413
f 7406 7413 7408
f 7475 7474 7624
f 7475 7624 7621
f 7526 7566 7625
f 7526 7625 6956
f 7626 7627 7628
f 7626 7628 7629
f 7630 7631 7632
f 7630 7632 7633
f 7485 7449 7448
f 7485 7448 7634
f 7472 7470 7482
f 7472 7482 7635
f 7555 7554 7636
f 7555 7636 7637
f 7474 7472 7635
f 7474 7635 7624
f 7638 7639 7640
f 7638 7640 7641
f 7460 7456 7642
f 7460 7642 7643
f 7644 7645 7507
f 7644 7507 7506
f 7646 7647 7563
f 7646 7563 7562
f 6971 6973 7645
f 6971 7645 7644
f 7483 7484 7648
f 7483 7648 7649
f 7559 7558 7647
f 7559 7647 7646
f 7600 6933 6930
f 7600 6930 7650
f 7614 7621 7651
f 7614 7651 7652
f 6939 6937 7510
f 6939 7510 7612
f 7642 7533 7653
f 7642 7653 7654
f 7655 7656 7657
f 7655 7657 7658
f 7659 6968 6904
f 7659 6904 6907
f 7545 7544 7568
f 7545 7568 7567
f 7660 6942 6884
f 7660 6884 6883
f 6948 7661 7662
f 6948 7662 6949
f 7533 7532 7663
f 7533 7663 7653
f 7664 7665 7639
f 7664 7639 7638
f 6949 7662 7666
f 6949 7666 6950
f 7634 7448 7447
f 7634 7447 7667
f 6950 7666 7668
f 6950 7668 6951
f 7442 7443 7592
f 7442 7592 7550
f 7669 7670 7671
f 7669 7671 7672
f 7514 7673 7661
f 7514 7661 6948
f 7456 7459 7533
f 7456 7533 7642
f 7674 7675 7537
f 7674 7537 7536
f 7396 7395 7428
f 7396 7428 7398
f 7085 7088 7676
f 7085 7676 7677
f 7670 7678 7679
f 7670 7679 7671
f 7452 7450 7485
f 7452 7485 7525
f 7637 7636 7623
f 7637 7623 7622
f 7680 7681 7656
f 7680 7656 7655
f 7598 7682 7683
f 7598 7683 7599
f 7580 7579 7631
f 7580 7631 7630
f 7587 7365 7370
f 7587 7370 7684
f 7685 7615 7686
f 7685 7686 7687
f 7532 7512 7688
f 7532 7688 7663
f 6932 6971 7644
f 6932 7644 7689
f 7690 7691 7692
f 7690 7692 7693
f 6899 7694 7514
f 6899 7514 6896
f 7486 7487 7561
f 7486 7561 7695
f 7667 7486 7695
f 7667 7695 7696
f 7641 7640 7697
f 7641 7697 7698
f 7485 7634 7699
f 7485 7699 7700
f 6962 7701 6908
f 6962 6908 6909
f 7634 7667 7696
f 7634 7696 7699
f 7702 7703 7020
f 7702 7020 7019
f 7704 7643 7705
f 7704 7705 7706
f 7675 7674 7681
f 7675 7681 7680
f 7707 6975 6931
f 7707 6931 6934
f 7643 7642 7654
f 7643 7654 7705
f 7484 7690 7693
f 7484 7693 7648
f 7444 7442 7550
f 7444 7550 7493
f 7708 7709 7710
f 7708 7710 7711
f 7691 7712 7713
f 7691 7713 7692
f 7615 7614 7652
f 7615 7652 7686
f 7711 7710 7620
f 7711 7620 7619
f 6929 6932 7689
f 6929 7689 7714
f 6901 7541 7694
f 6901 7694 6899
f 7621 7624 7715
f 7621 7715 7651
f 7698 7697 7709
f 7698 7709 7708
f 7624 7635 7716
f 7624 7716 7715
f 7682 7669 7672
f 7682 7672 7683
f 6905 6964 7538
f 6905 7538 7717
f 7618 7483 7649
f 7618 7649 7718
f 7635 7482 7719
f 7635 7719 7716
f 7701 7659 6907
f 7701 6907 6908
f 7689 7644 7506
f 7689 7506 6928
f 7482 7611 7720
f 7482 7720 7719
f 6905 6963 6965
f 6905 6965 6964
f 7446 7445 7492
f 7446 7492 7487
f 7589 7515 7721
f 7589 7721 7722
f 7611 7618 7718
f 7611 7718 7720
f 7592 7723 7724
f 7592 7724 7593
f 7511 7525 7725
f 7511 7725 7726
f 6924 7526 6956
f 6924 6956 6922
f 7547 7727 7728
f 7547 7728 7548
f 7606 7605 7543
f 7606 7543 7542
f 7413 7405 7729
f 7413 7729 7473
f 7465 7464 7691
f 7465 7691 7690
f 6932 6955 6972
f 6932 6972 6971
f 7730 7717 6901
f 7730 6901 6900
f 7025 7028 7703
f 7025 7703 7702
f 7572 7571 7520
f 7572 7520 7519
f 7464 7463 7712
f 7464 7712 7691
f 6904 6968 6967
f 6904 6967 6963
f 7445 7444 7493
f 7445 7493 7492
f 7576 7610 7731
f 7576 7731 7732
f 7517 7730 6900
f 7517 6900 7575
f 7473 7729 7733
f 7473 7733 7471
f 7734 6889 6888
f 7734 6888 7735
f 7525 7485 7700
f 7525 7700 7725
f 7518 7576 7732
f 7518 7732 7736
f 6962 6961 6970
f 6962 6970 7737
f 7529 6925 6923
f 7529 6923 7738
f 7528 6927 6925
f 7528 6925 7529
f 7512 7511 7726
f 7512 7726 7688
f 6954 7739 6935
f 6954 6935 6936
f 7740 6895 6894
f 7740 6894 7741
f 6902 6905 7717
f 6902 7717 7730
f 7667 7447 7446
f 7667 7446 7486
f 7515 7518 7736
f 7515 7736 7721
f 7575 6900 6898
f 7575 6898 7609
f 7633 7632 7742
f 7633 7742 7743
f 7516 6902 7730
f 7516 7730 7517
f 7744 7745 7578
f 7744 7578 7577
f 7735 6888 7513
f 7735 7513 7746
f 7747 7589 7722
f 7747 7722 7748
f 7701 6962 7737
f 7701 7737 7749
f 7466 7465 7690
f 7466 7690 7484
f 7480 7476 7685
f 7480 7685 7723
f 7714 7689 6928
f 7714 6928 6927
f 7750 7747 7748
f 7750 7748 7751
f 7678 7591 6889
f 7678 6889 7734
f 7610 7752 7753
f 7610 7753 7731
f 7462 7460 7643
f 7462 7643 7704
f 7739 7707 6934
f 7739 6934 6935
f 7754 7755 7745
f 7754 7745 7744
f 7463 7462 7704
f 7463 7704 7712
f 7501 7500 7755
f 7501 7755 7754
f 7443 7480 7723
f 7443 7723 7592
f 6959 7756 6970
f 6959 6970 6960
f 7757 6946 6944
f 7757 6944 7758
f 7476 7479 7615
f 7476 7615 7685
f 7677 7676 7080
f 7677 7080 7079
f 7759 7750 7751
f 7759 7751 7760
f 7743 7742 7761
f 7743 7761 7762
f 7763 7714 6927
f 7763 6927 7528
f 7764 6921 6919
f 7764 6919 7765
f 7741 6894 6946
f 7741 6946 7757
f 7618 7467 7466
f 7618 7466 7483
f 7738 6923 6921
f 7738 6921 7764
f 7451 7766 7430
f 7451 7430 7429
f 7767 7412 7475
f 7767 7475 7613
f 7768 7769 7457
f 7768 7457 7461
f 7770 6929 7714
f 7770 7714 7763
f 7458 7771 7531
f 7458 7531 7459
f 7758 6944 6942
f 7758 6942 7660
f 7772 7773 7553
f 7772 7553 7552
f 7752 7774 7775
f 7752 7775 7753
f 7678 7734 7776
f 7678 7776 7679
f 7478 7767 7613
f 7478 7613 7479
f 6954 6953 6977
f 6954 6977 7777
f 7739 6954 7777
f 7739 7777 7778
f 6975 7707 7779
f 6975 7779 6976
f 7707 7739 7778
f 7707 7778 7779
f 6951 7668 6977
f 6951 6977 6952
f 7765 6919 6917
f 7765 6917 7780
f 7574 7781 7478
f 7574 7478 7477
f 7488 7600 7650
f 7488 7650 7489
f 7650 6930 6929
f 7650 6929 7770
f 7471 7733 7415
f 7471 7415 7414
f 7781 7782 7767
f 7781 7767 7478
f 7782 7410 7412
f 7782 7412 7767
f 6957 7783 7784
f 6957 7784 6958
f 7785 7758 7660
f 7785 7660 7594
f 7762 7761 7629
f 7762 7629 7628
f 7658 7657 7786
f 7658 7786 7787
f 7682 7764 7765
f 7682 7765 7669
f 7746 7759 7760
f 7746 7760 7788
f 7789 7790 7773
f 7789 7773 7772
f 7669 7765 7780
f 7669 7780 7670
f 7771 7427 7455
f 7771 7455 7531
f 7791 7792 7771
f 7791 7771 7458
f 7734 7735 7793
f 7734 7793 7776
f 7774 7794 7795
f 7774 7795 7775
f 7796 7797 7665
f 7796 7665 7664
f 7610 7609 7740
f 7610 7740 7752
f 7381 7365 7798
f 7381 7798 7799
f 7800 7801 7797
f 7800 7797 7796
f 7428 7395 7802
f 7428 7802 7453
f 7780 6917 6915
f 7780 6915 7591
f 6956 7625 7783
f 6956 7783 6957
f 7787 7786 7803
f 7787 7803 7804
f 6891 6893 6906
f 6891 6906 7805
f 7570 7569 7806
f 7570 7806 7807
f 7805 6906 6903
f 7805 6903 7590
f 7425 7768 7461
f 7425 7461 7426
f 7807 7806 7808
f 7807 7808 7809
f 7747 7805 7590
f 7747 7590 7589
f 7759 7560 6891
f 7759 6891 7750
f 7810 7811 7812
f 7810 7812 7813
f 7785 7594 7597
f 7785 7597 7814
f 7792 7400 7427
f 7792 7427 7771
f 7609 6898 6895
f 7609 6895 7740
f 7809 7808 7811
f 7809 7811 7810
f 7627 7626 7815
f 7627 7815 7816
f 7746 7513 7560
f 7746 7560 7759
f 7750 6891 7805
f 7750 7805 7747
f 6968 7659 7817
f 6968 7817 6969
f 7818 7527 7586
f 7818 7586 7819
f 7659 7701 7749
f 7659 7749 7817
f 6958 7784 7756
f 6958 7756 6959
f 7453 7802 7766
f 7453 7766 7451
f 7813 7812 7503
f 7813 7503 7502
f 7774 7741 7757
f 7774 7757 7794
f 7769 7791 7458
f 7769 7458 7457
f 7590 6903 6902
f 7590 6902 7516
f 7670 7780 7591
f 7670 7591 7678
f 7523 7770 7763
f 7523 7763 7818
f 7584 7583 7820
f 7584 7820 7821
f 7598 7738 7764
f 7598 7764 7682
f 7694 7822 7673
f 7694 7673 7514
f 7735 7746 7788
f 7735 7788 7793
f 7505 7504 7790
f 7505 7790 7789
f 7823 7824 7557
f 7823 7557 7556
f 7530 7529 7738
f 7530 7738 7598
f 7541 7540 7822
f 7541 7822 7694
f 7816 7815 7617
f 7816 7617 7616
f 7825 7826 7801
f 7825 7801 7800
f 7489 7650 7770
f 7489 7770 7523
f 7794 7757 7758
f 7794 7758 7785
f 7804 7803 7826
f 7804 7826 7825
f 7798 7365 7383
f 7798 7383 7827
f 7818 7763 7528
f 7818 7528 7527
f 7794 7785 7814
f 7794 7814 7795
f 7594 7660 6883
f 7594 6883 7595
f 7523 7818 7819
f 7523 7819 7524
f 7595 6883 6882
f 7595 6882 7546
f 7741 7774 7752
f 7741 7752 7740
f 7717 7538 7541
f 7717 7541 6901
f 7821 7820 7824
f 7821 7824 7823
f 7546 6882 7612
f 7546 7612 7547
f 7727 7496 7497
f 7727 7497 7728
f 7712 7704 7706
f 7712 7706 7713
f 7727 7510 6885
f 7727 6885 7496
f 7409 7408 7412
f 7409 7412 7410
f 7496 6885 7600
f 7496 7600 7488
f 7547 7612 7510
f 7547 7510 7727
f 7531 7455 7512
f 7531 7512 7532
f 7723 7685 7687
f 7723 7687 7724
f 7440 7573 7481
f 7440 7481 7441
f 7828 7705 7654
f 7828 7654 7829
f 7830 7663 7688
f 7830 7688 7831
f 7832 7693 7692
f 7832 7692 7833
f 7834 7695 7561
f 7834 7561 7835
f 7836 7837 7838
f 7836 7838 7839
f 7131 7132 7840
f 7131 7840 7841
f 7842 7240 7239
f 7842 7239 7843
f 7844 7720 7718
f 7844 7718 7845
f 7846 7847 7848
f 7846 7848 7849
f 7850 7719 7720
f 7850 7720 7844
f 7851 7716 7719
f 7851 7719 7850
f 7852 7853 7854
f 7852 7854 7855
f 7856 7857 7858
f 7856 7858 7859
f 7860 7861 7862
f 7860 7862 7863
f 7864 7865 7023
f 7864 7023 7022
f 7866 7867 7868
f 7866 7868 7869
f 7870 7871 7847
f 7870 7847 7846
f 7872 7715 7716
f 7872 7716 7851
f 7861 7873 7874
f 7861 7874 7862
f 7875 7724 7687
f 7875 7687 7876
f 7877 7401 7400
f 7877 7400 7792
f 7857 7878 7879
f 7857 7879 7858
f 7880 6978 7004
f 7880 7004 7881
f 7882 7883 7884
f 7882 7884 7885
f 7886 7713 7706
f 7886 7706 7887
f 7888 7877 7792
f 7888 7792 7791
f 7889 7890 7891
f 7889 7891 7892
f 7893 7894 7565
f 7893 7565 7572
f 7895 7411 7410
f 7895 7410 7782
f 7896 7897 7898
f 7896 7898 7899
f 7833 7692 7713
f 7833 7713 7886
f 7900 7495 7494
f 7900 7494 7901
f 7017 7018 7865
f 7017 7865 7864
f 7899 7898 7902
f 7899 7902 7903
f 7161 7162 7904
f 7161 7904 7905
f 7906 7210 7209
f 7906 7209 7907
f 7908 7729 7405
f 7908 7405 7407
f 7355 7909 7910
f 7355 7910 7356
f 7894 7911 7562
f 7894 7562 7565
f 7912 7913 7867
f 7912 7867 7866
f 7914 7893 7572
f 7914 7572 7519
f 7915 7895 7782
f 7915 7782 7781
f 7916 7917 7708
f 7916 7708 7711
f 7918 7415 7733
f 7918 7733 7919
f 7920 7921 7769
f 7920 7769 7768
f 7537 7675 7922
f 7537 7922 7923
f 7911 7924 7646
f 7911 7646 7562
f 7849 7848 7925
f 7849 7925 7926
f 7927 7766 7802
f 7927 7802 7928
f 7929 7930 7931
f 7929 7931 7932
f 7933 7934 7935
f 7933 7935 7936
f 7937 7938 7440
f 7937 7440 7438
f 7939 7940 7941
f 7939 7941 7942
f 7928 7802 7395
f 7928 7395 7397
f 7002 6978 7880
f 7002 7880 7943
f 7919 7733 7729
f 7919 7729 7908
f 7926 7925 7944
f 7926 7944 7945
f 7946 7648 7693
f 7946 7693 7832
f 7947 7916 7711
f 7947 7711 7619
f 7295 7948 7949
f 7295 7949 7296
f 7950 7920 7768
f 7950 7768 7425
f 7940 7951 7952
f 7940 7952 7941
f 7953 7954 7638
f 7953 7638 7641
f 7955 7956 7957
f 7955 7957 7958
f 7959 7960 7913
f 7959 7913 7912
f 7903 7902 7961
f 7903 7961 7962
f 7403 7402 7415
f 7403 7415 7918
f 7845 7718 7649
f 7845 7649 7963
f 7954 7964 7664
f 7954 7664 7638
f 7934 7965 7966
f 7934 7966 7935
f 7917 7967 7698
f 7917 7698 7708
f 7921 7888 7791
f 7921 7791 7769
f 7968 7939 7942
f 7968 7942 7969
f 7970 7933 7936
f 7970 7936 7971
f 7967 7953 7641
f 7967 7641 7698
f 7972 7973 7522
f 7972 7522 7534
f 7974 7975 7976
f 7974 7976 7977
f 7960 7959 7978
f 7960 7978 7979
f 7977 7976 7980
f 7977 7980 7981
f 7982 7947 7619
f 7982 7619 7607
f 7983 7984 7556
f 7983 7556 7559
f 7963 7649 7648
f 7963 7648 7946
f 7951 7985 7986
f 7951 7986 7952
f 7987 7957 7956
f 7987 7956 7988
f 7989 7430 7766
f 7989 7766 7927
f 7873 7968 7969
f 7873 7969 7874
f 7990 7991 7992
f 7990 7992 7993
f 7994 7995 7975
f 7994 7975 7974
f 7996 7937 7438
f 7996 7438 7436
f 7997 7998 7999
f 7997 7999 8000
f 7909 7350 7349
f 7909 7349 7910
f 7965 8001 8002
f 7965 8002 7966
f 8003 7996 7436
f 8003 7436 7434
f 8004 8005 7083
f 8004 7083 7082
f 7930 8006 8007
f 7930 8007 7931
f 8006 7860 7863
f 8006 7863 8007
f 7393 7392 7430
f 7393 7430 7989
f 8008 7990 7993
f 8008 7993 8009
f 7924 7983 7559
f 7924 7559 7646
f 8001 7955 7958
f 8001 7958 8002
f 7923 7972 7534
f 7923 7534 7537
f 7207 7906 7907
f 7207 7907 7208
f 7988 7852 7855
f 7988 7855 7987
f 7938 8010 7573
f 7938 7573 7440
f 7962 7961 8011
f 7962 8011 8012
f 7991 7929 7932
f 7991 7932 7992
f 7973 7914 7519
f 7973 7519 7522
f 7077 7078 8005
f 7077 8005 8004
f 7853 7997 8000
f 7853 8000 7854
f 8013 8014 8015
f 8013 8015 8016
f 7998 8017 8018
f 7998 8018 7999
f 8019 8020 8021
f 8019 8021 8022
f 8017 8023 8024
f 8017 8024 8018
f 8025 8026 8027
f 8025 8027 8028
f 8029 8030 7421
f 8029 7421 7419
f 7948 7290 7289
f 7948 7289 7949
f 8023 8025 8028
f 8023 8028 8024
f 8031 8032 8033
f 8031 8033 8034
f 7981 7980 8020
f 7981 8020 8019
f 8026 8008 8009
f 8026 8009 8027
f 8032 8035 8036
f 8032 8036 8033
f 8037 8031 8034
f 8037 8034 8038
f 7351 8039 8040
f 7351 8040 7352
f 8041 8037 8038
f 8041 8038 8042
f 7393 8003 7434
f 7393 7434 7394
f 7237 7842 7843
f 7237 7843 7238
f 8012 8011 7979
f 8012 7979 7978
f 8030 8043 7423
f 8030 7423 7421
f 8016 8015 7995
f 8016 7995 7994
f 8039 7358 7357
f 8039 7357 8040
f 8044 8045 7787
f 8044 7787 7804
f 8046 6978 6991
f 8046 6991 8047
f 8048 7970 7971
f 8048 7971 8049
f 7869 7868 8050
f 7869 8050 8051
f 8052 8048 8049
f 8052 8049 8053
f 8054 8055 8056
f 8054 8056 8057
f 7985 8052 8053
f 7985 8053 7986
f 8010 8058 7574
f 8010 7574 7573
f 8051 8050 8059
f 8051 8059 8060
f 8043 7950 7425
f 8043 7425 7423
f 8061 8062 8063
f 8061 8063 8064
f 8065 8066 8067
f 8065 8067 8068
f 8069 8070 7581
f 8069 7581 7584
f 8071 8072 7897
f 8071 7897 7896
f 8066 8061 8064
f 8066 8064 8067
f 8073 8074 8075
f 8073 8075 8076
f 8062 8077 8078
f 8062 8078 8063
f 8022 8021 8079
f 8022 8079 8080
f 7403 8029 7419
f 7403 7419 7404
f 8077 7889 7892
f 8077 7892 8078
f 8081 8069 7584
f 8081 7584 7821
f 8082 8054 8057
f 8082 8057 8083
f 7890 8084 8085
f 7890 8085 7891
f 8055 8065 8068
f 8055 8068 8056
f 8086 8087 7871
f 8086 7871 7870
f 7878 8088 8089
f 7878 8089 7879
f 8088 8090 8091
f 8088 8091 8089
f 8058 7915 7781
f 8058 7781 7574
f 8092 7856 7859
f 8092 7859 8093
f 8094 8082 8083
f 8094 8083 8095
f 8070 8096 7601
f 8070 7601 7581
f 7291 8097 8098
f 7291 8098 7292
f 8084 8073 8076
f 8084 8076 8085
f 8099 8100 8101
f 8099 8101 8102
f 8103 8104 7825
f 8103 7825 7800
f 7876 7687 7686
f 7876 7686 8105
f 8106 8081 7821
f 8106 7821 7823
f 8035 8107 8108
f 8035 8108 8036
f 7984 8106 7823
f 7984 7823 7556
f 8109 8110 7655
f 8109 7655 7658
f 8060 8059 8014
f 8060 8014 8013
f 8045 8109 7658
f 8045 7658 7787
f 8102 8101 8072
f 8102 8072 8071
f 6989 6978 8046
f 6989 8046 8111
f 8096 7982 7607
f 8096 7607 7601
f 8112 8041 8042
f 8112 8042 8113
f 8104 8044 7804
f 8104 7804 7825
f 8114 7651 7715
f 8114 7715 7872
f 8115 8092 8093
f 8115 8093 8116
f 7837 8117 8118
f 7837 8118 7838
f 8119 8103 7800
f 8119 7800 7796
f 8120 7652 7651
f 8120 7651 8114
f 8105 7686 7652
f 8105 7652 8120
f 7724 7875 8121
f 7724 8121 7593
f 8080 8079 8087
f 8080 8087 8086
f 8122 8094 8095
f 8122 8095 8123
f 7905 7904 7165
f 7905 7165 7164
f 8090 8122 8123
f 8090 8123 8091
f 7839 8075 8074
f 7839 8074 7836
f 8097 7298 7297
f 8097 7297 8098
f 7945 7944 7883
f 7945 7883 7882
f 8117 8112 8113
f 8117 8113 8118
f 8107 8115 8116
f 8107 8116 8108
f 7964 8119 7796
f 7964 7796 7664
f 8124 7922 7675
f 8124 7675 7680
f 8125 7700 7699
f 8125 7699 8126
f 8127 7725 7700
f 8127 7700 8125
f 8110 8124 7680
f 8110 7680 7655
f 7829 7654 7653
f 7829 7653 8128
f 8129 7726 7725
f 8129 7725 8127
f 8130 7696 7695
f 8130 7695 7834
f 8126 7699 7696
f 8126 7696 8130
f 7835 7561 7495
f 7835 7495 7900
f 7831 7688 7726
f 7831 7726 8129
f 7841 7840 7135
f 7841 7135 7134
f 8128 7653 7663
f 8128 7663 7830
f 7901 7494 7551
f 7901 7551 8131
f 7885 7884 8100
f 7885 8100 8099
f 8131 7551 7593
f 8131 7593 8121
f 7887 7706 7705
f 7887 7705 7828
f 8132 8133 8134
f 8135 8136 8137
f 8138 8139 8140
f 8141 8142 8143
f 8141 8143 8144
f 8142 8145 8146
f 8142 8146 8143
f 8147 8140 8148
f 8147 8148 8149
f 8150 8151 8152
f 8150 8152 8153
f 8154 8155 8156
f 8157 8141 8144
f 8140 8158 8148
f 8159 8160 8161
f 8159 8161 8162
f 8137 8163 8164
f 8160 8150 8153
f 8160 8153 8161
f 8155 8147 8149
f 8155 8149 8156
f 8145 8159 8162
f 8145 8162 8146
f 8146 8162 8165
f 8146 8165 8166
f 8156 8149 8167
f 8156 8167 8168
f 8169 8170 8171
f 8161 8153 8172
f 8161 8172 8173
f 8164 8174 8175
f 8162 8161 8173
f 8162 8173 8165
f 8152 8176 8177
f 8152 8177 8178
f 8179 8180 8181
f 8179 8181 8182
f 8148 8158 8183
f 8148 8183 8184
f 8163 8169 8171
f 8185 8179 8182
f 8185 8182 8186
f 8187 8156 8168
f 8187 8168 8188
f 8176 8189 8190
f 8176 8190 8177
f 8191 8192 8193
f 8180 8194 8195
f 8180 8195 8181
f 8194 8187 8188
f 8194 8188 8195
f 8192 8196 8197
f 8192 8197 8193
f 8196 8185 8186
f 8196 8186 8197
f 8153 8152 8178
f 8153 8178 8172
f 8149 8148 8184
f 8149 8184 8167
f 8143 8146 8166
f 8143 8166 8198
f 8144 8143 8198
f 8144 8198 8199
f 8200 8201 8202
f 8203 8204 8205
f 8206 8202 8207
f 8208 8209 8210
f 8211 8207 8212
f 8213 8214 8215
f 8216 8217 8218
f 8217 8219 8220
f 8198 8221 8222
f 8198 8222 8199
f 8221 8223 8224
f 8221 8224 8222
f 8166 8225 8221
f 8166 8221 8198
f 8225 8226 8223
f 8225 8223 8221
f 8184 8227 8228
f 8184 8228 8167
f 8227 8229 8230
f 8227 8230 8228
f 8178 8231 8232
f 8178 8232 8172
f 8231 8233 8234
f 8231 8234 8232
f 8186 8235 8236
f 8186 8236 8197
f 8197 8236 8237
f 8197 8237 8193
f 8188 8238 8239
f 8188 8239 8195
f 8238 8240 8241
f 8238 8241 8239
f 8195 8239 8242
f 8195 8242 8181
f 8239 8241 8243
f 8239 8243 8242
f 8193 8237 8244
f 8193 8244 8170
f 8190 8245 8246
f 8190 8246 8177
f 8245 8247 8248
f 8245 8248 8246
f 8168 8249 8238
f 8168 8238 8188
f 8249 8250 8240
f 8249 8240 8238
f 8182 8251 8235
f 8182 8235 8186
f 8251 8252 8253
f 8251 8253 8235
f 8171 8254 8255
f 8171 8255 8174
f 8183 8256 8227
f 8183 8227 8184
f 8256 8257 8229
f 8256 8229 8227
f 8181 8242 8251
f 8181 8251 8182
f 8242 8243 8252
f 8242 8252 8251
f 8177 8246 8231
f 8177 8231 8178
f 8246 8248 8233
f 8246 8233 8231
f 8258 8245 8190
f 8173 8259 8260
f 8173 8260 8165
f 8259 8261 8262
f 8259 8262 8260
f 8172 8232 8259
f 8172 8259 8173
f 8232 8234 8261
f 8232 8261 8259
f 8170 8244 8254
f 8170 8254 8171
f 8167 8228 8249
f 8167 8249 8168
f 8228 8230 8250
f 8228 8250 8249
f 8165 8260 8225
f 8165 8225 8166
f 8260 8262 8226
f 8260 8226 8225
f 8263 8212 8264
f 8257 8265 8229
f 8223 8266 8224
f 8226 8266 8223
f 8229 8265 8230
f 8233 8267 8266
f 8248 8268 8267
f 8248 8267 8233
f 8269 8270 8271
f 8269 8271 8272
f 8272 8271 8273
f 8272 8273 8274
f 8247 8275 8268
f 8247 8268 8248
f 8255 8276 8277
f 8278 8279 8280
f 8281 8175 8277
f 8282 8283 8284
f 8258 8282 8285
f 8285 8286 8247
f 8287 8288 8289
f 8287 8289 8290
f 8217 8220 8206
f 8217 8206 8218
f 8291 8292 8293
f 8291 8293 8294
f 8295 8283 8296
f 8295 8296 8297
f 8298 8299 8300
f 8298 8300 8214
f 8299 8301 8302
f 8299 8302 8300
f 8303 8142 8141
f 8303 8141 8304
f 8305 8145 8142
f 8305 8142 8201
f 8214 8300 8306
f 8214 8306 8215
f 8203 8205 8307
f 8203 8307 8308
f 8309 8310 8311
f 8309 8311 8312
f 8313 8314 8315
f 8313 8315 8316
f 8317 8318 8319
f 8317 8319 8320
f 8321 8322 8323
f 8321 8323 8324
f 8325 8326 8327
f 8325 8327 8328
f 8329 8330 8331
f 8329 8331 8332
f 8300 8302 8333
f 8300 8333 8306
f 8292 8334 8335
f 8292 8335 8293
f 8169 8163 8137
f 8169 8137 8134
f 8321 8295 8297
f 8321 8297 8322
f 8328 8327 8336
f 8328 8336 8337
f 8324 8323 8298
f 8324 8298 8338
f 8339 8340 8341
f 8339 8341 8342
f 8219 8343 8200
f 8219 8200 8220
f 8343 8219 8344
f 8343 8344 8345
f 8308 8209 8208
f 8308 8208 8301
f 8310 8346 8347
f 8310 8347 8311
f 8335 8313 8316
f 8335 8316 8348
f 8303 8304 8349
f 8303 8349 8350
f 8351 8132 8346
f 8351 8346 8310
f 8314 8352 8353
f 8314 8353 8315
f 8354 8355 8356
f 8354 8356 8357
f 8346 8358 8317
f 8346 8317 8347
f 8359 8360 8355
f 8359 8355 8354
f 8361 8362 8363
f 8361 8363 8364
f 8208 8344 8340
f 8208 8340 8339
f 8322 8297 8365
f 8322 8365 8204
f 8366 8367 8360
f 8366 8360 8359
f 8331 8368 8334
f 8331 8334 8292
f 8169 8191 8193
f 8169 8193 8170
f 8164 8163 8171
f 8164 8171 8174
f 8312 8311 8314
f 8312 8314 8313
f 8139 8138 8361
f 8139 8361 8369
f 8212 8263 8370
f 8212 8370 8211
f 8132 8136 8358
f 8132 8358 8346
f 8371 8351 8310
f 8371 8310 8309
f 8322 8204 8203
f 8322 8203 8323
f 8296 8258 8190
f 8296 8190 8189
f 8138 8372 8362
f 8138 8362 8361
f 8344 8219 8217
f 8344 8217 8340
f 8332 8331 8292
f 8332 8292 8291
f 8373 8337 8374
f 8373 8374 8375
f 8258 8285 8247
f 8258 8247 8245
f 8216 8218 8211
f 8216 8211 8370
f 8365 8189 8176
f 8365 8176 8376
f 8320 8319 8377
f 8320 8377 8378
f 8379 8380 8381
f 8379 8381 8382
f 8340 8217 8216
f 8340 8216 8341
f 8383 8373 8375
f 8383 8375 8384
f 8364 8363 8385
f 8364 8385 8386
f 8386 8385 8387
f 8386 8387 8388
f 8283 8282 8258
f 8283 8258 8296
f 8294 8293 8389
f 8294 8389 8390
f 8357 8356 8391
f 8357 8391 8392
f 8202 8206 8220
f 8202 8220 8200
f 8393 8394 8179
f 8393 8179 8185
f 8382 8395 8329
f 8382 8329 8379
f 8394 8395 8180
f 8394 8180 8179
f 8230 8265 8240
f 8230 8240 8250
f 8380 8396 8154
f 8380 8154 8381
f 8293 8335 8348
f 8293 8348 8389
f 8350 8349 8397
f 8350 8397 8398
f 8387 8385 8383
f 8387 8383 8384
f 8352 8320 8378
f 8352 8378 8353
f 8336 8294 8390
f 8336 8390 8399
f 8185 8196 8400
f 8185 8400 8393
f 8208 8210 8345
f 8208 8345 8344
f 8194 8180 8395
f 8194 8395 8382
f 8401 8386 8388
f 8401 8388 8402
f 8209 8403 8404
f 8209 8404 8210
f 8358 8405 8318
f 8358 8318 8317
f 8187 8194 8382
f 8187 8382 8381
f 8403 8209 8308
f 8403 8308 8307
f 8134 8133 8191
f 8134 8191 8169
f 8301 8208 8339
f 8301 8339 8302
f 8376 8176 8152
f 8376 8152 8151
f 8207 8211 8218
f 8207 8218 8206
f 8379 8329 8332
f 8379 8332 8326
f 8201 8200 8343
f 8201 8343 8305
f 8302 8339 8342
f 8302 8342 8333
f 8406 8364 8386
f 8406 8386 8401
f 8261 8234 8233
f 8261 8233 8266
f 8337 8336 8399
f 8337 8399 8374
f 8135 8137 8164
f 8135 8164 8407
f 8323 8203 8299
f 8323 8299 8298
f 8381 8154 8156
f 8381 8156 8187
f 8147 8155 8408
f 8147 8408 8372
f 8403 8150 8160
f 8403 8160 8404
f 8192 8191 8133
f 8192 8133 8409
f 8203 8308 8301
f 8203 8301 8299
f 8372 8138 8140
f 8372 8140 8147
f 8226 8262 8261
f 8226 8261 8266
f 8410 8330 8394
f 8410 8394 8393
f 8136 8135 8405
f 8136 8405 8358
f 8334 8312 8313
f 8334 8313 8335
f 8338 8298 8214
f 8338 8214 8411
f 8412 8413 8414
f 8412 8414 8415
f 8413 8325 8328
f 8413 8328 8414
f 8196 8192 8409
f 8196 8409 8400
f 8380 8379 8326
f 8380 8326 8325
f 8363 8415 8383
f 8363 8383 8385
f 8407 8164 8175
f 8407 8175 8416
f 8398 8397 8288
f 8398 8288 8287
f 8351 8371 8400
f 8351 8400 8409
f 8326 8332 8291
f 8326 8291 8327
f 8408 8396 8413
f 8408 8413 8412
f 8371 8410 8393
f 8371 8393 8400
f 8395 8394 8330
f 8395 8330 8329
f 8396 8380 8325
f 8396 8325 8413
f 8347 8317 8320
f 8347 8320 8352
f 8366 8417 8140
f 8366 8140 8367
f 8418 8345 8210
f 8418 8210 8404
f 8205 8376 8151
f 8205 8151 8307
f 8372 8408 8412
f 8372 8412 8362
f 8410 8371 8309
f 8410 8309 8368
f 8404 8160 8159
f 8404 8159 8418
f 8368 8309 8312
f 8368 8312 8334
f 8265 8270 8269
f 8265 8269 8240
f 8155 8154 8396
f 8155 8396 8408
f 8369 8361 8364
f 8369 8364 8406
f 8297 8296 8189
f 8297 8189 8365
f 8418 8159 8145
f 8418 8145 8305
f 8330 8410 8368
f 8330 8368 8331
f 8345 8418 8305
f 8345 8305 8343
f 8204 8365 8376
f 8204 8376 8205
f 8307 8151 8150
f 8307 8150 8403
f 8414 8328 8337
f 8414 8337 8373
f 8362 8412 8415
f 8362 8415 8363
f 8132 8351 8409
f 8132 8409 8133
f 8132 8134 8137
f 8132 8137 8136
f 8415 8414 8373
f 8415 8373 8383
f 8327 8291 8294
f 8327 8294 8336
f 8311 8347 8352
f 8311 8352 8314
f 8416 8419 8407
f 8135 8407 8419
f 8135 8419 8420
f 8175 8281 8416
f 8253 8276 8235
f 8276 8236 8235
f 8276 8237 8236
f 8276 8244 8237
f 8276 8255 8254
f 8244 8276 8254
f 8255 8277 8174
f 8277 8175 8174
f 8247 8421 8422
f 8247 8422 8275
f 8423 8338 8411
f 8423 8411 8424
f 8423 8425 8324
f 8423 8324 8338
f 8426 8284 8283
f 8426 8283 8295
f 8318 8427 8428
f 8318 8428 8319
f 8425 8429 8321
f 8425 8321 8324
f 8135 8420 8430
f 8135 8430 8405
f 8429 8426 8295
f 8429 8295 8321
f 8405 8430 8427
f 8405 8427 8318
f 8273 8279 8278
f 8273 8278 8274
f 8377 8431 8432
f 8431 8377 8319
f 8431 8319 8428
f 8433 8214 8213
f 8434 8433 8213
f 8433 8411 8214
f 8411 8433 8424
f 8435 8436 8437
f 8437 8438 8435
f 8434 8213 8437
f 8437 8213 8438
f 8439 8440 8441
f 8439 8441 8377
f 8377 8432 8439
f 8442 8443 8444
f 8442 8444 8445
f 8446 8447 8448
f 8446 8448 8449
f 8450 8451 8452
f 8450 8452 8453
f 8454 8446 8449
f 8454 8449 8455
f 8456 8457 8451
f 8456 8451 8450
f 8447 8441 8440
f 8447 8440 8448
f 8453 8452 8458
f 8453 8458 8459
f 8460 8461 8457
f 8460 8457 8456
f 8460 8436 8435
f 8460 8435 8461
f 8462 8463 8464
f 8462 8464 8465
f 8466 8467 8468
f 8469 8467 8466
f 8470 8471 8472
f 8472 8471 8469
f 8472 8473 8470
f 8472 8474 8473
f 8472 8475 8474
f 8476 8475 8472
f 8468 8477 8478
f 8468 8478 8479
f 8454 8455 8480
f 8454 8480 8481
f 8477 8481 8480
f 8477 8480 8482
f 8483 8484 8485
f 8483 8485 8486
f 8487 8488 8489
f 8487 8489 8490
f 8491 8492 8493
f 8491 8493 8494
f 8495 8496 8497
f 8495 8497 8498
f 8495 8499 8500
f 8495 8500 8501
f 8502 8503 8491
f 8502 8491 8504
f 8494 8493 8505
f 8494 8505 8506
f 8507 8508 8509
f 8507 8509 8510
f 8511 8512 8513
f 8511 8513 8514
f 8515 8516 8517
f 8515 8517 8518
f 8519 8520 8521
f 8519 8521 8522
f 8518 8517 8523
f 8518 8523 8524
f 8525 8514 8526
f 8525 8526 8527
f 8528 8529 8530
f 8528 8530 8531
f 8532 8533 8534
f 8532 8534 8535
f 8536 8537 8538
f 8536 8538 8539
f 8521 8540 8541
f 8521 8541 8542
f 8543 8518 8524
f 8543 8524 8544
f 8522 8521 8542
f 8522 8542 8545
f 8546 8502 8504
f 8546 8504 8533
f 8512 8507 8510
f 8512 8510 8513
f 8518 8543 8547
f 8518 8547 8515
f 8548 8549 8550
f 8548 8550 8551
f 8486 8485 8552
f 8486 8552 8553
f 8534 8554 8555
f 8534 8555 8556
f 8557 8558 8519
f 8557 8519 8559
f 8545 8560 8561
f 8545 8561 8522
f 8533 8504 8554
f 8533 8554 8534
f 8562 8487 8490
f 8562 8490 8563
f 8501 8500 8560
f 8501 8560 8545
f 8564 8565 8566
f 8564 8566 8567
f 8481 8477 8468
f 8481 8468 8568
f 8503 8569 8492
f 8503 8492 8491
f 8556 8555 8562
f 8556 8562 8570
f 8571 8560 8500
f 8571 8500 8572
f 8554 8494 8506
f 8554 8506 8555
f 8504 8491 8494
f 8504 8494 8554
f 8461 8435 8438
f 8461 8438 8573
f 8540 8574 8575
f 8540 8575 8541
f 8496 8576 8446
f 8496 8446 8454
f 8522 8561 8559
f 8522 8559 8519
f 8577 8578 8579
f 8577 8579 8580
f 8546 8581 8550
f 8546 8550 8582
f 8583 8584 8585
f 8583 8585 8586
f 8572 8500 8499
f 8572 8499 8587
f 8508 8543 8544
f 8508 8544 8509
f 8581 8546 8533
f 8581 8533 8532
f 8588 8589 8590
f 8588 8590 8535
f 8591 8573 8584
f 8591 8584 8583
f 8454 8481 8568
f 8454 8568 8497
f 8505 8374 8399
f 8505 8399 8488
f 8579 8578 8592
f 8579 8592 8593
f 8529 8594 8595
f 8529 8595 8530
f 8596 8333 8342
f 8596 8342 8597
f 8598 8517 8516
f 8598 8516 8599
f 8570 8562 8563
f 8570 8563 8558
f 8600 8601 8602
f 8600 8602 8603
f 8513 8510 8604
f 8513 8604 8605
f 8585 8596 8597
f 8585 8597 8606
f 8498 8607 8587
f 8498 8587 8499
f 8508 8507 8586
f 8508 8586 8608
f 8589 8588 8609
f 8589 8609 8610
f 8576 8553 8447
f 8576 8447 8446
f 8608 8547 8543
f 8608 8543 8508
f 8594 8402 8388
f 8594 8388 8595
f 8610 8609 8557
f 8610 8557 8611
f 8606 8612 8515
f 8606 8515 8547
f 8613 8561 8560
f 8613 8560 8571
f 8488 8399 8390
f 8488 8390 8489
f 8485 8353 8378
f 8485 8378 8552
f 8387 8384 8492
f 8387 8492 8569
f 8614 8564 8567
f 8614 8567 8615
f 8616 8389 8348
f 8616 8348 8574
f 8556 8588 8535
f 8556 8535 8534
f 8617 8618 8537
f 8617 8537 8536
f 8559 8619 8611
f 8559 8611 8557
f 8609 8570 8558
f 8609 8558 8557
f 8561 8613 8619
f 8561 8619 8559
f 8620 8599 8621
f 8620 8621 8601
f 8622 8392 8391
f 8622 8391 8623
f 8489 8390 8389
f 8489 8389 8616
f 8458 8527 8624
f 8458 8624 8625
f 8595 8388 8387
f 8595 8387 8569
f 8530 8595 8569
f 8530 8569 8503
f 8492 8384 8375
f 8492 8375 8493
f 8626 8341 8216
f 8626 8216 8627
f 8570 8609 8588
f 8570 8588 8556
f 8552 8378 8377
f 8552 8377 8441
f 8514 8513 8605
f 8514 8605 8526
f 8216 8370 8603
f 8216 8603 8602
f 8624 8628 8462
f 8624 8462 8629
f 8493 8375 8374
f 8493 8374 8505
f 8563 8490 8630
f 8563 8630 8520
f 8612 8626 8627
f 8612 8627 8631
f 8582 8531 8502
f 8582 8502 8546
f 8527 8526 8632
f 8527 8632 8624
f 8633 8591 8583
f 8633 8583 8511
f 8545 8542 8634
f 8545 8634 8501
f 8495 8635 8576
f 8495 8576 8496
f 8636 8603 8370
f 8636 8370 8263
f 8637 8528 8531
f 8637 8531 8582
f 8541 8575 8484
f 8541 8484 8483
f 8568 8467 8638
f 8568 8638 8639
f 8607 8640 8641
f 8607 8641 8587
f 8520 8630 8540
f 8520 8540 8521
f 8548 8642 8643
f 8548 8643 8549
f 8633 8511 8514
f 8633 8514 8525
f 8606 8597 8626
f 8606 8626 8612
f 8531 8530 8503
f 8531 8503 8502
f 8642 8644 8645
f 8642 8645 8643
f 8635 8486 8553
f 8635 8553 8576
f 8644 8622 8623
f 8644 8623 8645
f 8484 8315 8353
f 8484 8353 8485
f 8501 8634 8635
f 8501 8635 8495
f 8646 8614 8615
f 8646 8615 8647
f 8574 8348 8316
f 8574 8316 8575
f 8634 8483 8486
f 8634 8486 8635
f 8586 8585 8606
f 8586 8606 8608
f 8516 8515 8612
f 8516 8612 8631
f 8631 8621 8599
f 8631 8599 8516
f 8597 8342 8341
f 8597 8341 8626
f 8457 8461 8573
f 8457 8573 8591
f 8506 8505 8488
f 8506 8488 8487
f 8451 8633 8525
f 8451 8525 8452
f 8607 8498 8497
f 8607 8497 8639
f 8630 8616 8574
f 8630 8574 8540
f 8648 8306 8333
f 8648 8333 8596
f 8558 8563 8520
f 8558 8520 8519
f 8555 8506 8487
f 8555 8487 8562
f 8451 8457 8591
f 8451 8591 8633
f 8553 8552 8441
f 8553 8441 8447
f 8575 8316 8315
f 8575 8315 8484
f 8542 8541 8483
f 8542 8483 8634
f 8583 8586 8507
f 8583 8507 8512
f 8438 8215 8306
f 8438 8306 8648
f 8517 8598 8649
f 8517 8649 8523
f 8646 8647 8650
f 8646 8650 8649
f 8584 8648 8596
f 8584 8596 8585
f 8573 8438 8648
f 8573 8648 8584
f 8452 8525 8527
f 8452 8527 8458
f 8490 8489 8616
f 8490 8616 8630
f 8627 8602 8601
f 8627 8601 8621
f 8565 8290 8289
f 8565 8289 8566
f 8629 8462 8651
f 8624 8629 8652
f 8624 8652 8625
f 8625 8459 8458
f 8479 8466 8468
f 8444 8653 8445
f 8469 8466 8472
f 8482 8478 8477
f 8462 8654 8655
f 8462 8655 8463
f 8656 8443 8442
f 8656 8442 8657
f 8538 8656 8657
f 8538 8657 8539
f 8654 8592 8658
f 8654 8658 8655
f 8592 8578 8658
f 8659 8617 8536
f 8577 8660 8578
f 8660 8661 8578
f 8662 8659 8536
f 8263 8264 8636
f 8663 8664 8577
f 8663 8577 8580
f 8665 8666 8664
f 8665 8664 8663
f 8667 8668 8618
f 8667 8618 8617
f 8669 8670 8668
f 8669 8668 8667
f 8640 8638 8471
f 8640 8471 8470
f 8671 8672 8579
f 8671 8579 8593
f 8673 8674 8672
f 8673 8672 8671
f 8672 8663 8580
f 8672 8580 8579
f 8674 8665 8663
f 8674 8663 8672
f 8624 8632 8628
f 8675 8676 8592
f 8675 8592 8654
f 8677 8678 8676
f 8677 8676 8675
f 8679 8680 8681
f 8679 8681 8682
f 8683 8684 8680
f 8683 8680 8679
f 8685 8686 8659
f 8685 8659 8662
f 8687 8688 8686
f 8687 8686 8685
f 8638 8467 8469
f 8638 8469 8471
f 8680 8475 8476
f 8680 8476 8681
f 8684 8689 8475
f 8684 8475 8680
f 8668 8690 8537
f 8668 8537 8618
f 8670 8691 8690
f 8670 8690 8668
f 8628 8675 8654
f 8628 8654 8462
f 8632 8677 8675
f 8632 8675 8628
f 8641 8640 8470
f 8641 8470 8473
f 8692 8679 8682
f 8692 8682 8693
f 8694 8683 8679
f 8694 8679 8692
f 8690 8692 8693
f 8690 8693 8537
f 8691 8694 8692
f 8691 8692 8690
f 8695 8641 8473
f 8695 8473 8474
f 8689 8695 8474
f 8689 8474 8475
f 8676 8671 8593
f 8676 8593 8592
f 8678 8673 8671
f 8678 8671 8676
f 8686 8667 8617
f 8686 8617 8659
f 8688 8669 8667
f 8688 8667 8686
f 8664 8696 8660
f 8664 8660 8577
f 8666 8697 8696
f 8666 8696 8664
f 8696 8698 8661
f 8696 8661 8660
f 8697 8699 8698
f 8697 8698 8696
f 8627 8621 8631
f 8216 8602 8627
f 8213 8215 8438
f 8603 8636 8600
f 8606 8547 8608
f 8601 8600 8620
f 8583 8512 8511
f 8599 8620 8598
f 8700 8699 8697
f 8700 8697 8701
f 8701 8697 8666
f 8701 8666 8702
f 8703 8669 8688
f 8703 8688 8704
f 8705 8673 8678
f 8705 8678 8604
f 8571 8695 8689
f 8571 8689 8613
f 8572 8641 8695
f 8572 8695 8571
f 8610 8694 8691
f 8610 8691 8589
f 8611 8683 8694
f 8611 8694 8610
f 8587 8641 8572
f 8605 8677 8632
f 8605 8632 8526
f 8589 8691 8670
f 8589 8670 8590
f 8613 8689 8684
f 8613 8684 8619
f 8639 8638 8607
f 8704 8688 8687
f 8704 8687 8706
f 8619 8684 8683
f 8619 8683 8611
f 8604 8678 8677
f 8604 8677 8605
f 8707 8665 8674
f 8707 8674 8708
f 8568 8468 8467
f 8708 8674 8673
f 8708 8673 8705
f 8607 8638 8640
f 8590 8670 8669
f 8590 8669 8703
f 8702 8666 8665
f 8702 8665 8707
f 8523 8702 8707
f 8523 8707 8524
f 8532 8590 8703
f 8532 8703 8581
f 8544 8708 8705
f 8544 8705 8509
f 8497 8568 8639
f 8524 8707 8708
f 8524 8708 8544
f 8550 8704 8706
f 8550 8706 8551
f 8535 8590 8532
f 8509 8705 8604
f 8509 8604 8510
f 8581 8703 8704
f 8581 8704 8550
f 8649 8701 8702
f 8649 8702 8523
f 8650 8700 8701
f 8650 8701 8649
f 8582 8550 8637
f 8454 8497 8496
f 8495 8498 8499
o Object_10
usemtl DefaultWhite
v -296.22991 -6.56950 7.26619
v -295.65661 -7.95620 10.62741
v -294.75820 -7.76790 10.71510
v -275.73121 -22.27520 22.50319
v -282.31320 -17.90170 21.06042
v -278.21641 -21.74940 22.19272
v -102.24800 4.16120 14.93640
v -123.89891 8.02600 11.13410
v -124.55552 5.27380 16.20140
v -125.98960 5.33720 16.25099
v -145.82220 -17.76290 30.27039
v -151.02470 -20.06140 30.61080
v -147.80560 -20.06140 30.61080
v -102.24800 6.73460 10.28838
v -141.67579 -14.83600 29.73742
v -141.67579 -14.83600 -29.73709
v -147.80560 -20.06140 -30.61051
v -145.82220 -17.76290 -30.27010
v -102.24800 4.16120 -14.93621
v -123.89891 8.02600 -11.13391
v -102.24800 6.73460 -10.28819
v -151.02470 -20.06140 -30.61051
v -124.55552 5.27380 -16.20121
v -125.98960 5.33720 -16.25080
v -278.21641 -21.74940 -22.19248
v -282.31320 -17.90170 -21.06018
v -275.73121 -22.27520 -22.50299
v -296.22991 -6.56950 -7.26600
v -294.75820 -7.76790 -10.71491
v -295.65661 -7.95620 -10.62722
v 13.05959 -5.46000 5.49979
v 13.05959 -6.83570 7.98450
v 226.38581 -17.28020 3.25170
v 302.51191 -26.38950 2.12469
v 245.24629 -5.45930 3.25170
v 243.82803 -7.92810 3.25170
v 241.29970 -10.39680 3.25170
v 238.21633 -12.86560 3.25170
v 232.91280 -15.33440 3.25170
v 302.51191 -26.38950 2.12469
v 223.03450 -20.37900 5.80769
v 222.70620 -21.78770 6.16550
v 223.44487 -19.08070 5.22680
v 224.47770 -17.94280 4.44512
v 226.38581 -17.28020 3.25170
v 222.62414 -23.25260 6.28619
v 222.62414 -23.25260 -6.28610
v 222.62414 -21.78760 -6.16531
v 302.51191 -26.38950 -2.12450
v 226.38581 -17.28020 -3.25170
v 232.91280 -15.33440 -3.25170
v 302.51191 -26.38950 -2.12450
v 222.62414 -20.37900 -5.80759
v 222.62414 -19.08070 -5.22671
v 222.62414 -17.94280 -4.44489
v 226.38581 -17.28020 -3.25170
v 238.21633 -12.86560 -3.25170
v 241.29970 -10.39680 -3.25170
v 243.82803 -7.92810 -3.25170
v 245.24629 -5.45930 -3.25170
v 13.05959 -5.46000 -5.49970
v 13.05959 -6.83570 -7.98440
v -155.82250 -20.93370 30.52778
v -147.80560 -26.24710 30.02262
v -147.80560 -26.24710 -30.02229
v -155.82250 -20.93370 -30.52759
v -170.74140 -21.54100 30.47009
v -170.74140 -26.24700 30.02262
v -170.74140 -21.54100 -30.46980
v -170.74140 -26.24700 -30.02229
v -102.24800 0.69800 -19.01040
v -124.55552 1.51730 -20.62020
v 236.96911 -6.72570 0.81291
v 234.44073 -9.19450 0.81291
v 235.39793 -9.37070 1.62578
v 237.92622 -6.90190 1.62578
v -194.15849 -50.68660 -5.88341
v -194.15849 -48.93220 -11.54079
v -170.74140 -49.35460 -11.71422
v -170.74140 -51.15890 -5.97181
v 13.05959 -27.48340 11.94959
v 222.62414 -27.42450 5.22680
v 222.62414 -26.12630 5.80769
v 13.05959 -24.90980 13.27772
v -194.15849 -42.24870 -21.32492
v -194.15849 -37.57660 -25.07539
v -170.74140 -37.67670 -25.45180
v -170.74140 -42.48140 -21.64502
v -102.24810 -13.56030 26.36828
v -77.74119 -13.34670 23.44041
v -77.74119 -8.70270 22.08042
v -102.24800 -8.33640 24.83840
v 238.38742 -4.25700 0.81291
v 239.34453 -4.43320 1.62578
v 267.14623 58.67230 0.54989
v 268.71178 58.67230 1.09978
v -58.88989 -39.99380 -4.18968
v -38.46750 -37.26260 -3.66521
v -38.46750 -37.63660 0.00000
v -58.88989 -40.42120 0.00000
v -170.74140 -51.15890 5.97191
v -147.80560 -51.15890 5.97191
v -147.80560 -49.35460 11.71422
v -170.74140 -49.35460 11.71422
v -295.65661 -38.56330 3.73201
v -308.57520 -35.81790 3.11089
v -308.57520 -36.07350 0.00010
v -295.65661 -38.88790 0.00010
v -58.88989 -18.17620 -21.47589
v -38.46750 -18.17620 -18.78748
v -38.46750 -21.97270 -18.42651
v -58.88989 -22.51600 -21.06328
v 277.59192 58.67230 -2.19979
v 300.84937 58.67230 -2.25720
v -77.74119 2.40710 13.27801
v -77.74119 4.69480 9.14602
v -124.55552 -47.74800 -11.15961
v -102.24800 -44.72080 -10.28829
v -102.24800 -46.30550 -5.24492
v -124.55552 -49.46690 -5.68910
v -259.84409 -41.82000 -13.82370
v -278.21641 -39.19840 -12.32939
v -278.21641 -36.58860 -15.69238
v -259.84409 -38.81810 -17.59419
v -335.51371 -23.26910 -1.37482
v -335.95510 -24.46940 -0.61488
v -335.95510 -24.40930 -0.31199
v -335.51371 -23.13500 -0.69938
v -194.15849 -46.08300 -16.75482
v -170.74140 -46.42460 -17.00640
v -58.88989 -26.68900 19.84129
v -38.46750 -25.62340 17.35749
v -38.46750 -21.97280 18.42661
v -58.88989 -22.51600 21.06338
v 231.35731 -11.66330 0.81291
v 232.31452 -11.83940 1.62578
v -77.74119 4.69480 -9.14588
v -77.74119 2.40710 -13.27782
v -102.24800 -42.14750 14.93640
v -77.74119 -38.75960 13.27801
v -77.74119 -35.68090 16.89959
v -102.24800 -38.68430 19.01050
v -194.15849 -50.68660 5.88369
v -194.15849 -51.27900 0.00019
v -170.74140 -51.76810 0.00000
v -147.80560 -32.19500 -28.28050
v -170.74140 -32.19500 -28.28050
v -102.24800 -3.52190 22.35389
v -77.74119 -4.42290 19.87190
v -77.74119 -0.67150 16.89959
v -102.24800 0.69800 19.01050
v 13.05959 -8.68690 -10.16221
v 13.05959 -10.94270 -11.94949
v 231.35731 -11.66330 -0.81291
v 231.00460 -11.48710 0.00010
v 234.08811 -9.01830 0.00010
v 234.44073 -9.19450 -0.81291
v -278.21641 -29.78020 20.50338
v -295.65661 -28.46200 17.67268
v -295.65661 -31.38190 15.90500
v -278.21641 -33.40840 18.45260
v -124.55552 -25.73430 28.60141
v -102.24810 -24.42590 26.36828
v -102.24810 -18.99310 26.88489
v -124.55552 -19.84140 29.16169
v -12.38980 -9.16380 -13.29408
v 13.05959 -13.51640 -13.27748
v -12.38980 -12.02700 -14.77160
v -12.38980 -18.36480 -15.98868
v -12.38980 -21.59570 -15.68151
v -77.74119 6.10350 4.66261
v -102.24800 8.31930 5.24502
v -58.88989 -5.81760 -17.85660
v -38.46750 -7.36470 -15.62119
v -38.46750 -10.72910 -17.35740
v -58.88989 -9.66340 -19.84119
v 222.62414 -30.61760 1.22652
v 302.09363 -28.50690 0.41461
v 302.11790 -28.38400 0.81310
v 222.62414 -30.19030 2.40569
v -331.18279 -20.19110 -2.93632
v -334.11250 -22.05100 -2.08139
v -334.11250 -21.84820 -1.05958
v -331.18279 -19.90510 -1.49550
v -335.51371 -24.54400 3.32918
v -335.95510 -25.04120 1.49460
v -335.95510 -25.23930 1.58648
v -335.51371 -24.98590 3.53408
v -331.18279 -22.91090 7.09891
v -334.11250 -23.97970 5.03502
v -334.11250 -24.64830 5.34492
v -331.18279 -23.85360 7.53598
v -319.87901 -19.88470 11.56330
v -327.30720 -21.88870 9.06920
v -327.30720 -23.13480 9.62782
v -319.87901 -21.64590 12.27551
v 220.36150 -15.71580 0.81291
v 219.78228 -15.58860 0.00010
v 220.36150 -15.71580 -0.81291
v 13.05959 -4.32690 0.00010
v -295.65661 -21.99890 19.12870
v -308.57520 -22.60330 15.94529
v -308.57520 -25.36950 15.63888
v -295.65661 -25.29370 18.76121
v -308.57520 -33.83230 -8.85849
v -319.87901 -31.67040 -6.95329
v -319.87901 -30.50290 -8.84991
v -308.57520 -32.17860 -11.27481
v -124.55552 -31.40070 26.94192
v -102.24810 -29.64990 24.83840
v -58.88989 2.37550 8.21862
v -38.46750 -0.19720 7.18980
v -38.46750 0.91020 3.66530
v -58.88989 3.64130 4.18978
v -194.15849 -48.93210 11.54122
v -334.11250 -23.36360 4.53172
v -335.51371 -24.13670 2.99649
v -218.80751 -49.80360 0.00019
v -243.45651 -47.99740 0.00019
v -243.45651 -47.48770 -5.17502
v -218.80751 -49.24850 -5.63622
v -124.55552 -36.62290 24.24712
v -102.24800 -34.46440 22.35389
v -77.74119 -18.17620 -23.89951
v -77.74119 -23.00570 -23.44031
v -308.57520 -17.51430 -14.73141
v -319.87901 -19.88470 -11.56311
v -319.87901 -18.26160 -10.40649
v -308.57520 -15.21520 -13.25788
v -308.57520 -9.56060 3.11089
v -319.87901 -14.26950 2.44179
v -319.87901 -14.80370 4.78969
v -308.57520 -10.31730 6.10209
v -194.15849 -32.24620 -27.86241
v -12.38980 -30.07530 11.30581
v 13.05959 -29.73920 10.16231
v -12.38980 -27.56570 13.29422
v -334.11250 -22.82360 3.85432
v -335.51371 -23.77970 2.54869
v -194.15849 -46.08290 16.75510
v -170.74140 -46.42460 17.00640
v -297.06960 -5.88570 -3.66378
v -308.57520 -10.31730 -6.10180
v -308.57520 -9.56060 -3.11060
v -327.30720 -20.74030 8.16212
v -331.18279 -22.04200 6.38919
v -334.11250 -28.30670 -3.02300
v -335.51371 -27.40420 -1.99728
v -335.51371 -27.11120 -2.54288
v -334.11250 -27.86350 -3.84841
v -12.38980 -34.60780 -3.11918
v -12.38980 -34.92600 0.00000
v -147.80560 -37.67670 -25.45180
v -327.30720 -19.73370 6.94132
v -331.18279 -21.28050 5.43399
v -331.18279 -25.81450 -7.53012
v -334.11250 -26.03880 -5.33910
v -334.11250 -25.34350 -5.44372
v -331.18279 -24.83400 -7.67770
v 226.05383 -14.13210 -0.81291
v 227.01099 -14.30830 -1.62578
v 221.16158 -15.94970 -1.62578
v 220.36150 -15.71580 -0.81291
v 236.96911 -6.72570 -0.81291
v 236.61640 -6.54960 0.00010
v 238.03480 -4.08080 0.00010
v 238.38742 -4.25700 -0.81291
v -319.87901 -14.26950 -2.44160
v -327.30720 -17.91580 -1.91498
v -327.30720 -17.78820 0.00010
v -319.87901 -14.08910 0.00010
v -308.57520 -15.21520 13.25798
v -319.87901 -18.26160 10.40668
v -308.57520 -17.51430 14.73150
v -243.45651 -43.52670 14.73770
v -259.84409 -41.81990 13.82389
v -259.84409 -44.05050 9.52220
v -243.45651 -45.97810 10.15158
v -308.57520 -11.54620 8.85882
v -77.74119 6.57920 0.00010
v -102.24800 8.85440 0.00000
v -334.11250 -22.82360 -3.84841
v -335.51371 -23.77970 -2.54288
v -335.51371 -23.48680 -1.99728
v -334.11250 -22.38040 -3.02310
v -308.57520 -13.20000 11.27501
v -319.87901 -16.83890 8.85019
v -38.46750 -36.15520 -7.18970
v -12.38980 -33.66540 -6.11858
v -292.62021 -9.50880 13.90328
v -295.65661 -10.05660 13.52611
v -295.65661 -12.61590 15.90500
v -289.83910 -11.77350 16.75482
v -58.88989 -2.44660 -15.18579
v -38.46750 -4.41570 -13.28478
v -194.15849 -37.57640 25.07572
v -194.15849 -42.24860 21.32521
v -170.74140 -42.48140 21.64512
v -170.74140 -37.67670 25.45190
v -334.11250 -24.64830 -5.33910
v -331.18279 -23.85360 -7.53012
v -327.30720 -30.14000 -5.63722
v -331.18279 -29.27040 -4.26421
v -331.18279 -28.64540 -5.42812
v -327.30720 -29.31390 -6.94108
v -194.15849 -51.27900 0.00019
v -170.74140 -51.76810 0.00000
v -335.51371 -25.90500 -3.52821
v -335.95510 -25.65160 -1.58062
v -335.95510 -25.44540 -1.61161
v -335.51371 -25.44540 -3.59740
v -12.38980 -30.07530 -11.30571
v 13.05959 -29.73920 -10.16221
v 13.05959 -31.59050 -7.98440
v -12.38980 -32.13490 -8.88281
v -319.87901 -25.69590 -12.27531
v -327.30720 -25.91290 -9.62768
v -327.30720 -24.43070 -9.81631
v -319.87901 -23.47750 -12.51578
v -58.88989 -38.72790 -8.21848
v -327.30720 -30.75380 -3.75638
v -331.18279 -29.73480 -2.93632
v -218.80751 -47.60430 11.05642
v -218.80751 -49.24840 5.63660
v -102.24800 -42.14740 -14.93640
v -77.74119 -38.75960 -13.27791
v -77.74119 -41.04720 -9.14588
v -77.74119 -0.67150 -16.89949
v 222.62414 -30.61760 -1.22628
v 302.09363 -28.50690 -0.41442
v 302.08542 -28.54840 0.00010
v 222.62414 -30.76190 0.00010
v -38.46750 -4.41570 13.28492
v -12.38980 -6.65420 11.30581
v -12.38980 -4.59460 8.88290
v -38.46750 -1.99560 10.43792
v -58.88989 -26.68900 -19.84119
v -77.74119 -27.64970 -22.08028
v -77.74119 -31.92960 19.87190
v -278.21641 -42.73500 0.00019
v -295.65661 -38.88790 0.00010
v -295.65661 -38.56340 -3.73168
v -278.21641 -42.33180 -4.32940
v -77.74119 -42.93160 0.00000
v -58.88989 -40.42120 0.00000
v -58.88989 -39.99380 4.18978
v -77.74119 -42.45600 4.66261
v 266.18531 58.67230 0.00010
v 267.14623 58.67230 -0.54989
v -58.88989 -33.90580 15.18588
v -58.88989 -30.53490 17.85669
v -335.95510 -24.38900 0.00291
v -335.51371 -23.08970 0.00291
v -295.65661 -18.70400 -18.76092
v -308.57520 -20.00890 -15.63869
v -295.65661 -15.53570 -17.67240
v -102.24800 -24.42580 -26.36819
v -102.24800 -29.64980 -24.83830
v 13.05959 -32.96610 -5.49970
v 13.05959 -33.81320 -2.80371
v -331.18279 -28.64540 5.43399
v -334.11250 -27.86350 3.85432
v -334.11250 -28.30670 3.02901
v -331.18279 -29.27040 4.27008
v -295.65661 -18.70400 18.76121
v -308.57520 -20.00890 15.63888
v -102.24800 -13.56030 -26.36809
v -77.74119 -13.34670 -23.44031
v -102.24800 -18.99310 -26.88470
v -259.84409 -44.05060 -9.52182
v -278.21641 -41.13770 -8.49261
v 221.16158 -15.94970 -1.62578
v 226.38581 -17.28020 -3.25170
v -38.46750 -14.37970 -18.42651
v -58.88989 -13.83640 -21.06328
v -58.88989 -5.81760 17.85669
v -58.88989 -2.44660 15.18588
v -335.95510 -24.85850 1.34540
v -331.18279 -27.88390 -6.38328
v -334.11250 -27.32350 -4.52580
v -334.11250 -26.70740 -5.02911
v -331.18279 -27.01510 -7.09310
v 221.16158 -15.94970 1.62578
v 13.05959 -4.61290 2.80380
v -319.87901 -14.08910 0.00010
v -327.30720 -17.78820 0.00010
v -327.30720 -17.91580 1.91522
v -308.57520 -27.86420 14.73150
v -124.55552 -13.94860 28.60141
v -278.21641 -33.40850 -18.45241
v -259.84399 -35.16020 -20.68868
v -12.38980 -1.80350 0.00010
v 13.05959 -4.32690 0.00010
v 13.05959 -4.61290 -2.80371
v -12.38980 -2.12170 -3.11918
v -102.24800 -46.30550 5.24502
v -77.74119 -41.04720 9.14602
v -102.24800 -44.72080 10.28838
v -297.06960 -5.88570 3.66402
v -295.65661 -37.60230 -7.32012
v -295.65661 -36.04160 -10.62722
v -128.83930 1.67240 20.80922
v -132.35881 -2.85390 24.65138
v -124.55552 -3.06000 24.24712
v -124.55552 1.51730 20.62039
v -243.45651 -45.97820 -10.15120
v -218.80751 -47.60440 -11.05599
v -58.88989 -36.67230 -11.93142
v -319.87901 -21.64590 -12.27531
v -331.18279 -29.73480 2.94218
v -334.11250 -28.63610 2.08731
v -334.11250 -28.83880 1.06549
v -331.18279 -30.02080 1.50142
v -327.30720 -30.14000 5.45378
v -327.30720 -30.75380 3.75671
v -12.38980 -21.59570 15.68160
v -12.38980 -18.36480 15.98878
v -38.46750 -18.17620 18.78762
v -102.24800 -46.84060 0.00000
v 226.05383 -14.13210 0.81291
v 225.70117 -13.95590 0.00000
v -327.30720 -29.31390 6.94132
v -124.55552 -31.40070 -26.94182
v -124.55552 -36.62280 -24.24698
v -58.88989 0.31980 -11.93142
v 227.01099 -14.30830 1.62578
v -335.51371 -23.08970 0.00291
v -335.95510 -24.38900 0.00291
v -335.95510 -24.40930 0.31791
v -335.51371 -23.13500 0.70529
v -77.74119 -35.68090 -16.89949
v -58.88989 -33.90580 -15.18579
v -308.57520 -35.81800 -3.11060
v -319.87901 -33.07230 -2.44160
v -319.87901 -32.53800 -4.78950
v -308.57520 -35.06120 -6.10180
v -38.46750 -28.98780 15.62142
v -12.38980 -24.70250 14.77170
v -295.65661 -12.61590 -15.90471
v -308.57520 -13.20000 -11.27491
v -295.65661 -10.05660 -13.52592
v -319.87901 -16.83890 -8.85000
v -124.55552 -25.73420 -28.60122
v -327.30720 -27.15890 9.06920
v -331.18279 -27.01500 7.09891
v -331.18279 -27.88390 6.38919
v -327.30720 -28.30730 8.16212
v -77.74119 -4.42290 -19.87171
v -58.88989 4.06880 0.00010
v 13.05959 -16.30890 -14.09540
v -147.80560 -42.48140 -21.64502
v -124.55552 -41.20010 -20.62039
v -124.55552 -44.95660 -16.20131
v -147.80560 -46.42460 -17.00640
v -77.74119 -8.70270 -22.08028
v -194.15849 -26.46240 -29.57859
v -147.80560 -51.15890 -5.97181
v -147.80560 -51.76810 0.00000
v -102.24800 -3.52190 -22.35379
v -243.45651 -24.50110 26.22848
v -263.77971 -25.16140 23.95968
v -259.84409 -26.45860 24.40419
v -243.45651 -26.64550 26.01728
v -218.80751 -26.54870 28.33619
v -243.45651 -31.62180 24.50781
v -218.80751 -31.96850 26.69210
v 222.62414 -28.56240 -4.44489
v 222.62414 -29.49630 -3.49231
v -102.24800 -38.68420 -19.01040
v 13.05959 -22.11720 14.09550
v 222.62414 -24.71760 6.16550
v 13.05959 -19.21310 14.37168
v -38.46750 -25.62340 -17.35740
v -58.88989 -36.67230 11.93151
v -124.55552 -8.28220 26.94192
v -12.38980 -24.70250 -14.77160
v -58.88989 -38.72790 8.21848
v -38.46750 -31.93680 13.28492
v -308.57520 -9.30500 0.00010
v 13.05959 -34.09930 0.00010
v -327.30720 -31.13180 -1.91498
v -331.18279 -30.02080 -1.49550
v -147.80560 -51.76810 0.00000
v 222.62414 -26.12630 -5.80759
v 302.34873 -27.21570 -1.96271
v 302.27501 -27.58890 -1.76640
v 222.62414 -27.42450 -5.22671
v -38.46750 -37.63660 0.00000
v -12.38980 -34.92600 0.00000
v -12.38980 -34.60780 3.11928
v -38.46750 -37.26270 3.66530
v -58.88989 0.31980 11.93151
v -218.80751 -31.96870 -26.69191
v -243.45651 -31.62200 -24.50762
v -243.45651 -26.64570 -26.01709
v -218.80751 -26.54890 -28.33600
v -102.24800 -8.33630 -24.83821
v -308.57520 -22.60330 -15.94510
v 225.70117 -13.95590 0.00000
v -308.57520 -11.54620 -8.85849
v -319.87901 -15.67130 -6.95338
v -319.87901 -14.80370 -4.78950
v -147.80560 -46.42460 17.00640
v -147.80560 -42.48140 21.64512
v -147.80560 -37.67670 25.45190
v -77.74119 -31.92960 -19.87181
v -102.24800 -34.46430 -22.35379
v -308.57520 -30.16340 -13.25779
v -319.87901 -29.08020 -10.40649
v -319.87901 -27.45710 -11.56311
v -308.57520 -27.86430 -14.73131
v 13.05959 -31.59050 7.98450
v 222.62414 -29.49630 3.49250
v 222.62414 -28.56250 4.44512
v -334.11250 -28.90730 0.00300
v -331.18279 -30.11740 0.00300
v -335.95510 -24.56710 -0.89412
v -319.87901 -33.07220 2.44188
v -327.30720 -31.13180 1.91522
v -327.30720 -31.25940 0.00010
v -319.87901 -33.25260 0.00010
v -58.88989 -9.66340 19.84129
v -12.38980 -33.66540 6.11868
v 13.05959 -32.96610 5.49979
v -12.38980 -32.13500 8.88290
v -243.45651 -24.50110 -26.22828
v -218.80751 -23.49770 -28.63650
v -38.46750 -34.35690 -10.43782
v -327.30720 -27.15890 -9.06901
v -331.18279 -20.65550 -4.26421
v -77.74119 -23.00580 23.44041
v -58.88989 -18.17620 21.47608
v -77.74119 -18.17620 23.89970
v -335.95510 -24.69840 -1.13869
v -331.18279 -24.83400 7.68361
v -334.11250 -25.34350 5.44958
v -334.11250 -26.03880 5.34492
v -331.18279 -25.81450 7.53598
v -319.87901 -23.47750 12.51602
v -327.30720 -24.43070 9.81650
v -327.30720 -25.91280 9.62782
v -319.87901 -25.69580 12.27551
v -319.87901 -15.67130 6.95348
v -58.88989 -13.83650 21.06338
v 13.05959 -22.11720 -14.09540
v 222.62414 -24.71760 -6.16531
v 13.05959 -24.90970 -13.27748
v -319.87901 -27.45700 11.56330
v -38.46750 -31.93670 -13.28478
v -331.18279 -21.28050 -5.42812
v -124.55552 -19.84140 -29.16150
v -77.74119 -27.64970 22.08042
v -334.11250 -23.97970 -5.02911
v -331.18279 -22.91090 -7.09310
v -335.51371 -24.98590 -3.52821
v -335.95510 -25.23930 -1.58062
v -335.95510 -25.04120 -1.48869
v -335.51371 -24.54400 -3.32332
v -327.30720 -28.30730 -8.16188
v -308.57520 -36.07350 0.00010
v -319.87901 -33.25260 0.00010
v -334.11250 -27.32350 4.53172
v -319.87901 -29.08010 10.40668
v -319.87901 -30.50280 8.85019
v 302.42870 -26.81070 -2.08359
v -292.62021 -9.50880 -13.90309
v -308.57520 -33.83230 8.85882
v -319.87901 -31.67040 6.95362
v -319.87901 -32.53800 4.78969
v -308.57520 -35.06120 6.10209
v 302.42870 -26.81070 2.08378
v -12.38980 -15.13380 15.68160
v 13.05959 -16.30890 14.09550
v 13.05959 -13.51640 13.27772
v -12.38980 -12.02700 14.77170
v -308.57520 -32.17850 11.27510
v -331.18279 -20.65550 4.27008
v -334.11250 -22.38040 3.02892
v 222.62414 -30.19030 -2.40550
v -102.24800 8.31930 -5.24478
v -122.63019 9.65760 -5.65071
v -122.20430 10.20530 0.00019
v -102.24800 8.85440 0.00000
v -308.57520 -9.30500 0.00010
v -308.57520 -30.16330 13.25798
v -295.65661 -21.99890 -19.12851
v 13.05959 -27.48340 -11.94949
v -58.88989 -30.53490 -17.85660
v -334.11250 -21.77980 0.00291
v -331.18279 -19.80850 0.00300
v -136.43880 -8.10100 27.62609
v -12.38980 -27.56570 -13.29408
v -38.46750 -28.98780 -15.62128
v -269.87741 -24.10450 23.17381
v -278.21641 -25.84350 21.76628
v -289.83910 -11.77350 -16.75458
v -286.40280 -14.57160 -19.17439
v -297.34790 -5.65910 0.00010
v 277.59192 58.67230 2.19979
v 13.05959 -10.94270 11.94959
v 13.05959 -34.09930 0.00010
v 222.62414 -30.76190 0.00010
v 13.05959 -33.81320 2.80380
v -77.74119 6.10350 -4.66251
v -58.88989 3.64130 -4.18968
v -58.88989 2.37550 -8.21838
v -278.21641 -25.84370 -21.76619
v -269.87741 -24.10450 -23.17362
v -263.77971 -25.16140 -23.95949
v -259.84399 -26.45880 -24.40400
v 13.05959 -8.68690 10.16231
v -77.74119 6.57920 0.00010
v -58.88989 4.06880 0.00010
v -147.80560 -32.19500 28.28059
v -12.38980 -9.16380 13.29422
v 300.84937 58.67230 2.25720
v -77.74119 -42.45600 -4.66251
v -331.18279 -19.80850 0.00300
v -334.11250 -21.77980 0.00291
v -334.11250 -21.84820 1.06549
v -331.18279 -19.90510 1.50142
v -147.80560 -49.35460 -11.71422
v 302.21031 -27.91610 -1.50218
v 302.15733 -28.18450 -1.18022
v -327.30720 -31.25940 0.00010
v -335.51371 -25.44550 3.60332
v -335.51371 -25.90500 3.53408
v -77.74119 -42.93160 0.00000
v -102.24800 -46.84060 0.00000
v -124.55552 -8.28220 -26.94168
v -124.55552 -13.94860 -28.60112
v -334.11250 -22.05100 2.08731
v -331.18279 -20.19110 2.94218
v -335.51371 -23.26910 1.38068
v -335.95510 -24.46940 0.62079
v -335.95510 -24.56710 0.89998
v -335.51371 -23.48680 2.00319
v -218.80751 -36.96340 24.02229
v -218.80751 -41.34150 20.42928
v 302.21031 -27.91610 1.50242
v 302.27501 -27.58890 1.76659
v -12.38980 -2.12170 3.11928
v -12.38980 -1.80350 0.00010
v -38.46750 -10.72910 17.35749
v -38.46750 -7.36470 15.62142
v -327.30720 -18.29380 3.75671
v -327.30720 -18.90770 5.45378
v -122.20430 10.20530 0.00019
v -122.63019 9.65760 5.65090
v -124.55552 -47.74800 11.15971
v -124.55552 -44.95670 16.20140
v 231.00460 -11.48710 0.00010
v -170.74140 -32.19500 28.28059
v -308.57520 -25.36970 -15.63869
v -335.51371 -27.75590 0.70529
v -335.51371 -27.80120 0.00300
v -194.15860 -22.49430 -29.96078
v -327.30720 -21.88870 -9.06911
v -327.30720 -20.74030 -8.16188
v -259.84409 -45.42420 -4.85411
v -327.30720 -19.73370 -6.94108
v -38.46750 -36.15520 7.18970
v -38.46750 -34.35690 10.43792
v -335.51371 -26.34700 -3.32332
v -12.38980 -3.06410 -6.11858
v -38.46750 0.91020 -3.66521
v -38.46750 -0.19720 -7.18961
v -259.84409 -30.98680 22.98832
v -259.84409 -35.16010 20.68892
v -243.45651 -36.20790 22.05648
v -295.65661 -33.94120 13.52611
v -295.65661 -36.04150 10.62741
v -12.38980 -4.59460 -8.88281
v -38.46750 1.28410 0.00010
v -278.21641 -39.19830 12.32972
v -295.65661 -37.60220 7.32031
v -278.21641 -41.13760 8.49290
v -218.80751 -44.93460 -16.05091
v -218.80751 -41.34160 -20.42899
v -334.11250 -23.36360 -4.52580
v -331.18279 -22.04200 -6.38328
v -335.95510 -24.85850 -1.33948
v -335.51371 -24.13670 -2.99058
v -218.80751 -44.93450 16.05129
v -218.80751 -36.96360 -24.02210
v -124.55552 -41.20020 20.62039
v -278.21641 -42.33180 4.32968
v -38.46750 -1.99560 -10.43782
v -124.55552 -3.06000 -24.24688
v -335.51371 -26.34690 3.32918
v -335.95510 -25.84970 1.49460
v -335.95510 -26.03240 1.34540
v -335.51371 -26.75420 2.99649
v -334.11250 -26.70730 5.03502
v -259.84409 -45.42420 4.85439
v -278.21641 -42.73500 0.00019
v -259.84409 -45.88800 0.00019
v -335.95510 -25.65160 1.58648
v -297.34790 -5.65910 0.00010
v -335.95510 -24.69840 1.14460
v -124.55552 -49.46690 5.68919
v -259.84409 -45.88800 0.00019
v 13.05959 -19.21310 -14.37149
v -136.43880 -8.10100 -27.62589
v -132.35881 -2.85390 -24.65119
v -243.45651 -40.22770 18.75749
v -128.83930 1.67240 -20.80898
v -218.80751 -23.49770 28.63669
v -194.15849 -32.24600 27.86260
v -243.45651 -43.52680 -14.73742
v -243.45651 -40.22790 -18.75720
v -295.65661 -33.94130 -13.52592
v -295.65661 -31.38200 -15.90481
v 239.34453 -4.43320 -1.62578
v 268.71178 58.67230 -1.09978
v -331.18279 -30.11740 0.00300
v -194.15860 -22.49430 29.96101
v -194.15860 -26.46220 29.57878
v -278.21641 -29.78040 -20.50319
v -295.65661 -28.46210 -17.67249
v -295.65661 -25.29390 -18.76101
v 302.11790 -28.38400 -0.81291
v -38.46750 -14.37970 18.42661
v -259.84399 -30.98700 -22.98808
v -334.11250 -28.63610 -2.08139
v -286.40280 -14.57160 19.17472
v -295.65661 -15.53570 17.67259
v -334.11250 -28.90730 0.00300
v -334.11250 -28.83890 -1.05958
v -243.45651 -36.20810 -22.05620
v -335.51371 -27.75590 -0.69938
v -335.51371 -27.62180 -1.37482
v -243.45651 -47.48760 5.17530
v -243.45651 -47.99740 0.00019
v -327.30720 -18.90770 -5.63722
v -327.30720 -18.29380 -3.75652
v -12.38980 -6.65420 -11.30571
v -12.38980 -15.13380 -15.68151
v -335.51371 -27.75590 0.70529
v -335.95510 -26.48160 0.31791
v -335.95510 -26.50190 0.00300
v -335.51371 -27.80120 0.00300
v 302.15733 -28.18450 1.18041
v -327.30720 -23.13480 -9.62768
v -335.95510 -25.84970 -1.48869
v -278.21641 -36.58850 15.69271
v -335.95510 -25.44540 1.61748
v -335.51371 -26.75420 -2.99058
v 266.18531 58.67230 0.00010
v 238.03480 -4.08080 0.00010
v 236.61640 -6.54960 0.00010
v 235.39793 -9.37070 -1.62578
v 237.92622 -6.90190 -1.62578
v -38.46750 1.28410 0.00010
v 232.31452 -11.83940 -1.62578
v -218.80751 -49.80360 0.00019
v 234.08811 -9.01830 0.00010
v -259.84409 -38.81790 17.59448
v -335.95510 -26.19250 1.14460
v -335.51371 -27.11120 2.54879
v -12.38980 -3.06410 6.11868
v -335.51371 -27.80120 0.00300
v -335.95510 -26.32380 0.89998
v -335.51371 -27.40410 2.00319
v -335.95510 -26.03240 -1.33948
v -335.51371 -27.40410 2.00319
v -335.51371 -27.62180 1.38068
v 302.34873 -27.21570 1.96290
v -335.51371 -27.62180 1.38068
v -335.95510 -26.42150 0.62079
v 221.16158 -15.94970 1.62578
v 226.38581 -17.28020 3.25170
v -335.51371 -27.62180 -1.37482
v -335.95510 -26.42150 -0.61488
v -335.95510 -26.32380 -0.89412
v -335.51371 -27.40420 -1.99728
v -335.95510 -26.19250 -1.13869
v 219.78228 -15.58860 0.00010
v -335.51371 -27.80120 0.00300
v -335.95510 -26.50190 0.00300
v -335.95510 -26.48160 -0.31199
v -335.51371 -27.75590 -0.69938
v 302.08542 -28.54840 0.00010
v 317.88580 58.67230 1.24888
v 317.88580 58.67230 -1.24888
v 317.88580 58.67230 0.00000
v 317.88580 58.67230 -1.24888
v 300.84937 58.67230 -2.25720
v 300.84937 58.67230 0.00000
v 317.88580 58.67230 0.00000
v 300.84937 58.67230 0.00000
v 300.84937 58.67230 2.25720
v 317.88580 58.67230 1.24888
v -335.95560 -24.59980 -0.53239
v -335.95560 -24.54780 -0.26999
v -335.95560 -24.79820 -0.98619
v -335.95560 -24.68440 -0.77419
v -335.95560 -24.79820 0.99211
v -335.95560 -24.93690 1.16611
v -335.95560 -24.54780 0.27590
v -335.95560 -24.59980 0.53830
v -335.95560 -24.53020 0.00291
v -335.95560 -25.26690 -1.36900
v -335.95560 -25.09520 -1.28942
v -335.95560 -26.20650 0.78011
v -335.95560 -26.29110 0.53830
v -335.95560 -25.26690 1.37491
v -335.95560 -25.44540 1.40181
v -335.95560 -26.34310 0.27590
v -335.95560 -26.09270 0.99211
v -335.95560 -25.62400 -1.36900
v -335.95560 -25.44540 -1.39589
v -335.95560 -25.09520 1.29528
v -335.95560 -26.09270 -0.98619
v -335.95560 -25.95400 -1.16019
v -335.95560 -25.79570 -1.28942
v -335.95560 -24.53020 0.00291
v -335.95560 -26.20650 -0.77419
v -335.95560 -26.36070 0.00300
v -335.95560 -25.95400 1.16611
v -335.95560 -25.62400 1.37491
v -335.95560 -26.36070 0.00300
v -335.95560 -26.34310 -0.26999
v -335.95560 -25.79570 1.29528
v -335.95560 -26.29110 -0.53239
v -335.95560 -24.68440 0.78011
v -335.95560 -24.93690 -1.16019
v -136.18060 -50.31290 5.83048
v -136.18060 -50.31290 -5.83048
v -136.18060 -50.90770 0.00000
v -136.18060 -50.90770 0.00000
v 284.08301 -29.48750 -1.04208
v 284.08301 -29.48750 -0.00010
v 281.17793 -29.52080 -1.02210
v 278.38452 -29.55270 -0.96278
v 275.80998 -29.58220 -0.86651
v 273.55349 -29.60800 -0.73690
v 271.70160 -29.62920 -0.57902
v 270.32559 -29.64500 -0.39878
v 269.47820 -29.65470 -0.20342
v 269.19200 -29.65790 -0.00010
v 269.47820 -29.65470 0.20318
v 270.32549 -29.64500 0.39868
v 271.70160 -29.62920 0.57888
v 273.55349 -29.60800 0.73681
v 275.80998 -29.58220 0.86641
v 278.38452 -29.55270 0.96269
v 281.17793 -29.52080 1.02201
v 284.08301 -29.48750 1.04198
v 286.98800 -29.45430 1.02201
v 289.78150 -29.42230 0.96269
v 292.35590 -29.39290 0.86641
v 294.61253 -29.36700 0.73681
v 296.46428 -29.34580 0.57888
v 297.84043 -29.33010 0.39868
v 298.68777 -29.32040 0.20318
v 298.97387 -29.31710 -0.00010
v 298.68777 -29.32040 -0.20342
v 297.84043 -29.33010 -0.39878
v 296.46428 -29.34580 -0.57902
v 294.61253 -29.36700 -0.73690
v 292.35590 -29.39290 -0.86651
v 289.78150 -29.42230 -0.96278
v 286.98800 -29.45430 -1.02210
v 285.49778 -34.05130 -1.02210
v 287.16977 -34.05130 -1.04208
v 284.08301 -29.48750 -1.04208
v 281.17793 -29.52080 -1.02210
v 283.89008 -34.05130 -0.96278
v 278.38452 -29.55270 -0.96278
v 282.40840 -34.05130 -0.86651
v 275.80998 -29.58220 -0.86651
v 281.10969 -34.05130 -0.73690
v 273.55349 -29.60800 -0.73690
v 280.04391 -34.05130 -0.57902
v 271.70160 -29.62920 -0.57902
v 279.25189 -34.05130 -0.39878
v 270.32559 -29.64500 -0.39878
v 278.76418 -34.05130 -0.20342
v 269.47820 -29.65470 -0.20342
v 278.59948 -34.05130 -0.00010
v 278.76418 -34.05130 -0.20342
v 269.47820 -29.65470 -0.20342
v 269.19200 -29.65790 -0.00010
v 278.76418 -34.05130 0.20318
v 278.59948 -34.05130 -0.00010
v 269.19200 -29.65790 -0.00010
v 269.47820 -29.65470 0.20318
v 279.25189 -34.05130 0.39868
v 278.76418 -34.05130 0.20318
v 269.47820 -29.65470 0.20318
v 270.32549 -29.64500 0.39868
v 280.04391 -34.05130 0.57888
v 271.70160 -29.62920 0.57888
v 281.10960 -34.05130 0.73681
v 273.55349 -29.60800 0.73681
v 282.40840 -34.05130 0.86641
v 275.80998 -29.58220 0.86641
v 283.89008 -34.05130 0.96269
v 278.38452 -29.55270 0.96269
v 285.49778 -34.05130 1.02201
v 281.17793 -29.52080 1.02201
v 287.16977 -34.05130 1.04198
v 284.08301 -29.48750 1.04198
v 288.84170 -34.05130 1.02201
v 286.98800 -29.45430 1.02201
v 290.44940 -34.05130 0.96269
v 289.78150 -29.42230 0.96269
v 291.93118 -34.05130 0.86641
v 292.35590 -29.39290 0.86641
v 293.22989 -34.05130 0.73681
v 294.61253 -29.36700 0.73681
v 294.29572 -34.05130 0.57888
v 296.46428 -29.34580 0.57888
v 295.08770 -34.05130 0.39868
v 297.84043 -29.33010 0.39868
v 295.57540 -34.05130 0.20318
v 298.68777 -29.32040 0.20318
v 295.74010 -34.05130 -0.00010
v 298.97387 -29.31710 -0.00010
v 295.57540 -34.05130 -0.20342
v 295.74010 -34.05130 -0.00010
v 298.97387 -29.31710 -0.00010
v 298.68777 -29.32040 -0.20342
v 295.08770 -34.05130 -0.39878
v 297.84043 -29.33010 -0.39878
v 294.29572 -34.05130 -0.57902
v 296.46428 -29.34580 -0.57902
v 293.22989 -34.05130 -0.73690
v 294.61253 -29.36700 -0.73690
v 291.93118 -34.05130 -0.86651
v 292.35590 -29.39290 -0.86651
v 290.44950 -34.05130 -0.96278
v 289.78150 -29.42230 -0.96278
v 288.84170 -34.05130 -1.02210
v 286.98800 -29.45430 -1.02210
v -332.06661 -25.44550 -1.39599
v -332.06670 -25.44550 0.00291
v -332.06661 -25.26690 -1.36909
v -332.06661 -25.09520 -1.28951
v -332.06661 -24.93700 -1.16019
v -332.06661 -24.79830 -0.98629
v -332.06661 -24.68440 -0.77429
v -332.06661 -24.59980 -0.53239
v -332.06661 -24.54780 -0.26999
v -332.06661 -24.53020 0.00291
v -332.06661 -24.54780 0.27580
v -332.06661 -24.59980 0.53821
v -332.06661 -24.68440 0.78011
v -332.06661 -24.79830 0.99201
v -332.06661 -24.93700 1.16601
v -332.06661 -25.09520 1.29528
v -332.06661 -25.26690 1.37491
v -332.06661 -25.44550 1.40181
v -332.06661 -25.62400 1.37491
v -332.06661 -25.79570 1.29528
v -332.06661 -25.95400 1.16601
v -332.06661 -26.09270 0.99201
v -332.06661 -26.20650 0.78011
v -332.06661 -26.29110 0.53821
v -332.06661 -26.34320 0.27580
v -332.06661 -26.36070 0.00291
v -332.06661 -26.34320 -0.26999
v -332.06661 -26.29110 -0.53239
v -332.06661 -26.20650 -0.77429
v -332.06661 -26.09270 -0.98629
v -332.06661 -25.95400 -1.16019
v -332.06661 -25.79570 -1.28951
v -332.06661 -25.62400 -1.36909
v -335.95560 -24.54780 -0.26999
v -335.95560 -24.59980 -0.53239
v -332.06661 -24.59980 -0.53239
v -332.06661 -24.54780 -0.26999
v -335.95560 -24.68440 -0.77429
v -335.95560 -24.79830 -0.98629
v -332.06661 -24.79830 -0.98629
v -332.06661 -24.68440 -0.77429
v -335.95560 -24.93700 1.16601
v -335.95560 -24.79830 0.99201
v -332.06661 -24.79830 0.99201
v -332.06661 -24.93700 1.16601
v -335.95560 -24.59980 0.53821
v -335.95560 -24.54780 0.27580
v -332.06661 -24.54780 0.27580
v -332.06661 -24.59980 0.53821
v -335.95560 -24.53020 0.00291
v -332.06661 -24.53020 0.00291
v -335.95560 -25.09520 -1.28951
v -335.95560 -25.26690 -1.36909
v -332.06661 -25.26690 -1.36909
v -332.06661 -25.09520 -1.28951
v -335.95560 -26.29110 0.53821
v -335.95560 -26.20650 0.78011
v -332.06661 -26.20650 0.78011
v -332.06661 -26.29110 0.53821
v -335.95560 -25.44550 1.40181
v -335.95560 -25.26690 1.37491
v -332.06661 -25.26690 1.37491
v -332.06661 -25.44550 1.40181
v -335.95560 -26.34320 0.27580
v -332.06661 -26.34320 0.27580
v -335.95560 -26.09270 0.99201
v -332.06661 -26.09270 0.99201
v -335.95560 -25.44550 -1.39599
v -335.95560 -25.62400 -1.36909
v -332.06661 -25.62400 -1.36909
v -332.06661 -25.44550 -1.39599
v -335.95560 -25.09520 1.29528
v -332.06661 -25.09520 1.29528
v -335.95560 -25.95400 -1.16019
v -335.95560 -26.09270 -0.98629
v -332.06661 -26.09270 -0.98629
v -332.06661 -25.95400 -1.16019
v -335.95560 -25.79570 -1.28951
v -332.06661 -25.79570 -1.28951
v -335.95560 -26.20650 -0.77429
v -332.06661 -26.20650 -0.77429
v -335.95560 -26.36070 0.00291
v -332.06661 -26.36070 0.00291
v -335.95560 -25.95400 1.16601
v -332.06661 -25.95400 1.16601
v -335.95560 -25.62400 1.37491
v -332.06661 -25.62400 1.37491
v -335.95560 -26.34320 -0.26999
v -332.06661 -26.34320 -0.26999
v -335.95560 -25.79570 1.29528
v -332.06661 -25.79570 1.29528
v -335.95560 -26.29110 -0.53239
v -332.06661 -26.29110 -0.53239
v -335.95560 -24.68440 0.78011
v -332.06661 -24.68440 0.78011
v -335.95560 -24.93700 -1.16019
v -332.06661 -24.93700 -1.16019
v -118.81390 -22.80260 3.72882
v -118.81390 -22.80260 0.00000
v -110.72428 -25.17560 0.00000
v -110.72428 -25.17560 3.58319
v -118.81390 -22.80260 -3.72882
v -110.72428 -25.17560 -3.58319
v -125.89750 -24.54100 0.00000
v -118.81390 -22.80260 0.00000
v -118.81390 -22.80260 3.72882
v -125.89750 -24.54100 3.77512
v -118.81390 -22.80260 -3.72882
v -125.89750 -24.54100 -3.77512
v -118.81390 -22.80260 -3.72882
v -125.89750 -24.54100 -3.77512
v -124.55561 -49.46690 -5.68919
v -136.18060 -50.31290 -5.83048
v -125.89750 -24.54100 3.77512
v -118.81390 -22.80260 3.72882
v -124.55561 -49.46690 5.68910
v -136.18060 -50.31290 5.83048
v -136.18060 -50.90770 0.00000
v -133.98221 -33.83670 0.00000
v -133.98221 -33.83660 2.33641
v -136.18060 -50.31290 5.83048
v -136.18060 -50.31290 -5.83048
v -133.98221 -33.83660 -2.33650
v 317.88580 58.67230 0.00000
v 302.51191 -26.38950 0.00000
v 302.51191 -26.38950 -2.12450
v 317.88580 58.67230 -1.24898
v 302.51191 -26.38950 2.12460
v 317.88580 58.67230 1.24888
v 302.42870 -26.81070 -2.08368
v 302.34873 -27.21570 -1.96280
v 302.27501 -27.58890 -1.76649
v 302.21040 -27.91610 -1.50218
v 302.15733 -28.18450 -1.18032
v 302.11790 -28.38410 -0.81301
v 302.09372 -28.50690 -0.41442
v 302.08552 -28.54840 0.00000
v 302.09372 -28.50690 0.41451
v 302.11790 -28.38410 0.81310
v 302.15733 -28.18450 1.18041
v 302.21040 -27.91610 1.50232
v 302.27501 -27.58890 1.76649
v 302.34873 -27.21570 1.96290
v 302.42870 -26.81070 2.08378
v 302.72629 59.60730 -150.30351
v 302.72629 59.66870 -150.04315
v 302.72629 59.20240 -150.04315
v 302.72629 59.20690 -150.23561
v 302.72629 58.73600 -150.04315
v 302.72629 58.80650 -150.16770
v 302.72629 59.45860 -150.56376
v 302.72629 59.25739 -150.57979
v 302.72629 59.15859 -150.56376
v 302.72629 59.65210 -149.13650
v 302.72629 59.63770 -148.35496
v 302.72629 59.09180 -148.52738
v 302.72629 59.11999 -149.07041
v 302.72629 58.54591 -148.69971
v 302.72629 58.58790 -149.00432
v 302.72629 59.60870 -147.11194
v 302.72629 59.61090 -145.75133
v 302.72629 58.98491 -145.75133
v 302.72629 59.02160 -147.11194
v 302.72629 58.35879 -145.75133
v 302.72629 58.43449 -147.11194
v 302.72629 58.22310 -141.79807
v 302.72629 58.28660 -144.09490
v 302.72629 58.95800 -144.09490
v 302.72629 58.93419 -141.79807
v 302.72629 59.62949 -144.09490
v 302.72629 59.64540 -141.79807
v 302.72629 59.65640 -139.63161
v 302.72629 58.92140 -139.63161
v 302.72629 58.18639 -139.63161
v 302.72629 59.59740 -0.02198
v 302.69711 59.60010 0.00000
v 302.69711 58.66919 0.00000
v 302.72629 58.66809 -0.02198
v 302.69711 57.73830 0.00000
v 302.72629 57.73891 -0.02198
v 302.72629 57.73891 -0.02198
v 302.72629 58.66809 -0.02198
v 302.72629 59.59740 -0.02198
v 302.72629 59.59740 0.02189
v 302.72629 59.65640 139.63161
v 302.72629 58.92140 139.63161
v 302.72629 58.66809 0.02189
v 302.72629 57.73891 0.02189
v 302.72629 58.18639 139.63161
v 302.72629 58.66809 0.02189
v 302.72629 57.73891 0.02189
v 302.69711 57.73830 0.00000
v 302.69711 58.66919 0.00000
v 302.72629 59.59740 0.02189
v 302.69711 59.60010 0.00000
v 302.72629 58.22310 141.79797
v 302.72629 58.93419 141.79797
v 302.72629 59.64540 141.79797
v 302.72629 59.61090 145.75129
v 302.72629 58.98491 145.75129
v 302.72629 58.95800 144.09480
v 302.72629 59.62949 144.09480
v 302.72629 58.28660 144.09480
v 302.72629 58.35879 145.75129
v 302.72629 58.54591 148.69962
v 302.72629 58.43449 147.11180
v 302.72629 59.02160 147.11180
v 302.72629 59.11999 149.07041
v 302.72629 59.65210 149.13640
v 302.72629 59.60870 147.11180
v 302.72629 58.54591 148.69962
v 302.72629 59.11999 149.07041
v 302.72629 59.20240 150.04311
v 302.72629 58.73600 150.04311
v 302.72629 59.65210 149.13640
v 302.72629 59.66870 150.04311
v 302.72629 59.25739 150.57969
v 302.72629 59.15859 150.56372
v 302.72629 58.80650 150.16761
v 302.72629 59.20690 150.23551
v 302.72629 59.45860 150.56372
v 302.72629 59.60730 150.30341
v -131.29170 -27.86780 0.00000
v -131.29170 -27.86780 3.05581
v -131.29170 -27.86780 0.00000
v -131.29170 -27.86780 3.05581
v -131.29170 -27.86780 -3.05581
v -131.29170 -27.86780 -3.05581
v -131.29170 -27.86780 -3.05581
v -131.29170 -27.86780 -3.05581
v -133.98221 -33.83660 -2.33650
v -136.18060 -50.31290 -5.83048
v -133.98221 -33.83660 2.33641
v -131.29170 -27.86780 3.05581
v -136.18060 -50.31290 5.83048
v -131.29170 -27.86780 3.05581
v -104.38991 -32.80100 4.41408
v -102.24810 -46.30550 5.24492
v -104.38991 -32.80100 -4.41408
v -102.24810 -46.30550 -5.24502
v -102.24810 -46.30550 5.24492
v -104.38991 -32.80100 4.41408
v -104.38991 -33.06860 0.00000
v -102.24810 -46.84060 0.00000
v -104.38991 -32.80100 -4.41408
v -102.24810 -46.30550 -5.24502
v -110.72428 -25.17560 3.58319
v -106.92050 -28.42840 3.99861
v -106.92050 -28.42840 -3.99871
v -110.72428 -25.17560 -3.58319
v -106.92050 -28.42840 3.99861
v -106.92050 -28.56220 0.00000
v -106.92050 -28.42840 -3.99871
v -62.40480 0.11470 -441.89601
v -48.72179 2.31950 -441.89610
v -34.12299 0.76510 -441.89610
v -62.40480 3.82190 -441.89601
v -78.65319 15.86350 -732.64918
v -78.65319 12.12160 -732.64918
v -76.91219 12.14290 -732.64918
v -77.20320 15.68680 -732.64918
v -78.59671 16.05950 -731.63953
v -78.58040 12.54650 -731.34656
v -78.65319 12.12160 -732.64918
v -78.65319 15.86350 -732.64918
v -62.40480 3.82190 -441.89601
v -62.40480 0.11470 -441.89601
v -71.87760 14.93530 -732.64918
v -73.02890 12.22880 -732.64918
v -57.80971 12.75120 -732.64918
v -62.09681 13.31460 -732.64918
v -66.55619 14.07770 -732.64918
v -71.87760 14.93530 732.64918
v -66.55619 14.07770 732.64918
v -73.02890 12.22880 732.64918
v -76.91219 12.14290 732.64918
v -62.09681 13.31460 732.64918
v -57.80971 12.75120 732.64918
v -77.20320 15.68680 732.64918
v -78.58040 12.54650 731.34670
v -62.40480 0.11470 441.89610
v -62.40480 3.82190 441.89610
v -78.59671 16.05950 731.63948
v -78.65319 15.86350 732.64918
v -78.65319 12.12160 732.64918
v -78.65319 15.86350 732.64918
v -78.65319 12.12160 732.64918
v -62.40480 3.82190 441.89610
v -62.40480 0.11470 441.89610
v -48.72179 2.31950 441.89620
v -34.12299 0.76510 441.89620
v -138.69230 9.03620 11.42421
v -126.57349 8.33520 11.13410
v -125.34740 9.87060 5.65090
v -138.69230 10.73300 5.81141
v -138.69230 2.50610 21.22722
v -131.34801 2.35610 20.80932
v -128.59399 5.80490 16.25109
v -138.69230 6.26190 16.62879
v -134.74929 -1.90340 24.65148
v -138.69230 -2.09930 25.05169
v -138.69230 -6.84120 27.62618
v -124.93579 10.38600 0.00019
v -138.69230 11.30440 0.00019
v -138.69230 11.30440 0.00019
v -124.93579 10.38600 0.00019
v -125.34740 9.87060 -5.65052
v -138.69230 10.73300 -5.81098
v -138.69230 9.03620 -11.42378
v -126.57349 8.33520 -11.13372
v -128.59399 5.80490 -16.25071
v -138.69230 6.26190 -16.62841
v -138.69230 2.50610 -21.22679
v -131.34801 2.35610 -20.80889
v -134.74929 -1.90340 -24.65110
v -138.69230 -2.09930 -25.05131
v -138.69230 -6.84120 -27.62580
v -194.15849 -20.44720 30.15828
v -218.81261 -21.46980 28.63669
v -218.80751 -23.49770 28.63669
v -194.15849 -22.49430 29.96111
v -170.74140 -21.54100 30.47009
v -170.74000 -19.53620 30.47009
v -243.44680 -22.46140 26.22862
v -243.45651 -24.50110 26.22862
v -123.89891 8.02590 11.13410
v -122.63010 9.65760 5.65090
v -128.83930 1.67230 20.80932
v -125.98960 5.33720 16.25109
v -136.43880 -8.10100 27.62618
v -132.35881 -2.85390 24.65148
v -122.20430 10.20520 0.00019
v -143.75340 -13.17920 29.73742
v -141.67579 -14.83600 29.73742
v -145.82220 -17.76290 30.27039
v -147.76530 -15.93720 30.27039
v -155.82250 -20.93370 30.52778
v -157.44830 -18.93610 30.52778
v -151.02470 -20.06140 30.61080
v -152.80139 -18.10700 30.61080
v -262.03890 -23.12210 23.95978
v -263.77959 -25.16150 23.95978
v -267.94889 -22.14120 23.17390
v -269.87729 -24.10450 23.17390
v -273.62421 -20.43410 22.50319
v -275.73121 -22.27520 22.50319
v -282.31311 -17.90170 21.06042
v -278.21641 -17.65540 21.76628
v -294.60030 -4.86590 0.00029
v -297.34781 -5.65920 0.00029
v -297.06960 -5.88580 3.66402
v -294.33019 -5.07830 3.66402
v -289.53590 -8.86320 13.90328
v -292.62021 -9.50880 13.90328
v -289.83901 -11.77350 16.75482
v -286.64441 -11.26930 16.75482
v -296.22979 -6.56960 7.26628
v -293.44790 -5.79610 7.26628
v -294.75811 -7.76790 10.71510
v -291.81759 -7.07780 10.71510
v -286.40280 -14.57160 19.17472
v -282.91979 -14.22820 19.17472
v -286.40280 -14.57160 -19.17429
v -282.91979 -14.22820 -19.17429
v -278.21641 -17.65540 -21.76590
v -282.31311 -17.90170 -21.05999
v -289.83901 -11.77350 -16.75439
v -286.64441 -11.26930 -16.75439
v -291.81759 -7.07780 -10.71472
v -289.53590 -8.86320 -13.90290
v -292.62021 -9.50880 -13.90290
v -294.75811 -7.76790 -10.71472
v -293.44790 -5.79610 -7.26590
v -296.22979 -6.56960 -7.26590
v -294.33019 -5.07830 -3.66359
v -297.06960 -5.88580 -3.66359
v -294.60030 -4.86590 0.00029
v -297.34781 -5.65920 0.00029
v -273.62421 -20.43410 -22.50280
v -275.73121 -22.27520 -22.50280
v -269.87729 -24.10450 -23.17352
v -267.94889 -22.14120 -23.17352
v -263.77959 -25.16150 -23.95940
v -262.03890 -23.12210 -23.95940
v -243.44690 -22.46140 -26.22819
v -243.45651 -24.50110 -26.22819
v -145.82220 -17.76290 -30.27000
v -151.02470 -20.06140 -30.61042
v -152.80139 -18.10700 -30.61042
v -147.76530 -15.93720 -30.27000
v -155.82250 -20.93370 -30.52740
v -157.44830 -18.93610 -30.52740
v -170.74140 -21.54100 -30.46970
v -170.74000 -19.53620 -30.46970
v -143.75340 -13.17920 -29.73700
v -141.67579 -14.83600 -29.73700
v -136.43880 -8.10100 -27.62580
v -122.20430 10.20520 0.00019
v -122.63010 9.65760 -5.65052
v -123.89882 8.02590 -11.13372
v -125.98960 5.33720 -16.25071
v -128.83930 1.67230 -20.80889
v -132.35881 -2.85390 -24.65110
v -218.81261 -21.46980 -28.63631
v -218.80751 -23.49770 -28.63631
v -194.15849 -20.44720 -30.15790
v -194.15849 -22.49430 -29.96068
v -82.39429 -2.40850 -208.06336
v -82.39429 -2.26210 -208.06336
v -82.39429 1.63960 -325.18353
v -82.39429 1.48670 -325.18353
v -85.67159 -2.16120 -208.06336
v -85.67159 1.70900 -325.18353
v -85.67159 1.84620 -325.18334
v -85.67159 -2.02470 -208.06336
v -85.67159 -2.16120 -208.06336
v -84.64050 -2.23130 -208.06336
v -84.64050 1.63890 -325.18353
v -85.67159 1.70900 -325.18353
v -82.39429 1.48670 -325.18353
v -83.42550 1.55540 -325.18353
v -83.42550 -2.33970 -208.06336
v -82.39429 -2.40850 -208.06336
v -82.39429 -2.40850 -208.06336
v -83.42550 -2.33970 -208.06336
v -82.39429 -2.26210 -208.06336
v -85.67159 -2.02470 -208.06336
v -84.64050 -2.23130 -208.06336
v -85.67159 -2.16120 -208.06336
v -85.67159 1.84620 -325.18334
v -85.67159 1.70900 -325.18353
v -84.64050 1.63890 -325.18353
v -82.39429 1.63960 -325.18353
v -83.42550 1.55540 -325.18353
v -82.39429 1.48670 -325.18353
v -83.42550 1.55540 -325.18353
v -83.42550 -5.08050 -325.18353
v -83.42550 -10.39670 -208.06336
v -83.42550 -2.33970 -208.06336
v -83.42550 -5.08050 -325.18353
v -84.64050 -4.99700 -325.18353
v -84.64050 -4.99700 -325.18353
v -84.64050 1.63890 -325.18353
v -84.64050 -2.23130 -208.06336
v -84.64050 -10.28830 -208.06336
v -83.42550 -10.39670 -208.06336
v -84.64050 -10.28830 -208.06336
v -84.64050 -4.99700 -325.18353
v -84.64050 -10.28830 -208.06336
v -83.42550 -10.39670 -208.06336
v -83.42550 -5.08050 -325.18353
v -82.39429 1.63960 -325.18353
v -85.67169 1.84620 -325.18334
v -85.67169 -2.02470 -208.06327
v -82.39429 -2.26210 -208.06336
v -85.67169 1.84620 -325.18334
v -85.67169 1.76160 -325.18334
v -85.67169 -2.10930 -208.06327
v -85.67169 -2.02470 -208.06327
v -82.39429 -2.26210 -208.06336
v -82.39429 -2.34680 -208.06336
v -82.39429 1.55500 -325.18353
v -82.39429 1.63960 -325.18353
v -82.39429 -2.34680 -208.06336
v -83.55319 -2.26360 -208.06336
v -83.55319 1.62780 -325.18353
v -82.39429 1.55500 -325.18353
v -85.67169 1.76160 -325.18334
v -84.51281 1.68710 -325.18334
v -84.51281 -2.19340 -208.06327
v -85.67169 -2.10930 -208.06327
v -85.67169 1.84620 -325.18334
v -84.51281 1.68710 -325.18334
v -85.67169 1.76160 -325.18334
v -82.39429 1.63960 -325.18353
v -82.39429 1.55500 -325.18353
v -83.55319 1.62780 -325.18353
v -85.67169 -2.02470 -208.06327
v -85.67169 -2.10930 -208.06327
v -84.51281 -2.19340 -208.06327
v -82.39429 -2.26210 -208.06336
v -83.55319 -2.26360 -208.06336
v -82.39429 -2.34680 -208.06336
v -84.51281 -2.19340 -208.06327
v -84.51281 -10.17230 -208.06327
v -83.55319 -10.24250 -208.06336
v -83.55319 -2.26360 -208.06336
v -83.55319 1.62780 -325.18353
v -83.55319 -4.91770 -325.18353
v -84.51281 -4.85840 -325.18334
v -84.51281 1.68710 -325.18334
v -84.51281 1.68710 -325.18334
v -84.51281 -4.85840 -325.18334
v -84.51281 -10.17230 -208.06327
v -84.51281 -2.19340 -208.06327
v -83.55319 -2.26360 -208.06336
v -83.55319 -10.24250 -208.06336
v -83.55319 -4.91770 -325.18353
v -83.55319 1.62780 -325.18353
v -85.67169 -2.02470 208.06327
v -85.67169 1.84620 325.18330
v -82.39429 1.63960 325.18339
v -82.39429 -2.26210 208.06327
v -85.67169 1.84620 325.18330
v -85.67169 -2.02470 208.06327
v -85.67169 -2.10930 208.06327
v -85.67169 1.76160 325.18330
v -82.39429 -2.26210 208.06327
v -82.39429 1.63960 325.18339
v -82.39429 1.55500 325.18339
v -82.39429 -2.34680 208.06327
v -82.39429 -2.34680 208.06327
v -82.39429 1.55500 325.18339
v -83.55319 1.62780 325.18339
v -83.55319 -2.26360 208.06327
v -85.67169 1.76160 325.18330
v -85.67169 -2.10930 208.06327
v -84.51281 -2.19340 208.06327
v -84.51281 1.68710 325.18330
v -85.67169 1.84620 325.18330
v -85.67169 1.76160 325.18330
v -84.51281 1.68710 325.18330
v -82.39429 1.63960 325.18339
v -83.55319 1.62780 325.18339
v -82.39429 1.55500 325.18339
v -85.67169 -2.02470 208.06327
v -84.51281 -2.19340 208.06327
v -85.67169 -2.10930 208.06327
v -82.39429 -2.26210 208.06327
v -82.39429 -2.34680 208.06327
v -83.55319 -2.26360 208.06327
v -84.51281 -2.19340 208.06327
v -83.55319 -2.26360 208.06327
v -83.55319 -10.24250 208.06327
v -84.51281 -10.17230 208.06327
v -83.55319 1.62780 325.18339
v -84.51281 1.68710 325.18330
v -84.51281 -4.85840 325.18330
v -83.55319 -4.91770 325.18339
v -84.51281 1.68710 325.18330
v -84.51281 -2.19340 208.06327
v -84.51281 -10.17230 208.06327
v -84.51281 -4.85840 325.18330
v -83.55319 -2.26360 208.06327
v -83.55319 1.62780 325.18339
v -83.55319 -4.91770 325.18339
v -83.55319 -10.24250 208.06327
v -84.64050 -4.99700 325.18330
v -83.42550 -5.08050 325.18330
v -83.42550 -10.39670 208.06327
v -84.64050 -10.28830 208.06317
v -83.42550 -2.33970 208.06327
v -84.64050 -2.23130 208.06317
v -84.64050 -10.28830 208.06317
v -83.42550 -10.39670 208.06327
v -84.64050 -4.99700 325.18330
v -84.64050 -10.28830 208.06317
v -84.64050 -2.23130 208.06317
v -84.64050 1.63890 325.18330
v -83.42550 -5.08050 325.18330
v -84.64050 -4.99700 325.18330
v -84.64050 1.63890 325.18330
v -83.42550 1.55540 325.18330
v -83.42550 1.55540 325.18330
v -83.42550 -2.33970 208.06327
v -83.42550 -10.39670 208.06327
v -83.42550 -5.08050 325.18330
v -82.39429 1.63960 325.18330
v -85.67159 1.84620 325.18330
v -82.39429 1.48670 325.18330
v -85.67159 1.70900 325.18330
v -85.67159 -2.02470 208.06317
v -82.39429 -2.26210 208.06327
v -85.67159 -2.16120 208.06317
v -82.39429 -2.40850 208.06327
v -82.39429 1.48670 325.18330
v -82.39429 -2.40850 208.06327
v -83.42550 -2.33970 208.06327
v -83.42550 1.55540 325.18330
v -85.67159 -2.16120 208.06317
v -85.67159 1.70900 325.18330
v -84.64050 1.63890 325.18330
v -84.64050 -2.23130 208.06317
v -85.67159 -2.16120 208.06317
v -85.67159 -2.02470 208.06317
v -85.67159 1.84620 325.18330
v -85.67159 1.70900 325.18330
v -82.39429 -2.40850 208.06327
v -82.39429 1.48670 325.18330
v -82.39429 1.63960 325.18330
v -82.39429 -2.26210 208.06327
v -124.56691 -49.39280 -5.62029
v -123.77961 -54.83970 -7.17421
v -135.26409 -56.75370 -6.60491
v -136.07100 -51.17150 -5.01242
v -102.23660 -46.37970 -5.31392
v -101.51079 -51.40140 -6.74639
v -102.23660 -46.37970 -5.31392
v -102.20690 -46.40990 -5.11842
v -101.48110 -51.43160 -6.55098
v -101.51079 -51.40140 -6.74639
v -124.56691 -49.39280 -5.62029
v -124.53721 -49.42290 -5.42488
v -102.20690 -46.40990 -5.11842
v -102.23660 -46.37970 -5.31392
v -136.07100 -51.17150 -5.01242
v -136.04130 -51.20160 -4.81701
v -124.53721 -49.42290 -5.42488
v -124.56691 -49.39280 -5.62029
v -135.26409 -56.75370 -6.60491
v -135.23440 -56.78390 -6.40950
v -136.04130 -51.20160 -4.81701
v -136.07100 -51.17150 -5.01242
v -123.74990 -54.86990 -6.97870
v -101.48110 -51.43160 -6.55098
v -102.20690 -46.40990 -5.11842
v -124.53721 -49.42290 -5.42488
v -136.04130 -51.20160 -4.81701
v -135.23440 -56.78390 -6.40950
v -101.51079 -51.40140 -6.74639
v -101.48110 -51.43160 -6.55098
v -123.74990 -54.86990 -6.97870
v -123.77961 -54.83970 -7.17421
v -123.77961 -54.83970 -7.17421
v -123.74990 -54.86990 -6.97870
v -135.23440 -56.78390 -6.40950
v -135.26409 -56.75370 -6.60491
v -124.56691 -49.39280 5.62029
v -136.07090 -51.17150 5.01242
v -135.26409 -56.75370 6.60491
v -123.77961 -54.83970 7.17421
v -101.51079 -51.40140 6.74639
v -102.23660 -46.37970 5.31392
v -102.23660 -46.37970 5.31392
v -101.51079 -51.40140 6.74639
v -101.48110 -51.43160 6.55098
v -102.20690 -46.40990 5.11842
v -124.56691 -49.39280 5.62029
v -102.23660 -46.37970 5.31392
v -102.20690 -46.40990 5.11842
v -124.53721 -49.42290 5.42479
v -136.07090 -51.17150 5.01242
v -124.56691 -49.39280 5.62029
v -124.53721 -49.42290 5.42479
v -136.04130 -51.20160 4.81701
v -135.26409 -56.75370 6.60491
v -136.07090 -51.17150 5.01242
v -136.04130 -51.20160 4.81701
v -135.23440 -56.78390 6.40950
v -123.74990 -54.86990 6.97870
v -124.53721 -49.42290 5.42479
v -102.20690 -46.40990 5.11842
v -101.48110 -51.43160 6.55098
v -135.23440 -56.78390 6.40950
v -136.04130 -51.20160 4.81701
v -101.51079 -51.40140 6.74639
v -123.77961 -54.83970 7.17421
v -123.74990 -54.86990 6.97870
v -101.48110 -51.43160 6.55098
v -123.77961 -54.83970 7.17421
v -135.26409 -56.75370 6.60491
v -135.23440 -56.78390 6.40950
v -123.74990 -54.86990 6.97870
v 287.16967 -33.96280 -1.10502
v 282.14982 -27.27390 -2.17710
v 285.83167 -27.27390 -2.13528
v 288.94260 -33.96280 -1.08371
v 289.37218 -27.27390 -2.01139
v 290.64744 -33.96280 -1.02091
v 292.63499 -27.27390 -1.81022
v 292.21852 -33.96280 -0.91882
v 295.49501 -27.27390 -1.53942
v 293.59562 -33.96280 -0.78130
v 297.84210 -27.27390 -1.20950
v 294.72582 -33.96280 -0.61388
v 299.58613 -27.27390 -0.83308
v 295.56553 -33.96280 -0.42291
v 300.66011 -27.27390 -0.42472
v 296.08271 -33.96280 -0.21558
v 301.02270 -27.27390 0.00000
v 296.25733 -33.96280 0.00000
v 296.25733 -33.96280 0.00000
v 301.02270 -27.27390 0.00000
v 300.66011 -27.27390 0.42472
v 296.08271 -33.96280 0.21558
v 299.58613 -27.27390 0.83308
v 295.56553 -33.96280 0.42291
v 297.84200 -27.27390 1.20950
v 294.72582 -33.96280 0.61388
v 295.49501 -27.27390 1.53942
v 293.59562 -33.96280 0.78130
v 292.63499 -27.27390 1.81022
v 292.21852 -33.96280 0.91882
v 289.37209 -27.27390 2.01139
v 290.64744 -33.96280 1.02091
v 285.83167 -27.27390 2.13528
v 288.94260 -33.96280 1.08371
v 282.14972 -27.27390 2.17710
v 287.16967 -33.96280 1.10502
v 278.46777 -27.27390 2.13528
v 285.39679 -33.96280 1.08371
v 274.92740 -27.27390 2.01139
v 283.69210 -33.96280 1.02091
v 271.66450 -27.27390 1.81022
v 282.12101 -33.96280 0.91872
v 268.80448 -27.27390 1.53942
v 280.74391 -33.96280 0.78130
v 266.45739 -27.27390 1.20950
v 279.61371 -33.96280 0.61388
v 264.71341 -27.27390 0.83308
v 278.77390 -33.96280 0.42291
v 263.63938 -27.27390 0.42472
v 278.25682 -33.96280 0.21558
v 263.27670 -27.27390 0.00000
v 278.08220 -33.96280 0.00000
v 278.08220 -33.96280 0.00000
v 263.27670 -27.27390 0.00000
v 263.63938 -27.27390 -0.42472
v 278.25682 -33.96280 -0.21558
v 264.71331 -27.27390 -0.83308
v 278.77390 -33.96280 -0.42291
v 266.45739 -27.27390 -1.20950
v 279.61371 -33.96280 -0.61388
v 268.80438 -27.27390 -1.53942
v 280.74391 -33.96280 -0.78130
v 271.66440 -27.27390 -1.81022
v 282.12101 -33.96280 -0.91882
v 274.92721 -27.27390 -2.01139
v 283.69210 -33.96280 -1.02091
v 278.46768 -27.27390 -2.13528
v 285.39689 -33.96280 -1.08371
v 287.16967 -34.05130 -1.04208
v 285.49778 -34.05130 -1.02210
v 283.88999 -34.05130 -0.96278
v 282.40840 -34.05130 -0.86651
v 281.10960 -34.05130 -0.73690
v 280.04382 -34.05130 -0.57888
v 279.25179 -34.05130 -0.39878
v 278.76408 -34.05130 -0.20332
v 278.59948 -34.05130 0.00000
v 278.59948 -34.05130 0.00000
v 278.76408 -34.05130 0.20332
v 279.25179 -34.05130 0.39878
v 280.04382 -34.05130 0.57888
v 281.10960 -34.05130 0.73690
v 282.40831 -34.05130 0.86651
v 283.88999 -34.05130 0.96278
v 285.49778 -34.05130 1.02210
v 287.16967 -34.05130 1.04208
v 288.84170 -34.05130 1.02210
v 290.44940 -34.05130 0.96278
v 292.21852 -33.96280 0.91882
v 291.93108 -34.05130 0.86651
v 293.59562 -33.96280 0.78130
v 293.22979 -34.05130 0.73690
v 294.72582 -33.96280 0.61388
v 294.29572 -34.05130 0.57888
v 295.56553 -33.96280 0.42291
v 295.08760 -34.05130 0.39878
v 296.08271 -33.96280 0.21558
v 295.57531 -34.05130 0.20332
v 296.25733 -33.96280 0.00000
v 295.74001 -34.05130 0.00000
v 296.08271 -33.96280 -0.21558
v 296.25733 -33.96280 0.00000
v 295.74001 -34.05130 0.00000
v 295.57531 -34.05130 -0.20332
v 295.56553 -33.96280 -0.42291
v 295.08760 -34.05130 -0.39878
v 294.72582 -33.96280 -0.61388
v 294.29572 -34.05130 -0.57888
v 293.59562 -33.96280 -0.78130
v 293.22979 -34.05130 -0.73690
v 292.21852 -33.96280 -0.91882
v 291.93108 -34.05130 -0.86651
v 290.44940 -34.05130 -0.96278
v 288.84170 -34.05130 -1.02210
f 8709 8710 8711
f 8712 8713 8714
f 8715 8716 8717
f 8716 8718 8717
f 8719 8720 8721
f 8715 8722 8716
f 8723 8719 8721
f 8724 8725 8726
f 8727 8728 8729
f 8726 8725 8730
f 8728 8731 8732
f 8727 8731 8728
f 8733 8734 8735
f 8736 8737 8738
f 8739 8740 8741
f 8742 8743 8744
f 8742 8744 8745
f 8742 8745 8746
f 8742 8746 8747
f 8748 8749 8750
f 8751 8748 8752
f 8748 8741 8752
f 8748 8751 8749
f 8753 8742 8747
f 8754 8748 8750
f 8755 8756 8757
f 8758 8759 8760
f 8757 8761 8762
f 8757 8763 8764
f 8762 8763 8757
f 8757 8756 8761
f 8760 8759 8765
f 8760 8765 8766
f 8760 8766 8767
f 8760 8767 8768
f 8769 8764 8770
f 8771 8772 8720
f 8772 8721 8720
f 8725 8773 8730
f 8773 8774 8730
f 8775 8776 8772
f 8775 8772 8771
f 8777 8774 8773
f 8777 8773 8778
f 8731 8727 8779
f 8731 8779 8780
f 8781 8782 8783
f 8781 8783 8784
f 8785 8786 8787
f 8785 8787 8788
f 8789 8790 8791
f 8789 8791 8792
f 8793 8794 8795
f 8793 8795 8796
f 8797 8798 8799
f 8797 8799 8800
f 8801 8781 8784
f 8801 8784 8802
f 8803 8801 8802
f 8803 8802 8804
f 8805 8806 8807
f 8805 8807 8808
f 8809 8810 8811
f 8809 8811 8812
f 8813 8814 8815
f 8813 8815 8816
f 8817 8818 8819
f 8817 8819 8820
f 8821 8822 8760
f 8821 8760 8768
f 8715 8823 8824
f 8715 8824 8722
f 8825 8826 8827
f 8825 8827 8828
f 8829 8830 8831
f 8829 8831 8832
f 8833 8834 8835
f 8833 8835 8836
f 8786 8837 8838
f 8786 8838 8787
f 8839 8840 8841
f 8839 8841 8842
f 8782 8843 8844
f 8782 8844 8783
f 8729 8845 8846
f 8729 8846 8727
f 8847 8848 8849
f 8847 8849 8850
f 8851 8852 8853
f 8851 8853 8809
f 8778 8773 8854
f 8778 8854 8855
f 8856 8857 8858
f 8856 8858 8859
f 8860 8763 8762
f 8860 8762 8861
f 8862 8863 8864
f 8862 8864 8865
f 8866 8867 8868
f 8866 8868 8869
f 8870 8871 8872
f 8870 8872 8873
f 8874 8861 8875
f 8874 8875 8876
f 8818 8877 8878
f 8818 8878 8819
f 8722 8824 8879
f 8722 8879 8880
f 8881 8882 8883
f 8881 8883 8884
f 8885 8886 8887
f 8885 8887 8888
f 8889 8890 8891
f 8889 8891 8892
f 8893 8894 8895
f 8893 8895 8896
f 8897 8898 8899
f 8897 8899 8900
f 8837 8793 8796
f 8837 8796 8838
f 8901 8902 8903
f 8901 8903 8904
f 8905 8906 8907
f 8905 8907 8908
f 8909 8910 8911
f 8909 8911 8912
f 8913 8914 8915
f 8913 8915 8916
f 8917 8918 8871
f 8917 8871 8870
f 8919 8920 8921
f 8919 8921 8922
f 8923 8851 8809
f 8923 8809 8812
f 8924 8925 8893
f 8924 8893 8898
f 8926 8927 8928
f 8926 8928 8929
f 8930 8931 8918
f 8930 8918 8917
f 8932 8817 8820
f 8932 8820 8933
f 8934 8935 8936
f 8934 8936 8937
f 8938 8939 8940
f 8938 8940 8941
f 8794 8942 8855
f 8794 8855 8795
f 8943 8944 8789
f 8943 8789 8945
f 8946 8947 8925
f 8946 8925 8924
f 8948 8923 8812
f 8948 8812 8949
f 8950 8736 8951
f 8950 8951 8952
f 8772 8870 8873
f 8772 8873 8721
f 8953 8954 8897
f 8953 8897 8902
f 8955 8956 8957
f 8955 8957 8958
f 8806 8959 8960
f 8806 8960 8807
f 8855 8854 8961
f 8855 8961 8795
f 8962 8963 8954
f 8962 8954 8953
f 8859 8858 8823
f 8859 8823 8715
f 8964 8965 8966
f 8964 8966 8967
f 8968 8969 8970
f 8968 8970 8971
f 8972 8973 8974
f 8972 8974 8975
f 8976 8977 8978
f 8976 8978 8979
f 8980 8981 8901
f 8980 8901 8982
f 8983 8984 8985
f 8983 8985 8986
f 8709 8941 8987
f 8709 8987 8710
f 8880 8879 8988
f 8880 8988 8989
f 8990 8991 8992
f 8990 8992 8993
f 8994 8995 8981
f 8994 8981 8980
f 8996 8997 8959
f 8996 8959 8806
f 8998 8999 9000
f 8998 9000 9001
f 9002 9003 8882
f 9002 8882 8881
f 9004 9005 9006
f 9004 9006 9007
f 8967 8966 9008
f 8967 9008 9009
f 8890 8833 8836
f 8890 8836 8891
f 9010 9011 9012
f 9010 9012 9013
f 9014 8926 8929
f 9014 8929 8785
f 8865 8864 8973
f 8865 8973 8972
f 9014 8785 8788
f 9014 8788 9015
f 9016 9017 9018
f 9016 9018 9019
f 9020 9021 9022
f 9020 9022 9023
f 9024 9025 9026
f 9024 9026 9027
f 9028 8996 8806
f 9028 8806 8805
f 9029 9030 9011
f 9029 9011 9010
f 8923 9031 9032
f 8923 9032 8851
f 9033 9034 9035
f 9033 9035 8826
f 8727 8846 9036
f 8727 9036 8779
f 9037 9038 9039
f 9037 9039 9040
f 9041 9042 9043
f 9041 9043 9044
f 8933 8820 9045
f 8933 9045 9046
f 8850 8849 9047
f 8850 9047 8931
f 9048 9049 9050
f 9048 9050 9051
f 9052 9053 9054
f 9052 9054 9055
f 8975 8974 9056
f 8975 9056 9057
f 8849 9058 9059
f 8849 9059 9047
f 8836 8835 9060
f 8836 9060 9061
f 9062 9063 8934
f 9062 8934 9064
f 9065 8933 9046
f 9065 9046 9066
f 8997 9067 9068
f 8997 9068 8959
f 9069 9070 9071
f 9069 9071 9072
f 9073 9074 8910
f 9073 8910 8909
f 9075 9076 8932
f 9075 8932 9077
f 9078 9079 8830
f 9078 8830 8829
f 9080 8969 8759
f 9080 8759 9081
f 8884 8883 9082
f 8884 9082 9083
f 8857 9084 9085
f 8857 9085 8858
f 8925 9086 8894
f 8925 8894 8893
f 9087 9088 9089
f 9087 9089 9090
f 8739 8741 9091
f 8739 9091 9092
f 8981 8953 8902
f 8981 8902 8901
f 9093 9094 9095
f 9093 9095 8939
f 8912 8911 9096
f 8912 9096 8867
f 8873 8872 8797
f 8873 8797 9097
f 8832 8831 9098
f 8832 9098 9099
f 9100 9101 9102
f 9100 9102 9103
f 9104 9055 9105
f 9104 9105 9106
f 8941 8709 9107
f 8941 9107 8938
f 9079 9108 9109
f 9079 9109 8830
f 9110 9111 9112
f 9110 9112 9113
f 8929 8928 9114
f 8929 9114 9115
f 9034 9116 9028
f 9034 9028 9035
f 9063 9117 8935
f 9063 8935 8934
f 9118 9119 9120
f 9118 9120 9121
f 9122 9072 9118
f 9122 9118 9123
f 8841 9124 9125
f 8841 9125 9126
f 9127 9052 9055
f 9127 9055 9104
f 8906 8905 9128
f 8906 9128 9129
f 9130 9069 9072
f 9130 9072 9122
f 8854 9131 9132
f 8854 9132 8961
f 8846 9133 9002
f 8846 9002 9036
f 9011 8955 8958
f 9011 8958 9012
f 9005 8948 8949
f 9005 8949 9006
f 8844 9134 8747
f 8844 8747 8746
f 8965 9016 9019
f 8965 9019 8966
f 9135 9136 9137
f 9135 9137 9138
f 9139 9140 9116
f 9139 9116 9034
f 9141 9142 9143
f 9141 9143 9144
f 9145 8945 9146
f 9145 9146 8840
f 9012 8958 9088
f 9012 9088 9087
f 9147 8937 9148
f 9147 9148 9149
f 8937 8936 9150
f 8937 9150 9148
f 8773 9151 9131
f 8773 9131 8854
f 9152 9153 9154
f 9152 9154 9155
f 9102 9101 8971
f 9102 8971 8970
f 9036 9002 8881
f 9036 8881 9156
f 8879 8922 9157
f 8879 9157 8988
f 8861 8762 8761
f 8861 8761 8875
f 8875 8761 8756
f 8875 8756 9158
f 9159 9160 9161
f 9159 9161 9162
f 9156 8881 8884
f 9156 8884 9163
f 8942 9164 8778
f 8942 8778 8855
f 8788 9165 9166
f 8788 9166 9015
f 8779 9036 9156
f 8779 9156 9167
f 8961 9132 9160
f 8961 9160 9159
f 8840 9146 9124
f 8840 9124 8841
f 9155 9154 9069
f 9155 9069 9130
f 8824 8919 8922
f 8824 8922 8879
f 9168 9169 9170
f 9168 9170 9171
f 9172 9171 9173
f 9172 9173 9174
f 9021 9175 9176
f 9021 9176 9022
f 8718 9110 9113
f 8718 9113 8717
f 9177 9139 9034
f 9177 9034 9033
f 8843 9128 9134
f 8843 9134 8844
f 9178 9179 8754
f 9178 8754 9180
f 9163 8884 9083
f 9163 9083 9076
f 8820 8819 9181
f 8820 9181 9045
f 8848 9182 9058
f 8848 9058 8849
f 9097 8797 8800
f 9097 8800 9183
f 8819 8878 9184
f 8819 9184 9181
f 9055 9054 9185
f 9055 9185 9105
f 9186 8943 8945
f 9186 8945 9145
f 8952 8976 8979
f 8952 8979 9187
f 8959 9068 9188
f 8959 9188 8960
f 9189 9190 9030
f 9189 9030 9029
f 8853 9191 8810
f 8853 8810 8809
f 9192 9193 9194
f 9192 9194 9195
f 9196 9197 9198
f 9196 9198 9199
f 8858 9085 9200
f 8858 9200 8823
f 9201 9202 9203
f 9201 9203 9204
f 9205 9163 9076
f 9205 9076 9075
f 9206 9027 9117
f 9206 9117 9063
f 8963 8946 8924
f 8963 8924 8954
f 8795 8961 9159
f 8795 9159 8796
f 8995 8962 8953
f 8995 8953 8981
f 8968 9207 8863
f 8968 8863 8862
f 8982 8901 8904
f 8982 8904 9074
f 9208 9209 9210
f 9208 9210 8951
f 8949 9211 9212
f 8949 9212 9006
f 9006 9212 9213
f 9006 9213 9007
f 9149 9148 9208
f 9149 9208 8738
f 9066 9046 9214
f 9066 9214 9215
f 9216 9217 9218
f 9216 9218 9219
f 9146 8792 9178
f 9146 9178 9124
f 9220 9221 9222
f 9220 9222 8944
f 8916 8915 9217
f 8916 9217 9216
f 9121 9120 9223
f 9121 9223 9224
f 8992 9225 8834
f 8992 8834 8833
f 9226 9227 9228
f 9226 9228 9229
f 8799 9230 9084
f 8799 9084 8857
f 9231 9232 9220
f 9231 9220 9233
f 9204 9203 9234
f 9204 9234 9235
f 9236 9023 8997
f 9236 8997 8996
f 9233 9220 8944
f 9233 8944 8943
f 9218 9237 9025
f 9218 9025 9024
f 9238 8993 8890
f 9238 8890 8889
f 9239 8842 9240
f 9239 9240 9241
f 8991 9242 9225
f 8991 9225 8992
f 9144 9143 8914
f 9144 8914 8913
f 8905 8908 9092
f 8905 9092 9091
f 9243 9244 9245
f 9243 9245 9246
f 9247 9248 9249
f 9247 9249 9250
f 8941 8940 9251
f 8941 9251 8987
f 8798 9252 9230
f 8798 9230 8799
f 8900 8899 9244
f 8900 9244 9243
f 9253 9254 9192
f 9253 9192 9255
f 8904 8903 9248
f 8904 9248 9247
f 8911 9250 9256
f 8911 9256 9096
f 9257 9020 9023
f 9257 9023 9236
f 9258 8990 8993
f 9258 8993 9238
f 9241 9240 9252
f 9241 9252 8798
f 8725 9259 9151
f 8725 9151 8773
f 9047 9059 8839
f 9047 8839 9260
f 9009 9008 9261
f 9009 9261 9262
f 9263 9264 9265
f 9263 9265 9266
f 9267 9087 9090
f 9267 9090 9237
f 9013 9012 9087
f 9013 9087 9267
f 9268 9269 9142
f 9268 9142 9141
f 9154 9270 9070
f 9154 9070 9069
f 9271 9155 9130
f 9271 9130 9272
f 9077 8932 8933
f 9077 8933 9065
f 9254 9273 9193
f 9254 9193 9192
f 8783 8844 8746
f 8783 8746 8745
f 9260 8839 8842
f 9260 8842 9239
f 9149 8738 8737
f 9149 8737 9274
f 8918 9260 9239
f 8918 9239 8871
f 9019 9018 9264
f 9019 9264 9263
f 9124 9178 9180
f 9124 9180 9125
f 8792 8791 9179
f 8792 9179 9178
f 9275 9276 9277
f 9275 9277 9278
f 8987 9251 8995
f 8987 8995 8994
f 8748 8754 9179
f 8748 9179 9279
f 9280 9281 9282
f 9280 9282 9283
f 9284 9272 9276
f 9284 9276 9275
f 9148 9150 9209
f 9148 9209 9208
f 9285 9286 8946
f 9285 8946 8963
f 9022 9176 9287
f 9022 9287 9067
f 9288 9289 9290
f 9288 9290 9291
f 9183 8800 8856
f 9183 8856 9112
f 9278 9277 9226
f 9278 9226 8814
f 8802 8784 8744
f 8802 8744 8743
f 8945 8789 8792
f 8945 8792 9146
f 9292 9093 8939
f 9292 8939 8938
f 8944 9222 8790
f 8944 8790 8789
f 9272 9130 9122
f 9272 9122 9276
f 9096 9256 9271
f 9096 9271 9293
f 8954 8924 8898
f 8954 8898 8897
f 9259 9077 9065
f 9259 9065 9151
f 9294 9206 9063
f 9294 9063 9062
f 9295 9195 9175
f 9295 9175 9021
f 9214 9296 9140
f 9214 9140 9139
f 8892 8891 9297
f 8892 9297 9298
f 8784 8783 8745
f 8784 8745 8744
f 9217 9267 9237
f 9217 9237 9218
f 9112 9111 9299
f 9112 9299 9183
f 9181 9184 9300
f 9181 9300 9301
f 9105 9185 9182
f 9105 9182 8848
f 9169 9302 9303
f 9169 9303 9170
f 9293 9271 9272
f 9293 9272 9284
f 9277 9123 9227
f 9277 9227 9226
f 9160 9177 9033
f 9160 9033 9161
f 9064 9147 9304
f 9064 9304 9305
f 9232 8888 9221
f 9232 9221 9220
f 9074 8904 9247
f 9074 9247 8910
f 8938 9107 9306
f 8938 9306 9292
f 8804 8802 8743
f 8804 8743 9307
f 9282 8749 8751
f 9282 8751 9308
f 9309 9310 8885
f 9309 8885 9311
f 9312 9313 9314
f 9312 9314 8845
f 9315 9316 9317
f 9315 9317 9318
f 8951 9210 8976
f 8951 8976 8952
f 9143 9029 9010
f 9143 9010 8914
f 9311 8885 8888
f 9311 8888 9232
f 9042 9319 8740
f 9042 8740 9043
f 8914 9010 9013
f 8914 9013 8915
f 9320 9321 9313
f 9320 9313 9312
f 9213 8930 8917
f 9213 8917 9322
f 9068 9037 9040
f 9068 9040 9188
f 9283 9282 9308
f 9283 9308 9323
f 8742 9324 9307
f 8742 9307 8743
f 8915 9013 9267
f 8915 9267 9217
f 9067 9287 9037
f 9067 9037 9068
f 8826 9035 9325
f 8826 9325 8827
f 9323 9308 9319
f 9323 9319 9042
f 9180 8754 8750
f 9180 8750 9281
f 9326 9327 9328
f 9326 9328 9329
f 8838 9162 9330
f 8838 9330 8787
f 9175 9331 9332
f 9175 9332 9176
f 9269 9333 9189
f 9269 9189 9142
f 9244 9334 9335
f 9244 9335 9245
f 8827 9325 9336
f 8827 9336 9337
f 9338 9205 9075
f 9338 9075 9339
f 9329 9328 9340
f 9329 9340 9341
f 9132 9215 9177
f 9132 9177 9160
f 9342 9343 9344
f 9342 9344 9345
f 9004 9346 9347
f 9004 9347 9005
f 9222 9348 9349
f 9222 9349 8790
f 8814 9226 9229
f 8814 9229 8815
f 9142 9189 9029
f 9142 9029 9143
f 8931 9047 9260
f 8931 9260 8918
f 9350 9092 8908
f 9350 8908 9351
f 9341 9340 9286
f 9341 9286 9285
f 9230 9352 9353
f 9230 9353 9084
f 9248 9243 9246
f 9248 9246 9249
f 8940 9354 9355
f 8940 9355 9251
f 9356 9357 8880
f 9356 8880 8989
f 9358 9106 8847
f 9358 8847 9359
f 9360 9129 9128
f 9360 9128 8843
f 9125 9180 9281
f 9125 9281 9280
f 8910 9247 9250
f 8910 9250 8911
f 9007 9213 9322
f 9007 9322 9361
f 9162 9161 8825
f 9162 8825 9330
f 9219 9218 9024
f 9219 9024 9362
f 9255 9192 9195
f 9255 9195 9295
f 9120 9363 9364
f 9120 9364 9223
f 9301 9300 9020
f 9301 9020 9257
f 9361 9322 8772
f 9361 8772 8776
f 9204 9235 9365
f 9204 9365 9164
f 8935 9366 9367
f 8935 9367 8936
f 8928 9368 9078
f 8928 9078 9114
f 8936 9367 9369
f 8936 9369 9150
f 9370 9231 9233
f 9370 9233 9371
f 8845 9314 9133
f 8845 9133 8846
f 9089 9372 9016
f 9089 9016 8965
f 9328 9138 9342
f 9328 9342 9340
f 9097 8723 8721
f 9097 8721 8873
f 9198 9311 9232
f 9198 9232 9231
f 9227 9121 9224
f 9227 9224 9228
f 9046 9045 9296
f 9046 9296 9214
f 9308 8751 8752
f 9308 8752 9319
f 9362 9024 9027
f 9362 9027 9206
f 9103 9102 8769
f 9103 8769 9373
f 9197 9309 9311
f 9197 9311 9198
f 9374 9103 9373
f 9374 9373 9375
f 9173 9376 9377
f 9173 9377 9378
f 9379 9284 9275
f 9379 9275 9380
f 8868 9293 9284
f 8868 9284 9379
f 9373 8769 8770
f 9373 8770 9381
f 9095 9329 9341
f 9095 9341 9354
f 9382 9100 9103
f 9382 9103 9374
f 9383 9380 9384
f 9383 9384 9385
f 9183 9299 8723
f 9183 8723 9097
f 8837 9386 9387
f 8837 9387 8793
f 9237 9090 8964
f 9237 8964 9025
f 9262 9261 9388
f 9262 9388 9389
f 9266 9265 9390
f 9266 9390 9391
f 9392 8983 8986
f 9392 8986 9031
f 9389 9388 8990
f 9389 8990 9258
f 9391 9390 9242
f 9391 9242 8991
f 9182 9371 9186
f 9182 9186 9058
f 8793 9387 9393
f 8793 9393 8794
f 9394 8850 8931
f 9394 8931 8930
f 9385 9384 8813
f 9385 8813 9395
f 9314 9375 9396
f 9314 9396 9133
f 8787 9330 9165
f 8787 9165 8788
f 9281 8750 8749
f 9281 8749 9282
f 9185 9370 9371
f 9185 9371 9182
f 9112 8856 8859
f 9112 8859 9113
f 8780 8779 9167
f 8780 9167 9397
f 9398 9399 9400
f 9398 9400 9401
f 9256 9152 9155
f 9256 9155 9271
f 9153 9402 9270
f 9153 9270 9154
f 8871 9239 9241
f 8871 9241 8872
f 9171 9170 9376
f 9171 9376 9173
f 9147 9149 9274
f 9147 9274 9304
f 9403 9395 9404
f 9403 9404 9405
f 8796 9159 9162
f 8796 9162 8838
f 9322 8917 8870
f 9322 8870 8772
f 9359 8847 8850
f 9359 8850 9394
f 9335 9406 9399
f 9335 9399 9398
f 9313 9374 9375
f 9313 9375 9314
f 9250 9249 9152
f 9250 9152 9256
f 9246 9245 9402
f 9246 9402 9153
f 9407 8950 8952
f 9407 8952 9187
f 9345 9344 9408
f 9345 9408 8947
f 9409 9104 9106
f 9409 9106 9358
f 8728 9289 9288
f 8728 9288 8729
f 9005 9347 9392
f 9005 9392 8948
f 9339 9075 9077
f 9339 9077 9259
f 9410 9048 9051
f 9410 9051 9368
f 9371 9233 8943
f 9371 8943 9186
f 9411 8755 9254
f 9411 9254 9253
f 8872 9241 8798
f 8872 8798 8797
f 9412 9413 9397
f 9412 9397 9338
f 9347 9414 8983
f 9347 8983 9392
f 9199 9198 9231
f 9199 9231 9370
f 8780 9415 8732
f 8780 8732 8731
f 9195 9194 9331
f 9195 9331 9175
f 9168 9171 9172
f 9168 9172 9416
f 9251 9355 8962
f 9251 8962 8995
f 9249 9246 9153
f 9249 9153 9152
f 9417 9174 9346
f 9417 9346 9004
f 9327 9135 9138
f 9327 9138 9328
f 9386 9418 9419
f 9386 9419 9387
f 8831 9420 9421
f 8831 9421 9098
f 9140 9257 9236
f 9140 9236 9116
f 8725 8724 9339
f 8725 9339 9259
f 8768 9422 9423
f 8768 9423 8821
f 9333 9424 9190
f 9333 9190 9189
f 9352 9283 9323
f 9352 9323 9353
f 8903 8900 9243
f 8903 9243 9248
f 9008 9263 9266
f 9008 9266 9261
f 9113 8859 8715
f 9113 8715 8717
f 8878 9253 9255
f 8878 9255 9184
f 9212 9394 8930
f 9212 8930 9213
f 9425 9416 9172
f 9425 9172 9426
f 8966 9019 9263
f 8966 9263 9008
f 9427 9428 9429
f 9427 9429 9315
f 9176 9332 9430
f 9176 9430 9287
f 9431 9280 9283
f 9431 9283 9352
f 9432 9427 9315
f 9432 9315 9318
f 9261 9266 9391
f 9261 9391 9388
f 9184 9255 9295
f 9184 9295 9300
f 9030 9433 8955
f 9030 8955 9011
f 9045 9181 9301
f 9045 9301 9296
f 9161 9033 8826
f 9161 8826 8825
f 9131 9066 9215
f 9131 9215 9132
f 9126 9125 9280
f 9126 9280 9431
f 9098 9421 9428
f 9098 9428 9427
f 9300 9295 9021
f 9300 9021 9020
f 9123 9118 9121
f 9123 9121 9227
f 8778 9164 9365
f 8778 9365 8777
f 9091 9134 9128
f 9091 9128 8905
f 9296 9301 9257
f 9296 9257 9140
f 9073 8713 9434
f 9073 9434 9435
f 9138 9137 9343
f 9138 9343 9342
f 9388 9391 8991
f 9388 8991 8990
f 9287 9430 9038
f 9287 9038 9037
f 9426 9172 9174
f 9426 9174 9417
f 9158 8756 8755
f 9158 8755 9411
f 9076 9083 8817
f 9076 8817 8932
f 8948 9392 9031
f 8948 9031 8923
f 9424 9436 9437
f 9424 9437 9190
f 8999 8994 8980
f 8999 8980 9000
f 8710 8987 8994
f 8710 8994 8999
f 9211 9359 9394
f 9211 9394 9212
f 9305 8734 9062
f 9305 9062 9064
f 8770 8764 8763
f 8770 8763 8860
f 9318 9317 9234
f 9318 9234 9203
f 8939 9095 9354
f 8939 9354 8940
f 9190 9437 9433
f 9190 9433 9030
f 9393 9438 9202
f 9393 9202 9201
f 9437 9439 9440
f 9437 9440 9433
f 8898 8893 8896
f 8898 8896 8899
f 9000 8980 8982
f 9000 8982 9435
f 8947 9408 9086
f 8947 9086 8925
f 9441 9403 9405
f 9441 9405 9442
f 9209 9443 9444
f 9209 9444 9210
f 9387 9419 9438
f 9387 9438 9393
f 9435 8982 9074
f 9435 9074 9073
f 8902 8897 8900
f 8902 8900 8903
f 9368 9051 9079
f 9368 9079 9078
f 9050 9141 9144
f 9050 9144 9108
f 8714 8909 8912
f 8714 8912 9303
f 9133 9396 9003
f 9133 9003 9002
f 9150 9369 9443
f 9150 9443 9209
f 9353 9323 9042
f 9353 9042 9041
f 9151 9065 9066
f 9151 9066 9131
f 9085 9041 9044
f 9085 9044 9200
f 8830 9109 9420
f 8830 9420 8831
f 8891 8836 9061
f 8891 9061 9297
f 9381 8770 8860
f 9381 8860 9445
f 9425 9426 8776
f 9425 8776 8775
f 9446 9158 9411
f 9446 9411 8877
f 9115 9114 9418
f 9115 9418 9386
f 9083 9082 8818
f 9083 8818 8817
f 9340 9342 9345
f 9340 9345 9286
f 8735 9316 9315
f 8735 9315 8733
f 9447 9448 9449
f 9447 9449 9450
f 8724 9412 9338
f 8724 9338 9339
f 8794 9393 9201
f 8794 9201 8942
f 8888 8887 9451
f 8888 9451 9221
f 9117 9452 9366
f 9117 9366 8935
f 8977 8892 9298
f 8977 9298 8978
f 9372 9453 9017
f 9372 9017 9016
f 9319 8752 8741
f 9319 8741 8740
f 9058 9186 9145
f 9058 9145 9059
f 9116 9236 8996
f 9116 8996 9028
f 9354 9341 9285
f 9354 9285 9355
f 9090 9089 8965
f 9090 8965 8964
f 9099 9098 9427
f 9099 9427 9432
f 8984 9383 9385
f 8984 9385 8985
f 8869 8868 9379
f 8869 9379 9454
f 9454 9379 9380
f 9454 9380 9383
f 9001 9000 9435
f 9001 9435 9434
f 9334 9455 9406
f 9334 9406 9335
f 9088 9456 9372
f 9088 9372 9089
f 8785 8929 9115
f 8785 9115 8786
f 9457 9458 8801
f 9457 8801 8803
f 9458 9459 8781
f 9458 8781 8801
f 8896 8895 9455
f 8896 9455 9334
f 8958 8957 9456
f 8958 9456 9088
f 9027 9026 9452
f 9027 9452 9117
f 8786 9115 9386
f 8786 9386 8837
f 9460 8865 8972
f 9460 8972 9461
f 9397 9167 9205
f 9397 9205 9338
f 8942 9201 9204
f 8942 9204 9164
f 8922 8921 9462
f 8922 9462 9157
f 8969 8968 8862
f 8969 8862 9463
f 9032 9441 9442
f 9032 9442 9464
f 8921 9350 9351
f 8921 9351 9462
f 9465 9360 8843
f 9465 8843 8782
f 8867 9096 9293
f 8867 9293 8868
f 8767 9461 9422
f 8767 9422 8768
f 9286 9345 8947
f 9286 8947 8946
f 9463 8862 8865
f 9463 8865 9460
f 9031 8986 9441
f 9031 9441 9032
f 9433 9440 8956
f 9433 8956 8955
f 9321 9382 9374
f 9321 9374 9313
f 9414 9466 8984
f 9414 8984 8983
f 9401 9400 9467
f 9401 9467 9468
f 9384 9278 8814
f 9384 8814 8813
f 9053 9196 9199
f 9053 9199 9054
f 8920 9469 9350
f 8920 9350 8921
f 9395 8813 8816
f 9395 8816 9404
f 8734 8733 9294
f 8734 9294 9062
f 9378 9377 9466
f 9378 9466 9414
f 9445 8860 8861
f 9445 8861 8874
f 9221 9451 9348
f 9221 9348 9222
f 9355 9285 8963
f 9355 8963 8962
f 9288 9312 8845
f 9288 8845 8729
f 9346 9378 9414
f 9346 9414 9347
f 9245 9335 9398
f 9245 9398 9402
f 9054 9199 9370
f 9054 9370 9185
f 8823 9200 8919
f 8823 8919 8824
f 9380 9275 9278
f 9380 9278 9384
f 9208 8951 8736
f 9208 8736 8738
f 8970 8764 8769
f 8970 8769 9102
f 9397 9413 9415
f 9397 9415 8780
f 9444 8889 8892
f 9444 8892 8977
f 9436 9470 9439
f 9436 9439 9437
f 9064 8934 8937
f 9064 8937 9147
f 9369 9258 9238
f 9369 9238 9443
f 9468 9467 9471
f 9468 9471 9472
f 8986 8985 9403
f 8986 9403 9441
f 8713 9073 8909
f 8713 8909 8714
f 9084 9353 9041
f 9084 9041 9085
f 8842 8841 9126
f 8842 9126 9240
f 8876 8875 9158
f 8876 9158 9446
f 8800 8799 8857
f 8800 8857 8856
f 9303 8912 8867
f 9303 8867 8866
f 8899 8896 9334
f 8899 9334 9244
f 9108 9144 8913
f 9108 8913 9109
f 9456 9473 9453
f 9456 9453 9372
f 9094 9326 9329
f 9094 9329 9095
f 9174 9173 9378
f 9174 9378 9346
f 9071 9474 9475
f 9071 9475 9119
f 8791 9476 9279
f 8791 9279 9179
f 9167 9156 9163
f 9167 9163 9205
f 8985 9385 9395
f 8985 9395 9403
f 9375 9373 9381
f 9375 9381 9396
f 9070 9468 9474
f 9070 9474 9071
f 9426 9417 9361
f 9426 9361 8776
f 8766 9460 9461
f 8766 9461 8767
f 9215 9214 9139
f 9215 9139 9177
f 9477 9478 9448
f 9477 9448 9447
f 9119 9475 9363
f 9119 9363 9120
f 8927 9410 9368
f 8927 9368 8928
f 9200 9044 8920
f 9200 8920 8919
f 9059 9145 8840
f 9059 8840 8839
f 8747 9134 9479
f 8747 9479 9480
f 9396 9381 9445
f 9396 9445 9003
f 9106 9105 8848
f 9106 8848 8847
f 9461 8972 8975
f 9461 8975 9422
f 8880 9357 8716
f 8880 8716 8722
f 9049 9268 9141
f 9049 9141 9050
f 8790 9349 9476
f 8790 9476 8791
f 9481 9482 9483
f 9481 9483 9484
f 9402 9398 9401
f 9402 9401 9270
f 9419 8832 9099
f 9419 9099 9438
f 9429 9362 9206
f 9429 9206 9294
f 9484 9483 9485
f 9484 9485 8957
f 9438 9099 9432
f 9438 9432 9202
f 8755 8757 9273
f 8755 9273 9254
f 8968 8971 9486
f 8968 9486 9207
f 8882 8874 8876
f 8882 8876 8883
f 9466 9454 9383
f 9466 9383 8984
f 9003 9445 8874
f 9003 8874 8882
f 9291 9320 9312
f 9291 9312 9288
f 9428 9219 9362
f 9428 9362 9429
f 9082 9446 8877
f 9082 8877 8818
f 9377 8869 9454
f 9377 9454 9466
f 9376 8866 8869
f 9376 8869 9377
f 8711 8710 8999
f 8711 8999 8998
f 8957 9485 9473
f 8957 9473 9456
f 8759 8969 9463
f 8759 9463 8765
f 9202 9432 9318
f 9202 9318 9203
f 9452 9009 9262
f 9452 9262 9366
f 9422 8975 9057
f 9422 9057 9423
f 9270 9401 9468
f 9270 9468 9070
f 9325 8805 8808
f 9325 8808 9336
f 9026 8967 9009
f 9026 9009 9452
f 9170 9303 8866
f 9170 8866 9376
f 9315 9429 9294
f 9315 9294 8733
f 9487 9488 9489
f 9487 9489 9490
f 8811 9358 9359
f 8811 9359 9211
f 9114 9078 8829
f 9114 8829 9418
f 8883 8876 9446
f 8883 9446 9082
f 9310 9491 8886
f 9310 8886 8885
f 9023 9022 9067
f 9023 9067 8997
f 9025 8964 8967
f 9025 8967 9026
f 8993 8992 8833
f 8993 8833 8890
f 9366 9262 9389
f 9366 9389 9367
f 9240 9126 9431
f 9240 9431 9252
f 9420 8916 9216
f 9420 9216 9421
f 9109 8913 8916
f 9109 8916 9420
f 9459 9465 8782
f 9459 8782 8781
f 9417 9004 9007
f 9417 9007 9361
f 9490 9489 9482
f 9490 9482 9481
f 9418 8829 8832
f 9418 8832 9419
f 9044 9043 9469
f 9044 9469 8920
f 9035 9028 8805
f 9035 8805 9325
f 9252 9431 9352
f 9252 9352 9230
f 9210 9444 8977
f 9210 8977 8976
f 8765 9463 9460
f 8765 9460 8766
f 9043 8740 8739
f 9043 8739 9469
f 8851 9032 9464
f 8851 9464 8852
f 9443 9238 8889
f 9443 8889 9444
f 9421 9216 9219
f 9421 9219 9428
f 9051 9050 9108
f 9051 9108 9079
f 9367 9389 9258
f 9367 9258 9369
f 9469 8739 9092
f 9469 9092 9350
f 9472 9471 9478
f 9472 9478 9477
f 8812 8811 9211
f 8812 9211 8949
f 9303 9302 8712
f 9303 8712 8714
f 8877 9411 9253
f 8877 9253 8878
f 9072 9071 9119
f 9072 9119 9118
f 9276 9122 9123
f 9276 9123 9277
f 9492 9324 8742
f 8822 9493 8760
f 9494 9495 9496
f 9494 9496 9497
f 9498 9499 9500
f 9498 9500 9501
f 8835 8834 9502
f 8835 9502 9503
f 9225 9242 9504
f 9225 9504 9505
f 9086 9408 9506
f 9086 9506 9507
f 9343 9137 9508
f 9343 9508 9509
f 9137 9136 9510
f 9137 9510 9508
f 9265 9264 9511
f 9265 9511 9512
f 9478 9471 9513
f 9478 9513 9514
f 9455 8895 9515
f 9455 9515 9516
f 9448 9478 9514
f 9448 9514 9517
f 9471 9467 9518
f 9471 9518 9513
f 9018 9017 9519
f 9018 9519 9520
f 8894 9086 9507
f 8894 9507 9521
f 9473 9485 9522
f 9473 9522 9523
f 9453 9473 9523
f 9453 9523 9524
f 9060 8835 9503
f 9060 9503 9525
f 8895 8894 9521
f 8895 9521 9515
f 9485 9483 9526
f 9485 9526 9522
f 9449 9448 9517
f 9449 9517 9527
f 9017 9453 9524
f 9017 9524 9519
f 9467 9400 9528
f 9467 9528 9518
f 9406 9455 9516
f 9406 9516 9529
f 9489 9488 9530
f 9489 9530 9531
f 9400 9399 9532
f 9400 9532 9528
f 9483 9482 9533
f 9483 9533 9526
f 9408 9344 9534
f 9408 9534 9506
f 9399 9406 9529
f 9399 9529 9532
f 9344 9343 9509
f 9344 9509 9534
f 9482 9489 9531
f 9482 9531 9533
f 9242 9390 9535
f 9242 9535 9504
f 8834 9225 9505
f 8834 9505 9502
f 9390 9265 9512
f 9390 9512 9535
f 9264 9018 9520
f 9264 9520 9511
f 8810 9536 8811
f 9537 9165 9330
f 9165 9537 9538
f 9165 9538 9166
f 9191 9539 9536
f 9191 9536 8810
f 8811 9536 9409
f 8811 9409 9358
f 9330 8825 8828
f 9330 8828 9537
f 9540 9541 9542
f 9541 9543 9542
f 9541 9544 9543
f 9541 9545 9544
f 9541 9546 9545
f 9541 9547 9546
f 9541 9548 9547
f 9541 9549 9548
f 9541 9550 9549
f 9541 9551 9550
f 9541 9552 9551
f 9541 9553 9552
f 9541 9554 9553
f 9541 9555 9554
f 9541 9556 9555
f 9541 9557 9556
f 9541 9558 9557
f 9541 9559 9558
f 9541 9560 9559
f 9541 9561 9560
f 9541 9562 9561
f 9541 9563 9562
f 9541 9564 9563
f 9541 9565 9564
f 9541 9566 9565
f 9541 9567 9566
f 9541 9568 9567
f 9541 9569 9568
f 9541 9570 9569
f 9541 9571 9570
f 9541 9572 9571
f 9541 9540 9572
f 9573 9574 9575
f 9573 9575 9576
f 9577 9573 9576
f 9577 9576 9578
f 9579 9577 9578
f 9579 9578 9580
f 9581 9579 9580
f 9581 9580 9582
f 9583 9581 9582
f 9583 9582 9584
f 9585 9583 9584
f 9585 9584 9586
f 9587 9585 9586
f 9587 9586 9588
f 9589 9590 9591
f 9589 9591 9592
f 9593 9594 9595
f 9593 9595 9596
f 9597 9598 9599
f 9597 9599 9600
f 9601 9597 9600
f 9601 9600 9602
f 9603 9601 9602
f 9603 9602 9604
f 9605 9603 9604
f 9605 9604 9606
f 9607 9605 9606
f 9607 9606 9608
f 9609 9607 9608
f 9609 9608 9610
f 9611 9609 9610
f 9611 9610 9612
f 9613 9611 9612
f 9613 9612 9614
f 9615 9613 9614
f 9615 9614 9616
f 9617 9615 9616
f 9617 9616 9618
f 9619 9617 9618
f 9619 9618 9620
f 9621 9619 9620
f 9621 9620 9622
f 9623 9621 9622
f 9623 9622 9624
f 9625 9623 9624
f 9625 9624 9626
f 9627 9625 9626
f 9627 9626 9628
f 9629 9630 9631
f 9629 9631 9632
f 9633 9629 9632
f 9633 9632 9634
f 9635 9633 9634
f 9635 9634 9636
f 9637 9635 9636
f 9637 9636 9638
f 9639 9637 9638
f 9639 9638 9640
f 9641 9639 9640
f 9641 9640 9642
f 9643 9641 9642
f 9643 9642 9644
f 9574 9643 9644
f 9574 9644 9575
f 9645 9646 9647
f 9647 9646 9648
f 9648 9646 9649
f 9649 9646 9650
f 9650 9646 9651
f 9651 9646 9652
f 9652 9646 9653
f 9653 9646 9654
f 9654 9646 9655
f 9655 9646 9656
f 9656 9646 9657
f 9657 9646 9658
f 9658 9646 9659
f 9659 9646 9660
f 9660 9646 9661
f 9661 9646 9662
f 9662 9646 9663
f 9663 9646 9664
f 9664 9646 9665
f 9665 9646 9666
f 9666 9646 9667
f 9667 9646 9668
f 9668 9646 9669
f 9669 9646 9670
f 9670 9646 9671
f 9671 9646 9672
f 9672 9646 9673
f 9673 9646 9674
f 9674 9646 9675
f 9675 9646 9676
f 9676 9646 9677
f 9677 9646 9645
f 9678 9679 9680
f 9678 9680 9681
f 9682 9683 9684
f 9682 9684 9685
f 9686 9687 9688
f 9686 9688 9689
f 9690 9691 9692
f 9690 9692 9693
f 9691 9694 9695
f 9691 9695 9692
f 9696 9697 9698
f 9696 9698 9699
f 9700 9701 9702
f 9700 9702 9703
f 9704 9705 9706
f 9704 9706 9707
f 9708 9700 9703
f 9708 9703 9709
f 9701 9710 9711
f 9701 9711 9702
f 9712 9713 9714
f 9712 9714 9715
f 9716 9686 9689
f 9716 9689 9717
f 9718 9719 9720
f 9718 9720 9721
f 9722 9718 9721
f 9722 9721 9723
f 9694 9678 9681
f 9694 9681 9695
f 9705 9716 9717
f 9705 9717 9706
f 9719 9724 9725
f 9719 9725 9720
f 9726 9708 9709
f 9726 9709 9727
f 9713 9722 9723
f 9713 9723 9714
f 9710 9728 9729
f 9710 9729 9711
f 9730 9704 9707
f 9730 9707 9731
f 9732 9726 9727
f 9732 9727 9733
f 9728 9734 9735
f 9728 9735 9729
f 9724 9736 9737
f 9724 9737 9725
f 9687 9738 9739
f 9687 9739 9688
f 9734 9730 9731
f 9734 9731 9735
f 9738 9690 9693
f 9738 9693 9739
f 9736 9732 9733
f 9736 9733 9737
f 9683 9740 9741
f 9683 9741 9684
f 9679 9682 9685
f 9679 9685 9680
f 9740 9696 9699
f 9740 9699 9741
f 9697 9712 9715
f 9697 9715 9698
f 9742 9743 9744
f 9742 9744 9745
f 9744 9743 9746
f 9744 9746 9747
f 9748 9749 9750
f 9748 9750 9751
f 9752 9749 9748
f 9752 9748 9753
f 9754 9755 9756
f 9755 9757 9756
f 9758 9759 9760
f 9758 9760 9761
f 9762 9763 9764
f 9762 9764 9765
f 9766 9767 9763
f 9766 9763 9762
f 9768 9769 9770
f 9768 9770 9771
f 9772 9769 9768
f 9772 9768 9773
f 9770 9769 9774
f 9769 9775 9774
f 9769 9776 9775
f 9769 9777 9776
f 9769 9778 9777
f 9769 9779 9778
f 9769 9780 9779
f 9769 9781 9780
f 9769 9782 9781
f 9769 9783 9782
f 9769 9784 9783
f 9769 9785 9784
f 9769 9786 9785
f 9769 9787 9786
f 9769 9788 9787
f 9769 9772 9788
f 9789 9790 9791
f 9789 9791 9792
f 9792 9791 9793
f 9792 9793 9794
f 9795 9789 9792
f 9795 9792 9796
f 9796 9792 9794
f 9796 9794 9797
f 9798 9799 9800
f 9798 9800 9801
f 9801 9800 9802
f 9801 9802 9803
f 9798 9801 9791
f 9798 9791 9790
f 9803 9793 9791
f 9803 9791 9801
f 9804 9805 9806
f 9804 9806 9807
f 9807 9806 9808
f 9807 9808 9809
f 9810 9811 9812
f 9810 9812 9813
f 9813 9812 9814
f 9813 9814 9815
f 9799 9804 9807
f 9799 9807 9800
f 9802 9800 9807
f 9802 9807 9809
f 9811 9808 9806
f 9811 9806 9812
f 9805 9814 9812
f 9805 9812 9806
f 9816 9817 9813
f 9816 9813 9815
f 9810 9813 9817
f 9810 9817 9818
f 9819 9820 9821
f 9819 9821 9822
f 9822 9821 9823
f 9822 9823 9824
f 9825 9818 9817
f 9825 9817 9826
f 9827 9826 9817
f 9827 9817 9816
f 9828 9829 9830
f 9828 9830 9831
f 9832 9831 9830
f 9832 9830 9833
f 9834 9835 9836
f 9834 9836 9837
f 9838 9834 9837
f 9838 9837 9839
f 9840 9833 9830
f 9840 9830 9841
f 9829 9842 9841
f 9829 9841 9830
f 9843 9844 9845
f 9843 9845 9846
f 9847 9845 9844
f 9847 9844 9848
f 9849 9850 9851
f 9849 9851 9852
f 9853 9852 9851
f 9853 9851 9854
f 9841 9842 9846
f 9841 9846 9845
f 9840 9841 9845
f 9840 9845 9847
f 9851 9850 9848
f 9851 9848 9844
f 9854 9851 9844
f 9854 9844 9843
f 9855 9856 9857
f 9855 9857 9858
f 9859 9860 9857
f 9859 9857 9856
f 9861 9862 9863
f 9861 9863 9864
f 9865 9861 9864
f 9865 9864 9866
f 9864 9863 9858
f 9864 9858 9857
f 9866 9864 9857
f 9866 9857 9860
f 9763 9867 9868
f 9763 9868 9764
f 9869 9748 9751
f 9869 9751 9870
f 9767 9871 9867
f 9767 9867 9763
f 9872 9753 9748
f 9872 9748 9869
f 9755 9873 9757
f 9874 9875 9876
f 9877 9878 9879
f 9880 9758 9761
f 9881 9760 9759
f 9881 9882 9760
f 9883 9754 9756
f 9884 9883 9756
f 9885 9886 9887
f 9885 9887 9888
f 9889 9890 9888
f 9889 9888 9887
f 9891 9892 9759
f 9892 9881 9759
f 9883 9893 9754
f 9893 9894 9754
f 9886 9895 9896
f 9886 9896 9887
f 9895 9745 9744
f 9895 9744 9896
f 9747 9897 9896
f 9747 9896 9744
f 9897 9889 9887
f 9897 9887 9896
f 9898 9899 9900
f 9901 9899 9898
f 9902 9903 9904
f 9902 9904 9905
f 9906 9907 9908
f 9906 9908 9909
f 9907 9906 9910
f 9907 9910 9911
f 9905 9904 9912
f 9913 9914 9915
f 9915 9916 9913
f 9912 9904 9913
f 9912 9913 9916
f 9917 9918 9919
f 9917 9919 9920
f 9921 9919 9918
f 9919 9921 9922
f 9923 9917 9920
f 9924 9925 9926
f 9924 9926 9927
f 9927 9928 9929
f 9927 9929 9924
f 9930 9923 9920
f 9930 9920 9931
f 9932 9933 9934
f 9933 9935 9934
f 9936 9937 9938
f 9936 9938 9939
f 9940 9941 9942
f 9940 9942 9943
f 9944 9945 9946
f 9945 9944 9941
f 9945 9941 9940
f 9943 9942 9937
f 9943 9937 9936
f 9947 9948 9939
f 9947 9939 9938
f 9949 9950 9951
f 9949 9951 9952
f 9953 9954 9955
f 9953 9955 9956
f 9957 9958 9959
f 9957 9959 9960
f 9960 9959 9961
f 9956 9955 9958
f 9956 9958 9957
f 9952 9951 9954
f 9952 9954 9953
f 9962 9963 9964
f 9962 9964 9965
f 9962 9965 9966
f 9962 9966 9967
f 9963 9968 9969
f 9963 9969 9964
f 9937 9970 9971
f 9937 9971 9938
f 9941 9972 9973
f 9941 9973 9942
f 9946 9974 9975
f 9946 9975 9944
f 9944 9975 9972
f 9944 9972 9941
f 9942 9973 9970
f 9942 9970 9937
f 9976 9947 9938
f 9976 9938 9971
f 9946 9977 9978
f 9946 9978 9974
f 9979 9978 9977
f 9979 9977 9980
f 9981 9982 9967
f 9981 9967 9966
f 9983 9984 9982
f 9983 9982 9981
f 9979 9980 9984
f 9979 9984 9983
f 9968 9985 9986
f 9968 9986 9969
f 9986 9985 9987
f 9986 9987 9988
f 9988 9987 9989
f 9988 9989 9990
f 9991 9990 9989
f 9991 9989 9992
f 9993 9994 9995
f 9993 9995 9996
f 9997 9998 9999
f 9997 9999 10000
f 9996 9995 10001
f 9996 10001 10002
f 10002 10001 10003
f 10002 10003 10004
f 10004 10003 9998
f 10004 9998 9997
f 9999 10005 10006
f 9999 10006 10000
f 10005 9991 9992
f 10005 9992 10006
f 10007 10008 10009
f 10007 10009 10010
f 10011 10012 10008
f 10011 10008 10007
f 10013 10014 10015
f 10013 10015 10016
f 10017 10013 10016
f 10017 10016 10018
f 10019 10017 10018
f 10019 10018 10020
f 10014 10012 10011
f 10014 10011 10015
f 10021 10019 10020
f 10021 10020 10022
f 10010 10009 10023
f 10010 10023 10024
f 10025 10024 10023
f 10025 10023 10026
f 10027 10025 10026
f 10027 10026 10028
f 10029 10030 10027
f 10029 10027 10028
f 10031 10032 10033
f 10031 10033 10034
f 10032 10035 10036
f 10032 10036 10033
f 10035 10037 10038
f 10035 10038 10036
f 10031 10034 10039
f 10031 10039 10040
f 9961 10041 10040
f 9961 10040 10039
f 9951 9950 10042
f 9951 10042 10043
f 9955 9954 10044
f 9955 10044 10045
f 9959 9958 10046
f 9959 10046 10047
f 9961 9959 10047
f 9961 10047 10041
f 9958 9955 10045
f 9958 10045 10046
f 9954 9951 10043
f 9954 10043 10044
f 10048 10049 10030
f 10048 10030 10029
f 10050 10038 10037
f 10050 10037 10051
f 10050 10051 10049
f 10050 10049 10048
f 10052 10053 10054
f 10052 10054 10055
f 10056 10057 10058
f 10056 10058 10059
f 10060 10061 10062
f 10060 10062 10063
f 10064 10065 10066
f 10064 10066 10067
f 10068 10069 10070
f 10071 10072 10073
f 10071 10070 10069
f 10071 10069 10072
f 10074 10075 10076
f 10077 10078 10079
f 10077 10074 10076
f 10077 10076 10078
f 10080 10081 10082
f 10080 10082 10083
f 10084 10078 10076
f 10084 10076 10085
f 10086 10087 10088
f 10086 10088 10089
f 10069 10090 10091
f 10069 10091 10072
f 10092 10093 10094
f 10092 10094 10095
f 10096 10097 10098
f 10096 10098 10099
f 10100 10101 10102
f 10100 10102 10103
f 10104 10105 10106
f 10104 10106 10107
f 10108 10109 10110
f 10108 10110 10111
f 10112 10113 10114
f 10112 10114 10115
f 10116 10117 10118
f 10119 10120 10121
f 10116 10119 10121
f 10116 10121 10117
f 10122 10123 10124
f 10125 10126 10127
f 10125 10122 10124
f 10125 10124 10126
f 10128 10129 10130
f 10128 10130 10131
f 10132 10133 10134
f 10132 10134 10135
f 10136 10137 10138
f 10136 10138 10139
f 10140 10141 10142
f 10140 10142 10143
f 10144 10145 10146
f 10144 10146 10147
f 10148 10149 10150
f 10148 10150 10151
f 10152 10153 10154
f 10152 10154 10155
f 10156 10157 10158
f 10156 10158 10159
f 10160 10161 10162
f 10160 10162 10163
f 10164 10165 10166
f 10167 10168 10169
f 10164 10166 10168
f 10164 10168 10167
f 10170 10171 10172
f 10173 10174 10175
f 10173 10175 10171
f 10173 10171 10170
f 10176 10177 10178
f 10176 10178 10179
f 10180 10181 10182
f 10180 10182 10183
f 10184 10185 10186
f 10184 10186 10187
f 10188 10189 10190
f 10188 10190 10191
f 10192 10193 10194
f 10192 10194 10195
f 10196 10197 10198
f 10196 10198 10199
f 10200 10201 10202
f 10200 10202 10203
f 10204 10205 10206
f 10204 10206 10207
f 10208 10209 10210
f 10208 10210 10211
f 10212 10207 10206
f 10212 10206 10213
f 10212 10214 10207
f 10213 10206 10215
f 10216 10197 10196
f 10216 10196 10217
f 10216 10218 10197
f 10219 10217 10196
f 10220 10221 10222
f 10220 10222 10223
f 10224 10225 10226
f 10224 10226 10227
f 10228 10229 10230
f 10228 10230 10231
f 10232 10233 10234
f 10232 10234 10235
f 10236 10237 10238
f 10236 10238 10239
f 10237 10236 10240
f 10237 10240 10241
f 10242 10243 10244
f 10242 10244 10245
f 10246 10247 10248
f 10246 10248 10249
f 10250 10251 10252
f 10250 10252 10253
f 10254 10255 10256
f 10254 10256 10257
f 10258 10259 10260
f 10258 10260 10261
f 10261 10262 10263
f 10261 10263 10258
f 10264 10265 10266
f 10264 10266 10267
f 10268 10269 10270
f 10268 10270 10271
f 10272 10273 10274
f 10272 10274 10275
f 10275 10276 10277
f 10275 10277 10272
f 10278 10279 10280
f 10278 10280 10281
f 10282 10283 10284
f 10282 10284 10285
f 10286 10287 10288
f 10286 10288 10289
f 10290 10291 10292
f 10290 10292 10293
f 10294 10295 10296
f 10294 10296 10297
f 10295 10294 10298
f 10295 10298 10299
f 10300 10301 10302
f 10300 10302 10303
f 10304 10305 10306
f 10304 10306 10307
f 10308 10309 10310
f 10308 10310 10311
f 10311 10310 10312
f 10311 10312 10313
f 10313 10312 10314
f 10313 10314 10315
f 10315 10314 10316
f 10315 10316 10317
f 10317 10316 10318
f 10317 10318 10319
f 10319 10318 10320
f 10319 10320 10321
f 10321 10320 10322
f 10321 10322 10323
f 10323 10322 10324
f 10323 10324 10325
f 10326 10327 10328
f 10326 10328 10329
f 10329 10328 10330
f 10329 10330 10331
f 10331 10330 10332
f 10331 10332 10333
f 10333 10332 10334
f 10333 10334 10335
f 10335 10334 10336
f 10335 10336 10337
f 10337 10336 10338
f 10337 10338 10339
f 10339 10338 10340
f 10339 10340 10341
f 10341 10340 10342
f 10341 10342 10343
f 10343 10342 10344
f 10343 10344 10345
f 10345 10344 10346
f 10345 10346 10347
f 10347 10346 10348
f 10347 10348 10349
f 10349 10348 10350
f 10349 10350 10351
f 10351 10350 10352
f 10351 10352 10353
f 10353 10352 10354
f 10353 10354 10355
f 10355 10354 10356
f 10355 10356 10357
f 10357 10356 10358
f 10357 10358 10359
f 10360 10361 10362
f 10360 10362 10363
f 10363 10362 10364
f 10363 10364 10365
f 10365 10364 10366
f 10365 10366 10367
f 10367 10366 10368
f 10367 10368 10369
f 10369 10368 10370
f 10369 10370 10371
f 10371 10370 10372
f 10371 10372 10373
f 10373 10372 10374
f 10373 10374 10375
f 10309 10308 10375
f 10309 10375 10374
f 10375 10308 10376
f 10375 10376 10377
f 10373 10375 10377
f 10373 10377 10378
f 10371 10373 10378
f 10371 10378 10379
f 10369 10371 10379
f 10369 10379 10380
f 10367 10369 10380
f 10367 10380 10381
f 10365 10367 10381
f 10365 10381 10382
f 10363 10365 10382
f 10363 10382 10383
f 10360 10363 10383
f 10360 10383 10384
f 10357 10359 10385
f 10357 10385 10386
f 10355 10357 10386
f 10355 10386 10387
f 10353 10355 10387
f 10353 10387 10388
f 10351 10353 10388
f 10351 10388 10389
f 10349 10351 10389
f 10349 10389 10390
f 10347 10349 10390
f 10347 10390 10391
f 10345 10347 10391
f 10345 10391 10392
f 10343 10345 10392
f 10343 10392 10393
f 10341 10343 10393
f 10341 10393 10394
f 10339 10341 10394
f 10339 10394 10395
f 10396 10339 10395
f 10396 10395 10397
f 10398 10396 10397
f 10398 10397 10399
f 10400 10398 10399
f 10400 10399 10401
f 10402 10400 10401
f 10402 10401 10403
f 10404 10402 10403
f 10404 10403 10405
f 10406 10404 10405
f 10406 10405 10407
f 10408 10409 10410
f 10408 10410 10411
f 10412 10408 10411
f 10412 10411 10413
f 10414 10412 10413
f 10414 10413 10415
f 10416 10414 10415
f 10416 10415 10417
f 10418 10416 10417
f 10418 10417 10419
f 10313 10418 10419
f 10313 10419 10420
f 10311 10313 10420
f 10311 10420 10421
f 10308 10311 10421
f 10308 10421 10376
o Object_11
usemtl DefaultWhite_vario_5stv5_png
v -252.49021 -4.71100 -4.71649
v -252.49021 -4.49830 -5.22928
v -252.35770 -4.26310 -4.99401
v -252.35770 -4.37830 -4.71649
v -252.31140 -3.98560 -4.71649
v -252.35770 -3.98560 -5.10921
v -252.49021 -3.98560 -5.44190
v -252.49021 -3.47260 -5.22928
v -252.35770 -3.70780 -4.99401
v -252.35770 -3.59300 -4.71649
v -252.49021 -3.26020 -4.71649
v -252.49021 -3.47260 -4.20351
v -252.35770 -3.70780 -4.43878
v -252.35770 -3.98560 -4.32391
v -252.49021 -3.98560 -3.99122
v -252.49021 -4.49830 -4.20351
v -252.35770 -4.26310 -4.43878
v -252.49021 -13.92740 -4.20351
v -252.49021 -14.13980 -4.71649
v -252.35770 -13.80700 -4.71649
v -252.35770 -13.69220 -4.43878
v -252.31140 -13.41440 -4.71649
v -252.35770 -13.41440 -4.32391
v -252.49021 -13.41440 -3.99122
v -252.49021 -12.90170 -4.20351
v -252.35770 -13.13690 -4.43878
v -252.35770 -13.02170 -4.71649
v -252.49021 -12.68900 -4.71649
v -252.49021 -12.90170 -5.22928
v -252.35770 -13.13690 -4.99401
v -252.35770 -13.41440 -5.10921
v -252.49021 -13.41440 -5.44190
v -252.49021 -13.92740 -5.22928
v -252.35770 -13.69220 -4.99401
v -252.49021 -14.13980 4.71249
v -252.49021 -13.92740 4.19950
v -252.35770 -13.69220 4.43468
v -252.35770 -13.80700 4.71249
v -252.31140 -13.41440 4.71249
v -252.35770 -13.41440 4.32000
v -252.49021 -13.41440 3.98712
v -252.49021 -12.90170 4.19950
v -252.35770 -13.13690 4.43468
v -252.35770 -13.02170 4.71249
v -252.49021 -12.68900 4.71249
v -252.49021 -12.90170 5.22518
v -252.35770 -13.13690 4.99010
v -252.35770 -13.41440 5.10521
v -252.49021 -13.41440 5.43790
v -252.49021 -13.92740 5.22518
v -252.35770 -13.69220 4.99010
v -252.49021 -4.49830 5.22542
v -252.49021 -4.71100 4.71268
v -252.35770 -4.37830 4.71268
v -252.35770 -4.26310 4.99020
v -252.31140 -3.98560 4.71268
v -252.35770 -3.98560 5.10521
v -252.49021 -3.98560 5.43809
v -252.49021 -3.47260 5.22542
v -252.35770 -3.70780 4.99020
v -252.35770 -3.59300 4.71268
v -252.49021 -3.26020 4.71268
v -252.49021 -3.47260 4.19970
v -252.35770 -3.70780 4.43521
v -252.35770 -3.98560 4.32010
v -252.49021 -3.98560 3.98722
v -252.49021 -4.49830 4.19970
v -252.35770 -4.26310 4.43521
v -252.49021 -13.92740 -5.22928
v -252.49021 -14.13980 -4.71649
v -252.79651 -14.13980 -4.71649
v -252.79651 -13.92740 -5.22928
v -252.49021 -4.49830 4.19970
v -252.49021 -4.71100 4.71268
v -252.79651 -4.71100 4.71268
v -252.79651 -4.49830 4.19970
v -252.49021 -13.92740 4.19950
v -252.49021 -14.13980 4.71249
v -252.79651 -14.13980 4.71249
v -252.79651 -13.92740 4.19950
v -252.49021 -4.49830 5.22542
v -252.49021 -3.98560 5.43809
v -252.79651 -3.98560 5.43809
v -252.79651 -4.49830 5.22542
v -252.49021 -3.26020 4.71268
v -252.49021 -3.47260 4.19970
v -252.79651 -3.47260 4.19970
v -252.79651 -3.26020 4.71268
v -252.49021 -4.71100 4.71268
v -252.49021 -4.49830 5.22542
v -252.79651 -4.49830 5.22542
v -252.79651 -4.71100 4.71268
v -252.49021 -3.47260 -5.22928
v -252.49021 -3.98560 -5.44190
v -252.79651 -3.98560 -5.44190
v -252.79651 -3.47260 -5.22928
v -252.49021 -3.98560 5.43809
v -252.49021 -3.47260 5.22542
v -252.79651 -3.47260 5.22542
v -252.79651 -3.98560 5.43809
v -252.49021 -14.13980 -4.71649
v -252.49021 -13.92740 -4.20351
v -252.79651 -13.92740 -4.20351
v -252.79651 -14.13980 -4.71649
v -252.49021 -12.90170 -5.22928
v -252.49021 -13.41440 -5.44190
v -252.79651 -13.41440 -5.44190
v -252.79651 -12.90170 -5.22928
v -252.49021 -13.41440 3.98712
v -252.49021 -13.92740 4.19950
v -252.79651 -13.92740 4.19950
v -252.79651 -13.41440 3.98712
v -252.49021 -13.41440 5.43790
v -252.49021 -12.90170 5.22518
v -252.79651 -12.90170 5.22518
v -252.79651 -13.41440 5.43790
v -252.49021 -13.92740 -4.20351
v -252.49021 -13.41440 -3.99122
v -252.79651 -13.41440 -3.99122
v -252.79651 -13.92740 -4.20351
v -252.49021 -13.41440 -5.44190
v -252.49021 -13.92740 -5.22928
v -252.79651 -13.92740 -5.22928
v -252.79651 -13.41440 -5.44190
v -252.49021 -3.26020 -4.71649
v -252.49021 -3.47260 -5.22928
v -252.79651 -3.47260 -5.22928
v -252.79651 -3.26020 -4.71649
v -252.49021 -3.98560 3.98722
v -252.49021 -4.49830 4.19970
v -252.79651 -4.49830 4.19970
v -252.79651 -3.98560 3.98722
v -252.49021 -3.47260 4.19970
v -252.49021 -3.98560 3.98722
v -252.79651 -3.98560 3.98722
v -252.79651 -3.47260 4.19970
v -252.49021 -13.92740 5.22518
v -252.49021 -13.41440 5.43790
v -252.79651 -13.41440 5.43790
v -252.79651 -13.92740 5.22518
v -252.49021 -12.68900 -4.71649
v -252.49021 -12.90170 -5.22928
v -252.79651 -12.90170 -5.22928
v -252.79651 -12.68900 -4.71649
v -252.49021 -3.98560 -3.99122
v -252.49021 -3.47260 -4.20351
v -252.79651 -3.47260 -4.20351
v -252.79651 -3.98560 -3.99122
v -252.49021 -12.90170 5.22518
v -252.49021 -12.68900 4.71249
v -252.79651 -12.68900 4.71249
v -252.79651 -12.90170 5.22518
v -252.49021 -4.49830 -5.22928
v -252.49021 -4.71100 -4.71649
v -252.79651 -4.71100 -4.71649
v -252.79651 -4.49830 -5.22928
v -252.49021 -12.90170 4.19950
v -252.49021 -13.41440 3.98712
v -252.79651 -13.41440 3.98712
v -252.79651 -12.90170 4.19950
v -252.49021 -4.71100 -4.71649
v -252.49021 -4.49830 -4.20351
v -252.79651 -4.49830 -4.20351
v -252.79651 -4.71100 -4.71649
v -252.49021 -14.13980 4.71249
v -252.49021 -13.92740 5.22518
v -252.79651 -13.92740 5.22518
v -252.79651 -14.13980 4.71249
v -252.49021 -13.41440 -3.99122
v -252.49021 -12.90170 -4.20351
v -252.79651 -12.90170 -4.20351
v -252.79651 -13.41440 -3.99122
v -252.49021 -3.47260 -4.20351
v -252.49021 -3.26020 -4.71649
v -252.79651 -3.26020 -4.71649
v -252.79651 -3.47260 -4.20351
v -252.49021 -3.47260 5.22542
v -252.49021 -3.26020 4.71268
v -252.79651 -3.26020 4.71268
v -252.79651 -3.47260 5.22542
v -252.49021 -4.49830 -4.20351
v -252.49021 -3.98560 -3.99122
v -252.79651 -3.98560 -3.99122
v -252.79651 -4.49830 -4.20351
v -252.49021 -3.98560 -5.44190
v -252.49021 -4.49830 -5.22928
v -252.79651 -4.49830 -5.22928
v -252.79651 -3.98560 -5.44190
v -252.49021 -12.68900 4.71249
v -252.49021 -12.90170 4.19950
v -252.79651 -12.90170 4.19950
v -252.79651 -12.68900 4.71249
v -252.49021 -12.90170 -4.20351
v -252.49021 -12.68900 -4.71649
v -252.79651 -12.68900 -4.71649
v -252.79651 -12.90170 -4.20351
v -252.24640 -8.58100 -0.42868
v -252.24640 -8.58100 5.30210
v -252.24640 -8.81900 5.30210
v -252.24640 -8.81900 -0.42868
v -252.24640 -8.81900 -0.42868
v -252.33481 -8.81900 -0.42868
v -252.33481 -8.58100 -0.42868
v -252.24640 -8.81900 -0.42868
v -252.24640 -8.81900 5.30210
v -252.33481 -8.81900 5.30210
v -252.33481 -8.81900 -0.42868
v -252.24640 -8.81900 5.30210
v -252.33481 -8.58100 5.30210
v -252.33481 -8.81900 5.30210
v -252.24640 -8.58100 5.30210
v -252.24640 -8.58100 -0.42868
v -252.33481 -8.58100 -0.42868
v -252.33481 -8.58100 5.30210
v -252.34950 -5.05480 3.64518
v -252.34950 -3.93720 -1.97282
v -252.34950 -3.54480 0.00000
v -252.34950 -3.93720 1.97282
v -252.34950 -5.05480 -3.64542
v -252.34950 -6.72720 4.76279
v -252.34950 -8.70000 5.15518
v -252.34950 -6.72720 -4.76279
v -252.34950 -10.67280 4.76279
v -252.34950 -8.70000 -5.15518
v -252.34950 -12.34520 3.64518
v -252.34950 -10.67280 -4.76279
v -252.34950 -13.46280 1.97282
v -252.34950 -12.34520 -3.64542
v -252.34950 -13.85520 0.00000
v -252.34950 -13.46280 -1.97282
v -251.36411 -3.47880 -2.16260
v -251.36411 -4.00110 -3.13969
v -251.36411 -3.88460 -3.21751
v -251.36411 -3.34940 -2.21629
v -251.36411 -3.04870 0.00000
v -251.36411 -3.15730 -1.10259
v -251.36411 -3.01990 -1.12982
v -251.36411 -2.90860 0.00000
v -251.36411 -3.47880 2.16260
v -251.36411 -3.15730 1.10259
v -251.36411 -3.01990 1.12982
v -251.36411 -3.34940 2.21629
v -251.36411 -4.70390 3.99609
v -251.36411 -4.00110 3.13969
v -251.36411 -3.88460 3.21751
v -251.36411 -4.60490 4.09508
v -251.36411 -6.53740 5.22122
v -251.36411 -5.56030 4.69890
v -251.36411 -5.48250 4.81539
v -251.36411 -6.48370 5.35059
v -251.36411 -8.70000 5.65128
v -251.36411 -7.59740 5.54271
v -251.36411 -7.57020 5.68008
v -251.36411 -8.70000 5.79138
v -251.36411 -10.86260 5.22122
v -251.36411 -9.80260 5.54271
v -251.36411 -9.82980 5.68008
v -251.36411 -10.91630 5.35059
v -251.36411 -12.69610 3.99609
v -251.36411 -11.83970 4.69890
v -251.36411 -11.91750 4.81539
v -251.36411 -12.79510 4.09508
v -251.36411 -13.92120 2.16260
v -251.36411 -13.39890 3.13969
v -251.36411 -13.51540 3.21751
v -251.36411 -14.05060 2.21629
v -251.36411 -14.35130 0.00000
v -251.36411 -14.24270 1.10259
v -251.36411 -14.38010 1.12982
v -251.36411 -14.49140 0.00000
v -251.36411 -13.92120 -2.16260
v -251.36411 -14.24270 -1.10259
v -251.36411 -14.38010 -1.12982
v -251.36411 -14.05060 -2.21629
v -251.36411 -12.69610 -3.99609
v -251.36411 -13.39890 -3.13969
v -251.36411 -13.51540 -3.21751
v -251.36411 -12.79510 -4.09508
v -251.36411 -10.86260 -5.22122
v -251.36411 -11.83970 -4.69890
v -251.36411 -11.91750 -4.81539
v -251.36411 -10.91630 -5.35059
v -251.36411 -8.70000 -5.65128
v -251.36411 -9.80260 -5.54271
v -251.36411 -9.82980 -5.68008
v -251.36411 -8.70000 -5.79138
v -251.36411 -6.53740 -5.22122
v -251.36411 -7.59740 -5.54271
v -251.36411 -7.57020 -5.68008
v -251.36411 -6.48370 -5.35059
v -251.36411 -4.70390 -3.99609
v -251.36411 -5.56030 -4.69890
v -251.36411 -5.48250 -4.81539
v -251.36411 -4.60490 -4.09508
v -251.36411 -3.08490 0.36750
v -251.36411 -3.12100 0.73500
v -251.36411 -3.26450 -1.45588
v -251.36411 -3.37160 -1.80931
v -251.36411 -4.23530 -3.42522
v -251.36411 -4.46970 -3.71060
v -251.36411 -5.88590 -4.87299
v -251.36411 -6.21170 -5.04699
v -251.36411 -7.96500 -5.57899
v -251.36411 -8.33250 -5.61509
v -251.36411 -10.15590 -5.43551
v -251.36411 -10.50930 -5.32842
v -251.36411 -12.12520 -4.46472
v -251.36411 -12.41060 -4.23031
v -251.36411 -13.57300 -2.81410
v -251.36411 -13.74700 -2.48828
v -251.36411 -14.27900 -0.73500
v -251.36411 -14.31510 -0.36750
v -251.36411 -14.13550 1.45588
v -251.36411 -14.02840 1.80931
v -251.36411 -13.16470 3.42522
v -251.36411 -12.93030 3.71060
v -251.36411 -11.51410 4.87299
v -251.36411 -11.18830 5.04699
v -251.36411 -9.43500 5.57899
v -251.36411 -9.06750 5.61509
v -251.36411 -7.24410 5.43551
v -251.36411 -6.89070 5.32842
v -251.36411 -5.27480 4.46472
v -251.36411 -4.98940 4.23031
v -251.36411 -3.82700 2.81410
v -251.36411 -3.65300 2.48828
v -251.36411 -4.08460 -3.08390
v -251.36411 -3.57160 -2.12421
v -251.36411 -3.25580 -1.08299
v -251.36411 -3.14910 0.00000
v -251.36411 -3.25580 1.08299
v -251.36411 -3.57160 2.12421
v -251.36411 -4.08460 3.08390
v -251.36411 -4.77490 3.92509
v -251.36411 -5.61610 4.61540
v -251.36411 -6.57580 5.12838
v -251.36411 -7.61700 5.44419
v -251.36411 -8.70000 5.55091
v -251.36411 -9.78300 5.44419
v -251.36411 -10.82420 5.12838
v -251.36411 -11.78390 4.61540
v -251.36411 -12.62510 3.92509
v -251.36411 -13.31540 3.08390
v -251.36411 -13.82840 2.12421
v -251.36411 -14.14420 1.08299
v -251.36411 -14.25090 0.00000
v -251.36411 -14.14420 -1.08299
v -251.36411 -13.82840 -2.12421
v -251.36411 -13.31540 -3.08390
v -251.36411 -12.62510 -3.92509
v -251.36411 -11.78390 -4.61540
v -251.36411 -10.82420 -5.12838
v -251.36411 -9.78300 -5.44419
v -251.36411 -8.70000 -5.55091
v -251.36411 -7.61700 -5.44419
v -251.36411 -6.57580 -5.12838
v -251.36411 -4.77490 -3.92509
v -251.36411 -5.61610 -4.61540
v -251.36411 -3.22020 0.72188
v -251.36411 -3.18470 0.36092
v -251.36411 -3.36110 -1.42999
v -251.36411 -3.46640 -1.77722
v -251.36411 -4.31480 -3.36428
v -251.36411 -4.54490 -3.64470
v -251.36411 -5.93590 -4.78640
v -251.36411 -6.25590 -4.95739
v -251.36411 -7.97800 -5.47981
v -251.36411 -8.33910 -5.51529
v -251.36411 -10.13000 -5.33891
v -251.36411 -10.47720 -5.23362
v -251.36411 -12.34470 -4.15511
v -251.36411 -12.06430 -4.38519
v -251.36411 -13.65740 -2.44408
v -251.36411 -13.48640 -2.76408
v -251.36411 -14.21530 -0.36092
v -251.36411 -14.17980 -0.72198
v -251.36411 -13.93360 1.77722
v -251.36411 -14.03890 1.42999
v -251.36411 -12.85510 3.64470
v -251.36411 -13.08520 3.36428
v -251.36411 -11.14410 4.95739
v -251.36411 -11.46390 4.78640
v -251.36411 -9.06090 5.51529
v -251.36411 -9.42190 5.47981
v -251.36411 -7.27000 5.33891
v -251.36411 -6.92280 5.23362
v -251.36411 -5.05530 4.15511
v -251.36411 -5.33570 4.38519
v -251.36411 -3.74260 2.44408
v -251.36411 -3.91360 2.76389
v -252.68891 -3.83960 -3.24759
v -252.68891 -3.29940 -2.23699
v -252.68891 -2.96680 -1.14050
v -252.68891 -2.85440 0.00000
v -252.68891 -2.96680 1.14050
v -252.68891 -3.29940 2.23699
v -252.68891 -3.83960 3.24759
v -252.68891 -4.56660 4.13342
v -252.68891 -5.45240 4.86040
v -252.68891 -6.46300 5.40061
v -252.68891 -7.55950 5.73320
v -252.68891 -8.70000 5.84559
v -252.68891 -9.84050 5.73320
v -252.68891 -10.93700 5.40061
v -252.68891 -11.94760 4.86040
v -252.68891 -12.83340 4.13342
v -252.68891 -13.56040 3.24759
v -252.68891 -14.10060 2.23699
v -252.68891 -14.43320 1.14050
v -252.68891 -14.54560 0.00000
v -252.68891 -14.43320 -1.14050
v -252.68891 -14.10060 -2.23699
v -252.68891 -13.56040 -3.24759
v -252.68891 -12.83340 -4.13342
v -252.68891 -11.94760 -4.86040
v -252.68891 -10.93700 -5.40061
v -252.68891 -9.84050 -5.73320
v -252.68891 -8.70000 -5.84559
v -252.68891 -7.55950 -5.73320
v -252.68891 -6.46300 -5.40061
v -252.68891 -5.45240 -4.86040
v -252.68891 -4.56660 -4.13342
v -252.68891 -3.03230 0.37088
v -252.68891 -3.06890 0.74191
v -252.68891 -3.32190 -1.82619
v -252.68891 -3.21370 -1.46952
v -252.68891 -4.43000 -3.74541
v -252.68891 -4.19360 -3.45721
v -252.68891 -6.18840 -5.09429
v -252.68891 -5.85960 -4.91848
v -252.68891 -8.32910 -5.66769
v -252.68891 -7.95810 -5.63111
v -252.68891 -10.52620 -5.37810
v -252.68891 -10.16950 -5.48630
v -252.68891 -12.44520 -4.26998
v -252.68891 -12.15720 -4.50640
v -252.68891 -13.79430 -2.51160
v -252.68891 -13.61850 -2.84042
v -252.68891 -14.36770 -0.37088
v -252.68891 -14.33110 -0.74191
v -252.68891 -14.07810 1.82619
v -252.68891 -14.18630 1.46952
v -252.68891 -12.97000 3.74541
v -252.68891 -13.20640 3.45721
v -252.68891 -11.21160 5.09429
v -252.68891 -11.54040 4.91848
v -252.68891 -9.07090 5.66769
v -252.68891 -9.44190 5.63111
v -252.68891 -6.87380 5.37810
v -252.68891 -7.23050 5.48630
v -252.68891 -4.95460 4.26998
v -252.68891 -5.24280 4.50640
v -252.68891 -3.60570 2.51160
v -252.68891 -3.78150 2.84042
v -251.78609 -4.76050 -2.63228
v -251.78609 -4.32270 -1.81308
v -252.39799 -4.32270 -1.81308
v -252.39799 -4.76050 -2.63228
v -251.78609 -4.05300 -0.92440
v -251.78609 -3.96200 0.00000
v -252.39799 -3.96200 0.00000
v -252.39799 -4.05300 -0.92440
v -251.78609 -4.05300 0.92440
v -251.78609 -4.32270 1.81308
v -252.39799 -4.32270 1.81308
v -252.39799 -4.05300 0.92440
v -251.78609 -4.76050 2.63228
v -251.78609 -5.34980 3.35021
v -252.39799 -5.34980 3.35021
v -252.39799 -4.76050 2.63228
v -251.78609 -6.06770 3.93949
v -251.78609 -6.88690 4.37732
v -252.39799 -6.88690 4.37732
v -252.39799 -6.06770 3.93949
v -251.78609 -7.77560 4.64702
v -251.78609 -8.70000 4.73800
v -252.39799 -8.70000 4.73800
v -252.39799 -7.77560 4.64702
v -251.78609 -9.62440 4.64702
v -251.78609 -10.51310 4.37732
v -252.39799 -10.51310 4.37732
v -252.39799 -9.62440 4.64702
v -251.78609 -11.33230 3.93949
v -251.78609 -12.05020 3.35021
v -252.39799 -12.05020 3.35021
v -252.39799 -11.33230 3.93949
v -251.78609 -12.63950 2.63228
v -251.78609 -13.07730 1.81308
v -252.39799 -13.07730 1.81308
v -252.39799 -12.63950 2.63228
v -251.78609 -13.34700 0.92440
v -251.78609 -13.43800 0.00000
v -252.39799 -13.43800 0.00000
v -252.39799 -13.34700 0.92440
v -251.78609 -13.34700 -0.92440
v -251.78609 -13.07730 -1.81308
v -252.39799 -13.07730 -1.81308
v -252.39799 -13.34700 -0.92440
v -251.78609 -12.63950 -2.63228
v -251.78609 -12.05020 -3.35021
v -252.39799 -12.05020 -3.35021
v -252.39799 -12.63950 -2.63228
v -251.78609 -11.33230 -3.93949
v -251.78609 -10.51310 -4.37732
v -252.39799 -10.51310 -4.37732
v -252.39799 -11.33230 -3.93949
v -251.78609 -9.62440 -4.64702
v -251.78609 -8.70000 -4.73800
v -252.39799 -8.70000 -4.73800
v -252.39799 -9.62440 -4.64702
v -251.78609 -7.77560 -4.64702
v -251.78609 -6.88690 -4.37732
v -252.39799 -6.88690 -4.37732
v -252.39799 -7.77560 -4.64702
v -251.78609 -6.06770 -3.93949
v -251.78609 -5.34980 -3.35021
v -252.39799 -5.34980 -3.35021
v -252.39799 -6.06770 -3.93949
v -251.78609 -3.99240 0.30808
v -252.39799 -3.99240 0.30808
v -251.78609 -4.02280 0.61631
v -252.39799 -4.02280 0.61631
v -251.78609 -4.23270 -1.51691
v -252.39799 -4.23270 -1.51691
v -251.78609 -4.14300 -1.22061
v -252.39799 -4.14300 -1.22061
v -251.78609 -5.15330 -3.11098
v -252.39799 -5.15330 -3.11098
v -251.78609 -4.95690 -2.87161
v -252.39799 -4.95690 -2.87161
v -251.78609 -6.61380 -4.23141
v -252.39799 -6.61380 -4.23141
v -251.78609 -6.34070 -4.08549
v -252.39799 -6.34070 -4.08549
v -251.78609 -8.39190 -4.70762
v -252.39799 -8.39190 -4.70762
v -251.78609 -8.08370 -4.67720
v -252.39799 -8.08370 -4.67720
v -251.78609 -10.21690 -4.46730
v -252.39799 -10.21690 -4.46730
v -251.78609 -9.92060 -4.55699
v -252.39799 -9.92060 -4.55699
v -251.78609 -11.81100 -3.54671
v -252.39799 -11.81100 -3.54671
v -251.78609 -11.57160 -3.74312
v -252.39799 -11.57160 -3.74312
v -251.78609 -12.93140 -2.08621
v -252.39799 -12.93140 -2.08621
v -251.78609 -12.78550 -2.35929
v -252.39799 -12.78550 -2.35929
v -251.78609 -13.40760 -0.30808
v -252.39799 -13.40760 -0.30808
v -251.78609 -13.37720 -0.61631
v -252.39799 -13.37720 -0.61631
v -251.78609 -13.16730 1.51691
v -252.39799 -13.16730 1.51691
v -251.78609 -13.25700 1.22061
v -252.39799 -13.25700 1.22061
v -251.78609 -12.24670 3.11098
v -252.39799 -12.24670 3.11098
v -251.78609 -12.44310 2.87161
v -252.39799 -12.44310 2.87161
v -251.78609 -10.78620 4.23141
v -252.39799 -10.78620 4.23141
v -251.78609 -11.05930 4.08549
v -252.39799 -11.05930 4.08549
v -251.78609 -9.00810 4.70762
v -252.39799 -9.00810 4.70762
v -251.78609 -9.31630 4.67720
v -252.39799 -9.31630 4.67720
v -251.78609 -7.18310 4.46730
v -252.39799 -7.18310 4.46730
v -251.78609 -7.47940 4.55699
v -252.39799 -7.47940 4.55699
v -251.78609 -5.58900 3.54671
v -252.39799 -5.58900 3.54671
v -251.78609 -5.82840 3.74312
v -252.39799 -5.82840 3.74312
v -251.78609 -4.46860 2.08621
v -252.39799 -4.46860 2.08621
v -251.78609 -4.61450 2.35929
v -252.39799 -4.61450 2.35929
v -251.72629 -4.69290 -2.67739
v -251.72629 -4.24760 -1.84422
v -251.72629 -3.97330 -0.94018
v -251.72629 -3.88080 0.00000
v -251.72629 -3.97330 0.94018
v -251.72629 -4.24760 1.84422
v -251.72629 -4.69290 2.67739
v -251.72629 -5.29230 3.40772
v -251.72629 -6.02260 4.00710
v -251.72629 -6.85580 4.45242
v -251.72629 -7.75980 4.72670
v -251.72629 -8.70000 4.81920
v -251.72629 -9.64020 4.72670
v -251.72629 -10.54420 4.45242
v -251.72629 -11.37740 4.00710
v -251.72629 -12.10770 3.40772
v -251.72629 -12.70710 2.67739
v -251.72629 -13.15240 1.84422
v -251.72629 -13.42670 0.94018
v -251.72629 -13.51920 0.00000
v -251.72629 -13.42670 -0.94018
v -251.72629 -13.15240 -1.84422
v -251.72629 -12.70710 -2.67739
v -251.72629 -12.10770 -3.40772
v -251.72629 -11.37740 -4.00710
v -251.72629 -10.54420 -4.45242
v -251.72629 -9.64020 -4.72670
v -251.72629 -8.70000 -4.81920
v -251.72629 -7.75980 -4.72670
v -251.72629 -6.85580 -4.45242
v -251.72629 -5.29230 -3.40772
v -251.72629 -6.02260 -4.00710
v -251.72629 -3.94250 0.62680
v -251.72629 -3.91160 0.31338
v -251.72629 -4.06470 -1.24159
v -251.72629 -4.15620 -1.54300
v -251.72629 -4.89280 -2.92091
v -251.72629 -5.09250 -3.16429
v -251.72629 -6.30030 -4.15549
v -251.72629 -6.57800 -4.30398
v -251.72629 -8.07320 -4.75750
v -251.72629 -8.38660 -4.78840
v -251.72629 -9.94160 -4.63529
v -251.72629 -10.24300 -4.54378
v -251.72629 -11.86430 -3.60751
v -251.72629 -11.62090 -3.80721
v -251.72629 -13.00400 -2.12202
v -251.72629 -12.85550 -2.39968
v -251.72629 -13.48840 -0.31338
v -251.72629 -13.45750 -0.62680
v -251.72629 -13.24380 1.54300
v -251.72629 -13.33530 1.24159
v -251.72629 -12.30750 3.16429
v -251.72629 -12.50720 2.92091
v -251.72629 -10.82200 4.30398
v -251.72629 -11.09970 4.15549
v -251.72629 -9.01340 4.78840
v -251.72629 -9.32680 4.75750
v -251.72629 -7.45840 4.63529
v -251.72629 -7.15700 4.54378
v -251.72629 -5.53570 3.60751
v -251.72629 -5.77910 3.80721
v -251.72629 -4.39600 2.12202
v -251.72629 -4.54450 2.39968
v -252.17090 -7.94440 -1.61691
v -252.17090 -7.94440 -4.99620
v -252.39770 -7.94440 -4.99620
v -252.39770 -7.94440 -1.61691
v -252.17090 -9.45560 -4.99620
v -252.17090 -9.45560 -1.61691
v -252.39770 -9.45560 -1.61691
v -252.39770 -9.45560 -4.99620
v -252.17090 -6.94990 0.00000
v -252.17090 -7.08320 -0.66972
v -252.39770 -7.08320 -0.66972
v -252.39770 -6.94990 0.00000
v -252.17090 -7.46250 -1.23749
v -252.39770 -7.46250 -1.23749
v -252.17090 -9.93750 -1.23749
v -252.39770 -9.93750 -1.23749
v -252.17090 -8.03030 1.61681
v -252.17090 -7.46250 1.23749
v -252.39770 -7.46250 1.23749
v -252.39770 -8.03030 1.61681
v -252.17090 -7.08320 0.66972
v -252.39770 -7.08320 0.66972
v -252.17090 -10.45010 0.00000
v -252.17090 -10.31680 0.66972
v -252.39770 -10.31680 0.66972
v -252.39770 -10.45010 0.00000
v -252.17090 -10.31680 -0.66972
v -252.39770 -10.31680 -0.66972
v -252.17090 -9.36970 1.61681
v -252.17090 -8.70000 1.75009
v -252.39770 -8.70000 1.75009
v -252.39770 -9.36970 1.61681
v -252.17090 -9.93750 1.23749
v -252.39770 -9.93750 1.23749
v -252.08271 -7.98310 -1.57480
v -252.08271 -7.98310 -4.78110
v -252.08271 -9.41690 -4.78110
v -252.08271 -9.41690 -1.57480
v -252.08271 -7.03950 -0.04072
v -252.08271 -7.16600 -0.67620
v -252.08271 -7.52590 -1.21489
v -252.08271 -9.87410 -1.21489
v -252.08271 -8.06460 1.49331
v -252.08271 -7.52590 1.13330
v -252.08271 -7.16600 0.59471
v -252.08271 -10.36050 -0.04072
v -252.08271 -10.23400 0.59471
v -252.08271 -10.23400 -0.67620
v -252.08271 -9.33540 1.49331
v -252.08271 -8.70000 1.61972
v -252.08271 -9.87410 1.13330
v -252.08271 -8.70000 -1.70121
v -252.08271 -8.70000 -4.90751
f 10422 10423 10424
f 10422 10424 10425
f 10424 10426 10425
f 10427 10426 10424
f 10423 10428 10427
f 10423 10427 10424
f 10428 10429 10430
f 10428 10430 10427
f 10430 10426 10427
f 10431 10426 10430
f 10429 10432 10431
f 10429 10431 10430
f 10432 10433 10434
f 10432 10434 10431
f 10434 10426 10431
f 10435 10426 10434
f 10433 10436 10435
f 10433 10435 10434
f 10436 10437 10438
f 10436 10438 10435
f 10438 10426 10435
f 10425 10426 10438
f 10437 10422 10425
f 10437 10425 10438
f 10439 10440 10441
f 10439 10441 10442
f 10442 10441 10443
f 10444 10442 10443
f 10445 10439 10442
f 10445 10442 10444
f 10446 10445 10444
f 10446 10444 10447
f 10447 10444 10443
f 10448 10447 10443
f 10449 10446 10447
f 10449 10447 10448
f 10450 10449 10448
f 10450 10448 10451
f 10451 10448 10443
f 10452 10451 10443
f 10453 10450 10451
f 10453 10451 10452
f 10454 10453 10452
f 10454 10452 10455
f 10455 10452 10443
f 10441 10455 10443
f 10440 10454 10455
f 10440 10455 10441
f 10456 10457 10458
f 10456 10458 10459
f 10459 10458 10460
f 10458 10461 10460
f 10457 10462 10461
f 10457 10461 10458
f 10462 10463 10464
f 10462 10464 10461
f 10461 10464 10460
f 10464 10465 10460
f 10463 10466 10465
f 10463 10465 10464
f 10466 10467 10468
f 10466 10468 10465
f 10465 10468 10460
f 10468 10469 10460
f 10467 10470 10469
f 10467 10469 10468
f 10470 10471 10472
f 10470 10472 10469
f 10469 10472 10460
f 10472 10459 10460
f 10471 10456 10459
f 10471 10459 10472
f 10473 10474 10475
f 10473 10475 10476
f 10475 10477 10476
f 10476 10477 10478
f 10479 10473 10476
f 10479 10476 10478
f 10480 10479 10478
f 10480 10478 10481
f 10478 10477 10481
f 10481 10477 10482
f 10483 10480 10481
f 10483 10481 10482
f 10484 10483 10482
f 10484 10482 10485
f 10482 10477 10485
f 10485 10477 10486
f 10487 10484 10485
f 10487 10485 10486
f 10488 10487 10486
f 10488 10486 10489
f 10486 10477 10489
f 10489 10477 10475
f 10474 10488 10489
f 10474 10489 10475
f 10490 10491 10492
f 10490 10492 10493
f 10494 10495 10496
f 10494 10496 10497
f 10498 10499 10500
f 10498 10500 10501
f 10502 10503 10504
f 10502 10504 10505
f 10506 10507 10508
f 10506 10508 10509
f 10510 10511 10512
f 10510 10512 10513
f 10514 10515 10516
f 10514 10516 10517
f 10518 10519 10520
f 10518 10520 10521
f 10522 10523 10524
f 10522 10524 10525
f 10526 10527 10528
f 10526 10528 10529
f 10530 10531 10532
f 10530 10532 10533
f 10534 10535 10536
f 10534 10536 10537
f 10538 10539 10540
f 10538 10540 10541
f 10542 10543 10544
f 10542 10544 10545
f 10546 10547 10548
f 10546 10548 10549
f 10550 10551 10552
f 10550 10552 10553
f 10554 10555 10556
f 10554 10556 10557
f 10558 10559 10560
f 10558 10560 10561
f 10562 10563 10564
f 10562 10564 10565
f 10566 10567 10568
f 10566 10568 10569
f 10570 10571 10572
f 10570 10572 10573
f 10574 10575 10576
f 10574 10576 10577
f 10578 10579 10580
f 10578 10580 10581
f 10582 10583 10584
f 10582 10584 10585
f 10586 10587 10588
f 10586 10588 10589
f 10590 10591 10592
f 10590 10592 10593
f 10594 10595 10596
f 10594 10596 10597
f 10598 10599 10600
f 10598 10600 10601
f 10602 10603 10604
f 10602 10604 10605
f 10606 10607 10608
f 10606 10608 10609
f 10610 10611 10612
f 10610 10612 10613
f 10614 10615 10616
f 10614 10616 10617
f 10618 10619 10620
f 10618 10620 10621
f 10618 10622 10623
f 10618 10623 10624
f 10625 10626 10627
f 10625 10627 10628
f 10629 10619 10630
f 10629 10630 10631
f 10632 10633 10634
f 10632 10634 10635
f 10636 10637 10638
f 10636 10638 10639
f 10640 10637 10636
f 10640 10636 10641
f 10640 10641 10642
f 10640 10642 10643
f 10643 10642 10644
f 10643 10644 10645
f 10645 10644 10646
f 10645 10646 10647
f 10647 10646 10648
f 10647 10648 10649
f 10649 10648 10650
f 10649 10650 10651
f 10652 10653 10654
f 10652 10654 10655
f 10656 10657 10658
f 10656 10658 10659
f 10660 10661 10662
f 10660 10662 10663
f 10664 10665 10666
f 10664 10666 10667
f 10668 10669 10670
f 10668 10670 10671
f 10672 10673 10674
f 10672 10674 10675
f 10676 10677 10678
f 10676 10678 10679
f 10680 10681 10682
f 10680 10682 10683
f 10684 10685 10686
f 10684 10686 10687
f 10688 10689 10690
f 10688 10690 10691
f 10692 10693 10694
f 10692 10694 10695
f 10696 10697 10698
f 10696 10698 10699
f 10700 10701 10702
f 10700 10702 10703
f 10704 10705 10706
f 10704 10706 10707
f 10708 10709 10710
f 10708 10710 10711
f 10712 10713 10714
f 10712 10714 10715
f 10656 10659 10716
f 10661 10717 10662
f 10657 10718 10658
f 10652 10655 10719
f 10653 10720 10654
f 10712 10715 10721
f 10713 10722 10714
f 10708 10711 10723
f 10709 10724 10710
f 10704 10707 10725
f 10705 10726 10706
f 10700 10703 10727
f 10701 10728 10702
f 10696 10699 10729
f 10697 10730 10698
f 10692 10695 10731
f 10693 10732 10694
f 10688 10691 10733
f 10689 10734 10690
f 10684 10687 10735
f 10685 10736 10686
f 10680 10683 10737
f 10681 10738 10682
f 10676 10679 10739
f 10677 10740 10678
f 10672 10675 10741
f 10673 10742 10674
f 10668 10671 10743
f 10669 10744 10670
f 10664 10667 10745
f 10665 10746 10666
f 10660 10663 10747
f 10748 10653 10652
f 10748 10652 10749
f 10750 10657 10656
f 10750 10656 10751
f 10752 10661 10660
f 10752 10660 10753
f 10754 10665 10664
f 10754 10664 10755
f 10756 10669 10668
f 10756 10668 10757
f 10758 10673 10672
f 10758 10672 10759
f 10760 10677 10676
f 10760 10676 10761
f 10762 10681 10680
f 10762 10680 10763
f 10764 10685 10684
f 10764 10684 10765
f 10766 10689 10688
f 10766 10688 10767
f 10768 10693 10692
f 10768 10692 10769
f 10770 10697 10696
f 10770 10696 10771
f 10772 10701 10700
f 10772 10700 10773
f 10774 10705 10704
f 10774 10704 10775
f 10776 10709 10708
f 10776 10708 10777
f 10712 10778 10779
f 10712 10779 10713
f 10780 10717 10661
f 10780 10661 10752
f 10781 10716 10717
f 10781 10717 10780
f 10751 10656 10716
f 10751 10716 10781
f 10782 10718 10657
f 10782 10657 10750
f 10783 10719 10718
f 10783 10718 10782
f 10749 10652 10719
f 10749 10719 10783
f 10784 10720 10653
f 10784 10653 10748
f 10785 10721 10720
f 10785 10720 10784
f 10778 10712 10721
f 10778 10721 10785
f 10786 10722 10713
f 10786 10713 10779
f 10787 10723 10722
f 10787 10722 10786
f 10777 10708 10723
f 10777 10723 10787
f 10788 10724 10709
f 10788 10709 10776
f 10789 10725 10724
f 10789 10724 10788
f 10775 10704 10725
f 10775 10725 10789
f 10790 10726 10705
f 10790 10705 10774
f 10791 10727 10726
f 10791 10726 10790
f 10773 10700 10727
f 10773 10727 10791
f 10729 10792 10771
f 10729 10771 10696
f 10728 10793 10792
f 10728 10792 10729
f 10701 10772 10793
f 10701 10793 10728
f 10731 10794 10769
f 10731 10769 10692
f 10730 10795 10794
f 10730 10794 10731
f 10697 10770 10795
f 10697 10795 10730
f 10733 10796 10767
f 10733 10767 10688
f 10732 10797 10796
f 10732 10796 10733
f 10693 10768 10797
f 10693 10797 10732
f 10735 10798 10765
f 10735 10765 10684
f 10734 10799 10798
f 10734 10798 10735
f 10689 10766 10799
f 10689 10799 10734
f 10737 10800 10763
f 10737 10763 10680
f 10736 10801 10800
f 10736 10800 10737
f 10685 10764 10801
f 10685 10801 10736
f 10739 10802 10761
f 10739 10761 10676
f 10738 10803 10802
f 10738 10802 10739
f 10681 10762 10803
f 10681 10803 10738
f 10741 10804 10759
f 10741 10759 10672
f 10740 10805 10804
f 10740 10804 10741
f 10677 10760 10805
f 10677 10805 10740
f 10806 10742 10673
f 10806 10673 10758
f 10807 10743 10742
f 10807 10742 10806
f 10757 10668 10743
f 10757 10743 10807
f 10745 10808 10755
f 10745 10755 10664
f 10744 10809 10808
f 10744 10808 10745
f 10669 10756 10809
f 10669 10809 10744
f 10747 10810 10753
f 10747 10753 10660
f 10746 10811 10810
f 10746 10810 10747
f 10665 10754 10811
f 10665 10811 10746
f 10655 10654 10812
f 10655 10812 10813
f 10659 10658 10814
f 10659 10814 10815
f 10663 10662 10816
f 10663 10816 10817
f 10667 10666 10818
f 10667 10818 10819
f 10671 10670 10820
f 10671 10820 10821
f 10675 10674 10822
f 10675 10822 10823
f 10679 10678 10824
f 10679 10824 10825
f 10683 10682 10826
f 10683 10826 10827
f 10687 10686 10828
f 10687 10828 10829
f 10691 10690 10830
f 10691 10830 10831
f 10695 10694 10832
f 10695 10832 10833
f 10699 10698 10834
f 10699 10834 10835
f 10703 10702 10836
f 10703 10836 10837
f 10707 10706 10838
f 10707 10838 10839
f 10711 10710 10840
f 10711 10840 10841
f 10715 10714 10842
f 10715 10842 10843
f 10717 10716 10844
f 10717 10844 10845
f 10718 10719 10846
f 10718 10846 10847
f 10716 10659 10815
f 10716 10815 10844
f 10662 10717 10845
f 10662 10845 10816
f 10658 10718 10847
f 10658 10847 10814
f 10719 10655 10813
f 10719 10813 10846
f 10720 10721 10848
f 10720 10848 10849
f 10722 10723 10850
f 10722 10850 10851
f 10724 10725 10852
f 10724 10852 10853
f 10726 10727 10854
f 10726 10854 10855
f 10728 10729 10856
f 10728 10856 10857
f 10730 10731 10858
f 10730 10858 10859
f 10732 10733 10860
f 10732 10860 10861
f 10734 10735 10862
f 10734 10862 10863
f 10736 10737 10864
f 10736 10864 10865
f 10738 10739 10866
f 10738 10866 10867
f 10740 10741 10868
f 10740 10868 10869
f 10742 10743 10870
f 10742 10870 10871
f 10744 10745 10872
f 10744 10872 10873
f 10746 10747 10874
f 10746 10874 10875
f 10654 10720 10849
f 10654 10849 10812
f 10721 10715 10843
f 10721 10843 10848
f 10714 10722 10851
f 10714 10851 10842
f 10723 10711 10841
f 10723 10841 10850
f 10710 10724 10853
f 10710 10853 10840
f 10725 10707 10839
f 10725 10839 10852
f 10706 10726 10855
f 10706 10855 10838
f 10727 10703 10837
f 10727 10837 10854
f 10702 10728 10857
f 10702 10857 10836
f 10729 10699 10835
f 10729 10835 10856
f 10698 10730 10859
f 10698 10859 10834
f 10731 10695 10833
f 10731 10833 10858
f 10694 10732 10861
f 10694 10861 10832
f 10733 10691 10831
f 10733 10831 10860
f 10690 10734 10863
f 10690 10863 10830
f 10735 10687 10829
f 10735 10829 10862
f 10686 10736 10865
f 10686 10865 10828
f 10737 10683 10827
f 10737 10827 10864
f 10682 10738 10867
f 10682 10867 10826
f 10739 10679 10825
f 10739 10825 10866
f 10678 10740 10869
f 10678 10869 10824
f 10741 10675 10823
f 10741 10823 10868
f 10674 10742 10871
f 10674 10871 10822
f 10743 10671 10821
f 10743 10821 10870
f 10670 10744 10873
f 10670 10873 10820
f 10745 10667 10819
f 10745 10819 10872
f 10666 10746 10875
f 10666 10875 10818
f 10747 10663 10817
f 10747 10817 10874
f 10876 10877 10878
f 10876 10878 10879
f 10880 10881 10882
f 10880 10882 10883
f 10884 10885 10886
f 10884 10886 10887
f 10888 10889 10890
f 10888 10890 10891
f 10892 10893 10894
f 10892 10894 10895
f 10896 10897 10898
f 10896 10898 10899
f 10900 10901 10902
f 10900 10902 10903
f 10904 10905 10906
f 10904 10906 10907
f 10908 10909 10910
f 10908 10910 10911
f 10912 10913 10914
f 10912 10914 10915
f 10916 10917 10918
f 10916 10918 10919
f 10920 10921 10922
f 10920 10922 10923
f 10924 10925 10926
f 10924 10926 10927
f 10928 10929 10930
f 10928 10930 10931
f 10932 10933 10934
f 10932 10934 10935
f 10936 10937 10938
f 10936 10938 10939
f 10881 10940 10941
f 10881 10941 10882
f 10940 10942 10943
f 10940 10943 10941
f 10942 10884 10887
f 10942 10887 10943
f 10877 10944 10945
f 10877 10945 10878
f 10944 10946 10947
f 10944 10947 10945
f 10946 10880 10883
f 10946 10883 10947
f 10937 10948 10949
f 10937 10949 10938
f 10948 10950 10951
f 10948 10951 10949
f 10950 10876 10879
f 10950 10879 10951
f 10933 10952 10953
f 10933 10953 10934
f 10952 10954 10955
f 10952 10955 10953
f 10954 10936 10939
f 10954 10939 10955
f 10929 10956 10957
f 10929 10957 10930
f 10956 10958 10959
f 10956 10959 10957
f 10958 10932 10935
f 10958 10935 10959
f 10925 10960 10961
f 10925 10961 10926
f 10960 10962 10963
f 10960 10963 10961
f 10962 10928 10931
f 10962 10931 10963
f 10921 10964 10965
f 10921 10965 10922
f 10964 10966 10967
f 10964 10967 10965
f 10966 10924 10927
f 10966 10927 10967
f 10917 10968 10969
f 10917 10969 10918
f 10968 10970 10971
f 10968 10971 10969
f 10970 10920 10923
f 10970 10923 10971
f 10913 10972 10973
f 10913 10973 10914
f 10972 10974 10975
f 10972 10975 10973
f 10974 10916 10919
f 10974 10919 10975
f 10909 10976 10977
f 10909 10977 10910
f 10976 10978 10979
f 10976 10979 10977
f 10978 10912 10915
f 10978 10915 10979
f 10905 10980 10981
f 10905 10981 10906
f 10980 10982 10983
f 10980 10983 10981
f 10982 10908 10911
f 10982 10911 10983
f 10901 10984 10985
f 10901 10985 10902
f 10984 10986 10987
f 10984 10987 10985
f 10986 10904 10907
f 10986 10907 10987
f 10897 10988 10989
f 10897 10989 10898
f 10988 10990 10991
f 10988 10991 10989
f 10990 10900 10903
f 10990 10903 10991
f 10893 10992 10993
f 10893 10993 10894
f 10992 10994 10995
f 10992 10995 10993
f 10994 10896 10899
f 10994 10899 10995
f 10889 10996 10997
f 10889 10997 10890
f 10996 10998 10999
f 10996 10999 10997
f 10998 10892 10895
f 10998 10895 10999
f 10885 11000 11001
f 10885 11001 10886
f 11000 11002 11003
f 11000 11003 11001
f 11002 10888 10891
f 11002 10891 11003
f 10876 11004 11005
f 10876 11005 10877
f 11004 10748 10749
f 11004 10749 11005
f 10880 11006 11007
f 10880 11007 10881
f 11006 10750 10751
f 11006 10751 11007
f 10884 11008 11009
f 10884 11009 10885
f 11008 10752 10753
f 11008 10753 11009
f 10888 11010 11011
f 10888 11011 10889
f 11010 10754 10755
f 11010 10755 11011
f 10892 11012 11013
f 10892 11013 10893
f 11012 10756 10757
f 11012 10757 11013
f 10896 11014 11015
f 10896 11015 10897
f 11014 10758 10759
f 11014 10759 11015
f 10900 11016 11017
f 10900 11017 10901
f 11016 10760 10761
f 11016 10761 11017
f 10904 11018 11019
f 10904 11019 10905
f 11018 10762 10763
f 11018 10763 11019
f 10908 11020 11021
f 10908 11021 10909
f 11020 10764 10765
f 11020 10765 11021
f 10912 11022 11023
f 10912 11023 10913
f 11022 10766 10767
f 11022 10767 11023
f 10916 11024 11025
f 10916 11025 10917
f 11024 10768 10769
f 11024 10769 11025
f 10920 11026 11027
f 10920 11027 10921
f 11026 10770 10771
f 11026 10771 11027
f 10924 11028 11029
f 10924 11029 10925
f 11028 10772 10773
f 11028 10773 11029
f 10928 11030 11031
f 10928 11031 10929
f 11030 10774 10775
f 11030 10775 11031
f 10932 11032 11033
f 10932 11033 10933
f 11032 10776 10777
f 11032 10777 11033
f 10778 11034 11035
f 10778 11035 10779
f 11034 10937 10936
f 11034 10936 11035
f 10942 11036 11008
f 10942 11008 10884
f 11036 10780 10752
f 11036 10752 11008
f 10940 11037 11036
f 10940 11036 10942
f 11037 10781 10780
f 11037 10780 11036
f 10881 11007 11037
f 10881 11037 10940
f 11007 10751 10781
f 11007 10781 11037
f 10946 11038 11006
f 10946 11006 10880
f 11038 10782 10750
f 11038 10750 11006
f 10944 11039 11038
f 10944 11038 10946
f 11039 10783 10782
f 11039 10782 11038
f 10877 11005 11039
f 10877 11039 10944
f 11005 10749 10783
f 11005 10783 11039
f 10950 11040 11004
f 10950 11004 10876
f 11040 10784 10748
f 11040 10748 11004
f 10948 11041 11040
f 10948 11040 10950
f 11041 10785 10784
f 11041 10784 11040
f 10937 11034 11041
f 10937 11041 10948
f 11034 10778 10785
f 11034 10785 11041
f 10954 11042 11035
f 10954 11035 10936
f 11042 10786 10779
f 11042 10779 11035
f 10952 11043 11042
f 10952 11042 10954
f 11043 10787 10786
f 11043 10786 11042
f 10933 11033 11043
f 10933 11043 10952
f 11033 10777 10787
f 11033 10787 11043
f 10958 11044 11032
f 10958 11032 10932
f 11044 10788 10776
f 11044 10776 11032
f 10956 11045 11044
f 10956 11044 10958
f 11045 10789 10788
f 11045 10788 11044
f 10929 11031 11045
f 10929 11045 10956
f 11031 10775 10789
f 11031 10789 11045
f 10962 11046 11030
f 10962 11030 10928
f 11046 10790 10774
f 11046 10774 11030
f 10960 11047 11046
f 10960 11046 10962
f 11047 10791 10790
f 11047 10790 11046
f 10925 11029 11047
f 10925 11047 10960
f 11029 10773 10791
f 11029 10791 11047
f 10792 11048 11027
f 10792 11027 10771
f 11048 10964 10921
f 11048 10921 11027
f 10793 11049 11048
f 10793 11048 10792
f 11049 10966 10964
f 11049 10964 11048
f 10772 11028 11049
f 10772 11049 10793
f 11028 10924 10966
f 11028 10966 11049
f 10794 11050 11025
f 10794 11025 10769
f 11050 10968 10917
f 11050 10917 11025
f 10795 11051 11050
f 10795 11050 10794
f 11051 10970 10968
f 11051 10968 11050
f 10770 11026 11051
f 10770 11051 10795
f 11026 10920 10970
f 11026 10970 11051
f 10796 11052 11023
f 10796 11023 10767
f 11052 10972 10913
f 11052 10913 11023
f 10797 11053 11052
f 10797 11052 10796
f 11053 10974 10972
f 11053 10972 11052
f 10768 11024 11053
f 10768 11053 10797
f 11024 10916 10974
f 11024 10974 11053
f 10798 11054 11021
f 10798 11021 10765
f 11054 10976 10909
f 11054 10909 11021
f 10799 11055 11054
f 10799 11054 10798
f 11055 10978 10976
f 11055 10976 11054
f 10766 11022 11055
f 10766 11055 10799
f 11022 10912 10978
f 11022 10978 11055
f 10800 11056 11019
f 10800 11019 10763
f 11056 10980 10905
f 11056 10905 11019
f 10801 11057 11056
f 10801 11056 10800
f 11057 10982 10980
f 11057 10980 11056
f 10764 11020 11057
f 10764 11057 10801
f 11020 10908 10982
f 11020 10982 11057
f 10802 11058 11017
f 10802 11017 10761
f 11058 10984 10901
f 11058 10901 11017
f 10803 11059 11058
f 10803 11058 10802
f 11059 10986 10984
f 11059 10984 11058
f 10762 11018 11059
f 10762 11059 10803
f 11018 10904 10986
f 11018 10986 11059
f 10804 11060 11015
f 10804 11015 10759
f 11060 10988 10897
f 11060 10897 11015
f 10805 11061 11060
f 10805 11060 10804
f 11061 10990 10988
f 11061 10988 11060
f 10760 11016 11061
f 10760 11061 10805
f 11016 10900 10990
f 11016 10990 11061
f 10994 11062 11014
f 10994 11014 10896
f 11062 10806 10758
f 11062 10758 11014
f 10992 11063 11062
f 10992 11062 10994
f 11063 10807 10806
f 11063 10806 11062
f 10893 11013 11063
f 10893 11063 10992
f 11013 10757 10807
f 11013 10807 11063
f 10808 11064 11011
f 10808 11011 10755
f 11064 10996 10889
f 11064 10889 11011
f 10809 11065 11064
f 10809 11064 10808
f 11065 10998 10996
f 11065 10996 11064
f 10756 11012 11065
f 10756 11065 10809
f 11012 10892 10998
f 11012 10998 11065
f 10810 11066 11009
f 10810 11009 10753
f 11066 11000 10885
f 11066 10885 11009
f 10811 11067 11066
f 10811 11066 10810
f 11067 11002 11000
f 11067 11000 11066
f 10754 11010 11067
f 10754 11067 10811
f 11010 10888 11002
f 11010 11002 11067
f 11068 11069 11070
f 11068 11070 11071
f 11072 11073 11074
f 11072 11074 11075
f 11076 11077 11078
f 11076 11078 11079
f 11080 11068 11071
f 11080 11071 11081
f 11073 11082 11083
f 11073 11083 11074
f 11084 11085 11086
f 11084 11086 11087
f 11088 11076 11079
f 11088 11079 11089
f 11090 11091 11092
f 11090 11092 11093
f 11082 11094 11095
f 11082 11095 11083
f 11096 11097 11098
f 11096 11098 11099
f 11085 11088 11089
f 11085 11089 11086
f 11091 11100 11101
f 11091 11101 11092
f 11077 11080 11081
f 11077 11081 11078
f 11100 11096 11099
f 11100 11099 11101
f 11097 11084 11087
f 11097 11087 11098
f 11094 11090 11093
f 11094 11093 11095
f 11069 11068 11102
f 11069 11102 11103
f 11073 11072 11104
f 11073 11104 11105
f 11077 11076 11106
f 11077 11106 11107
f 11068 11080 11108
f 11068 11108 11102
f 11082 11073 11105
f 11082 11105 11109
f 11085 11084 11110
f 11085 11110 11111
f 11076 11088 11112
f 11076 11112 11106
f 11091 11090 11113
f 11091 11113 11114
f 11094 11082 11109
f 11094 11109 11115
f 11097 11096 11116
f 11097 11116 11117
f 11088 11085 11111
f 11088 11111 11112
f 11100 11091 11114
f 11100 11114 11118
f 11080 11077 11107
f 11080 11107 11108
f 11096 11100 11118
f 11096 11118 11116
f 11084 11097 11117
f 11084 11117 11110
f 11090 11094 11115
f 11090 11115 11113
f 11102 11119 11120
f 11102 11120 11103
f 11119 11105 11104
f 11119 11104 11120
f 11109 11114 11113
f 11109 11113 11115
f 11105 11118 11114
f 11105 11114 11109
f 11119 11116 11118
f 11119 11118 11105
f 11102 11117 11116
f 11102 11116 11119
f 11108 11110 11117
f 11108 11117 11102
f 11108 11107 11111
f 11108 11111 11110
f 11111 11107 11106
f 11111 11106 11112
o Object_12
usemtl DefaultWhite_vsi_png
v -252.06890 -17.07660 3.70131
v -252.01459 -16.97150 3.65491
v -252.03450 -17.02260 3.67751
v -252.00241 -16.87770 3.64661
v -252.00241 -16.89820 3.64070
v -252.00241 -16.91710 3.63111
v -252.00241 -16.75270 3.55878
v -252.03450 -16.64700 3.51238
v -252.01459 -16.69850 3.53489
v -252.16551 -17.12340 3.72181
v -252.14150 -17.12340 3.72181
v -252.14150 -17.08090 3.77159
v -252.14150 -16.54660 3.46842
v -252.16551 -16.54660 3.46842
v -252.14150 -16.53830 3.53332
v -252.14150 -16.74280 3.24092
v -252.14150 -16.80310 3.22418
v -252.38011 -16.80310 3.22418
v -252.38011 -16.74280 3.24092
v -252.14150 -16.86580 3.21922
v -252.38011 -16.86580 3.21922
v -252.14150 -16.92830 3.22661
v -252.38011 -16.92830 3.22661
v -252.14150 -16.98810 3.24588
v -252.38011 -16.98810 3.24588
v -252.14150 -17.04300 3.27721
v -252.38011 -17.04300 3.27721
v -252.14150 -17.09060 3.31779
v -252.38011 -17.09060 3.31779
v -252.14150 -17.12960 3.36719
v -252.38011 -17.12960 3.36719
v -252.14150 -17.15840 3.42350
v -252.38011 -17.15840 3.42350
v -252.14150 -17.17510 3.48420
v -252.38011 -17.17510 3.48420
v -252.14150 -17.17980 3.54681
v -252.38011 -17.17980 3.54681
v -252.14150 -17.03180 3.81031
v -252.38011 -17.03180 3.81031
v -252.38011 -17.08090 3.77159
v -252.14150 -16.97580 3.83892
v -252.38011 -16.97580 3.83892
v -252.14150 -16.91510 3.85599
v -252.38011 -16.91510 3.85599
v -252.14150 -16.85220 3.86100
v -252.38011 -16.85220 3.86100
v -252.14150 -16.78990 3.85318
v -252.38011 -16.78990 3.85318
v -252.14150 -16.73000 3.83358
v -252.38011 -16.73000 3.83358
v -252.14150 -16.67520 3.80292
v -252.38011 -16.67520 3.80292
v -252.14150 -16.62750 3.76201
v -252.38011 -16.62750 3.76201
v -252.14150 -16.58900 3.71232
v -252.38011 -16.58900 3.71232
v -252.14150 -16.56030 3.65620
v -252.38011 -16.56030 3.65620
v -252.14150 -16.54330 3.59588
v -252.38011 -16.54330 3.59588
v -252.38011 -16.53830 3.53332
v -252.14150 -16.63700 3.30849
v -252.14150 -16.68680 3.26939
v -252.38011 -16.68680 3.26939
v -252.38011 -16.63700 3.30849
v -252.06890 -16.76060 3.28708
v -252.03450 -16.78130 3.33982
v -252.03450 -16.82160 3.32842
v -252.06890 -16.81190 3.27301
v -252.03450 -16.86340 3.32541
v -252.06890 -16.86480 3.26872
v -252.03450 -16.90520 3.33042
v -252.06890 -16.91780 3.27511
v -252.03450 -16.94570 3.34330
v -252.06890 -16.96830 3.29170
v -252.03450 -16.98220 3.36390
v -252.06890 -17.01480 3.31769
v -252.03450 -17.01400 3.39112
v -252.06890 -17.05530 3.35202
v -252.03450 -17.04020 3.42460
v -252.06890 -17.08790 3.39422
v -252.03450 -17.05930 3.46189
v -252.06890 -17.11180 3.44138
v -252.03450 -17.07070 3.50251
v -252.06890 -17.12630 3.49240
v -252.03450 -17.07390 3.54452
v -252.06890 -17.13030 3.54581
v -252.06890 -17.04680 3.73611
v -252.03450 -17.00800 3.69530
v -252.03450 -16.97460 3.72109
v -252.06890 -17.00480 3.76892
v -252.03450 -16.93710 3.74012
v -252.06890 -16.95760 3.79300
v -252.03450 -16.89660 3.75171
v -252.06890 -16.90660 3.80721
v -252.03450 -16.85430 3.75481
v -252.06890 -16.85340 3.81141
v -252.03450 -16.81240 3.74970
v -252.06890 -16.80040 3.80502
v -252.03450 -16.77280 3.73678
v -252.06890 -16.75040 3.78842
v -252.03450 -16.73590 3.71590
v -252.06890 -16.70370 3.76229
v -252.03450 -16.70380 3.68872
v -252.06890 -16.66320 3.72772
v -252.03450 -16.67790 3.65548
v -252.06890 -16.63040 3.68600
v -252.03450 -16.65890 3.61800
v -252.06890 -16.60630 3.63860
v -252.03450 -16.64740 3.57742
v -252.06890 -16.59200 3.58729
v -252.03450 -16.64420 3.53560
v -252.06890 -16.58780 3.53432
v -252.06890 -16.67160 3.34401
v -252.03450 -16.71060 3.38478
v -252.03450 -16.74350 3.35898
v -252.06890 -16.71330 3.31120
v -252.01459 -16.77280 3.40428
v -252.01459 -16.80080 3.38998
v -252.01459 -16.74780 3.42388
v -252.01459 -16.70940 3.59850
v -252.01459 -16.70070 3.56770
v -252.01459 -16.72360 3.62639
v -252.01459 -16.74280 3.65152
v -252.01459 -16.76700 3.67160
v -252.01459 -16.79450 3.68738
v -252.01459 -16.82460 3.69668
v -252.01459 -16.85590 3.70049
v -252.01459 -16.88730 3.69821
v -252.01459 -16.91750 3.68972
v -252.01459 -16.94570 3.67551
v -252.01459 -17.01750 3.51200
v -252.01459 -17.01990 3.54328
v -252.01459 -17.00930 3.48182
v -252.01459 -16.99500 3.45340
v -252.01459 -16.97530 3.42860
v -252.01459 -16.95130 3.40810
v -252.01459 -16.92370 3.39270
v -252.01459 -16.89390 3.38259
v -252.01459 -16.86250 3.37920
v -252.01459 -16.83130 3.38178
v -252.00241 -16.82000 3.43909
v -252.00241 -16.84050 3.43361
v -252.00241 -16.86130 3.43180
v -252.00241 -16.88270 3.43442
v -252.00241 -16.90280 3.44138
v -252.00241 -16.92090 3.45140
v -252.00241 -16.93740 3.46532
v -252.00241 -16.95030 3.48191
v -252.00241 -16.95990 3.50080
v -252.00241 -16.85680 3.64799
v -252.00241 -16.83590 3.64561
v -252.00241 -16.81580 3.63879
v -252.00241 -16.79720 3.62868
v -252.00241 -16.78130 3.61481
v -252.00241 -16.76800 3.59821
v -252.00241 -16.75860 3.57928
v -251.99599 -16.83490 3.59521
v -251.99599 -16.88370 3.48449
v -252.38011 -16.54600 3.47099
v -252.16551 -16.56510 3.41091
v -252.38011 -16.56510 3.41091
v -252.38011 -17.12210 3.72381
v -252.14150 -17.08380 -3.76821
v -252.14150 -17.03290 -3.80921
v -252.06890 -17.00610 -3.76749
v -252.06890 -17.04200 -3.73921
v -252.14150 -16.63530 -3.31011
v -252.14150 -16.68630 -3.26920
v -252.06890 -16.71300 -3.31082
v -252.06890 -16.67720 -3.33929
v -252.03450 -16.72520 -3.37281
v -252.03450 -16.74350 -3.35822
v -252.03450 -16.99370 -3.70579
v -252.03450 -16.97550 -3.72019
v -252.06890 -16.59440 -3.48158
v -252.06931 -16.60850 -3.43852
v -252.03450 -16.65670 -3.47161
v -252.03450 -16.64960 -3.49360
v -252.01459 -16.86250 -3.37858
v -252.00241 -16.86150 -3.43118
v -252.00241 -16.84060 -3.43308
v -252.01459 -16.83120 -3.38111
v -252.01459 -16.89390 -3.38192
v -252.00241 -16.88270 -3.43380
v -252.01459 -16.92360 -3.39198
v -252.00241 -16.90300 -3.44019
v -252.01459 -16.95150 -3.40729
v -252.00241 -16.92110 -3.45068
v -252.01459 -16.97520 -3.42798
v -252.00241 -16.93740 -3.46441
v -252.01459 -16.99460 -3.45268
v -252.00241 -16.95040 -3.48101
v -252.01459 -17.00920 -3.48058
v -252.00241 -16.96020 -3.49951
v -252.01459 -17.01780 -3.51090
v -252.00241 -16.96580 -3.52011
v -252.01459 -17.02020 -3.54242
v -252.00241 -16.96750 -3.54118
v -252.01459 -16.85660 -3.70021
v -252.00241 -16.85760 -3.64728
v -252.00241 -16.87880 -3.64571
v -252.01459 -16.88830 -3.69759
v -252.01459 -16.82520 -3.69649
v -252.00241 -16.83680 -3.64499
v -252.01459 -16.79510 -3.68681
v -252.00241 -16.81620 -3.63822
v -252.01459 -16.76770 -3.67122
v -252.00241 -16.79830 -3.62802
v -252.01459 -16.74340 -3.65100
v -252.00241 -16.78180 -3.61452
v -252.01459 -16.72410 -3.62601
v -252.00241 -16.76840 -3.59759
v -252.01459 -16.71000 -3.59821
v -252.00241 -16.75900 -3.57890
v -252.01459 -16.70120 -3.56770
v -252.00241 -16.75310 -3.55849
v -252.03450 -16.64810 -3.57742
v -252.03450 -16.65950 -3.61781
v -252.03450 -16.67880 -3.65510
v -252.03450 -16.70490 -3.68800
v -252.03450 -16.73700 -3.71580
v -252.03450 -16.77360 -3.73621
v -252.03450 -16.81340 -3.74908
v -252.03450 -16.85560 -3.75390
v -252.03450 -16.89750 -3.75071
v -252.01459 -16.91840 -3.68891
v -252.03450 -16.93810 -3.73931
v -252.03450 -17.07430 -3.54309
v -252.03450 -17.07100 -3.50118
v -252.03450 -17.05970 -3.46069
v -252.03450 -17.04020 -3.42288
v -252.03450 -17.01400 -3.38998
v -252.03450 -16.98220 -3.36289
v -252.03450 -16.94520 -3.34239
v -252.03450 -16.90520 -3.32909
v -252.03450 -16.86350 -3.32441
v -252.03450 -16.82150 -3.32770
v -252.01459 -16.80050 -3.38969
v -252.03450 -16.78090 -3.33920
v -252.01459 -16.77290 -3.40381
v -252.01459 -16.70240 -3.50499
v -252.01459 -16.69870 -3.53651
v -252.03450 -16.64480 -3.53522
v -252.06890 -16.58820 -3.53432
v -252.06890 -16.59250 -3.58729
v -252.06890 -16.76040 -3.28679
v -252.06890 -16.81160 -3.27210
v -252.06890 -16.86460 -3.26791
v -252.06890 -16.91730 -3.27401
v -252.06890 -16.96790 -3.29051
v -252.06890 -17.01460 -3.31669
v -252.06890 -17.05490 -3.35078
v -252.06890 -17.08800 -3.39270
v -252.06890 -17.11220 -3.44028
v -252.06890 -17.12670 -3.49112
v -252.06890 -17.13080 -3.54400
v -252.06890 -17.12480 -3.59688
v -252.03450 -17.06980 -3.58520
v -252.06890 -16.95850 -3.79190
v -252.06890 -16.90730 -3.80630
v -252.06890 -16.85460 -3.81050
v -252.06890 -16.80160 -3.80468
v -252.06890 -16.75120 -3.78819
v -252.06890 -16.70470 -3.76201
v -252.06890 -16.66420 -3.72758
v -252.06890 -16.63120 -3.68571
v -252.06890 -16.60710 -3.63832
v -252.14150 -16.54380 -3.59631
v -252.14150 -16.56100 -3.65629
v -252.14150 -16.58940 -3.71251
v -252.14150 -16.62850 -3.76201
v -252.14150 -16.67620 -3.80282
v -252.14150 -16.73150 -3.83320
v -252.14150 -16.79100 -3.85270
v -252.14150 -16.85350 -3.86009
v -252.14150 -16.91640 -3.85528
v -252.14150 -16.97680 -3.83782
v -252.14150 -17.17280 -3.60751
v -252.14150 -17.18030 -3.54538
v -252.14150 -17.17530 -3.48272
v -252.14150 -17.15830 -3.42202
v -252.14150 -17.12970 -3.36580
v -252.14150 -17.09050 -3.31669
v -252.14150 -17.04250 -3.27582
v -252.14150 -16.98770 -3.24512
v -252.14150 -16.92790 -3.22590
v -252.14150 -16.86540 -3.21879
v -252.14150 -16.80270 -3.22361
v -252.14150 -16.74240 -3.24059
v -252.14150 -16.54610 -3.47071
v -252.14150 -16.53880 -3.53351
v -252.00241 -16.82000 -3.43881
v -251.99599 -16.89410 -3.48969
v -252.14150 -17.15260 -3.66969
v -251.99599 -23.88150 -3.52411
v -252.00241 -23.85720 -3.61080
v -252.00241 -23.84510 -3.59311
v -252.06890 -23.95380 -3.27029
v -252.00241 -23.90630 -3.43790
v -252.01459 -23.92250 -3.38082
v -252.03450 -23.93760 -3.32699
v -252.00241 -23.99220 -3.63512
v -252.00241 -23.97300 -3.64370
v -251.99599 -23.99780 -3.55711
v -252.16551 -23.96770 -3.22118
v -252.14150 -23.96770 -3.22118
v -252.14150 -23.90220 -3.22208
v -252.16551 -23.91130 -3.85990
v -252.14150 -23.91130 -3.85990
v -252.14150 -23.97630 -3.85928
v -252.14150 -23.79550 -3.82710
v -252.16551 -23.79550 -3.82710
v -252.14150 -23.74020 -3.79219
v -252.14150 -24.09590 -3.82080
v -252.14150 -24.14710 -3.78499
v -252.38011 -24.14710 -3.78499
v -252.38011 -24.09590 -3.82080
v -252.14150 -24.19100 -3.73998
v -252.38011 -24.19100 -3.73998
v -252.14150 -24.22510 -3.68700
v -252.38011 -24.22510 -3.68700
v -252.14150 -24.24820 -3.62859
v -252.38011 -24.24820 -3.62859
v -252.14150 -24.25910 -3.56641
v -252.38011 -24.25910 -3.56641
v -252.14150 -24.25810 -3.50389
v -252.38011 -24.25810 -3.50389
v -252.14150 -24.24490 -3.44229
v -252.38011 -24.24490 -3.44229
v -252.14150 -24.21990 -3.38421
v -252.38011 -24.21990 -3.38421
v -252.14150 -24.18380 -3.33281
v -252.38011 -24.18380 -3.33281
v -252.14150 -24.13850 -3.28908
v -252.38011 -24.13850 -3.28908
v -252.14150 -23.84110 -3.23529
v -252.38011 -23.84110 -3.23529
v -252.38011 -23.90220 -3.22208
v -252.14150 -23.78340 -3.26028
v -252.38011 -23.78340 -3.26028
v -252.14150 -23.73160 -3.29609
v -252.38011 -23.73160 -3.29609
v -252.14150 -23.68770 -3.34139
v -252.38011 -23.68770 -3.34139
v -252.14150 -23.65400 -3.39451
v -252.38011 -23.65400 -3.39451
v -252.14150 -23.63080 -3.45321
v -252.38011 -23.63080 -3.45321
v -252.14150 -23.61960 -3.51491
v -252.38011 -23.61960 -3.51491
v -252.14150 -23.62080 -3.57780
v -252.38011 -23.62080 -3.57780
v -252.14150 -23.63450 -3.63908
v -252.38011 -23.63450 -3.63908
v -252.14150 -23.65940 -3.69692
v -252.38011 -23.65940 -3.69692
v -252.14150 -23.69500 -3.74851
v -252.38011 -23.69500 -3.74851
v -252.38011 -23.74020 -3.79219
v -252.14150 -24.03820 -3.84588
v -252.38011 -24.03820 -3.84588
v -252.38011 -23.97630 -3.85928
v -252.06890 -24.07160 -3.77769
v -252.03450 -24.04410 -3.72829
v -252.03450 -24.07870 -3.70440
v -252.06890 -24.11510 -3.74732
v -252.03450 -24.10770 -3.67422
v -252.06890 -24.15200 -3.70908
v -252.03450 -24.13030 -3.63860
v -252.06890 -24.18110 -3.66430
v -252.03450 -24.14610 -3.59921
v -252.06890 -24.20030 -3.61481
v -252.03450 -24.15360 -3.55811
v -252.06890 -24.21000 -3.56231
v -252.03450 -24.15290 -3.51629
v -252.06890 -24.20930 -3.50928
v -252.03450 -24.14380 -3.47471
v -252.06890 -24.19760 -3.45731
v -252.03450 -24.12710 -3.43618
v -252.06890 -24.17650 -3.40881
v -252.03450 -24.10320 -3.40152
v -252.06890 -24.14630 -3.36509
v -252.03450 -24.07290 -3.37229
v -252.06890 -24.10780 -3.32799
v -252.06890 -23.90790 -3.27110
v -252.03450 -23.91460 -3.32689
v -252.03450 -23.87340 -3.33619
v -252.06890 -23.85590 -3.28250
v -252.03450 -23.83490 -3.35312
v -252.06890 -23.80730 -3.30348
v -252.03450 -23.80020 -3.37691
v -252.06890 -23.76380 -3.33390
v -252.03450 -23.77080 -3.40748
v -252.06890 -23.72670 -3.37210
v -252.03450 -23.74810 -3.44300
v -252.06890 -23.69770 -3.41702
v -252.03450 -23.73280 -3.48182
v -252.06890 -23.67860 -3.46632
v -252.03450 -23.72540 -3.52359
v -252.06890 -23.66910 -3.51892
v -252.03450 -23.72580 -3.56560
v -252.06890 -23.66990 -3.57199
v -252.03450 -23.73490 -3.60670
v -252.06890 -23.68120 -3.62391
v -252.03450 -23.75170 -3.64528
v -252.06890 -23.70230 -3.67270
v -252.03450 -23.77560 -3.68009
v -252.06890 -23.73280 -3.71642
v -252.03450 -23.80580 -3.70908
v -252.06890 -23.77090 -3.75352
v -252.06890 -23.97090 -3.81021
v -252.03450 -23.96440 -3.75409
v -252.03450 -24.00530 -3.74508
v -252.06890 -24.02280 -3.79891
v -252.01459 -23.98900 -3.69382
v -252.01459 -24.01780 -3.68118
v -252.01459 -23.95790 -3.70049
v -252.01459 -23.79900 -3.61881
v -252.01459 -23.81720 -3.64499
v -252.01459 -23.78660 -3.59001
v -252.01459 -23.77940 -3.55921
v -252.01459 -23.77930 -3.52778
v -252.01459 -23.78470 -3.49660
v -252.01459 -23.79660 -3.46742
v -252.01459 -23.81370 -3.44100
v -252.01459 -23.83550 -3.41821
v -252.01459 -23.86130 -3.40028
v -252.01459 -23.89020 -3.38769
v -252.01459 -24.06190 -3.43642
v -252.01459 -24.03940 -3.41468
v -252.01459 -24.07990 -3.46208
v -252.01459 -24.09270 -3.49112
v -252.01459 -24.09930 -3.52221
v -252.01459 -24.09990 -3.55368
v -252.01459 -24.09410 -3.58472
v -252.01459 -24.08290 -3.61419
v -252.01459 -24.06540 -3.64070
v -252.01459 -24.04370 -3.66302
v -252.00241 -24.00960 -3.62282
v -252.00241 -24.02410 -3.60799
v -252.00241 -24.03580 -3.58982
v -252.00241 -24.04340 -3.56989
v -252.00241 -24.04710 -3.54962
v -252.00241 -24.04690 -3.52802
v -252.00241 -24.04230 -3.50742
v -252.00241 -24.03390 -3.48802
v -252.00241 -23.88690 -3.44639
v -252.00241 -23.86920 -3.45850
v -252.00241 -23.85480 -3.47371
v -252.00241 -23.84340 -3.49131
v -252.00241 -23.83570 -3.51119
v -252.00241 -23.83160 -3.53189
v -252.00241 -23.83210 -3.55301
v -252.00241 -23.83650 -3.57389
v -252.16551 -23.85160 -3.84951
v -252.38011 -23.91350 -3.86052
v -252.38011 -23.85160 -3.84951
v -252.38011 -23.79310 -3.82600
v -252.38011 -24.02700 -3.23200
v -252.16551 -24.02700 -3.23200
v -252.38011 -23.96530 -3.22089
v -252.14150 -23.97330 3.22208
v -252.14150 -23.90790 3.22180
v -252.06890 -23.91290 3.27101
v -252.06890 -23.95850 3.27082
v -252.14150 -23.90710 3.85981
v -252.14150 -23.97250 3.86009
v -252.06890 -23.96750 3.81088
v -252.06890 -23.92180 3.81088
v -252.03450 -23.93850 3.75481
v -252.03450 -23.96190 3.75481
v -252.03450 -23.94150 3.32699
v -252.03450 -23.91840 3.32708
v -252.06890 -23.76840 3.75099
v -252.06931 -23.80620 3.77588
v -252.03450 -23.82330 3.72009
v -252.03450 -23.80420 3.70722
v -252.01459 -24.04230 3.66478
v -252.00241 -24.00890 3.62430
v -252.00241 -23.99130 3.63579
v -252.01459 -24.01650 3.68242
v -252.01459 -24.06500 3.64270
v -252.00241 -24.02390 3.60899
v -252.01459 -24.08200 3.61629
v -252.00241 -24.03570 3.59159
v -252.01459 -24.09420 3.58710
v -252.00241 -24.04340 3.57199
v -252.01459 -24.09990 3.55601
v -252.00241 -24.04770 3.55101
v -252.01459 -24.09980 3.52468
v -252.00241 -24.04750 3.52998
v -252.01459 -24.09380 3.49369
v -252.00241 -24.04360 3.50938
v -252.01459 -24.08160 3.46470
v -252.00241 -24.03520 3.48969
v -252.01459 -24.06400 3.43838
v -252.00241 -24.02340 3.47219
v -252.01459 -23.83760 3.41659
v -252.00241 -23.87140 3.45750
v -252.00241 -23.88890 3.44558
v -252.01459 -23.86400 3.39899
v -252.01459 -23.81540 3.43919
v -252.00241 -23.85650 3.47228
v -252.01459 -23.79790 3.46541
v -252.00241 -23.84470 3.49030
v -252.01459 -23.78610 3.49469
v -252.00241 -23.83690 3.50938
v -252.01459 -23.77960 3.52559
v -252.00241 -23.83240 3.53031
v -252.01459 -23.78010 3.55711
v -252.00241 -23.83250 3.55191
v -252.01459 -23.78640 3.58772
v -252.00241 -23.83670 3.57232
v -252.01459 -23.79840 3.61710
v -252.00241 -23.84480 3.59201
v -252.03450 -23.75080 3.64251
v -252.03450 -23.73470 3.60379
v -252.03450 -23.72650 3.56269
v -252.03450 -23.72640 3.52058
v -252.03450 -23.73430 3.47891
v -252.03450 -23.75040 3.44019
v -252.03450 -23.77340 3.40538
v -252.03450 -23.80350 3.37529
v -252.03450 -23.83820 3.35169
v -252.01459 -23.89300 3.38712
v -252.03450 -23.87710 3.33538
v -252.03450 -24.07620 3.37420
v -252.01459 -24.04200 3.41620
v -252.03450 -24.10590 3.40419
v -252.03450 -24.12930 3.43919
v -252.03450 -24.14570 3.47791
v -252.03450 -24.15390 3.51949
v -252.03450 -24.15390 3.56159
v -252.03450 -24.14590 3.60270
v -252.03450 -24.12970 3.64180
v -252.03450 -24.10660 3.67699
v -252.03450 -24.07690 3.70660
v -252.03450 -24.04200 3.73011
v -252.01459 -23.98700 3.69468
v -252.03450 -24.00300 3.74651
v -252.01459 -23.95650 3.70078
v -252.03450 -23.77440 3.67770
v -252.01459 -23.81600 3.64308
v -252.06890 -23.73080 3.71351
v -252.06890 -23.70110 3.66931
v -252.06890 -24.01950 3.80030
v -252.06890 -24.06870 3.77989
v -252.06890 -24.11290 3.75018
v -252.06890 -24.15040 3.71251
v -252.06890 -24.17970 3.66812
v -252.06890 -24.20000 3.61862
v -252.06890 -24.21030 3.56679
v -252.06890 -24.21010 3.51348
v -252.06890 -24.19950 3.46122
v -252.06890 -24.17930 3.41229
v -252.06890 -24.14960 3.36838
v -252.06890 -24.11190 3.33080
v -252.06890 -23.86050 3.28150
v -252.06890 -23.81140 3.30210
v -252.06890 -23.76750 3.33161
v -252.06890 -23.72960 3.36909
v -252.06890 -23.70050 3.41339
v -252.06890 -23.68040 3.46270
v -252.06890 -23.67000 3.51491
v -252.06890 -23.67030 3.56822
v -252.06890 -23.68090 3.62039
v -252.14150 -23.65740 3.69272
v -252.14150 -23.63360 3.63488
v -252.14150 -23.62080 3.57332
v -252.14150 -23.62070 3.51028
v -252.14150 -23.63260 3.44858
v -252.14150 -23.65690 3.39041
v -252.14150 -23.69140 3.33819
v -252.14150 -23.73570 3.29342
v -252.14150 -23.78800 3.25799
v -252.14150 -23.84620 3.23410
v -252.14150 -24.14300 3.29261
v -252.14150 -24.18740 3.33662
v -252.14150 -24.22260 3.38869
v -252.14150 -24.24700 3.44682
v -252.14150 -24.25950 3.50862
v -252.14150 -24.25930 3.57141
v -252.14150 -24.24730 3.63331
v -252.14150 -24.22340 3.69139
v -252.14150 -24.18860 3.74379
v -252.14150 -24.14400 3.78799
v -252.14150 -24.09190 3.82342
v -252.14150 -24.03420 3.84760
v -252.14150 -23.73740 3.78962
v -252.14150 -23.69260 3.74479
v -252.00241 -23.97160 3.64418
v -251.99599 -23.99790 3.55821
v -252.14150 -24.08840 3.25642
v -252.00241 -16.96560 3.52101
v -252.14150 -16.59520 3.35832
v -252.03450 -17.07120 3.56741
v -252.01459 -17.01990 3.54328
v -252.06931 -16.64210 3.37849
v -252.00241 -16.80110 3.44849
v -252.01459 -16.74780 3.42388
v -252.03450 -16.69550 3.40228
v -252.06890 -16.59330 3.48892
v -252.14150 -17.17140 3.61171
v -252.16551 -17.17140 3.61171
v -252.16551 -16.59520 3.35832
v -252.01459 -16.69850 3.53489
v -252.01459 -16.97150 3.65491
v -252.38011 -16.59600 3.35631
v -252.06890 -17.12490 3.59120
v -252.16551 -17.15280 3.66921
v -252.38011 -17.15280 3.66921
v -252.38011 -17.17270 3.60909
v -252.38011 -16.54610 -3.47071
v -252.38011 -16.56550 -3.41091
v -252.16551 -16.56680 -3.40900
v -252.16551 -16.63530 -3.31011
v -252.38011 -16.63710 -3.30820
v -252.38011 -16.68630 -3.26920
v -252.16551 -17.08380 -3.76821
v -252.38011 -17.08230 -3.77049
v -252.38011 -17.03290 -3.80921
v -252.16551 -17.12300 -3.72219
v -252.38011 -17.12300 -3.72219
v -252.38011 -17.17280 -3.60751
v -252.38011 -17.15360 -3.66740
v -252.16551 -17.15260 -3.66969
v -252.06890 -17.11060 -3.64051
v -252.00241 -16.75120 -3.53751
v -252.16551 -16.59600 -3.35588
v -252.14150 -16.56680 -3.40900
v -251.99599 -16.82510 -3.58920
v -252.38011 -16.59600 -3.35588
v -252.01459 -16.94740 -3.67389
v -252.00241 -16.89890 -3.63989
v -252.01459 -16.94740 -3.67389
v -252.03450 -17.06210 -3.60689
v -252.01459 -17.01620 -3.57499
v -252.01459 -16.77290 -3.40381
v -252.38011 -16.54380 -3.59631
v -252.38011 -16.53880 -3.53351
v -252.38011 -16.74240 -3.24059
v -252.38011 -16.80270 -3.22361
v -252.38011 -16.86540 -3.21879
v -252.38011 -16.92790 -3.22590
v -252.38011 -16.98770 -3.24512
v -252.38011 -17.04250 -3.27582
v -252.38011 -17.09050 -3.31669
v -252.38011 -17.12970 -3.36580
v -252.38011 -17.15830 -3.42202
v -252.38011 -17.17530 -3.48272
v -252.38011 -17.18030 -3.54538
v -252.38011 -16.97680 -3.83782
v -252.38011 -16.91640 -3.85528
v -252.38011 -16.85350 -3.86009
v -252.38011 -16.79100 -3.85270
v -252.38011 -16.73150 -3.83320
v -252.38011 -16.67620 -3.80282
v -252.38011 -16.62850 -3.76201
v -252.38011 -16.58940 -3.71251
v -252.38011 -16.56100 -3.65629
v -252.01459 -16.70240 -3.50499
v -252.01459 -17.01620 -3.57499
v -252.00241 -24.02190 -3.47071
v -252.03450 -24.05350 -3.35970
v -252.01459 -24.03940 -3.41468
v -252.06931 -23.92560 -3.81079
v -252.01459 -23.95790 -3.70049
v -252.03450 -23.94130 -3.75452
v -252.06890 -23.80950 -3.77798
v -252.03450 -23.82550 -3.72171
v -252.01459 -23.84100 -3.66769
v -252.14150 -24.08310 -3.25422
v -252.16551 -24.08310 -3.25422
v -252.01459 -23.84100 -3.66769
v -252.01459 -23.92250 -3.38082
v -252.06890 -24.06930 -3.30319
v -252.38011 -24.08580 -3.25489
v -252.38011 -23.73740 3.78962
v -252.38011 -23.78980 3.82438
v -252.16551 -23.79190 3.82500
v -252.16551 -23.90710 3.85981
v -252.38011 -23.90970 3.86009
v -252.38011 -23.97250 3.86009
v -252.16551 -23.97330 3.22208
v -252.38011 -23.97060 3.22132
v -252.38011 -23.90790 3.22180
v -252.16551 -24.03250 3.23372
v -252.38011 -24.03250 3.23372
v -252.38011 -24.14300 3.29261
v -252.38011 -24.09060 3.25751
v -252.16551 -24.08840 3.25642
v -252.06890 -24.07370 3.30529
v -252.00241 -23.85630 3.60961
v -252.16551 -23.84780 3.84831
v -252.14150 -23.79190 3.82500
v -251.99599 -23.88210 3.52321
v -252.38011 -23.84780 3.84831
v -252.01459 -23.92510 3.38068
v -252.00241 -23.90840 3.43761
v -252.01459 -23.92510 3.38068
v -252.03450 -24.05670 3.36180
v -252.01459 -23.83960 3.66659
v -252.01459 -23.95650 3.70078
v -252.38011 -23.65740 3.69272
v -252.38011 -23.69260 3.74479
v -252.38011 -24.03420 3.84760
v -252.38011 -24.09190 3.82342
v -252.38011 -24.14400 3.78799
v -252.38011 -24.18860 3.74379
v -252.38011 -24.22340 3.69139
v -252.38011 -24.24730 3.63331
v -252.38011 -24.25930 3.57141
v -252.38011 -24.25950 3.50862
v -252.38011 -24.24700 3.44682
v -252.38011 -24.22260 3.38869
v -252.38011 -24.18740 3.33662
v -252.38011 -23.84620 3.23410
v -252.38011 -23.78800 3.25799
v -252.38011 -23.73570 3.29342
v -252.38011 -23.69140 3.33819
v -252.38011 -23.65690 3.39041
v -252.38011 -23.63260 3.44858
v -252.38011 -23.62070 3.51028
v -252.38011 -23.62080 3.57332
v -252.38011 -23.63360 3.63488
v -252.01459 -23.83960 3.66659
v -252.01459 -24.04200 3.41620
v -252.39780 -17.87280 2.52728
v -252.39780 -17.09790 -1.36771
v -252.39780 -16.82590 0.00000
v -252.39780 -17.09790 1.36771
v -252.39780 -17.87270 -2.52719
v -252.39780 -19.03230 3.30210
v -252.39780 -20.40000 3.57409
v -252.39780 -19.03230 -3.30210
v -252.39780 -21.76770 3.30210
v -252.39780 -20.40000 -3.57409
v -252.39780 -22.92730 2.52719
v -252.39780 -21.76770 -3.30210
v -252.39780 -23.70210 1.36771
v -252.39780 -22.92720 -2.52728
v -252.39780 -23.97410 0.00000
v -252.39780 -23.70210 -1.36771
v -252.28479 -20.29840 2.73108
v -252.28479 -20.33910 0.31328
v -252.34020 -20.33910 0.31328
v -252.34020 -20.29840 2.73108
v -252.28479 -20.33910 0.31328
v -252.28479 -20.33910 0.14710
v -252.34020 -20.33910 0.14710
v -252.34020 -20.33910 0.31328
v -252.28479 -20.46090 0.14710
v -252.28479 -20.46090 0.31328
v -252.34020 -20.46090 0.31328
v -252.34020 -20.46090 0.14710
v -252.28479 -20.46150 -0.45948
v -252.28479 -20.46090 -0.14710
v -252.34020 -20.46090 -0.14710
v -252.34020 -20.46150 -0.45948
v -252.28479 -20.33910 -0.14710
v -252.28479 -20.33850 -0.45948
v -252.34020 -20.33850 -0.45948
v -252.34020 -20.33910 -0.14710
v -252.28479 -20.47840 -0.62990
v -252.28479 -20.49200 -0.61312
v -252.34020 -20.49200 -0.61312
v -252.34020 -20.47840 -0.62990
v -252.28479 -20.50230 -0.59400
v -252.34020 -20.50230 -0.59400
v -252.28479 -20.50860 -0.57311
v -252.34020 -20.50860 -0.57311
v -252.28479 -20.51080 -0.55151
v -252.34020 -20.51080 -0.55151
v -252.28479 -20.50860 -0.53010
v -252.34020 -20.50860 -0.53010
v -252.28479 -20.50230 -0.50921
v -252.34020 -20.50230 -0.50921
v -252.28479 -20.49200 -0.49019
v -252.34020 -20.49200 -0.49019
v -252.28479 -20.32180 -0.47331
v -252.28479 -20.30800 -0.49019
v -252.34020 -20.30800 -0.49019
v -252.34020 -20.32180 -0.47331
v -252.28479 -20.29770 -0.50921
v -252.34020 -20.29770 -0.50921
v -252.28479 -20.29140 -0.53010
v -252.34020 -20.29140 -0.53010
v -252.28479 -20.28920 -0.55151
v -252.34020 -20.28920 -0.55151
v -252.28479 -20.29140 -0.57311
v -252.34020 -20.29140 -0.57311
v -252.28479 -20.29770 -0.59400
v -252.34020 -20.29770 -0.59400
v -252.28479 -20.30800 -0.61312
v -252.34020 -20.30800 -0.61312
v -252.28479 -20.32180 -0.62990
v -252.34020 -20.32180 -0.62990
v -252.28479 -20.33850 -0.64368
v -252.34020 -20.33850 -0.64368
v -252.28479 -20.42160 -0.66018
v -252.28479 -20.44240 -0.65398
v -252.34020 -20.44240 -0.65398
v -252.34020 -20.42160 -0.66018
v -252.28479 -20.46150 -0.64368
v -252.34020 -20.46150 -0.64368
v -252.28479 -20.48850 -0.13242
v -252.28479 -20.51260 -0.11249
v -252.34020 -20.51260 -0.11249
v -252.34020 -20.48850 -0.13242
v -252.28479 -20.26760 -0.08850
v -252.28479 -20.28740 -0.11249
v -252.34020 -20.28740 -0.11249
v -252.34020 -20.26760 -0.08850
v -252.28479 -20.25290 -0.06089
v -252.34020 -20.25290 -0.06089
v -252.28479 -20.24390 -0.03099
v -252.34020 -20.24390 -0.03099
v -252.28479 -20.24080 0.00000
v -252.34020 -20.24080 0.00000
v -252.28479 -20.24390 0.03099
v -252.34020 -20.24390 0.03099
v -252.28479 -20.25290 0.06089
v -252.34020 -20.25290 0.06089
v -252.28479 -20.26760 0.08850
v -252.34020 -20.26760 0.08850
v -252.28479 -20.28740 0.11258
v -252.34020 -20.28740 0.11258
v -252.28479 -20.31150 0.13242
v -252.34020 -20.31150 0.13242
v -252.28479 -20.53240 0.08850
v -252.28479 -20.51260 0.11258
v -252.34020 -20.51260 0.11258
v -252.34020 -20.53240 0.08850
v -252.28479 -20.54690 0.06089
v -252.34020 -20.54690 0.06089
v -252.28479 -20.55610 0.03099
v -252.34020 -20.55610 0.03099
v -252.28479 -20.55920 0.00000
v -252.34020 -20.55920 0.00000
v -252.28479 -20.55610 -0.03099
v -252.34020 -20.55610 -0.03099
v -252.28479 -20.54690 -0.06089
v -252.34020 -20.54690 -0.06089
v -252.28479 -20.53240 -0.08850
v -252.34020 -20.53240 -0.08850
v -252.28479 -20.50170 2.73108
v -252.28479 -20.40000 3.00808
v -252.34020 -20.40000 3.00808
v -252.34020 -20.50170 2.73108
v -252.28479 -20.46090 0.31328
v -252.34020 -20.46090 0.31328
v -252.28479 -20.40000 -0.66218
v -252.28479 -20.37840 -0.66018
v -252.28479 -20.35760 -0.65398
v -252.28479 -20.47840 -0.47331
v -252.28479 -20.31150 -0.13242
v -252.28479 -20.48850 0.13242
v -252.34020 -20.47840 -0.47331
v -252.34020 -20.35760 -0.65398
v -252.34020 -20.37840 -0.66018
v -252.34020 -20.40000 -0.66218
v -252.34020 -20.31150 -0.13242
v -252.34020 -20.48850 0.13242
v -252.13161 -19.67580 -3.64070
v -252.13161 -18.97790 -3.42941
v -252.30870 -19.14020 -3.03779
v -252.30870 -19.75840 -3.22490
v -252.13161 -18.33740 -3.08642
v -252.30870 -18.57300 -2.73409
v -252.13161 -17.77470 -2.62470
v -252.30870 -18.07450 -2.32501
v -252.13161 -17.31190 -2.06218
v -252.30870 -17.66450 -1.82662
v -252.13161 -16.96940 -1.42040
v -252.30870 -17.36130 -1.25818
v -252.13161 -16.75880 -0.72389
v -252.30870 -17.17460 -0.64130
v -252.13161 -16.68740 -0.00420
v -252.30870 -17.11160 -0.00381
v -252.13161 -16.75880 0.72451
v -252.30870 -17.17460 0.64168
v -252.13161 -16.96940 1.42078
v -252.30870 -17.36130 1.25852
v -252.13161 -17.31190 2.06261
v -252.30870 -17.66450 1.82700
v -252.13161 -17.77470 2.62508
v -252.30870 -18.07460 2.32539
v -252.13161 -18.33760 3.08690
v -252.30870 -18.57310 2.73418
v -252.13161 -18.97800 3.42989
v -252.30870 -19.14050 3.03812
v -252.13161 -19.67580 3.64108
v -252.30870 -19.75870 3.22528
v -252.13161 -20.40040 3.71261
v -252.30870 -20.40040 3.28841
v -252.13161 -21.12490 3.64108
v -252.30870 -21.04200 3.22528
v -252.13161 -21.81940 3.42989
v -252.30870 -21.65740 3.03812
v -252.13161 -22.46210 3.08690
v -252.30870 -22.22650 2.73418
v -252.13161 -23.02480 2.62508
v -252.30870 -22.72510 2.32520
v -252.13161 -23.48640 2.06261
v -252.30870 -23.13410 1.82691
v -252.13161 -23.82910 1.42078
v -252.30870 -23.43730 1.25842
v -252.13161 -24.04080 0.72441
v -252.30870 -23.62490 0.64158
v -252.13161 -24.11190 -0.00210
v -252.30870 -23.68820 -0.00200
v -252.13161 -24.04080 -0.72398
v -252.30870 -23.62490 -0.64130
v -252.13161 -23.82910 -1.42050
v -252.30870 -23.43730 -1.25842
v -252.13161 -23.48640 -2.06218
v -252.30870 -23.13410 -1.82691
v -252.13161 -23.02480 -2.62470
v -252.30870 -22.72500 -2.32511
v -252.13161 -22.46210 -3.08642
v -252.30870 -22.22640 -2.73409
v -252.13161 -21.81940 -3.42941
v -252.30870 -21.65730 -3.03779
v -252.13161 -21.12460 -3.64070
v -252.30870 -21.04190 -3.22490
v -252.45090 -16.96940 1.42078
v -252.45090 -17.31300 2.06261
v -252.45931 -17.15040 2.17118
v -252.45931 -16.78870 1.49560
v -252.45090 -17.77470 2.62508
v -252.45931 -17.63640 2.76332
v -252.45090 -18.33870 3.08690
v -252.45931 -18.23010 3.24941
v -252.45090 -18.97800 3.42989
v -252.45931 -18.90310 3.61042
v -252.45090 -19.67690 3.64108
v -252.45090 -20.40040 3.71261
v -252.45931 -20.40040 3.90801
v -252.45931 -19.63880 3.83291
v -252.45090 -21.12590 3.64108
v -252.45931 -21.16410 3.83291
v -252.45090 -21.81940 3.42989
v -252.45931 -21.89410 3.61042
v -252.45090 -22.46210 3.08690
v -252.45931 -22.57060 3.24941
v -252.45090 -23.02590 2.62508
v -252.45931 -23.16420 2.76332
v -252.45090 -23.48750 2.06261
v -252.45931 -23.65010 2.17118
v -252.45090 -23.82910 1.42078
v -252.45931 -24.00960 1.49570
v -252.45090 -24.04080 0.72441
v -252.45931 -24.23250 0.76251
v -252.45090 -24.11190 0.00038
v -252.45931 -24.30750 0.00038
v -252.45090 -24.04080 -0.72398
v -252.45931 -24.23250 -0.76218
v -252.45090 -23.82910 -1.42050
v -252.45931 -24.00960 -1.49531
v -252.45090 -23.48750 -2.06218
v -252.45931 -23.65010 -2.17071
v -252.45090 -23.02590 -2.62470
v -252.45931 -23.16420 -2.76289
v -252.45090 -22.46210 -3.08642
v -252.45931 -22.57060 -3.24888
v -252.45090 -21.81940 -3.42941
v -252.45931 -21.89410 -3.60999
v -252.45090 -21.12570 -3.64070
v -252.45931 -21.16390 -3.83239
v -252.45090 -20.40980 -3.71189
v -252.45931 -20.41040 -3.90749
v -252.45090 -19.67690 -3.64070
v -252.45931 -19.63880 -3.83239
v -252.45090 -18.97790 -3.42941
v -252.45931 -18.90290 -3.60999
v -252.45090 -18.33840 -3.08642
v -252.45931 -18.22990 -3.24888
v -252.45090 -17.77470 -2.62470
v -252.45931 -17.63640 -2.76289
v -252.45090 -16.96940 -1.42040
v -252.45090 -16.75980 -0.72389
v -252.45931 -16.56820 -0.76199
v -252.45931 -16.78870 -1.49522
v -252.45090 -17.31300 -2.06218
v -252.45931 -17.15040 -2.17071
v -252.45090 -16.68840 -0.00420
v -252.45931 -16.49300 -0.00448
v -252.45090 -16.75980 0.72451
v -252.45931 -16.56820 0.76261
v -252.13161 -20.40980 -3.71189
v -252.30870 -20.40870 -3.28822
v -252.12309 -16.78870 1.49560
v -252.12309 -17.14930 2.17118
v -252.12309 -17.63640 2.76332
v -252.12309 -18.22890 3.24941
v -252.12309 -18.90310 3.61042
v -252.12309 -19.63760 3.83291
v -252.12309 -20.40040 3.90801
v -252.12309 -21.16300 3.83291
v -252.12309 -21.89410 3.61042
v -252.12309 -22.57060 3.24941
v -252.12309 -23.16310 2.76332
v -252.12309 -23.64890 2.17118
v -252.12309 -24.00960 1.49570
v -252.12309 -24.23250 0.76251
v -252.12309 -24.30750 -0.00219
v -252.12309 -24.23250 -0.76218
v -252.12309 -24.00960 -1.49531
v -252.12309 -23.64890 -2.17071
v -252.12309 -23.16310 -2.76289
v -252.12309 -22.57060 -3.24888
v -252.12309 -21.89410 -3.60999
v -252.12309 -21.16290 -3.83239
v -252.12309 -20.41040 -3.90749
v -252.12309 -19.63760 -3.83239
v -252.12309 -18.90290 -3.60999
v -252.12309 -18.22880 -3.24888
v -252.12309 -17.63640 -2.76289
v -252.12309 -16.78870 -1.49522
v -252.12309 -16.56700 -0.76199
v -252.12309 -17.14930 -2.17071
v -252.12309 -16.49200 -0.00448
v -252.12309 -16.56700 0.76261
v -252.30870 -18.57300 -2.73409
v -252.30870 -18.07450 -2.32501
v -252.44169 -18.07450 -2.32501
v -252.44169 -18.57300 -2.73409
v -252.30870 -19.75840 -3.22490
v -252.30870 -19.14020 -3.03779
v -252.44169 -19.14020 -3.03779
v -252.44169 -19.75840 -3.22490
v -252.30870 -17.66450 -1.82662
v -252.44169 -17.66450 -1.82662
v -252.30870 -21.04190 -3.22490
v -252.30870 -20.40870 -3.28822
v -252.44169 -20.40870 -3.28822
v -252.44169 -21.04190 -3.22490
v -252.30870 -23.13410 1.82691
v -252.30870 -23.43730 1.25842
v -252.44169 -23.43730 1.25842
v -252.44169 -23.13410 1.82691
v -252.30870 -17.36130 -1.25818
v -252.44169 -17.36130 -1.25818
v -252.30870 -23.62490 0.64158
v -252.44169 -23.62490 0.64158
v -252.30870 -19.14050 3.03812
v -252.30870 -19.75870 3.22528
v -252.44169 -19.75870 3.22528
v -252.44169 -19.14050 3.03812
v -252.30870 -22.22650 2.73418
v -252.30870 -22.72510 2.32520
v -252.44169 -22.72510 2.32520
v -252.44169 -22.22650 2.73418
v -252.30870 -17.17460 -0.64130
v -252.44169 -17.17460 -0.64130
v -252.30870 -20.40040 3.28841
v -252.30870 -21.04200 3.22528
v -252.44169 -21.04200 3.22528
v -252.44169 -20.40040 3.28841
v -252.30870 -17.11160 -0.00381
v -252.30870 -17.17460 0.64168
v -252.44169 -17.17460 0.64168
v -252.44169 -17.11160 -0.00381
v -252.30870 -17.36130 1.25852
v -252.44169 -17.36130 1.25852
v -252.30870 -23.13410 -1.82691
v -252.30870 -22.72500 -2.32511
v -252.44169 -22.72500 -2.32511
v -252.44169 -23.13410 -1.82691
v -252.30870 -21.65740 3.03812
v -252.44169 -21.65740 3.03812
v -252.30870 -23.43730 -1.25842
v -252.44169 -23.43730 -1.25842
v -252.30870 -17.66450 1.82700
v -252.30870 -18.07460 2.32539
v -252.44169 -18.07460 2.32539
v -252.44169 -17.66450 1.82700
v -252.30870 -23.68820 -0.00200
v -252.30870 -23.62490 -0.64130
v -252.44169 -23.62490 -0.64130
v -252.44169 -23.68820 -0.00200
v -252.30870 -18.57310 2.73418
v -252.44169 -18.57310 2.73418
v -252.30870 -21.65730 -3.03779
v -252.44169 -21.65730 -3.03779
v -252.30870 -22.22640 -2.73409
v -252.44169 -22.22640 -2.73409
f 11121 11122 11123
f 11124 11125 11126
f 11127 11128 11129
f 11130 11131 11132
f 11133 11134 11135
f 11136 11137 11138
f 11136 11138 11139
f 11137 11140 11141
f 11137 11141 11138
f 11140 11142 11143
f 11140 11143 11141
f 11142 11144 11145
f 11142 11145 11143
f 11144 11146 11147
f 11144 11147 11145
f 11146 11148 11149
f 11146 11149 11147
f 11148 11150 11151
f 11148 11151 11149
f 11150 11152 11153
f 11150 11153 11151
f 11152 11154 11155
f 11152 11155 11153
f 11154 11156 11157
f 11154 11157 11155
f 11132 11158 11159
f 11132 11159 11160
f 11158 11161 11162
f 11158 11162 11159
f 11161 11163 11164
f 11161 11164 11162
f 11163 11165 11166
f 11163 11166 11164
f 11165 11167 11168
f 11165 11168 11166
f 11167 11169 11170
f 11167 11170 11168
f 11169 11171 11172
f 11169 11172 11170
f 11171 11173 11174
f 11171 11174 11172
f 11173 11175 11176
f 11173 11176 11174
f 11175 11177 11178
f 11175 11178 11176
f 11177 11179 11180
f 11177 11180 11178
f 11179 11135 11181
f 11179 11181 11180
f 11182 11183 11184
f 11182 11184 11185
f 11139 11184 11183
f 11139 11183 11136
f 11186 11187 11188
f 11186 11188 11189
f 11189 11188 11190
f 11189 11190 11191
f 11191 11190 11192
f 11191 11192 11193
f 11193 11192 11194
f 11193 11194 11195
f 11195 11194 11196
f 11195 11196 11197
f 11197 11196 11198
f 11197 11198 11199
f 11199 11198 11200
f 11199 11200 11201
f 11201 11200 11202
f 11201 11202 11203
f 11203 11202 11204
f 11203 11204 11205
f 11205 11204 11206
f 11205 11206 11207
f 11208 11209 11210
f 11208 11210 11211
f 11211 11210 11212
f 11211 11212 11213
f 11213 11212 11214
f 11213 11214 11215
f 11215 11214 11216
f 11215 11216 11217
f 11217 11216 11218
f 11217 11218 11219
f 11219 11218 11220
f 11219 11220 11221
f 11221 11220 11222
f 11221 11222 11223
f 11223 11222 11224
f 11223 11224 11225
f 11225 11224 11226
f 11225 11226 11227
f 11227 11226 11228
f 11227 11228 11229
f 11229 11228 11230
f 11229 11230 11231
f 11231 11230 11232
f 11231 11232 11233
f 11234 11235 11236
f 11234 11236 11237
f 11237 11236 11187
f 11237 11187 11186
f 11236 11238 11239
f 11236 11239 11187
f 11235 11240 11238
f 11235 11238 11236
f 11228 11241 11242
f 11228 11242 11230
f 11226 11243 11241
f 11226 11241 11228
f 11224 11244 11243
f 11224 11243 11226
f 11222 11245 11244
f 11222 11244 11224
f 11220 11246 11245
f 11220 11245 11222
f 11218 11247 11246
f 11218 11246 11220
f 11216 11248 11247
f 11216 11247 11218
f 11214 11249 11248
f 11214 11248 11216
f 11212 11250 11249
f 11212 11249 11214
f 11210 11251 11250
f 11210 11250 11212
f 11204 11252 11253
f 11204 11253 11206
f 11202 11254 11252
f 11202 11252 11204
f 11200 11255 11254
f 11200 11254 11202
f 11198 11256 11255
f 11198 11255 11200
f 11196 11257 11256
f 11196 11256 11198
f 11194 11258 11257
f 11194 11257 11196
f 11192 11259 11258
f 11192 11258 11194
f 11190 11260 11259
f 11190 11259 11192
f 11188 11261 11260
f 11188 11260 11190
f 11187 11239 11261
f 11187 11261 11188
f 11239 11262 11263
f 11239 11263 11261
f 11261 11263 11264
f 11261 11264 11260
f 11260 11264 11265
f 11260 11265 11259
f 11259 11265 11266
f 11259 11266 11258
f 11258 11266 11267
f 11258 11267 11257
f 11257 11267 11268
f 11257 11268 11256
f 11256 11268 11269
f 11256 11269 11255
f 11255 11269 11270
f 11255 11270 11254
f 11251 11126 11125
f 11251 11125 11250
f 11250 11125 11124
f 11250 11124 11249
f 11249 11124 11271
f 11249 11271 11248
f 11248 11271 11272
f 11248 11272 11247
f 11247 11272 11273
f 11247 11273 11246
f 11246 11273 11274
f 11246 11274 11245
f 11245 11274 11275
f 11245 11275 11244
f 11244 11275 11276
f 11244 11276 11243
f 11243 11276 11277
f 11243 11277 11241
f 11273 11278 11275
f 11273 11275 11274
f 11266 11279 11268
f 11266 11268 11267
f 11262 11279 11264
f 11262 11264 11263
f 11271 11278 11273
f 11271 11273 11272
f 11271 11124 11126
f 11271 11126 11278
f 11264 11279 11266
f 11264 11266 11265
f 11280 11134 11281
f 11280 11281 11282
f 11277 11276 11275
f 11277 11275 11278
f 11270 11269 11268
f 11270 11268 11279
f 11160 11283 11130
f 11160 11130 11132
f 11134 11280 11181
f 11134 11181 11135
f 11284 11285 11286
f 11284 11286 11287
f 11288 11289 11290
f 11288 11290 11291
f 11292 11291 11290
f 11292 11290 11293
f 11294 11287 11286
f 11294 11286 11295
f 11296 11297 11298
f 11296 11298 11299
f 11300 11301 11302
f 11300 11302 11303
f 11304 11305 11301
f 11304 11301 11300
f 11306 11307 11305
f 11306 11305 11304
f 11308 11309 11307
f 11308 11307 11306
f 11310 11311 11309
f 11310 11309 11308
f 11312 11313 11311
f 11312 11311 11310
f 11314 11315 11313
f 11314 11313 11312
f 11316 11317 11315
f 11316 11315 11314
f 11318 11319 11317
f 11318 11317 11316
f 11320 11321 11322
f 11320 11322 11323
f 11324 11325 11321
f 11324 11321 11320
f 11326 11327 11325
f 11326 11325 11324
f 11328 11329 11327
f 11328 11327 11326
f 11330 11331 11329
f 11330 11329 11328
f 11332 11333 11331
f 11332 11331 11330
f 11334 11335 11333
f 11334 11333 11332
f 11336 11337 11335
f 11336 11335 11334
f 11338 11336 11334
f 11338 11334 11339
f 11339 11334 11332
f 11339 11332 11340
f 11340 11332 11330
f 11340 11330 11341
f 11341 11330 11328
f 11341 11328 11342
f 11342 11328 11326
f 11342 11326 11343
f 11343 11326 11324
f 11343 11324 11344
f 11344 11324 11320
f 11344 11320 11345
f 11345 11320 11323
f 11345 11323 11346
f 11346 11323 11347
f 11346 11347 11348
f 11349 11318 11316
f 11349 11316 11350
f 11350 11316 11314
f 11350 11314 11351
f 11351 11314 11312
f 11351 11312 11352
f 11352 11312 11310
f 11352 11310 11353
f 11353 11310 11308
f 11353 11308 11354
f 11354 11308 11306
f 11354 11306 11355
f 11355 11306 11304
f 11355 11304 11356
f 11356 11304 11300
f 11356 11300 11357
f 11357 11300 11303
f 11357 11303 11358
f 11358 11303 11359
f 11358 11359 11360
f 11360 11359 11361
f 11360 11361 11293
f 11299 11362 11363
f 11299 11363 11364
f 11364 11363 11336
f 11364 11336 11338
f 11365 11364 11338
f 11365 11338 11366
f 11296 11299 11364
f 11296 11364 11365
f 11367 11360 11293
f 11367 11293 11290
f 11368 11358 11360
f 11368 11360 11367
f 11369 11357 11358
f 11369 11358 11368
f 11370 11356 11357
f 11370 11357 11369
f 11371 11355 11356
f 11371 11356 11370
f 11372 11354 11355
f 11372 11355 11371
f 11373 11353 11354
f 11373 11354 11372
f 11374 11352 11353
f 11374 11353 11373
f 11375 11351 11352
f 11375 11352 11374
f 11376 11350 11351
f 11376 11351 11375
f 11377 11349 11350
f 11377 11350 11376
f 11378 11379 11349
f 11378 11349 11377
f 11380 11348 11295
f 11380 11295 11286
f 11381 11346 11348
f 11381 11348 11380
f 11382 11345 11346
f 11382 11346 11381
f 11383 11344 11345
f 11383 11345 11382
f 11384 11343 11344
f 11384 11344 11383
f 11385 11342 11343
f 11385 11343 11384
f 11386 11341 11342
f 11386 11342 11385
f 11387 11340 11341
f 11387 11341 11386
f 11388 11339 11340
f 11388 11340 11387
f 11366 11338 11339
f 11366 11339 11388
f 11389 11366 11388
f 11389 11388 11390
f 11390 11388 11387
f 11390 11387 11391
f 11391 11387 11386
f 11391 11386 11392
f 11392 11386 11385
f 11392 11385 11393
f 11393 11385 11384
f 11393 11384 11394
f 11394 11384 11383
f 11394 11383 11395
f 11395 11383 11382
f 11395 11382 11396
f 11396 11382 11381
f 11396 11381 11397
f 11397 11381 11380
f 11397 11380 11398
f 11398 11380 11286
f 11398 11286 11285
f 11399 11378 11377
f 11399 11377 11400
f 11400 11377 11376
f 11400 11376 11401
f 11401 11376 11375
f 11401 11375 11402
f 11402 11375 11374
f 11402 11374 11403
f 11403 11374 11373
f 11403 11373 11404
f 11404 11373 11372
f 11404 11372 11405
f 11405 11372 11371
f 11405 11371 11406
f 11406 11371 11370
f 11406 11370 11407
f 11407 11370 11369
f 11407 11369 11408
f 11408 11369 11368
f 11408 11368 11409
f 11409 11368 11367
f 11409 11367 11410
f 11410 11367 11290
f 11410 11290 11289
f 11411 11296 11365
f 11411 11365 11412
f 11412 11365 11366
f 11412 11366 11389
f 11413 11414 11415
f 11315 11317 11319
f 11416 11417 11418
f 11419 11420 11421
f 11419 11421 11422
f 11423 11424 11425
f 11426 11427 11428
f 11429 11430 11431
f 11432 11433 11434
f 11435 11436 11437
f 11435 11437 11438
f 11436 11439 11440
f 11436 11440 11437
f 11439 11441 11442
f 11439 11442 11440
f 11441 11443 11444
f 11441 11444 11442
f 11443 11445 11446
f 11443 11446 11444
f 11445 11447 11448
f 11445 11448 11446
f 11447 11449 11450
f 11447 11450 11448
f 11449 11451 11452
f 11449 11452 11450
f 11451 11453 11454
f 11451 11454 11452
f 11453 11455 11456
f 11453 11456 11454
f 11428 11457 11458
f 11428 11458 11459
f 11457 11460 11461
f 11457 11461 11458
f 11460 11462 11463
f 11460 11463 11461
f 11462 11464 11465
f 11462 11465 11463
f 11464 11466 11467
f 11464 11467 11465
f 11466 11468 11469
f 11466 11469 11467
f 11468 11470 11471
f 11468 11471 11469
f 11470 11472 11473
f 11470 11473 11471
f 11472 11474 11475
f 11472 11475 11473
f 11474 11476 11477
f 11474 11477 11475
f 11476 11478 11479
f 11476 11479 11477
f 11478 11434 11480
f 11478 11480 11479
f 11431 11481 11482
f 11431 11482 11483
f 11438 11482 11481
f 11438 11481 11435
f 11484 11485 11486
f 11484 11486 11487
f 11487 11486 11488
f 11487 11488 11489
f 11489 11488 11490
f 11489 11490 11491
f 11491 11490 11492
f 11491 11492 11493
f 11493 11492 11494
f 11493 11494 11495
f 11495 11494 11496
f 11495 11496 11497
f 11497 11496 11498
f 11497 11498 11499
f 11499 11498 11500
f 11499 11500 11501
f 11501 11500 11502
f 11501 11502 11503
f 11503 11502 11504
f 11503 11504 11505
f 11506 11507 11508
f 11506 11508 11509
f 11509 11508 11510
f 11509 11510 11511
f 11511 11510 11512
f 11511 11512 11513
f 11513 11512 11514
f 11513 11514 11515
f 11515 11514 11516
f 11515 11516 11517
f 11517 11516 11518
f 11517 11518 11519
f 11519 11518 11520
f 11519 11520 11521
f 11521 11520 11522
f 11521 11522 11523
f 11523 11522 11524
f 11523 11524 11525
f 11525 11524 11526
f 11525 11526 11527
f 11527 11526 11528
f 11527 11528 11529
f 11529 11528 11530
f 11529 11530 11531
f 11532 11533 11534
f 11532 11534 11535
f 11535 11534 11485
f 11535 11485 11484
f 11534 11536 11537
f 11534 11537 11485
f 11533 11538 11536
f 11533 11536 11534
f 11526 11539 11540
f 11526 11540 11528
f 11524 11541 11539
f 11524 11539 11526
f 11522 11542 11541
f 11522 11541 11524
f 11520 11543 11542
f 11520 11542 11522
f 11518 11544 11543
f 11518 11543 11520
f 11516 11545 11544
f 11516 11544 11518
f 11514 11546 11545
f 11514 11545 11516
f 11512 11547 11546
f 11512 11546 11514
f 11510 11548 11547
f 11510 11547 11512
f 11508 11549 11548
f 11508 11548 11510
f 11502 11550 11551
f 11502 11551 11504
f 11500 11552 11550
f 11500 11550 11502
f 11498 11553 11552
f 11498 11552 11500
f 11496 11554 11553
f 11496 11553 11498
f 11494 11555 11554
f 11494 11554 11496
f 11492 11556 11555
f 11492 11555 11494
f 11490 11557 11556
f 11490 11556 11492
f 11488 11558 11557
f 11488 11557 11490
f 11486 11559 11558
f 11486 11558 11488
f 11485 11537 11559
f 11485 11559 11486
f 11537 11423 11560
f 11537 11560 11559
f 11559 11560 11561
f 11559 11561 11558
f 11558 11561 11562
f 11558 11562 11557
f 11557 11562 11563
f 11557 11563 11556
f 11556 11563 11564
f 11556 11564 11555
f 11555 11564 11565
f 11555 11565 11554
f 11554 11565 11566
f 11554 11566 11553
f 11553 11566 11567
f 11553 11567 11552
f 11548 11568 11569
f 11548 11569 11547
f 11547 11569 11570
f 11547 11570 11546
f 11546 11570 11571
f 11546 11571 11545
f 11545 11571 11572
f 11545 11572 11544
f 11544 11572 11573
f 11544 11573 11543
f 11543 11573 11574
f 11543 11574 11542
f 11542 11574 11575
f 11542 11575 11541
f 11541 11575 11418
f 11541 11418 11539
f 11539 11418 11417
f 11539 11417 11540
f 11572 11416 11574
f 11572 11574 11573
f 11563 11425 11565
f 11563 11565 11564
f 11576 11429 11577
f 11576 11577 11578
f 11423 11425 11561
f 11423 11561 11560
f 11570 11416 11572
f 11570 11572 11571
f 11561 11425 11563
f 11561 11563 11562
f 11579 11433 11576
f 11579 11576 11578
f 11418 11575 11574
f 11418 11574 11416
f 11567 11566 11565
f 11567 11565 11425
f 11580 11581 11426
f 11580 11426 11582
f 11424 11423 11537
f 11424 11537 11536
f 11459 11582 11426
f 11459 11426 11428
f 11433 11579 11480
f 11433 11480 11434
f 11483 11577 11429
f 11483 11429 11431
f 11583 11584 11585
f 11583 11585 11586
f 11587 11588 11589
f 11587 11589 11590
f 11591 11590 11589
f 11591 11589 11592
f 11593 11586 11585
f 11593 11585 11594
f 11595 11596 11597
f 11595 11597 11598
f 11599 11600 11601
f 11599 11601 11602
f 11603 11604 11600
f 11603 11600 11599
f 11605 11606 11604
f 11605 11604 11603
f 11607 11608 11606
f 11607 11606 11605
f 11609 11610 11608
f 11609 11608 11607
f 11611 11612 11610
f 11611 11610 11609
f 11613 11614 11612
f 11613 11612 11611
f 11615 11616 11614
f 11615 11614 11613
f 11617 11618 11616
f 11617 11616 11615
f 11619 11620 11621
f 11619 11621 11622
f 11623 11624 11620
f 11623 11620 11619
f 11625 11626 11624
f 11625 11624 11623
f 11627 11628 11626
f 11627 11626 11625
f 11629 11630 11628
f 11629 11628 11627
f 11631 11632 11630
f 11631 11630 11629
f 11633 11634 11632
f 11633 11632 11631
f 11635 11636 11634
f 11635 11634 11633
f 11637 11635 11633
f 11637 11633 11638
f 11638 11633 11631
f 11638 11631 11639
f 11639 11631 11629
f 11639 11629 11640
f 11640 11629 11627
f 11640 11627 11641
f 11641 11627 11625
f 11641 11625 11642
f 11642 11625 11623
f 11642 11623 11643
f 11643 11623 11619
f 11643 11619 11644
f 11644 11619 11622
f 11644 11622 11645
f 11645 11622 11646
f 11645 11646 11647
f 11648 11649 11617
f 11648 11617 11650
f 11650 11617 11615
f 11650 11615 11651
f 11651 11615 11613
f 11651 11613 11652
f 11652 11613 11611
f 11652 11611 11653
f 11653 11611 11609
f 11653 11609 11654
f 11654 11609 11607
f 11654 11607 11655
f 11655 11607 11605
f 11655 11605 11656
f 11656 11605 11603
f 11656 11603 11657
f 11657 11603 11599
f 11657 11599 11658
f 11658 11599 11602
f 11658 11602 11659
f 11659 11602 11660
f 11659 11660 11661
f 11661 11660 11662
f 11661 11662 11592
f 11663 11664 11635
f 11663 11635 11637
f 11665 11663 11637
f 11665 11637 11666
f 11595 11598 11663
f 11595 11663 11665
f 11667 11661 11592
f 11667 11592 11589
f 11668 11659 11661
f 11668 11661 11667
f 11669 11658 11659
f 11669 11659 11668
f 11670 11657 11658
f 11670 11658 11669
f 11671 11656 11657
f 11671 11657 11670
f 11672 11655 11656
f 11672 11656 11671
f 11673 11654 11655
f 11673 11655 11672
f 11674 11653 11654
f 11674 11654 11673
f 11675 11652 11653
f 11675 11653 11674
f 11676 11651 11652
f 11676 11652 11675
f 11677 11650 11651
f 11677 11651 11676
f 11678 11648 11650
f 11678 11650 11677
f 11679 11647 11594
f 11679 11594 11585
f 11680 11645 11647
f 11680 11647 11679
f 11681 11644 11645
f 11681 11645 11680
f 11682 11643 11644
f 11682 11644 11681
f 11683 11642 11643
f 11683 11643 11682
f 11684 11641 11642
f 11684 11642 11683
f 11685 11640 11641
f 11685 11641 11684
f 11686 11639 11640
f 11686 11640 11685
f 11687 11638 11639
f 11687 11639 11686
f 11666 11637 11638
f 11666 11638 11687
f 11688 11666 11687
f 11688 11687 11689
f 11689 11687 11686
f 11689 11686 11690
f 11690 11686 11685
f 11690 11685 11691
f 11691 11685 11684
f 11691 11684 11692
f 11692 11684 11683
f 11692 11683 11693
f 11693 11683 11682
f 11693 11682 11694
f 11694 11682 11681
f 11694 11681 11695
f 11695 11681 11680
f 11695 11680 11696
f 11696 11680 11679
f 11696 11679 11697
f 11697 11679 11585
f 11697 11585 11584
f 11698 11678 11677
f 11698 11677 11699
f 11699 11677 11676
f 11699 11676 11700
f 11700 11676 11675
f 11700 11675 11701
f 11701 11675 11674
f 11701 11674 11702
f 11702 11674 11673
f 11702 11673 11703
f 11703 11673 11672
f 11703 11672 11704
f 11704 11672 11671
f 11704 11671 11705
f 11705 11671 11670
f 11705 11670 11706
f 11706 11670 11669
f 11706 11669 11707
f 11707 11669 11668
f 11707 11668 11708
f 11708 11668 11667
f 11708 11667 11709
f 11709 11667 11589
f 11709 11589 11588
f 11710 11595 11665
f 11710 11665 11711
f 11711 11665 11666
f 11711 11666 11688
f 11712 11713 11714
f 11614 11616 11618
f 11278 11127 11277
f 11270 11279 11715
f 11716 11717 11718
f 11121 11126 11122
f 11719 11720 11721
f 11719 11721 11722
f 11133 11723 11128
f 11262 11720 11279
f 11719 11279 11720
f 11127 11278 11131
f 11715 11279 11719
f 11724 11725 11156
f 11726 11716 11182
f 11126 11251 11122
f 11720 11238 11721
f 11183 11237 11186
f 11183 11186 11136
f 11182 11234 11237
f 11182 11237 11183
f 11179 11231 11233
f 11179 11233 11135
f 11177 11229 11231
f 11177 11231 11179
f 11175 11227 11229
f 11175 11229 11177
f 11173 11225 11227
f 11173 11227 11175
f 11171 11223 11225
f 11171 11225 11173
f 11169 11221 11223
f 11169 11223 11171
f 11167 11219 11221
f 11167 11221 11169
f 11165 11217 11219
f 11165 11219 11167
f 11163 11215 11217
f 11163 11217 11165
f 11161 11213 11215
f 11161 11215 11163
f 11158 11211 11213
f 11158 11213 11161
f 11132 11208 11211
f 11132 11211 11158
f 11154 11205 11207
f 11154 11207 11156
f 11152 11203 11205
f 11152 11205 11154
f 11150 11201 11203
f 11150 11203 11152
f 11148 11199 11201
f 11148 11201 11150
f 11146 11197 11199
f 11146 11199 11148
f 11144 11195 11197
f 11144 11197 11146
f 11142 11193 11195
f 11142 11195 11144
f 11140 11191 11193
f 11140 11193 11142
f 11137 11189 11191
f 11137 11191 11140
f 11136 11186 11189
f 11136 11189 11137
f 11230 11242 11727
f 11230 11727 11232
f 11209 11728 11251
f 11209 11251 11210
f 11254 11270 11715
f 11254 11715 11252
f 11241 11277 11127
f 11241 11127 11242
f 11242 11127 11727
f 11281 11726 11729
f 11281 11729 11282
f 11182 11716 11719
f 11182 11719 11234
f 11134 11133 11128
f 11134 11128 11130
f 11132 11131 11121
f 11132 11121 11208
f 11716 11724 11730
f 11716 11730 11717
f 11206 11718 11717
f 11208 11121 11123
f 11208 11123 11209
f 11232 11129 11128
f 11234 11719 11722
f 11234 11722 11235
f 11235 11722 11240
f 11209 11123 11728
f 11252 11715 11253
f 11718 11715 11719
f 11718 11719 11716
f 11725 11726 11281
f 11725 11281 11731
f 11717 11730 11207
f 11717 11207 11206
f 11128 11723 11233
f 11128 11233 11232
f 11725 11724 11716
f 11725 11716 11726
f 11732 11731 11130
f 11732 11130 11283
f 11130 11731 11281
f 11130 11281 11134
f 11133 11135 11233
f 11133 11233 11723
f 11720 11262 11239
f 11720 11239 11238
f 11131 11130 11128
f 11131 11128 11127
f 11278 11126 11121
f 11278 11121 11131
f 11731 11732 11733
f 11731 11733 11725
f 11725 11733 11157
f 11725 11157 11156
f 11724 11156 11207
f 11724 11207 11730
f 11185 11729 11726
f 11185 11726 11182
f 11734 11735 11736
f 11734 11736 11411
f 11737 11738 11739
f 11737 11739 11289
f 11740 11741 11742
f 11740 11742 11285
f 11743 11744 11741
f 11743 11741 11740
f 11745 11746 11747
f 11745 11747 11399
f 11414 11319 11748
f 11414 11748 11415
f 11415 11747 11292
f 11415 11292 11413
f 11749 11337 11336
f 11749 11336 11363
f 11747 11743 11750
f 11747 11750 11737
f 11744 11743 11747
f 11744 11747 11746
f 11740 11284 11751
f 11740 11751 11736
f 11322 11321 11325
f 11322 11325 11752
f 11302 11301 11305
f 11302 11305 11414
f 11738 11737 11750
f 11738 11750 11753
f 11740 11736 11750
f 11740 11750 11743
f 11333 11752 11329
f 11333 11329 11331
f 11313 11315 11319
f 11313 11319 11414
f 11313 11414 11309
f 11313 11309 11311
f 11337 11752 11333
f 11337 11333 11335
f 11754 11755 11297
f 11754 11297 11751
f 11347 11755 11756
f 11379 11757 11758
f 11299 11298 11362
f 11293 11759 11292
f 11378 11748 11757
f 11378 11757 11379
f 11295 11754 11294
f 11751 11284 11287
f 11751 11287 11294
f 11399 11415 11748
f 11399 11748 11378
f 11737 11288 11292
f 11737 11292 11747
f 11411 11751 11297
f 11411 11297 11296
f 11750 11736 11735
f 11750 11735 11753
f 11329 11752 11325
f 11329 11325 11327
f 11309 11414 11305
f 11309 11305 11307
f 11359 11413 11361
f 11303 11302 11413
f 11303 11413 11359
f 11323 11322 11755
f 11323 11755 11347
f 11348 11347 11756
f 11348 11756 11295
f 11379 11758 11318
f 11379 11318 11349
f 11760 11761 11412
f 11760 11412 11389
f 11411 11412 11761
f 11411 11761 11734
f 11410 11289 11739
f 11410 11739 11762
f 11409 11410 11762
f 11409 11762 11763
f 11408 11409 11763
f 11408 11763 11764
f 11407 11408 11764
f 11407 11764 11765
f 11406 11407 11765
f 11406 11765 11766
f 11405 11406 11766
f 11405 11766 11767
f 11404 11405 11767
f 11404 11767 11768
f 11403 11404 11768
f 11403 11768 11769
f 11402 11403 11769
f 11402 11769 11770
f 11401 11402 11770
f 11401 11770 11771
f 11400 11401 11771
f 11400 11771 11772
f 11399 11400 11772
f 11399 11772 11745
f 11398 11285 11742
f 11398 11742 11773
f 11397 11398 11773
f 11397 11773 11774
f 11396 11397 11774
f 11396 11774 11775
f 11395 11396 11775
f 11395 11775 11776
f 11394 11395 11776
f 11394 11776 11777
f 11393 11394 11777
f 11393 11777 11778
f 11392 11393 11778
f 11392 11778 11779
f 11391 11392 11779
f 11391 11779 11780
f 11390 11391 11780
f 11390 11780 11781
f 11389 11390 11781
f 11389 11781 11760
f 11749 11363 11782
f 11319 11318 11783
f 11288 11737 11289
f 11736 11751 11411
f 11284 11740 11285
f 11747 11415 11399
f 11755 11752 11297
f 11413 11292 11759
f 11297 11752 11749
f 11337 11749 11752
f 11288 11291 11292
f 11297 11782 11298
f 11297 11749 11782
f 11748 11783 11757
f 11748 11319 11783
f 11751 11294 11754
f 11322 11752 11755
f 11414 11413 11302
f 11567 11425 11784
f 11430 11785 11786
f 11787 11424 11788
f 11787 11788 11789
f 11432 11790 11791
f 11787 11425 11424
f 11569 11568 11420
f 11417 11416 11427
f 11417 11791 11792
f 11784 11425 11787
f 11793 11794 11455
f 11420 11549 11421
f 11424 11536 11788
f 11481 11535 11484
f 11481 11484 11435
f 11431 11532 11535
f 11431 11535 11481
f 11478 11529 11531
f 11478 11531 11434
f 11476 11527 11529
f 11476 11529 11478
f 11474 11525 11527
f 11474 11527 11476
f 11472 11523 11525
f 11472 11525 11474
f 11470 11521 11523
f 11470 11523 11472
f 11468 11519 11521
f 11468 11521 11470
f 11466 11517 11519
f 11466 11519 11468
f 11464 11515 11517
f 11464 11517 11466
f 11462 11513 11515
f 11462 11515 11464
f 11460 11511 11513
f 11460 11513 11462
f 11457 11509 11511
f 11457 11511 11460
f 11428 11506 11509
f 11428 11509 11457
f 11453 11503 11505
f 11453 11505 11455
f 11451 11501 11503
f 11451 11503 11453
f 11449 11499 11501
f 11449 11501 11451
f 11447 11497 11499
f 11447 11499 11449
f 11445 11495 11497
f 11445 11497 11447
f 11443 11493 11495
f 11443 11495 11445
f 11441 11491 11493
f 11441 11493 11443
f 11439 11489 11491
f 11439 11491 11441
f 11436 11487 11489
f 11436 11489 11439
f 11435 11484 11487
f 11435 11487 11436
f 11528 11540 11795
f 11528 11795 11530
f 11507 11796 11549
f 11507 11549 11508
f 11552 11567 11784
f 11552 11784 11550
f 11549 11420 11568
f 11549 11568 11548
f 11540 11417 11795
f 11431 11430 11787
f 11431 11787 11532
f 11433 11432 11791
f 11433 11791 11426
f 11428 11427 11419
f 11428 11419 11506
f 11430 11793 11797
f 11430 11797 11785
f 11504 11786 11785
f 11506 11419 11422
f 11506 11422 11507
f 11530 11792 11791
f 11532 11787 11789
f 11532 11789 11533
f 11533 11789 11538
f 11507 11422 11796
f 11550 11784 11551
f 11786 11784 11787
f 11786 11787 11430
f 11570 11569 11420
f 11570 11420 11416
f 11794 11429 11576
f 11794 11576 11581
f 11785 11797 11505
f 11785 11505 11504
f 11791 11790 11531
f 11791 11531 11530
f 11794 11793 11430
f 11794 11430 11429
f 11426 11581 11576
f 11426 11576 11433
f 11432 11434 11531
f 11432 11531 11790
f 11427 11426 11791
f 11427 11791 11417
f 11416 11420 11419
f 11416 11419 11427
f 11581 11580 11798
f 11581 11798 11794
f 11794 11798 11456
f 11794 11456 11455
f 11793 11455 11505
f 11793 11505 11797
f 11799 11800 11801
f 11799 11801 11710
f 11802 11803 11804
f 11802 11804 11588
f 11805 11806 11807
f 11805 11807 11584
f 11808 11809 11806
f 11808 11806 11805
f 11810 11811 11812
f 11810 11812 11698
f 11713 11618 11813
f 11713 11813 11714
f 11714 11812 11591
f 11714 11591 11712
f 11814 11636 11635
f 11814 11635 11664
f 11812 11808 11815
f 11812 11815 11802
f 11809 11808 11812
f 11809 11812 11811
f 11805 11583 11816
f 11805 11816 11801
f 11621 11620 11624
f 11621 11624 11817
f 11601 11600 11604
f 11601 11604 11713
f 11803 11802 11815
f 11803 11815 11818
f 11805 11801 11815
f 11805 11815 11808
f 11632 11817 11628
f 11632 11628 11630
f 11612 11614 11618
f 11612 11618 11713
f 11612 11713 11608
f 11612 11608 11610
f 11636 11817 11632
f 11636 11632 11634
f 11819 11820 11596
f 11819 11596 11816
f 11646 11820 11821
f 11648 11822 11649
f 11598 11597 11823
f 11592 11824 11591
f 11678 11813 11822
f 11678 11822 11648
f 11594 11819 11593
f 11816 11583 11586
f 11816 11586 11593
f 11698 11714 11813
f 11698 11813 11678
f 11802 11587 11591
f 11802 11591 11812
f 11710 11816 11596
f 11710 11596 11595
f 11815 11801 11800
f 11815 11800 11818
f 11628 11817 11624
f 11628 11624 11626
f 11608 11713 11604
f 11608 11604 11606
f 11660 11712 11662
f 11602 11601 11712
f 11602 11712 11660
f 11622 11621 11820
f 11622 11820 11646
f 11647 11646 11821
f 11647 11821 11594
f 11598 11823 11664
f 11598 11664 11663
f 11825 11826 11711
f 11825 11711 11688
f 11710 11711 11826
f 11710 11826 11799
f 11709 11588 11804
f 11709 11804 11827
f 11708 11709 11827
f 11708 11827 11828
f 11707 11708 11828
f 11707 11828 11829
f 11706 11707 11829
f 11706 11829 11830
f 11705 11706 11830
f 11705 11830 11831
f 11704 11705 11831
f 11704 11831 11832
f 11703 11704 11832
f 11703 11832 11833
f 11702 11703 11833
f 11702 11833 11834
f 11701 11702 11834
f 11701 11834 11835
f 11700 11701 11835
f 11700 11835 11836
f 11699 11700 11836
f 11699 11836 11837
f 11698 11699 11837
f 11698 11837 11810
f 11697 11584 11807
f 11697 11807 11838
f 11696 11697 11838
f 11696 11838 11839
f 11695 11696 11839
f 11695 11839 11840
f 11694 11695 11840
f 11694 11840 11841
f 11693 11694 11841
f 11693 11841 11842
f 11692 11693 11842
f 11692 11842 11843
f 11691 11692 11843
f 11691 11843 11844
f 11690 11691 11844
f 11690 11844 11845
f 11689 11690 11845
f 11689 11845 11846
f 11688 11689 11846
f 11688 11846 11825
f 11814 11664 11847
f 11618 11617 11848
f 11587 11802 11588
f 11801 11816 11710
f 11583 11805 11584
f 11812 11714 11698
f 11820 11817 11596
f 11712 11591 11824
f 11596 11817 11814
f 11636 11814 11817
f 11587 11590 11591
f 11596 11847 11597
f 11596 11814 11847
f 11813 11848 11822
f 11813 11618 11848
f 11816 11593 11819
f 11621 11817 11820
f 11713 11712 11601
f 11849 11850 11851
f 11849 11851 11852
f 11853 11850 11849
f 11853 11849 11854
f 11853 11854 11855
f 11853 11855 11856
f 11856 11855 11857
f 11856 11857 11858
f 11858 11857 11859
f 11858 11859 11860
f 11860 11859 11861
f 11860 11861 11862
f 11862 11861 11863
f 11862 11863 11864
f 11865 11866 11867
f 11865 11867 11868
f 11869 11870 11871
f 11869 11871 11872
f 11873 11874 11875
f 11873 11875 11876
f 11877 11878 11879
f 11877 11879 11880
f 11881 11882 11883
f 11881 11883 11884
f 11885 11886 11887
f 11885 11887 11888
f 11886 11889 11890
f 11886 11890 11887
f 11889 11891 11892
f 11889 11892 11890
f 11891 11893 11894
f 11891 11894 11892
f 11893 11895 11896
f 11893 11896 11894
f 11895 11897 11898
f 11895 11898 11896
f 11897 11899 11900
f 11897 11900 11898
f 11901 11902 11903
f 11901 11903 11904
f 11902 11905 11906
f 11902 11906 11903
f 11905 11907 11908
f 11905 11908 11906
f 11907 11909 11910
f 11907 11910 11908
f 11909 11911 11912
f 11909 11912 11910
f 11911 11913 11914
f 11911 11914 11912
f 11913 11915 11916
f 11913 11916 11914
f 11915 11917 11918
f 11915 11918 11916
f 11917 11919 11920
f 11917 11920 11918
f 11921 11922 11923
f 11921 11923 11924
f 11922 11925 11926
f 11922 11926 11923
f 11925 11885 11888
f 11925 11888 11926
f 11927 11928 11929
f 11927 11929 11930
f 11931 11932 11933
f 11931 11933 11934
f 11935 11931 11934
f 11935 11934 11936
f 11937 11935 11936
f 11937 11936 11938
f 11939 11937 11938
f 11939 11938 11940
f 11941 11939 11940
f 11941 11940 11942
f 11943 11941 11942
f 11943 11942 11944
f 11945 11943 11944
f 11945 11944 11946
f 11947 11945 11946
f 11947 11946 11948
f 11949 11947 11948
f 11949 11948 11950
f 11951 11952 11953
f 11951 11953 11954
f 11955 11951 11954
f 11955 11954 11956
f 11957 11955 11956
f 11957 11956 11958
f 11959 11957 11958
f 11959 11958 11960
f 11961 11959 11960
f 11961 11960 11962
f 11963 11961 11962
f 11963 11962 11964
f 11965 11963 11964
f 11965 11964 11966
f 11928 11965 11966
f 11928 11966 11929
f 11967 11865 11968
f 11968 11865 11868
f 11968 11868 11969
f 11967 11968 11969
f 11967 11969 11970
f 11971 11967 11970
f 11971 11970 11972
f 11967 11971 11866
f 11967 11866 11865
f 11921 11973 11974
f 11921 11974 11975
f 11877 11976 11882
f 11878 11881 11977
f 11873 11978 11870
f 11899 11976 11979
f 11899 11979 11900
f 11976 11877 11880
f 11976 11880 11979
f 11882 11901 11904
f 11882 11904 11883
f 11919 11975 11980
f 11919 11980 11920
f 11975 11974 11981
f 11975 11981 11980
f 11974 11973 11982
f 11974 11982 11981
f 11973 11921 11924
f 11973 11924 11982
f 11878 11927 11930
f 11878 11930 11879
f 11977 11881 11884
f 11977 11884 11983
f 11932 11977 11983
f 11932 11983 11933
f 11870 11949 11950
f 11870 11950 11871
f 11978 11873 11876
f 11978 11876 11984
f 11952 11978 11984
f 11952 11984 11953
f 11921 11975 11919
f 11921 11919 11922
f 11922 11919 11917
f 11922 11917 11925
f 11925 11917 11915
f 11925 11915 11885
f 11885 11915 11913
f 11885 11913 11886
f 11886 11913 11911
f 11886 11911 11889
f 11889 11911 11909
f 11889 11909 11891
f 11891 11909 11907
f 11891 11907 11893
f 11893 11907 11905
f 11893 11905 11895
f 11895 11905 11902
f 11895 11902 11897
f 11897 11902 11901
f 11897 11901 11899
f 11899 11901 11882
f 11899 11882 11976
f 11882 11881 11878
f 11882 11878 11877
f 11878 11977 11932
f 11878 11932 11927
f 11931 11928 11927
f 11931 11927 11932
f 11928 11931 11935
f 11928 11935 11965
f 11965 11935 11937
f 11965 11937 11963
f 11963 11937 11939
f 11963 11939 11961
f 11961 11939 11941
f 11961 11941 11959
f 11959 11941 11943
f 11959 11943 11957
f 11957 11943 11945
f 11957 11945 11955
f 11955 11945 11947
f 11955 11947 11951
f 11951 11947 11949
f 11951 11949 11952
f 11952 11949 11870
f 11952 11870 11978
f 11874 11873 11870
f 11874 11870 11869
f 11985 11986 11987
f 11985 11987 11988
f 11986 11989 11990
f 11986 11990 11987
f 11989 11991 11992
f 11989 11992 11990
f 11991 11993 11994
f 11991 11994 11992
f 11993 11995 11996
f 11993 11996 11994
f 11995 11997 11998
f 11995 11998 11996
f 11997 11999 12000
f 11997 12000 11998
f 11999 12001 12002
f 11999 12002 12000
f 12001 12003 12004
f 12001 12004 12002
f 12003 12005 12006
f 12003 12006 12004
f 12005 12007 12008
f 12005 12008 12006
f 12007 12009 12010
f 12007 12010 12008
f 12009 12011 12012
f 12009 12012 12010
f 12011 12013 12014
f 12011 12014 12012
f 12013 12015 12016
f 12013 12016 12014
f 12015 12017 12018
f 12015 12018 12016
f 12017 12019 12020
f 12017 12020 12018
f 12019 12021 12022
f 12019 12022 12020
f 12021 12023 12024
f 12021 12024 12022
f 12023 12025 12026
f 12023 12026 12024
f 12025 12027 12028
f 12025 12028 12026
f 12027 12029 12030
f 12027 12030 12028
f 12029 12031 12032
f 12029 12032 12030
f 12031 12033 12034
f 12031 12034 12032
f 12033 12035 12036
f 12033 12036 12034
f 12035 12037 12038
f 12035 12038 12036
f 12037 12039 12040
f 12037 12040 12038
f 12039 12041 12042
f 12039 12042 12040
f 12041 12043 12044
f 12041 12044 12042
f 12043 12045 12046
f 12043 12046 12044
f 12047 12048 12049
f 12047 12049 12050
f 12048 12051 12052
f 12048 12052 12049
f 12051 12053 12054
f 12051 12054 12052
f 12053 12055 12056
f 12053 12056 12054
f 12057 12058 12059
f 12057 12059 12060
f 12055 12057 12060
f 12055 12060 12056
f 12058 12061 12062
f 12058 12062 12059
f 12061 12063 12064
f 12061 12064 12062
f 12063 12065 12066
f 12063 12066 12064
f 12065 12067 12068
f 12065 12068 12066
f 12067 12069 12070
f 12067 12070 12068
f 12069 12071 12072
f 12069 12072 12070
f 12071 12073 12074
f 12071 12074 12072
f 12073 12075 12076
f 12073 12076 12074
f 12075 12077 12078
f 12075 12078 12076
f 12077 12079 12080
f 12077 12080 12078
f 12079 12081 12082
f 12079 12082 12080
f 12081 12083 12084
f 12081 12084 12082
f 12083 12085 12086
f 12083 12086 12084
f 12085 12087 12088
f 12085 12088 12086
f 12087 12089 12090
f 12087 12090 12088
f 12089 12091 12092
f 12089 12092 12090
f 12091 12093 12094
f 12091 12094 12092
f 12093 12095 12096
f 12093 12096 12094
f 12095 12097 12098
f 12095 12098 12096
f 12097 12099 12100
f 12097 12100 12098
f 12101 12102 12103
f 12101 12103 12104
f 12099 12105 12106
f 12099 12106 12100
f 12105 12101 12104
f 12105 12104 12106
f 12102 12107 12108
f 12102 12108 12103
f 12107 12109 12110
f 12107 12110 12108
f 12109 12047 12050
f 12109 12050 12110
f 12111 11985 11988
f 12111 11988 12112
f 12045 12111 12112
f 12045 12112 12046
f 12005 12003 12113
f 12005 12113 12114
f 12007 12005 12114
f 12007 12114 12115
f 12009 12007 12115
f 12009 12115 12116
f 12011 12009 12116
f 12011 12116 12117
f 12015 12013 12118
f 12015 12118 12119
f 12013 12011 12117
f 12013 12117 12118
f 12017 12015 12119
f 12017 12119 12120
f 12019 12017 12120
f 12019 12120 12121
f 12021 12019 12121
f 12021 12121 12122
f 12023 12021 12122
f 12023 12122 12123
f 12025 12023 12123
f 12025 12123 12124
f 12027 12025 12124
f 12027 12124 12125
f 12029 12027 12125
f 12029 12125 12126
f 12031 12029 12126
f 12031 12126 12127
f 12033 12031 12127
f 12033 12127 12128
f 12035 12033 12128
f 12035 12128 12129
f 12037 12035 12129
f 12037 12129 12130
f 12039 12037 12130
f 12039 12130 12131
f 12041 12039 12131
f 12041 12131 12132
f 12043 12041 12132
f 12043 12132 12133
f 12045 12043 12133
f 12045 12133 12134
f 12111 12045 12134
f 12111 12134 12135
f 11985 12111 12135
f 11985 12135 12136
f 11986 11985 12136
f 11986 12136 12137
f 11989 11986 12137
f 11989 12137 12138
f 11991 11989 12138
f 11991 12138 12139
f 11997 11995 12140
f 11997 12140 12141
f 11993 11991 12139
f 11993 12139 12142
f 11995 11993 12142
f 11995 12142 12140
f 11999 11997 12141
f 11999 12141 12143
f 12001 11999 12143
f 12001 12143 12144
f 12003 12001 12144
f 12003 12144 12113
f 12114 12113 12050
f 12114 12050 12049
f 12115 12114 12049
f 12115 12049 12052
f 12116 12115 12052
f 12116 12052 12054
f 12117 12116 12054
f 12117 12054 12056
f 12119 12118 12060
f 12119 12060 12059
f 12118 12117 12056
f 12118 12056 12060
f 12120 12119 12059
f 12120 12059 12062
f 12121 12120 12062
f 12121 12062 12064
f 12122 12121 12064
f 12122 12064 12066
f 12123 12122 12066
f 12123 12066 12068
f 12124 12123 12068
f 12124 12068 12070
f 12125 12124 12070
f 12125 12070 12072
f 12126 12125 12072
f 12126 12072 12074
f 12127 12126 12074
f 12127 12074 12076
f 12128 12127 12076
f 12128 12076 12078
f 12129 12128 12078
f 12129 12078 12080
f 12130 12129 12080
f 12130 12080 12082
f 12131 12130 12082
f 12131 12082 12084
f 12132 12131 12084
f 12132 12084 12086
f 12133 12132 12086
f 12133 12086 12088
f 12134 12133 12088
f 12134 12088 12090
f 12135 12134 12090
f 12135 12090 12092
f 12092 12094 12136
f 12092 12136 12135
f 12094 12096 12137
f 12094 12137 12136
f 12138 12137 12096
f 12138 12096 12098
f 12139 12138 12098
f 12139 12098 12100
f 12141 12140 12104
f 12141 12104 12103
f 12142 12139 12100
f 12142 12100 12106
f 12140 12142 12106
f 12140 12106 12104
f 12143 12141 12103
f 12143 12103 12108
f 12144 12143 12108
f 12144 12108 12110
f 12113 12144 12110
f 12113 12110 12050
f 12145 12146 12147
f 12145 12147 12148
f 12149 12150 12151
f 12149 12151 12152
f 12146 12153 12154
f 12146 12154 12147
f 12155 12156 12157
f 12155 12157 12158
f 12150 12145 12148
f 12150 12148 12151
f 12159 12160 12161
f 12159 12161 12162
f 12153 12163 12164
f 12153 12164 12154
f 12160 12165 12166
f 12160 12166 12161
f 12167 12168 12169
f 12167 12169 12170
f 12171 12172 12173
f 12171 12173 12174
f 12172 12159 12162
f 12172 12162 12173
f 12163 12175 12176
f 12163 12176 12164
f 12177 12178 12179
f 12177 12179 12180
f 12181 12182 12183
f 12181 12183 12184
f 12175 12181 12184
f 12175 12184 12176
f 12182 12185 12186
f 12182 12186 12183
f 12187 12188 12189
f 12187 12189 12190
f 12178 12191 12192
f 12178 12192 12179
f 12191 12171 12174
f 12191 12174 12192
f 12168 12177 12180
f 12168 12180 12169
f 12193 12187 12190
f 12193 12190 12194
f 12156 12149 12152
f 12156 12152 12157
f 12195 12196 12197
f 12195 12197 12198
f 12199 12200 12201
f 12199 12201 12202
f 12185 12195 12198
f 12185 12198 12186
f 12200 12193 12194
f 12200 12194 12201
f 12165 12199 12202
f 12165 12202 12166
f 12203 12167 12170
f 12203 12170 12204
f 12196 12203 12204
f 12196 12204 12197
f 12205 12155 12158
f 12205 12158 12206
f 12207 12205 12206
f 12207 12206 12208
f 12188 12207 12208
f 12188 12208 12189
o Object_13
usemtl transparent
v -252.20749 -5.29210 7.69572
v -252.20749 -4.67570 8.44698
v -252.20749 -8.79690 11.20200
v -252.20749 -4.21760 9.30400
v -252.20749 -3.93530 10.23388
v -252.20749 -3.84010 11.20100
v -252.20749 -3.93530 12.16812
v -252.20749 -4.21760 13.09800
v -252.20749 -4.67570 13.95521
v -252.20749 -5.29210 14.70618
v -252.20749 -6.04330 15.32249
v -252.20749 -6.90040 15.78069
v -252.20749 -7.83050 16.06302
v -252.20749 -8.79740 16.15810
v -252.20749 -9.76440 16.06302
v -252.20749 -10.69450 15.78069
v -252.20749 -11.55150 15.32249
v -252.20749 -12.30280 14.70618
v -252.20749 -12.91920 13.95502
v -252.20749 -13.37710 13.09800
v -252.20749 -13.65940 12.16812
v -252.20749 -13.75460 11.20081
v -252.20749 -13.65940 10.23388
v -252.20749 -13.37710 9.30400
v -252.20749 -12.91920 8.44698
v -252.20749 -12.30280 7.69572
v -252.20749 -11.55150 7.07932
v -252.20749 -10.69450 6.62112
v -252.20749 -9.76440 6.33879
v -252.20749 -8.79740 6.24371
v -252.20749 -7.83050 6.33879
v -252.20749 -6.90040 6.62112
v -252.20749 -6.04330 7.07932
v -252.02429 -8.69640 -0.00339
v -252.02429 -12.13310 -3.43308
v -252.02429 -11.39720 -4.03681
v -252.02429 -10.55790 -4.48551
v -252.02429 -9.64690 -4.76198
v -252.02429 -8.69980 -4.85520
v -252.02429 -7.75270 -4.76198
v -252.02429 -6.84200 -4.48551
v -252.02429 -6.00230 -4.03681
v -252.02429 -5.26680 -3.43308
v -252.02429 -4.66320 -2.69718
v -252.02429 -4.21450 -1.85790
v -252.02429 -3.93790 -0.94690
v -252.02429 -3.84480 0.00019
v -252.02429 -3.93790 0.94728
v -252.02429 -4.21450 1.85800
v -252.02429 -4.66320 2.69771
v -252.02429 -5.26680 3.43318
v -252.02429 -6.00250 4.03690
v -252.02429 -6.84200 4.48551
v -252.02429 -7.75270 4.76208
v -252.02429 -8.70000 4.85520
v -252.02429 -9.64710 4.76208
v -252.02429 -10.55790 4.48551
v -252.02429 -11.39720 4.03690
v -252.02429 -12.13310 3.43318
v -252.02429 -12.73680 2.69771
v -252.02429 -13.18550 1.85800
v -252.02429 -13.46200 0.94728
v -252.02429 -13.55520 0.00019
v -252.02429 -13.46200 -0.94709
v -252.02429 -13.18550 -1.85790
v -252.02429 -12.73680 -2.69718
v -252.01299 -8.69640 -11.50341
v -252.01299 -12.13310 -14.93311
v -252.01299 -11.39720 -15.53679
v -252.01299 -10.55790 -15.98549
v -252.01299 -9.64690 -16.26201
v -252.01299 -8.69980 -16.35518
v -252.01299 -7.75270 -16.26201
v -252.01299 -6.84200 -15.98549
v -252.01299 -6.00230 -15.53679
v -252.01299 -5.26680 -14.93311
v -252.01299 -4.66320 -14.19721
v -252.01299 -4.21450 -13.35788
v -252.01299 -3.93790 -12.44688
v -252.01299 -3.84480 -11.49979
v -252.01299 -3.93790 -10.55269
v -252.01299 -4.21450 -9.64198
v -252.01299 -4.66320 -8.80232
v -252.01299 -5.26680 -8.06680
v -252.01299 -6.00250 -7.46312
v -252.01299 -6.84200 -7.01451
v -252.01299 -7.75270 -6.73790
v -252.01299 -8.70000 -6.64482
v -252.01299 -9.64710 -6.73790
v -252.01299 -10.55790 -7.01451
v -252.01299 -11.39720 -7.46312
v -252.01299 -12.13310 -8.06680
v -252.01299 -12.73680 -8.80232
v -252.01299 -13.18550 -9.64198
v -252.01299 -13.46200 -10.55269
v -252.01299 -13.55520 -11.49979
v -252.01299 -13.46200 -12.44712
v -252.01299 -13.18550 -13.35788
v -252.01299 -12.73680 -14.19721
v -252.15399 -20.39740 0.00272
v -252.15399 -17.82250 -2.57750
v -252.15399 -17.36930 -2.02498
v -252.15399 -17.03240 -1.39489
v -252.15399 -16.82480 -0.71101
v -252.15399 -16.75490 0.00010
v -252.15399 -16.82480 0.71120
v -252.15399 -17.03240 1.39499
v -252.15399 -17.36930 2.02541
v -252.15399 -17.82250 2.57759
v -252.15399 -18.37500 3.03068
v -252.15399 -19.00510 3.36761
v -252.15399 -19.68910 3.57528
v -252.15399 -20.40010 3.64509
v -252.15399 -21.11120 3.57528
v -252.15399 -21.79500 3.36761
v -252.15399 -22.42540 3.03068
v -252.15399 -22.97760 2.57759
v -252.15399 -23.43080 2.02522
v -252.15399 -23.76760 1.39499
v -252.15399 -23.97530 0.71120
v -252.15399 -24.04510 0.00000
v -252.15399 -23.97530 -0.71111
v -252.15399 -23.76760 -1.39489
v -252.15399 -23.43080 -2.02498
v -252.15399 -22.97760 -2.57750
v -252.15399 -22.42540 -3.03068
v -252.15399 -21.79500 -3.36761
v -252.15399 -21.11120 -3.57518
v -252.15399 -20.40010 -3.64509
v -252.15399 -19.68890 -3.57518
v -252.15399 -19.00510 -3.36761
v -252.15399 -18.37500 -3.03068
f 12209 12210 12211
f 12211 12210 12212
f 12211 12212 12213
f 12214 12211 12213
f 12211 12214 12215
f 12216 12211 12215
f 12211 12216 12217
f 12211 12217 12218
f 12211 12218 12219
f 12220 12211 12219
f 12211 12220 12221
f 12211 12221 12222
f 12211 12222 12223
f 12211 12223 12224
f 12211 12224 12225
f 12211 12225 12226
f 12227 12211 12226
f 12211 12227 12228
f 12211 12228 12229
f 12211 12229 12230
f 12211 12230 12231
f 12211 12231 12232
f 12211 12232 12233
f 12211 12233 12234
f 12211 12234 12235
f 12211 12235 12236
f 12237 12211 12236
f 12211 12237 12238
f 12211 12238 12239
f 12211 12239 12240
f 12211 12240 12241
f 12211 12241 12209
f 12242 12243 12244
f 12245 12242 12244
f 12242 12245 12246
f 12247 12242 12246
f 12242 12247 12248
f 12249 12242 12248
f 12242 12249 12250
f 12242 12250 12251
f 12242 12251 12252
f 12253 12242 12252
f 12242 12253 12254
f 12242 12254 12255
f 12242 12255 12256
f 12242 12256 12257
f 12242 12257 12258
f 12242 12258 12259
f 12260 12242 12259
f 12242 12260 12261
f 12242 12261 12262
f 12242 12262 12263
f 12242 12263 12264
f 12242 12264 12265
f 12242 12265 12266
f 12242 12266 12267
f 12242 12267 12268
f 12242 12268 12269
f 12270 12242 12269
f 12242 12270 12271
f 12242 12271 12272
f 12242 12272 12273
f 12242 12273 12274
f 12242 12274 12243
f 12275 12276 12277
f 12278 12275 12277
f 12275 12278 12279
f 12280 12275 12279
f 12275 12280 12281
f 12282 12275 12281
f 12275 12282 12283
f 12275 12283 12284
f 12275 12284 12285
f 12286 12275 12285
f 12275 12286 12287
f 12275 12287 12288
f 12275 12288 12289
f 12275 12289 12290
f 12275 12290 12291
f 12275 12291 12292
f 12293 12275 12292
f 12275 12293 12294
f 12275 12294 12295
f 12275 12295 12296
f 12275 12296 12297
f 12275 12297 12298
f 12275 12298 12299
f 12275 12299 12300
f 12275 12300 12301
f 12275 12301 12302
f 12303 12275 12302
f 12275 12303 12304
f 12275 12304 12305
f 12275 12305 12306
f 12275 12306 12307
f 12275 12307 12276
f 12308 12309 12310
f 12311 12308 12310
f 12308 12311 12312
f 12313 12308 12312
f 12308 12313 12314
f 12315 12308 12314
f 12308 12315 12316
f 12308 12316 12317
f 12308 12317 12318
f 12319 12308 12318
f 12308 12319 12320
f 12308 12320 12321
f 12308 12321 12322
f 12308 12322 12323
f 12308 12323 12324
f 12308 12324 12325
f 12326 12308 12325
f 12308 12326 12327
f 12308 12327 12328
f 12308 12328 12329
f 12308 12329 12330
f 12308 12330 12331
f 12308 12331 12332
f 12308 12332 12333
f 12308 12333 12334
f 12308 12334 12335
f 12336 12308 12335
f 12308 12336 12337
f 12308 12337 12338
f 12308 12338 12339
f 12308 12339 12340
f 12308 12340 12309
