mtllib boeing-737-like.mtl
o Object_0
usemtl material00
v 123.90495 -27.02102 66.72656
v 119.77319 -24.18104 66.62099
v 108.02635 -32.55878 66.59556
v 120.28960 -40.98714 66.92371
v 135.10460 -39.56054 67.08220
v 128.89679 -26.54074 66.75455
v 145.53907 -28.94648 66.99672
v 132.41294 -22.96533 66.69197
v 146.71078 -14.11137 66.70723
v 132.80799 -17.96763 66.56783
v 129.89730 -13.88599 66.44063
v 138.07127 -1.99694 66.34905
v 123.66328 1.72882 66.09009
v 125.04257 -12.63033 66.36940
v 120.51550 -14.78830 66.38797
v 110.22832 -4.67793 66.05142
v 118.43461 -19.34997 66.48719
v 104.05282 -18.21922 66.25086
v 119.77319 -24.18104 66.62099
v 123.90495 -27.02102 66.72656
v 125.53074 -19.67254 79.54616
v 128.89679 -26.54074 66.75455
v 132.41294 -22.96533 66.69197
v 132.80799 -17.96763 66.56783
v 129.89730 -13.88599 66.44063
v 125.04257 -12.63033 66.36940
v 120.51550 -14.78830 66.38797
v 118.43461 -19.34997 66.48719
v -107.95461 -32.61678 66.59556
v -119.78261 -24.18104 66.62099
v -123.91462 -27.02102 66.72656
v -120.27408 -41.08381 66.92550
v -128.90646 -26.54074 66.75455
v -135.15701 -39.65085 67.08474
v -132.42261 -22.96533 66.69197
v -145.63955 -28.98795 66.99876
v -132.81766 -17.96763 66.56783
v -146.81660 -14.08492 66.70799
v -129.90671 -13.88599 66.44063
v -138.13742 -1.91452 66.34829
v -125.05224 -12.63033 66.36940
v -123.66328 1.82803 66.08779
v -120.52517 -14.78830 66.38797
v -110.16650 -4.60797 66.04887
v -118.44402 -19.34997 66.48719
v -103.96277 -18.21134 66.24933
v -119.78261 -24.18104 66.62099
v -125.54015 -19.67254 79.54616
v -123.91462 -27.02102 66.72656
v -128.90646 -26.54074 66.75455
v -132.42261 -22.96533 66.69197
v -132.81766 -17.96763 66.56783
v -129.90671 -13.88599 66.44063
v -125.05224 -12.63033 66.36940
v -120.52517 -14.78830 66.38797
v -118.44402 -19.34997 66.48719
vt 0.53737 0.23743
vt 0.52816 0.24275
vt 0.50720 0.22517
vt 0.53263 0.21049
vt 0.56154 0.21559
vt 0.54786 0.23928
vt 0.58040 0.23808
vt 0.55470 0.24743
vt 0.58040 0.26743
vt 0.55470 0.25808
vt 0.54786 0.26623
vt 0.56154 0.28992
vt 0.53263 0.29502
vt 0.53737 0.26808
vt 0.52816 0.26276
vt 0.50720 0.28034
vt 0.52451 0.25275
vt 0.49716 0.25275
vt 0.52816 0.24275
vt 0.53737 0.23743
vt 0.53996 0.25266
vt 0.54786 0.23928
vt 0.55470 0.24743
vt 0.55470 0.25808
vt 0.54786 0.26623
vt 0.53737 0.26808
vt 0.52816 0.26276
vt 0.52451 0.25275
vt 0.57316 0.22517
vt 0.55221 0.24275
vt 0.54299 0.23743
vt 0.54774 0.21049
vt 0.53250 0.23928
vt 0.51883 0.21559
vt 0.52566 0.24743
vt 0.49996 0.23808
vt 0.52566 0.25808
vt 0.49996 0.26743
vt 0.53250 0.26623
vt 0.51883 0.28992
vt 0.54299 0.26808
vt 0.54774 0.29502
vt 0.55221 0.26276
vt 0.57316 0.28034
vt 0.55585 0.25275
vt 0.58320 0.25275
vt 0.55221 0.24275
vt 0.54040 0.25266
vt 0.54299 0.23743
vt 0.53250 0.23928
vt 0.52566 0.24743
vt 0.52566 0.25808
vt 0.53250 0.26623
vt 0.54299 0.26808
vt 0.55221 0.26276
vt 0.55585 0.25275
f 1/1 2/2 3/3
f 3/3 4/4 1/1
f 4/4 5/5 6/6
f 6/6 1/1 4/4
f 5/5 7/7 8/8
f 8/8 6/6 5/5
f 9/9 10/10 8/8
f 8/8 7/7 9/9
f 11/11 10/10 9/9
f 9/9 12/12 11/11
f 13/13 14/14 11/11
f 11/11 12/12 13/13
f 15/15 14/14 13/13
f 13/13 16/16 15/15
f 17/17 15/15 16/16
f 16/16 18/18 17/17
f 3/3 2/2 17/17
f 17/17 18/18 3/3
f 19/19 20/20 21/21
f 20/20 22/22 21/21
f 22/22 23/23 21/21
f 23/23 24/24 21/21
f 24/24 25/25 21/21
f 25/25 26/26 21/21
f 26/26 27/27 21/21
f 27/27 28/28 21/21
f 28/28 19/19 21/21
f 29/29 30/30 31/31
f 31/31 32/32 29/29
f 32/32 31/31 33/33
f 33/33 34/34 32/32
f 34/34 33/33 35/35
f 35/35 36/36 34/34
f 36/36 35/35 37/37
f 37/37 38/38 36/36
f 38/38 37/37 39/39
f 39/39 40/40 38/38
f 40/40 39/39 41/41
f 41/41 42/42 40/40
f 42/42 41/41 43/43
f 43/43 44/44 42/42
f 44/44 43/43 45/45
f 45/45 46/46 44/44
f 46/46 45/45 30/30
f 30/30 29/29 46/46
f 47/47 48/48 49/49
f 49/49 48/48 50/50
f 50/50 48/48 51/51
f 51/51 48/48 52/52
f 52/52 48/48 53/53
f 53/53 48/48 54/54
f 54/54 48/48 55/55
f 55/55 48/48 56/56
f 56/56 48/48 47/47
o Object_1
usemtl material00
v 123.90505 -27.02102 66.72641
v 119.77318 -24.18099 66.62085
v 108.03180 -32.55503 66.59563
v 120.29132 -40.98072 66.92401
v 135.10166 -39.55471 67.08233
v 128.89684 -26.54092 66.75462
v 145.53305 -28.94388 66.99676
v 132.41295 -22.96539 66.69181
v 146.70430 -14.11325 66.70716
v 132.80805 -17.96751 66.56783
v 129.89726 -13.88588 66.44048
v 138.06746 -2.00226 66.34915
v 123.66381 1.72196 66.09003
v 125.04254 -12.63033 66.36950
v 120.51557 -14.78818 66.38793
v 110.23304 -4.68274 66.05125
v 118.43456 -19.34990 66.48731
v 104.05955 -18.21973 66.25094
v 119.77318 -24.18099 66.62085
v 123.90505 -27.02102 66.72641
v 125.53064 -19.67261 79.54606
v 128.89684 -26.54092 66.75462
v 132.41295 -22.96539 66.69181
v 132.80805 -17.96751 66.56783
v 129.89726 -13.88588 66.44048
v 125.04254 -12.63033 66.36950
v 120.51557 -14.78818 66.38793
v 118.43456 -19.34990 66.48731
v -108.00622 -32.57996 66.59552
v -119.78272 -24.18099 66.62085
v -123.91458 -27.02102 66.72641
v -120.29017 -41.02244 66.92439
v -128.90637 -26.54092 66.75463
v -135.12974 -39.59337 67.08339
v -132.42249 -22.96539 66.69181
v -145.58175 -28.96169 66.99777
v -132.81759 -17.96751 66.56783
v -146.75529 -14.10180 66.70763
v -129.90679 -13.88588 66.44049
v -138.10143 -1.96691 66.34888
v -125.05207 -12.63033 66.36950
v -123.66930 1.76494 66.08913
v -120.52511 -14.78818 66.38792
v -110.21180 -4.65247 66.05040
v -118.44410 -19.34990 66.48730
v -104.02611 -18.21642 66.25015
v -119.78272 -24.18099 66.62085
v -125.54018 -19.67261 79.54606
v -123.91458 -27.02102 66.72641
v -128.90637 -26.54092 66.75463
v -132.42249 -22.96539 66.69181
v -132.81759 -17.96751 66.56783
v -129.90679 -13.88588 66.44049
v -125.05207 -12.63033 66.36950
v -120.52511 -14.78818 66.38792
v -118.44410 -19.34990 66.48730
vt 0.62871 0.23743
vt 0.63793 0.24275
vt 0.65889 0.22517
vt 0.63346 0.21049
vt 0.60455 0.21559
vt 0.61823 0.23928
vt 0.58569 0.23808
vt 0.61139 0.24744
vt 0.58569 0.26744
vt 0.61139 0.25808
vt 0.61823 0.26623
vt 0.60455 0.28992
vt 0.63346 0.29502
vt 0.62871 0.26808
vt 0.63793 0.26276
vt 0.65889 0.28034
vt 0.64157 0.25276
vt 0.66893 0.25276
vt 0.63793 0.24275
vt 0.62871 0.23743
vt 0.62613 0.25266
vt 0.61823 0.23928
vt 0.61139 0.24744
vt 0.61139 0.25808
vt 0.61823 0.26623
vt 0.62871 0.26808
vt 0.63793 0.26276
vt 0.64157 0.25276
vt 0.65888 0.22517
vt 0.63793 0.24276
vt 0.62871 0.23743
vt 0.63346 0.21050
vt 0.61823 0.23928
vt 0.60455 0.21559
vt 0.61138 0.24744
vt 0.58568 0.23808
vt 0.61138 0.25808
vt 0.58568 0.26744
vt 0.61823 0.26624
vt 0.60455 0.28993
vt 0.62871 0.26809
vt 0.63346 0.29502
vt 0.63793 0.26276
vt 0.65888 0.28034
vt 0.64157 0.25276
vt 0.66892 0.25276
vt 0.63793 0.24276
vt 0.62613 0.25267
vt 0.62871 0.23743
vt 0.61823 0.23928
vt 0.61138 0.24744
vt 0.61138 0.25808
vt 0.61823 0.26624
vt 0.62871 0.26809
vt 0.63793 0.26276
vt 0.64157 0.25276
f 57/57 58/58 59/59
f 59/59 60/60 57/57
f 60/60 61/61 62/62
f 62/62 57/57 60/60
f 61/61 63/63 64/64
f 64/64 62/62 61/61
f 65/65 66/66 64/64
f 64/64 63/63 65/65
f 67/67 66/66 65/65
f 65/65 68/68 67/67
f 69/69 70/70 67/67
f 67/67 68/68 69/69
f 71/71 70/70 69/69
f 69/69 72/72 71/71
f 73/73 71/71 72/72
f 72/72 74/74 73/73
f 59/59 58/58 73/73
f 73/73 74/74 59/59
f 75/75 76/76 77/77
f 76/76 78/78 77/77
f 78/78 79/79 77/77
f 79/79 80/80 77/77
f 80/80 81/81 77/77
f 81/81 82/82 77/77
f 82/82 83/83 77/77
f 83/83 84/84 77/77
f 84/84 75/75 77/77
f 85/85 86/86 87/87
f 87/87 88/88 85/85
f 88/88 87/87 89/89
f 89/89 90/90 88/88
f 90/90 89/89 91/91
f 91/91 92/92 90/90
f 92/92 91/91 93/93
f 93/93 94/94 92/92
f 94/94 93/93 95/95
f 95/95 96/96 94/94
f 96/96 95/95 97/97
f 97/97 98/98 96/96
f 98/98 97/97 99/99
f 99/99 100/100 98/98
f 100/100 99/99 101/101
f 101/101 102/102 100/100
f 102/102 101/101 86/86
f 86/86 85/85 102/102
f 103/103 104/104 105/105
f 105/105 104/104 106/106
f 106/106 104/104 107/107
f 107/107 104/104 108/108
f 108/108 104/104 109/109
f 109/109 104/104 110/110
f 110/110 104/104 111/111
f 111/111 104/104 112/112
f 112/112 104/104 103/103
o Object_2
usemtl material00
v 0.00000 106.31584 -396.73613
v 0.00000 95.21438 -372.01553
v 2.04884 95.21438 -374.67668
v 2.04884 106.31584 -399.43036
v 7.62882 98.32732 -429.80368
v 4.72982 117.36237 -491.42573
v 7.27268 107.13396 -432.49895
v 5.73720 95.21438 -396.84069
v 5.64893 106.31584 -413.23775
v 0.00000 117.36237 -411.22502
v 2.04884 117.36237 -413.95411
v 6.90712 117.36237 -435.62915
v 5.37953 117.36237 -422.84545
v 1.91910 249.75317 -547.05437
v 0.00000 253.49597 -566.99631
v 0.65199 249.75317 -523.69935
v 0.00000 249.75317 -523.54006
v 2.18112 249.75317 -528.67844
v 1.37115 249.75317 -524.83469
v 6.42430 66.89497 -468.53621
v 8.24495 68.42307 -420.65237
v 2.04884 72.55432 -299.38465
v 6.22969 71.27145 -318.80534
v 0.00000 72.83186 -297.65786
v 0.00000 253.68879 -531.43498
v 0.00000 253.66742 -548.76744
v 0.00000 252.88238 -527.46275
v 0.00000 251.50081 -525.16865
v 8.52198 69.76776 -372.57189
v 0.00000 106.31584 -396.73613
v -2.04884 106.31584 -399.43036
v -2.04884 95.21438 -374.67668
v 0.00000 95.21438 -372.01553
v -7.62882 98.32732 -429.80368
v -7.27268 107.13396 -432.49895
v -4.84226 117.36237 -491.42573
v -5.64893 106.31584 -413.23775
v -5.73720 95.21438 -396.84069
v 0.00000 117.36237 -411.22502
v -2.04884 117.36237 -413.95411
v -6.85116 117.36237 -435.62915
v -5.32356 117.36237 -422.84545
v 0.00000 65.85477 -519.43862
v -6.42430 66.89497 -468.53621
v 0.00000 249.75317 -523.54006
v -0.65199 249.75317 -523.69935
v -2.18112 249.75317 -528.67844
v -1.91910 249.75317 -547.05437
v -1.37115 249.75317 -524.83469
v -8.24495 68.42307 -420.65237
v -6.22969 71.27119 -318.80534
v -2.04884 72.55432 -299.38465
v 0.00000 72.83186 -297.65786
v 0.00000 253.68879 -531.43498
v 0.00000 253.66742 -548.76744
v 0.00000 252.88238 -527.46275
v 0.00000 253.49597 -566.99631
v -8.52198 69.76776 -372.57189
v 0.00000 251.50081 -525.16865
v 0.00000 65.85477 -519.43862
vt 0.75148 0.45024
vt 0.71798 0.43520
vt 0.72158 0.43520
vt 0.75514 0.45024
vt 0.79631 0.43942
vt 0.87984 0.46522
vt 0.79996 0.45135
vt 0.75163 0.43520
vt 0.77385 0.45024
vt 0.77113 0.46522
vt 0.77482 0.46522
vt 0.80421 0.46522
vt 0.78688 0.46522
vt 0.95524 0.64468
vt 0.98228 0.64975
vt 0.92359 0.64468
vt 0.92337 0.64468
vt 0.93033 0.64468
vt 0.92513 0.64468
vt 0.84881 0.39681
vt 0.78390 0.39888
vt 0.61952 0.40448
vt 0.64585 0.40274
vt 0.61718 0.40486
vt 0.93407 0.65001
vt 0.95757 0.64998
vt 0.92869 0.64892
vt 0.92558 0.64705
vt 0.71873 0.40070
vt 0.25243 0.05865
vt 0.24878 0.05865
vt 0.28233 0.04360
vt 0.28594 0.04360
vt 0.20761 0.04782
vt 0.20395 0.05976
vt 0.12408 0.07363
vt 0.23006 0.05865
vt 0.25229 0.04360
vt 0.23279 0.07363
vt 0.22909 0.07363
vt 0.19971 0.07363
vt 0.21704 0.07363
vt 0.08610 0.00381
vt 0.15510 0.00522
vt 0.08055 0.25308
vt 0.08033 0.25308
vt 0.07358 0.25308
vt 0.04867 0.25308
vt 0.07879 0.25308
vt 0.22001 0.00729
vt 0.35807 0.01115
vt 0.38439 0.01289
vt 0.38673 0.01326
vt 0.06984 0.25842
vt 0.04635 0.25839
vt 0.07523 0.25733
vt 0.02164 0.25816
vt 0.28519 0.00911
vt 0.07834 0.25545
vt 0.91781 0.39540
f 113/113 114/114 115/115
f 115/115 116/116 113/113
f 117/117 118/118 119/119
f 116/116 115/115 120/120
f 120/120 121/121 116/116
f 122/122 113/113 116/116
f 116/116 123/123 122/122
f 124/124 119/119 118/118
f 123/123 116/116 121/121
f 121/121 125/125 123/123
f 126/126 118/118 127/127
f 128/128 129/129 122/122
f 122/122 123/123 128/128
f 130/130 124/124 118/118
f 118/118 126/126 130/130
f 131/131 125/125 124/124
f 124/124 130/130 131/131
f 125/125 131/131 128/128
f 128/128 123/123 125/125
f 132/132 118/118 117/117
f 117/117 133/133 132/132
f 115/115 134/134 135/135
f 135/135 120/120 115/115
f 114/114 136/136 134/134
f 134/134 115/115 114/114
f 137/137 130/130 126/126
f 126/126 138/138 137/137
f 139/139 130/130 137/137
f 139/139 140/140 131/131
f 127/127 138/138 126/126
f 125/125 121/121 119/119
f 119/119 124/124 125/125
f 119/119 121/121 120/120
f 120/120 117/117 119/119
f 117/117 141/141 133/133
f 142/142 143/143 144/144
f 144/144 145/145 142/142
f 146/146 147/147 148/148
f 143/143 149/149 150/150
f 150/150 144/144 143/143
f 151/151 152/152 143/143
f 143/143 142/142 151/151
f 153/153 148/148 147/147
f 152/152 154/154 149/149
f 149/149 143/143 152/152
f 155/155 156/156 148/148
f 151/151 157/157 158/158
f 158/158 152/152 151/151
f 159/159 160/160 148/148
f 148/148 153/153 159/159
f 161/161 159/159 153/153
f 153/153 154/154 161/161
f 154/154 152/152 158/158
f 158/158 161/161 154/154
f 156/156 162/162 146/146
f 146/146 148/148 156/156
f 144/144 150/150 163/163
f 163/163 164/164 144/144
f 145/145 144/144 164/164
f 164/164 165/165 145/145
f 160/160 159/159 166/166
f 166/166 167/167 160/160
f 168/168 166/166 159/159
f 168/168 159/159 161/161
f 169/169 160/160 167/167
f 154/154 153/153 147/147
f 147/147 149/149 154/154
f 147/147 146/146 150/150
f 150/150 149/149 147/147
f 170/170 163/163 150/150
f 158/158 157/157 171/171
f 140/140 129/129 128/128
f 161/161 158/158 171/171
f 140/140 128/128 131/131
f 131/131 130/130 139/139
f 161/161 171/171 168/168
f 118/118 132/132 172/172
f 118/118 172/172 127/127
f 148/148 160/160 169/169
f 148/148 169/169 155/155
f 117/117 120/120 141/141
f 120/120 135/135 141/141
f 146/146 162/162 170/170
f 150/150 146/146 170/170
o Object_3
usemtl material03
v -0.00000 -27.49953 329.26549
v 9.57896 -25.27211 329.07978
v 9.57896 -24.23904 329.07978
v 9.57896 -25.27211 329.07978
v 9.66926 -23.45121 351.59789
v 9.57896 -24.23904 329.07978
v 9.66926 -23.45121 351.59789
v 9.61610 -19.59291 373.11144
v 9.61610 -18.55985 373.11144
v 9.61610 -18.55985 373.11144
v 9.57896 -24.23904 329.07978
v 9.66926 -23.45121 351.59789
v 9.61610 -19.59291 373.11144
v -0.00000 -22.11567 373.34877
v 9.61610 -18.55985 373.11144
v 9.61610 -18.55985 373.11144
v -9.61610 -18.55985 373.11144
v -9.57896 -24.23904 329.07978
v -9.57896 -24.23904 329.07978
v 9.57896 -24.23904 329.07978
v 9.61610 -18.55985 373.11144
v -0.00000 -27.49953 329.26549
v 9.57896 -24.23904 329.07978
v -9.57896 -24.23904 329.07978
v -9.57896 -24.23904 329.07978
v -9.57896 -25.27211 329.07978
v -0.00000 -27.49953 329.26549
v -9.57896 -25.27211 329.07978
v -9.57896 -24.23904 329.07978
v -9.66926 -23.45121 351.59789
v -9.66926 -23.45121 351.59789
v -9.57896 -24.23904 329.07978
v -9.61610 -18.55985 373.11144
v -9.61610 -18.55985 373.11144
v -9.61610 -19.59291 373.11144
v -9.66926 -23.45121 351.59789
v -9.61610 -19.59291 373.11144
v -9.61610 -18.55985 373.11144
v 9.61610 -18.55985 373.11144
v 9.61610 -18.55985 373.11144
v -0.00000 -22.11567 373.34877
v -9.61610 -19.59291 373.11144
v -19.06899 -5.56268 -50.62499
v -17.31970 4.35801 -50.62499
v -24.36908 5.60101 -52.54313
v -26.11837 -4.31969 -52.54313
v -29.52976 6.51097 -57.78342
v -31.27904 -3.40972 -57.78342
v -31.41871 6.84405 -64.94159
v -33.16800 -3.07665 -64.94159
v -29.52971 6.51097 -72.09997
v -31.27900 -3.40973 -72.09997
v -24.36929 5.60104 -77.34026
v -26.11857 -4.31965 -77.34026
v -17.31961 4.35800 -79.25835
v -19.06890 -5.56270 -79.25835
v -10.26998 3.11496 -77.34021
v -12.01927 -6.80573 -77.34021
v -5.10956 2.20504 -72.09993
v -6.85884 -7.71566 -72.09993
v -3.22060 1.87197 -64.94176
v -4.96988 -8.04873 -64.94176
v -5.10935 2.20500 -57.78337
v -6.85863 -7.71569 -57.78337
v -10.27003 3.11497 -52.54309
v -12.01931 -6.80573 -52.54309
v -26.11837 -4.31969 -52.54313
v -31.27904 -3.40972 -57.78342
v -33.16800 -3.07665 -64.94159
v -19.06899 -5.56268 -50.62499
v -26.11837 -4.31969 -52.54313
v -33.16800 -3.07665 -64.94159
v -19.06899 -5.56268 -50.62499
v -33.16800 -3.07665 -64.94159
v -31.27900 -3.40973 -72.09997
v -31.27900 -3.40973 -72.09997
v -26.11857 -4.31965 -77.34026
v -19.06890 -5.56270 -79.25835
v -19.06890 -5.56270 -79.25835
v -12.01927 -6.80573 -77.34021
v -6.85884 -7.71566 -72.09993
v -31.27900 -3.40973 -72.09997
v -19.06890 -5.56270 -79.25835
v -6.85884 -7.71566 -72.09993
v -19.06899 -5.56268 -50.62499
v -31.27900 -3.40973 -72.09997
v -6.85884 -7.71566 -72.09993
v -6.85884 -7.71566 -72.09993
v -4.96988 -8.04873 -64.94176
v -6.85863 -7.71569 -57.78337
v -19.06899 -5.56268 -50.62499
v -6.85884 -7.71566 -72.09993
v -6.85863 -7.71569 -57.78337
v -12.01931 -6.80573 -52.54309
v -19.06899 -5.56268 -50.62499
v -6.85863 -7.71569 -57.78337
v -10.27003 3.11497 -52.54309
v -5.10935 2.20500 -57.78337
v -3.22060 1.87197 -64.94176
v -3.22060 1.87197 -64.94176
v -5.10956 2.20504 -72.09993
v -10.26998 3.11496 -77.34021
v -10.27003 3.11497 -52.54309
v -3.22060 1.87197 -64.94176
v -10.26998 3.11496 -77.34021
v -10.26998 3.11496 -77.34021
v -17.31961 4.35800 -79.25835
v -24.36929 5.60104 -77.34026
v -24.36929 5.60104 -77.34026
v -29.52971 6.51097 -72.09997
v -31.41871 6.84405 -64.94159
v -10.26998 3.11496 -77.34021
v -24.36929 5.60104 -77.34026
v -31.41871 6.84405 -64.94159
v -10.27003 3.11497 -52.54309
v -10.26998 3.11496 -77.34021
v -31.41871 6.84405 -64.94159
v -31.41871 6.84405 -64.94159
v -29.52976 6.51097 -57.78342
v -24.36908 5.60101 -52.54313
v -10.27003 3.11497 -52.54309
v -31.41871 6.84405 -64.94159
v -24.36908 5.60101 -52.54313
v -17.31970 4.35801 -50.62499
v -10.27003 3.11497 -52.54309
v -24.36908 5.60101 -52.54313
v -21.45879 -19.11595 -50.62499
v -28.50817 -17.87296 -52.54313
v -30.25745 -27.79365 -52.54313
v -23.20808 -29.03664 -50.62499
v -33.66884 -16.96299 -57.78342
v -35.41813 -26.88368 -57.78342
v -35.55780 -16.62992 -64.94159
v -37.30709 -26.55061 -64.94159
v -33.66880 -16.96300 -72.09997
v -35.41809 -26.88369 -72.09997
v -28.50838 -17.87292 -77.34026
v -30.25766 -27.79361 -77.34026
v -21.45870 -19.11597 -79.25835
v -23.20798 -29.03666 -79.25835
v -14.40907 -20.35901 -77.34021
v -16.15835 -30.27970 -77.34021
v -9.24865 -21.26893 -72.09993
v -10.99793 -31.18962 -72.09993
v -7.35969 -21.60200 -64.94176
v -9.10897 -31.52269 -64.94176
v -9.24844 -21.26896 -57.78337
v -10.99772 -31.18965 -57.78337
v -14.40912 -20.35900 -52.54309
v -16.15840 -30.27969 -52.54309
v -9.24844 -21.26896 -57.78337
v -7.35969 -21.60200 -64.94176
v -9.24865 -21.26893 -72.09993
v -9.24865 -21.26893 -72.09993
v -14.40907 -20.35901 -77.34021
v -21.45870 -19.11597 -79.25835
v -21.45870 -19.11597 -79.25835
v -28.50838 -17.87292 -77.34026
v -33.66880 -16.96300 -72.09997
v -9.24865 -21.26893 -72.09993
v -21.45870 -19.11597 -79.25835
v -33.66880 -16.96300 -72.09997
v -33.66880 -16.96300 -72.09997
v -35.55780 -16.62992 -64.94159
v -33.66884 -16.96299 -57.78342
v -33.66884 -16.96299 -57.78342
v -28.50817 -17.87296 -52.54313
v -21.45879 -19.11595 -50.62499
v -33.66880 -16.96300 -72.09997
v -33.66884 -16.96299 -57.78342
v -21.45879 -19.11595 -50.62499
v -9.24865 -21.26893 -72.09993
v -33.66880 -16.96300 -72.09997
v -21.45879 -19.11595 -50.62499
v -9.24844 -21.26896 -57.78337
v -9.24865 -21.26893 -72.09993
v -21.45879 -19.11595 -50.62499
v -14.40912 -20.35900 -52.54309
v -9.24844 -21.26896 -57.78337
v -21.45879 -19.11595 -50.62499
v -30.25745 -27.79365 -52.54313
v -35.41813 -26.88368 -57.78342
v -37.30709 -26.55061 -64.94159
v -37.30709 -26.55061 -64.94159
v -35.41809 -26.88369 -72.09997
v -30.25766 -27.79361 -77.34026
v -30.25766 -27.79361 -77.34026
v -23.20798 -29.03666 -79.25835
v -16.15835 -30.27970 -77.34021
v -37.30709 -26.55061 -64.94159
v -30.25766 -27.79361 -77.34026
v -16.15835 -30.27970 -77.34021
v -16.15835 -30.27970 -77.34021
v -10.99793 -31.18962 -72.09993
v -9.10897 -31.52269 -64.94176
v -9.10897 -31.52269 -64.94176
v -10.99772 -31.18965 -57.78337
v -16.15840 -30.27969 -52.54309
v -16.15835 -30.27970 -77.34021
v -9.10897 -31.52269 -64.94176
v -16.15840 -30.27969 -52.54309
v -37.30709 -26.55061 -64.94159
v -16.15835 -30.27970 -77.34021
v -16.15840 -30.27969 -52.54309
v -30.25745 -27.79365 -52.54313
v -37.30709 -26.55061 -64.94159
v -16.15840 -30.27969 -52.54309
v -23.20808 -29.03664 -50.62499
v -30.25745 -27.79365 -52.54313
v -16.15840 -30.27969 -52.54309
v 19.06893 -5.56268 -50.62500
v 26.11831 -4.31969 -52.54314
v 24.36903 5.60101 -52.54314
v 17.31965 4.35801 -50.62500
v 31.27899 -3.40972 -57.78343
v 29.52970 6.51097 -57.78343
v 33.16794 -3.07665 -64.94161
v 31.41866 6.84405 -64.94161
v 31.27894 -3.40973 -72.09999
v 29.52966 6.51097 -72.09999
v 26.11852 -4.31965 -77.34027
v 24.36923 5.60104 -77.34027
v 19.06884 -5.56270 -79.25835
v 17.31956 4.35800 -79.25835
v 12.01921 -6.80573 -77.34020
v 10.26993 3.11496 -77.34020
v 6.85879 -7.71566 -72.09992
v 5.10950 2.20504 -72.09992
v 4.96983 -8.04873 -64.94175
v 3.22055 1.87197 -64.94175
v 6.85858 -7.71569 -57.78336
v 5.10930 2.20500 -57.78336
v 12.01926 -6.80573 -52.54308
v 10.26997 3.11497 -52.54308
v 6.85858 -7.71569 -57.78336
v 4.96983 -8.04873 -64.94175
v 6.85879 -7.71566 -72.09992
v 6.85879 -7.71566 -72.09992
v 12.01921 -6.80573 -77.34020
v 19.06884 -5.56270 -79.25835
v 19.06884 -5.56270 -79.25835
v 26.11852 -4.31965 -77.34027
v 31.27894 -3.40973 -72.09999
v 6.85879 -7.71566 -72.09992
v 19.06884 -5.56270 -79.25835
v 31.27894 -3.40973 -72.09999
v 31.27894 -3.40973 -72.09999
v 33.16794 -3.07665 -64.94161
v 31.27899 -3.40972 -57.78343
v 31.27899 -3.40972 -57.78343
v 26.11831 -4.31969 -52.54314
v 19.06893 -5.56268 -50.62500
v 31.27894 -3.40973 -72.09999
v 31.27899 -3.40972 -57.78343
v 19.06893 -5.56268 -50.62500
v 6.85879 -7.71566 -72.09992
v 31.27894 -3.40973 -72.09999
v 19.06893 -5.56268 -50.62500
v 6.85858 -7.71569 -57.78336
v 6.85879 -7.71566 -72.09992
v 19.06893 -5.56268 -50.62500
v 12.01926 -6.80573 -52.54308
v 6.85858 -7.71569 -57.78336
v 19.06893 -5.56268 -50.62500
v 24.36903 5.60101 -52.54314
v 29.52970 6.51097 -57.78343
v 31.41866 6.84405 -64.94161
v 31.41866 6.84405 -64.94161
v 29.52966 6.51097 -72.09999
v 24.36923 5.60104 -77.34027
v 24.36923 5.60104 -77.34027
v 17.31956 4.35800 -79.25835
v 10.26993 3.11496 -77.34020
v 31.41866 6.84405 -64.94161
v 24.36923 5.60104 -77.34027
v 10.26993 3.11496 -77.34020
v 10.26993 3.11496 -77.34020
v 5.10950 2.20504 -72.09992
v 3.22055 1.87197 -64.94175
v 3.22055 1.87197 -64.94175
v 5.10930 2.20500 -57.78336
v 10.26997 3.11497 -52.54308
v 10.26993 3.11496 -77.34020
v 3.22055 1.87197 -64.94175
v 10.26997 3.11497 -52.54308
v 31.41866 6.84405 -64.94161
v 10.26993 3.11496 -77.34020
v 10.26997 3.11497 -52.54308
v 24.36903 5.60101 -52.54314
v 31.41866 6.84405 -64.94161
v 10.26997 3.11497 -52.54308
v 17.31965 4.35801 -50.62500
v 24.36903 5.60101 -52.54314
v 10.26997 3.11497 -52.54308
v 21.45874 -19.11595 -50.62500
v 23.20802 -29.03664 -50.62500
v 30.25740 -27.79365 -52.54314
v 28.50812 -17.87296 -52.54314
v 35.41807 -26.88368 -57.78343
v 33.66879 -16.96299 -57.78343
v 37.30703 -26.55061 -64.94161
v 35.55775 -16.62992 -64.94161
v 35.41803 -26.88369 -72.09999
v 33.66875 -16.96300 -72.09999
v 30.25761 -27.79361 -77.34027
v 28.50832 -17.87292 -77.34027
v 23.20793 -29.03666 -79.25835
v 21.45865 -19.11597 -79.25835
v 16.15830 -30.27970 -77.34020
v 14.40902 -20.35901 -77.34020
v 10.99788 -31.18962 -72.09992
v 9.24859 -21.26893 -72.09992
v 9.10892 -31.52269 -64.94175
v 7.35963 -21.60200 -64.94175
v 10.99767 -31.18965 -57.78336
v 9.24838 -21.26896 -57.78336
v 16.15834 -30.27969 -52.54308
v 14.40906 -20.35900 -52.54308
v 21.45874 -19.11595 -50.62500
v 28.50812 -17.87296 -52.54314
v 33.66879 -16.96299 -57.78343
v 33.66879 -16.96299 -57.78343
v 35.55775 -16.62992 -64.94161
v 33.66875 -16.96300 -72.09999
v 21.45874 -19.11595 -50.62500
v 33.66879 -16.96299 -57.78343
v 33.66875 -16.96300 -72.09999
v 33.66875 -16.96300 -72.09999
v 28.50832 -17.87292 -77.34027
v 21.45865 -19.11597 -79.25835
v 21.45865 -19.11597 -79.25835
v 14.40902 -20.35901 -77.34020
v 9.24859 -21.26893 -72.09992
v 33.66875 -16.96300 -72.09999
v 21.45865 -19.11597 -79.25835
v 9.24859 -21.26893 -72.09992
v 21.45874 -19.11595 -50.62500
v 33.66875 -16.96300 -72.09999
v 9.24859 -21.26893 -72.09992
v 9.24859 -21.26893 -72.09992
v 7.35963 -21.60200 -64.94175
v 9.24838 -21.26896 -57.78336
v 21.45874 -19.11595 -50.62500
v 9.24859 -21.26893 -72.09992
v 9.24838 -21.26896 -57.78336
v 14.40906 -20.35900 -52.54308
v 21.45874 -19.11595 -50.62500
v 9.24838 -21.26896 -57.78336
v 16.15834 -30.27969 -52.54308
v 10.99767 -31.18965 -57.78336
v 9.10892 -31.52269 -64.94175
v 9.10892 -31.52269 -64.94175
v 10.99788 -31.18962 -72.09992
v 16.15830 -30.27970 -77.34020
v 16.15834 -30.27969 -52.54308
v 9.10892 -31.52269 -64.94175
v 16.15830 -30.27970 -77.34020
v 16.15830 -30.27970 -77.34020
v 23.20793 -29.03666 -79.25835
v 30.25761 -27.79361 -77.34027
v 30.25761 -27.79361 -77.34027
v 35.41803 -26.88369 -72.09999
v 37.30703 -26.55061 -64.94161
v 16.15830 -30.27970 -77.34020
v 30.25761 -27.79361 -77.34027
v 37.30703 -26.55061 -64.94161
v 16.15834 -30.27969 -52.54308
v 16.15830 -30.27970 -77.34020
v 37.30703 -26.55061 -64.94161
v 37.30703 -26.55061 -64.94161
v 35.41807 -26.88368 -57.78343
v 30.25740 -27.79365 -52.54314
v 16.15834 -30.27969 -52.54308
v 37.30703 -26.55061 -64.94161
v 30.25740 -27.79365 -52.54314
v 23.20802 -29.03664 -50.62500
v 16.15834 -30.27969 -52.54308
v 30.25740 -27.79365 -52.54314
v 6.85493 -7.82760 360.83846
v 10.67442 -10.89250 361.77549
v 9.87859 -13.06192 357.92359
v 6.05910 -9.99703 356.98653
v 7.80176 -16.34107 355.66345
v 3.98227 -13.27618 354.72640
v 5.00019 -19.85166 355.60045
v 1.18070 -16.78677 354.66340
v 2.22471 -22.65283 357.75151
v -1.59478 -19.58794 356.81448
v 0.21914 -23.99389 361.54011
v -3.60035 -20.92900 360.60308
v -0.47934 -23.51565 365.95150
v -4.29883 -20.45075 365.01447
v 0.31649 -21.34622 369.80343
v -3.50300 -18.28133 368.86640
v 2.39332 -18.06707 372.06356
v -1.42616 -15.00218 371.12653
v 5.19489 -14.55648 372.12657
v 1.37540 -11.49159 371.18954
v 7.97037 -11.75531 369.97548
v 4.15088 -8.69042 369.03845
v 9.97594 -10.41425 366.18688
v 6.15645 -7.34936 365.24985
v 6.85493 -7.82760 360.83846
v 6.05910 -9.99703 356.98653
v 3.98227 -13.27618 354.72640
v 3.98227 -13.27618 354.72640
v 1.18070 -16.78677 354.66340
v -1.59478 -19.58794 356.81448
v 6.85493 -7.82760 360.83846
v 3.98227 -13.27618 354.72640
v -1.59478 -19.58794 356.81448
v -1.59478 -19.58794 356.81448
v -3.60035 -20.92900 360.60308
v -4.29883 -20.45075 365.01447
v -4.29883 -20.45075 365.01447
v -3.50300 -18.28133 368.86640
v -1.42616 -15.00218 371.12653
v -1.59478 -19.58794 356.81448
v -4.29883 -20.45075 365.01447
v -1.42616 -15.00218 371.12653
v 6.85493 -7.82760 360.83846
v -1.59478 -19.58794 356.81448
v -1.42616 -15.00218 371.12653
v -1.42616 -15.00218 371.12653
v 1.37540 -11.49159 371.18954
v 4.15088 -8.69042 369.03845
v 6.85493 -7.82760 360.83846
v -1.42616 -15.00218 371.12653
v 4.15088 -8.69042 369.03845
v 6.15645 -7.34936 365.24985
v 6.85493 -7.82760 360.83846
v 4.15088 -8.69042 369.03845
v 9.97594 -10.41425 366.18688
v 7.97037 -11.75531 369.97548
v 5.19489 -14.55648 372.12657
v 5.19489 -14.55648 372.12657
v 2.39332 -18.06707 372.06356
v 0.31649 -21.34622 369.80343
v 9.97594 -10.41425 366.18688
v 5.19489 -14.55648 372.12657
v 0.31649 -21.34622 369.80343
v 0.31649 -21.34622 369.80343
v -0.47934 -23.51565 365.95150
v 0.21914 -23.99389 361.54011
v 0.21914 -23.99389 361.54011
v 2.22471 -22.65283 357.75151
v 5.00019 -19.85166 355.60045
v 0.31649 -21.34622 369.80343
v 0.21914 -23.99389 361.54011
v 5.00019 -19.85166 355.60045
v 9.97594 -10.41425 366.18688
v 0.31649 -21.34622 369.80343
v 5.00019 -19.85166 355.60045
v 5.00019 -19.85166 355.60045
v 7.80176 -16.34107 355.66345
v 9.87859 -13.06192 357.92359
v 9.97594 -10.41425 366.18688
v 5.00019 -19.85166 355.60045
v 9.87859 -13.06192 357.92359
v 10.67442 -10.89250 361.77549
v 9.97594 -10.41425 366.18688
v 9.87859 -13.06192 357.92359
v 2.72365 -4.51251 359.82494
v 1.92782 -6.68194 355.97301
v -1.89167 -3.61704 355.03598
v -1.09584 -1.44762 358.88791
v -0.14901 -9.96109 353.71288
v -3.96850 -6.89619 352.77585
v -2.95058 -13.47168 353.64987
v -6.77006 -10.40678 352.71285
v -5.72606 -16.27285 355.80096
v -9.54555 -13.20795 354.86393
v -7.73163 -17.61391 359.58956
v -11.55112 -14.54901 358.65254
v -8.43011 -17.13566 364.00095
v -12.24960 -14.07077 363.06393
v -7.63428 -14.96624 367.85285
v -11.45376 -11.90134 366.91582
v -5.55745 -11.68709 370.11299
v -9.37693 -8.62219 369.17596
v -2.75588 -8.17650 370.17599
v -6.57537 -5.11160 369.23896
v 0.01960 -5.37533 368.02493
v -3.79989 -2.31043 367.08790
v 2.02517 -4.03427 364.23633
v -1.79432 -0.96937 363.29930
v 0.01960 -5.37533 368.02493
v -2.75588 -8.17650 370.17599
v -5.55745 -11.68709 370.11299
v -5.55745 -11.68709 370.11299
v -7.63428 -14.96624 367.85285
v -8.43011 -17.13566 364.00095
v -8.43011 -17.13566 364.00095
v -7.73163 -17.61391 359.58956
v -5.72606 -16.27285 355.80096
v -5.55745 -11.68709 370.11299
v -8.43011 -17.13566 364.00095
v -5.72606 -16.27285 355.80096
v -5.72606 -16.27285 355.80096
v -2.95058 -13.47168 353.64987
v -0.14901 -9.96109 353.71288
v -0.14901 -9.96109 353.71288
v 1.92782 -6.68194 355.97301
v 2.72365 -4.51251 359.82494
v -5.72606 -16.27285 355.80096
v -0.14901 -9.96109 353.71288
v 2.72365 -4.51251 359.82494
v -5.55745 -11.68709 370.11299
v -5.72606 -16.27285 355.80096
v 2.72365 -4.51251 359.82494
v 0.01960 -5.37533 368.02493
v -5.55745 -11.68709 370.11299
v 2.72365 -4.51251 359.82494
v 2.02517 -4.03427 364.23633
v 0.01960 -5.37533 368.02493
v 2.72365 -4.51251 359.82494
v -1.89167 -3.61704 355.03598
v -3.96850 -6.89619 352.77585
v -6.77006 -10.40678 352.71285
v -6.77006 -10.40678 352.71285
v -9.54555 -13.20795 354.86393
v -11.55112 -14.54901 358.65254
v -11.55112 -14.54901 358.65254
v -12.24960 -14.07077 363.06393
v -11.45376 -11.90134 366.91582
v -6.77006 -10.40678 352.71285
v -11.55112 -14.54901 358.65254
v -11.45376 -11.90134 366.91582
v -11.45376 -11.90134 366.91582
v -9.37693 -8.62219 369.17596
v -6.57537 -5.11160 369.23896
v -6.57537 -5.11160 369.23896
v -3.79989 -2.31043 367.08790
v -1.79432 -0.96937 363.29930
v -11.45376 -11.90134 366.91582
v -6.57537 -5.11160 369.23896
v -1.79432 -0.96937 363.29930
v -6.77006 -10.40678 352.71285
v -11.45376 -11.90134 366.91582
v -1.79432 -0.96937 363.29930
v -1.89167 -3.61704 355.03598
v -6.77006 -10.40678 352.71285
v -1.79432 -0.96937 363.29930
v -1.09584 -1.44762 358.88791
v -1.89167 -3.61704 355.03598
v -1.79432 -0.96937 363.29930
vt 0.03507 0.71451
vt 0.03520 0.72152
vt 0.03520 0.72152
vt 0.03520 0.72152
vt 0.01872 0.72159
vt 0.03520 0.72152
vt 0.01872 0.72159
vt 0.00298 0.72155
vt 0.00298 0.72155
vt 0.00298 0.72155
vt 0.03520 0.72152
vt 0.01872 0.72159
vt 0.00298 0.72155
vt 0.00280 0.71451
vt 0.00298 0.72155
vt 0.00298 0.72155
vt 0.00298 0.70747
vt 0.03520 0.70750
vt 0.03520 0.70750
vt 0.03520 0.72152
vt 0.00298 0.72155
vt 0.03507 0.71451
vt 0.03520 0.72152
vt 0.03520 0.70750
vt 0.03520 0.70750
vt 0.03520 0.70750
vt 0.03507 0.71451
vt 0.03520 0.70750
vt 0.03520 0.70750
vt 0.01872 0.70744
vt 0.01872 0.70744
vt 0.03520 0.70750
vt 0.00298 0.70747
vt 0.00298 0.70747
vt 0.00298 0.70747
vt 0.01872 0.70744
vt 0.00298 0.70747
vt 0.00298 0.70747
vt 0.00298 0.72155
vt 0.00298 0.72155
vt 0.00280 0.71451
vt 0.00298 0.70747
vt 0.13525 0.30039
vt 0.13525 0.30039
vt 0.13006 0.31977
vt 0.13006 0.31977
vt 0.11588 0.33395
vt 0.11588 0.33395
vt 0.09650 0.33915
vt 0.09650 0.33915
vt 0.07712 0.33395
vt 0.07712 0.33395
vt 0.06293 0.31977
vt 0.06293 0.31977
vt 0.05774 0.30039
vt 0.05774 0.30039
vt 0.06293 0.28101
vt 0.06293 0.28101
vt 0.07712 0.26682
vt 0.07712 0.26682
vt 0.09650 0.26163
vt 0.09650 0.26163
vt 0.11588 0.26682
vt 0.11588 0.26682
vt 0.13006 0.28101
vt 0.13006 0.28101
vt 0.18568 0.25940
vt 0.17149 0.27359
vt 0.15211 0.27878
vt 0.19087 0.24002
vt 0.18568 0.25940
vt 0.15211 0.27878
vt 0.19087 0.24002
vt 0.15211 0.27878
vt 0.13273 0.27359
vt 0.13273 0.27359
vt 0.11855 0.25940
vt 0.11335 0.24002
vt 0.11335 0.24002
vt 0.11855 0.22064
vt 0.13273 0.20646
vt 0.13273 0.27359
vt 0.11335 0.24002
vt 0.13273 0.20646
vt 0.19087 0.24002
vt 0.13273 0.27359
vt 0.13273 0.20646
vt 0.13273 0.20646
vt 0.15211 0.20127
vt 0.17149 0.20646
vt 0.19087 0.24002
vt 0.13273 0.20646
vt 0.17149 0.20646
vt 0.18568 0.22064
vt 0.19087 0.24002
vt 0.17149 0.20646
vt 0.07556 0.82775
vt 0.06137 0.81356
vt 0.04199 0.80837
vt 0.04199 0.80837
vt 0.02261 0.81356
vt 0.00842 0.82775
vt 0.07556 0.82775
vt 0.04199 0.80837
vt 0.00842 0.82775
vt 0.00842 0.82775
vt 0.00323 0.84713
vt 0.00842 0.86651
vt 0.00842 0.86651
vt 0.02261 0.88070
vt 0.04199 0.88589
vt 0.00842 0.82775
vt 0.00842 0.86651
vt 0.04199 0.88589
vt 0.07556 0.82775
vt 0.00842 0.82775
vt 0.04199 0.88589
vt 0.04199 0.88589
vt 0.06137 0.88070
vt 0.07556 0.86651
vt 0.07556 0.82775
vt 0.04199 0.88589
vt 0.07556 0.86651
vt 0.08075 0.84713
vt 0.07556 0.82775
vt 0.07556 0.86651
vt 0.13525 0.30039
vt 0.13006 0.31977
vt 0.13006 0.31977
vt 0.13525 0.30039
vt 0.11588 0.33395
vt 0.11588 0.33395
vt 0.09650 0.33915
vt 0.09650 0.33915
vt 0.07712 0.33395
vt 0.07712 0.33395
vt 0.06293 0.31977
vt 0.06293 0.31977
vt 0.05774 0.30039
vt 0.05774 0.30039
vt 0.06293 0.28101
vt 0.06293 0.28101
vt 0.07712 0.26682
vt 0.07712 0.26682
vt 0.09650 0.26163
vt 0.09650 0.26163
vt 0.11588 0.26682
vt 0.11588 0.26682
vt 0.13006 0.28101
vt 0.13006 0.28101
vt 0.17149 0.20646
vt 0.15211 0.20127
vt 0.13273 0.20646
vt 0.13273 0.20646
vt 0.11855 0.22064
vt 0.11335 0.24002
vt 0.11335 0.24002
vt 0.11855 0.25940
vt 0.13273 0.27359
vt 0.13273 0.20646
vt 0.11335 0.24002
vt 0.13273 0.27359
vt 0.13273 0.27359
vt 0.15211 0.27878
vt 0.17149 0.27359
vt 0.17149 0.27359
vt 0.18568 0.25940
vt 0.19087 0.24002
vt 0.13273 0.27359
vt 0.17149 0.27359
vt 0.19087 0.24002
vt 0.13273 0.20646
vt 0.13273 0.27359
vt 0.19087 0.24002
vt 0.17149 0.20646
vt 0.13273 0.20646
vt 0.19087 0.24002
vt 0.18568 0.22064
vt 0.17149 0.20646
vt 0.19087 0.24002
vt 0.13006 0.31977
vt 0.11588 0.33395
vt 0.09650 0.33915
vt 0.09650 0.33915
vt 0.07712 0.33395
vt 0.06293 0.31977
vt 0.06293 0.31977
vt 0.05774 0.30039
vt 0.06293 0.28101
vt 0.09650 0.33915
vt 0.06293 0.31977
vt 0.06293 0.28101
vt 0.06293 0.28101
vt 0.07712 0.26682
vt 0.09650 0.26163
vt 0.09650 0.26163
vt 0.11588 0.26682
vt 0.13006 0.28101
vt 0.06293 0.28101
vt 0.09650 0.26163
vt 0.13006 0.28101
vt 0.09650 0.33915
vt 0.06293 0.28101
vt 0.13006 0.28101
vt 0.13006 0.31977
vt 0.09650 0.33915
vt 0.13006 0.28101
vt 0.13525 0.30039
vt 0.13006 0.31977
vt 0.13006 0.28101
vt 0.13525 0.30039
vt 0.13006 0.31977
vt 0.13006 0.31977
vt 0.13525 0.30039
vt 0.11588 0.33395
vt 0.11588 0.33395
vt 0.09650 0.33915
vt 0.09650 0.33915
vt 0.07712 0.33395
vt 0.07712 0.33395
vt 0.06293 0.31977
vt 0.06293 0.31977
vt 0.05774 0.30039
vt 0.05774 0.30039
vt 0.06293 0.28101
vt 0.06293 0.28101
vt 0.07712 0.26682
vt 0.07712 0.26682
vt 0.09650 0.26163
vt 0.09650 0.26163
vt 0.11588 0.26682
vt 0.11588 0.26682
vt 0.13006 0.28101
vt 0.13006 0.28101
vt 0.17149 0.20646
vt 0.15211 0.20127
vt 0.13273 0.20646
vt 0.13273 0.20646
vt 0.11855 0.22064
vt 0.11335 0.24002
vt 0.11335 0.24002
vt 0.11855 0.25940
vt 0.13273 0.27359
vt 0.13273 0.20646
vt 0.11335 0.24002
vt 0.13273 0.27359
vt 0.13273 0.27359
vt 0.15211 0.27878
vt 0.17149 0.27359
vt 0.17149 0.27359
vt 0.18568 0.25940
vt 0.19087 0.24002
vt 0.13273 0.27359
vt 0.17149 0.27359
vt 0.19087 0.24002
vt 0.13273 0.20646
vt 0.13273 0.27359
vt 0.19087 0.24002
vt 0.17149 0.20646
vt 0.13273 0.20646
vt 0.19087 0.24002
vt 0.18568 0.22064
vt 0.17149 0.20646
vt 0.19087 0.24002
vt 0.07556 0.86651
vt 0.06137 0.88070
vt 0.04199 0.88589
vt 0.04199 0.88589
vt 0.02261 0.88070
vt 0.00842 0.86651
vt 0.00842 0.86651
vt 0.00323 0.84713
vt 0.00842 0.82775
vt 0.04199 0.88589
vt 0.00842 0.86651
vt 0.00842 0.82775
vt 0.00842 0.82775
vt 0.02261 0.81356
vt 0.04199 0.80837
vt 0.04199 0.80837
vt 0.06137 0.81356
vt 0.07556 0.82775
vt 0.00842 0.82775
vt 0.04199 0.80837
vt 0.07556 0.82775
vt 0.04199 0.88589
vt 0.00842 0.82775
vt 0.07556 0.82775
vt 0.07556 0.86651
vt 0.04199 0.88589
vt 0.07556 0.82775
vt 0.08075 0.84713
vt 0.07556 0.86651
vt 0.07556 0.82775
vt 0.13525 0.30039
vt 0.13525 0.30039
vt 0.13006 0.31977
vt 0.13006 0.31977
vt 0.11588 0.33395
vt 0.11588 0.33395
vt 0.09650 0.33915
vt 0.09650 0.33915
vt 0.07712 0.33395
vt 0.07712 0.33395
vt 0.06293 0.31977
vt 0.06293 0.31977
vt 0.05774 0.30039
vt 0.05774 0.30039
vt 0.06293 0.28101
vt 0.06293 0.28101
vt 0.07712 0.26682
vt 0.07712 0.26682
vt 0.09650 0.26163
vt 0.09650 0.26163
vt 0.11588 0.26682
vt 0.11588 0.26682
vt 0.13006 0.28101
vt 0.13006 0.28101
vt 0.19087 0.24002
vt 0.18568 0.25940
vt 0.17149 0.27359
vt 0.17149 0.27359
vt 0.15211 0.27878
vt 0.13273 0.27359
vt 0.19087 0.24002
vt 0.17149 0.27359
vt 0.13273 0.27359
vt 0.13273 0.27359
vt 0.11855 0.25940
vt 0.11335 0.24002
vt 0.11335 0.24002
vt 0.11855 0.22064
vt 0.13273 0.20646
vt 0.13273 0.27359
vt 0.11335 0.24002
vt 0.13273 0.20646
vt 0.19087 0.24002
vt 0.13273 0.27359
vt 0.13273 0.20646
vt 0.13273 0.20646
vt 0.15211 0.20127
vt 0.17149 0.20646
vt 0.19087 0.24002
vt 0.13273 0.20646
vt 0.17149 0.20646
vt 0.18568 0.22064
vt 0.19087 0.24002
vt 0.17149 0.20646
vt 0.13006 0.28101
vt 0.11588 0.26682
vt 0.09650 0.26163
vt 0.09650 0.26163
vt 0.07712 0.26682
vt 0.06293 0.28101
vt 0.13006 0.28101
vt 0.09650 0.26163
vt 0.06293 0.28101
vt 0.06293 0.28101
vt 0.05774 0.30039
vt 0.06293 0.31977
vt 0.06293 0.31977
vt 0.07712 0.33395
vt 0.09650 0.33915
vt 0.06293 0.28101
vt 0.06293 0.31977
vt 0.09650 0.33915
vt 0.13006 0.28101
vt 0.06293 0.28101
vt 0.09650 0.33915
vt 0.09650 0.33915
vt 0.11588 0.33395
vt 0.13006 0.31977
vt 0.13006 0.28101
vt 0.09650 0.33915
vt 0.13006 0.31977
vt 0.13525 0.30039
vt 0.13006 0.28101
vt 0.13006 0.31977
vt 0.04773 0.07681
vt 0.04773 0.07681
vt 0.04498 0.08709
vt 0.04498 0.08709
vt 0.03745 0.09462
vt 0.03745 0.09462
vt 0.02716 0.09738
vt 0.02716 0.09738
vt 0.01688 0.09462
vt 0.01688 0.09462
vt 0.00935 0.08709
vt 0.00935 0.08709
vt 0.00659 0.07681
vt 0.00659 0.07681
vt 0.00935 0.06652
vt 0.00935 0.06652
vt 0.01688 0.05900
vt 0.01688 0.05900
vt 0.02716 0.05624
vt 0.02716 0.05624
vt 0.03745 0.05900
vt 0.03745 0.05900
vt 0.04498 0.06652
vt 0.04498 0.06652
vt 0.05518 0.02828
vt 0.05248 0.03835
vt 0.04510 0.04572
vt 0.04510 0.04572
vt 0.03503 0.04842
vt 0.02496 0.04572
vt 0.05518 0.02828
vt 0.04510 0.04572
vt 0.02496 0.04572
vt 0.02496 0.04572
vt 0.01758 0.03835
vt 0.01488 0.02828
vt 0.01488 0.02828
vt 0.01758 0.01820
vt 0.02496 0.01083
vt 0.02496 0.04572
vt 0.01488 0.02828
vt 0.02496 0.01083
vt 0.05518 0.02828
vt 0.02496 0.04572
vt 0.02496 0.01083
vt 0.02496 0.01083
vt 0.03503 0.00813
vt 0.04510 0.01083
vt 0.05518 0.02828
vt 0.02496 0.01083
vt 0.04510 0.01083
vt 0.05248 0.01820
vt 0.05518 0.02828
vt 0.04510 0.01083
vt 0.04498 0.06652
vt 0.03745 0.05900
vt 0.02716 0.05624
vt 0.02716 0.05624
vt 0.01688 0.05900
vt 0.00935 0.06652
vt 0.04498 0.06652
vt 0.02716 0.05624
vt 0.00935 0.06652
vt 0.00935 0.06652
vt 0.00659 0.07681
vt 0.00935 0.08709
vt 0.00935 0.08709
vt 0.01688 0.09462
vt 0.02716 0.09738
vt 0.00935 0.06652
vt 0.00935 0.08709
vt 0.02716 0.09738
vt 0.04498 0.06652
vt 0.00935 0.06652
vt 0.02716 0.09738
vt 0.02716 0.09738
vt 0.03745 0.09462
vt 0.04498 0.08709
vt 0.04498 0.06652
vt 0.02716 0.09738
vt 0.04498 0.08709
vt 0.04773 0.07681
vt 0.04498 0.06652
vt 0.04498 0.08709
vt 0.04773 0.07681
vt 0.04498 0.08709
vt 0.04498 0.08709
vt 0.04773 0.07681
vt 0.03745 0.09462
vt 0.03745 0.09462
vt 0.02716 0.09738
vt 0.02716 0.09738
vt 0.01688 0.09462
vt 0.01688 0.09462
vt 0.00935 0.08709
vt 0.00935 0.08709
vt 0.00659 0.07681
vt 0.00659 0.07681
vt 0.00935 0.06652
vt 0.00935 0.06652
vt 0.01688 0.05900
vt 0.01688 0.05900
vt 0.02716 0.05624
vt 0.02716 0.05624
vt 0.03745 0.05900
vt 0.03745 0.05900
vt 0.04498 0.06652
vt 0.04498 0.06652
vt 0.04510 0.01083
vt 0.03503 0.00813
vt 0.02496 0.01083
vt 0.02496 0.01083
vt 0.01758 0.01820
vt 0.01488 0.02828
vt 0.01488 0.02828
vt 0.01758 0.03835
vt 0.02496 0.04572
vt 0.02496 0.01083
vt 0.01488 0.02828
vt 0.02496 0.04572
vt 0.02496 0.04572
vt 0.03503 0.04842
vt 0.04510 0.04572
vt 0.04510 0.04572
vt 0.05248 0.03835
vt 0.05518 0.02828
vt 0.02496 0.04572
vt 0.04510 0.04572
vt 0.05518 0.02828
vt 0.02496 0.01083
vt 0.02496 0.04572
vt 0.05518 0.02828
vt 0.04510 0.01083
vt 0.02496 0.01083
vt 0.05518 0.02828
vt 0.05248 0.01820
vt 0.04510 0.01083
vt 0.05518 0.02828
vt 0.04498 0.08709
vt 0.03745 0.09462
vt 0.02716 0.09738
vt 0.02716 0.09738
vt 0.01688 0.09462
vt 0.00935 0.08709
vt 0.00935 0.08709
vt 0.00659 0.07681
vt 0.00935 0.06652
vt 0.02716 0.09738
vt 0.00935 0.08709
vt 0.00935 0.06652
vt 0.00935 0.06652
vt 0.01688 0.05900
vt 0.02716 0.05624
vt 0.02716 0.05624
vt 0.03745 0.05900
vt 0.04498 0.06652
vt 0.00935 0.06652
vt 0.02716 0.05624
vt 0.04498 0.06652
vt 0.02716 0.09738
vt 0.00935 0.06652
vt 0.04498 0.06652
vt 0.04498 0.08709
vt 0.02716 0.09738
vt 0.04498 0.06652
vt 0.04773 0.07681
vt 0.04498 0.08709
vt 0.04498 0.06652
f 173/173 174/174 175/175
f 176/176 177/177 178/178
f 179/179 180/180 181/181
f 182/182 183/183 184/184
f 185/185 186/186 187/187
f 188/188 189/189 190/190
f 191/191 192/192 193/193
f 194/194 195/195 196/196
f 197/197 198/198 199/199
f 200/200 201/201 202/202
f 203/203 204/204 205/205
f 206/206 207/207 208/208
f 209/209 210/210 211/211
f 212/212 213/213 214/214
f 215/215 216/216 217/217
f 217/217 218/218 215/215
f 218/218 217/217 219/219
f 219/219 220/220 218/218
f 220/220 219/219 221/221
f 221/221 222/222 220/220
f 222/222 221/221 223/223
f 223/223 224/224 222/222
f 224/224 223/223 225/225
f 225/225 226/226 224/224
f 226/226 225/225 227/227
f 227/227 228/228 226/226
f 228/228 227/227 229/229
f 229/229 230/230 228/228
f 230/230 229/229 231/231
f 231/231 232/232 230/230
f 232/232 231/231 233/233
f 233/233 234/234 232/232
f 234/234 233/233 235/235
f 235/235 236/236 234/234
f 236/236 235/235 237/237
f 237/237 238/238 236/236
f 238/238 237/237 216/216
f 216/216 215/215 238/238
f 239/239 240/240 241/241
f 242/242 243/243 244/244
f 245/245 246/246 247/247
f 248/248 249/249 250/250
f 251/251 252/252 253/253
f 254/254 255/255 256/256
f 257/257 258/258 259/259
f 260/260 261/261 262/262
f 263/263 264/264 265/265
f 266/266 267/267 268/268
f 269/269 270/270 271/271
f 272/272 273/273 274/274
f 275/275 276/276 277/277
f 278/278 279/279 280/280
f 281/281 282/282 283/283
f 284/284 285/285 286/286
f 287/287 288/288 289/289
f 290/290 291/291 292/292
f 293/293 294/294 295/295
f 296/296 297/297 298/298
f 299/299 300/300 301/301
f 301/301 302/302 299/299
f 300/300 303/303 304/304
f 304/304 301/301 300/300
f 303/303 305/305 306/306
f 306/306 304/304 303/303
f 305/305 307/307 308/308
f 308/308 306/306 305/305
f 307/307 309/309 310/310
f 310/310 308/308 307/307
f 309/309 311/311 312/312
f 312/312 310/310 309/309
f 311/311 313/313 314/314
f 314/314 312/312 311/311
f 313/313 315/315 316/316
f 316/316 314/314 313/313
f 315/315 317/317 318/318
f 318/318 316/316 315/315
f 317/317 319/319 320/320
f 320/320 318/318 317/317
f 319/319 321/321 322/322
f 322/322 320/320 319/319
f 321/321 299/299 302/302
f 302/302 322/322 321/321
f 323/323 324/324 325/325
f 326/326 327/327 328/328
f 329/329 330/330 331/331
f 332/332 333/333 334/334
f 335/335 336/336 337/337
f 338/338 339/339 340/340
f 341/341 342/342 343/343
f 344/344 345/345 346/346
f 347/347 348/348 349/349
f 350/350 351/351 352/352
f 353/353 354/354 355/355
f 356/356 357/357 358/358
f 359/359 360/360 361/361
f 362/362 363/363 364/364
f 365/365 366/366 367/367
f 368/368 369/369 370/370
f 371/371 372/372 373/373
f 374/374 375/375 376/376
f 377/377 378/378 379/379
f 380/380 381/381 382/382
f 383/383 384/384 385/385
f 385/385 386/386 383/383
f 384/384 387/387 388/388
f 388/388 385/385 384/384
f 387/387 389/389 390/390
f 390/390 388/388 387/387
f 389/389 391/391 392/392
f 392/392 390/390 389/389
f 391/391 393/393 394/394
f 394/394 392/392 391/391
f 393/393 395/395 396/396
f 396/396 394/394 393/393
f 395/395 397/397 398/398
f 398/398 396/396 395/395
f 397/397 399/399 400/400
f 400/400 398/398 397/397
f 399/399 401/401 402/402
f 402/402 400/400 399/399
f 401/401 403/403 404/404
f 404/404 402/402 401/401
f 403/403 405/405 406/406
f 406/406 404/404 403/403
f 405/405 383/383 386/386
f 386/386 406/406 405/405
f 407/407 408/408 409/409
f 410/410 411/411 412/412
f 413/413 414/414 415/415
f 416/416 417/417 418/418
f 419/419 420/420 421/421
f 422/422 423/423 424/424
f 425/425 426/426 427/427
f 428/428 429/429 430/430
f 431/431 432/432 433/433
f 434/434 435/435 436/436
f 437/437 438/438 439/439
f 440/440 441/441 442/442
f 443/443 444/444 445/445
f 446/446 447/447 448/448
f 449/449 450/450 451/451
f 452/452 453/453 454/454
f 455/455 456/456 457/457
f 458/458 459/459 460/460
f 461/461 462/462 463/463
f 464/464 465/465 466/466
f 467/467 468/468 469/469
f 469/469 470/470 467/467
f 470/470 469/469 471/471
f 471/471 472/472 470/470
f 472/472 471/471 473/473
f 473/473 474/474 472/472
f 474/474 473/473 475/475
f 475/475 476/476 474/474
f 476/476 475/475 477/477
f 477/477 478/478 476/476
f 478/478 477/477 479/479
f 479/479 480/480 478/478
f 480/480 479/479 481/481
f 481/481 482/482 480/480
f 482/482 481/481 483/483
f 483/483 484/484 482/482
f 484/484 483/483 485/485
f 485/485 486/486 484/484
f 486/486 485/485 487/487
f 487/487 488/488 486/486
f 488/488 487/487 489/489
f 489/489 490/490 488/488
f 490/490 489/489 468/468
f 468/468 467/467 490/490
f 491/491 492/492 493/493
f 494/494 495/495 496/496
f 497/497 498/498 499/499
f 500/500 501/501 502/502
f 503/503 504/504 505/505
f 506/506 507/507 508/508
f 509/509 510/510 511/511
f 512/512 513/513 514/514
f 515/515 516/516 517/517
f 518/518 519/519 520/520
f 521/521 522/522 523/523
f 524/524 525/525 526/526
f 527/527 528/528 529/529
f 530/530 531/531 532/532
f 533/533 534/534 535/535
f 536/536 537/537 538/538
f 539/539 540/540 541/541
f 542/542 543/543 544/544
f 545/545 546/546 547/547
f 548/548 549/549 550/550
f 551/551 552/552 553/553
f 553/553 554/554 551/551
f 554/554 553/553 555/555
f 555/555 556/556 554/554
f 556/556 555/555 557/557
f 557/557 558/558 556/556
f 558/558 557/557 559/559
f 559/559 560/560 558/558
f 560/560 559/559 561/561
f 561/561 562/562 560/560
f 562/562 561/561 563/563
f 563/563 564/564 562/562
f 564/564 563/563 565/565
f 565/565 566/566 564/564
f 566/566 565/565 567/567
f 567/567 568/568 566/566
f 568/568 567/567 569/569
f 569/569 570/570 568/568
f 570/570 569/569 571/571
f 571/571 572/572 570/570
f 572/572 571/571 573/573
f 573/573 574/574 572/572
f 574/574 573/573 552/552
f 552/552 551/551 574/574
f 575/575 576/576 577/577
f 578/578 579/579 580/580
f 581/581 582/582 583/583
f 584/584 585/585 586/586
f 587/587 588/588 589/589
f 590/590 591/591 592/592
f 593/593 594/594 595/595
f 596/596 597/597 598/598
f 599/599 600/600 601/601
f 602/602 603/603 604/604
f 605/605 606/606 607/607
f 608/608 609/609 610/610
f 611/611 612/612 613/613
f 614/614 615/615 616/616
f 617/617 618/618 619/619
f 620/620 621/621 622/622
f 623/623 624/624 625/625
f 626/626 627/627 628/628
f 629/629 630/630 631/631
f 632/632 633/633 634/634
f 635/635 636/636 637/637
f 637/637 638/638 635/635
f 636/636 639/639 640/640
f 640/640 637/637 636/636
f 639/639 641/641 642/642
f 642/642 640/640 639/639
f 641/641 643/643 644/644
f 644/644 642/642 641/641
f 643/643 645/645 646/646
f 646/646 644/644 643/643
f 645/645 647/647 648/648
f 648/648 646/646 645/645
f 647/647 649/649 650/650
f 650/650 648/648 647/647
f 649/649 651/651 652/652
f 652/652 650/650 649/649
f 651/651 653/653 654/654
f 654/654 652/652 651/651
f 653/653 655/655 656/656
f 656/656 654/654 653/653
f 655/655 657/657 658/658
f 658/658 656/656 655/655
f 657/657 635/635 638/638
f 638/638 658/658 657/657
f 659/659 660/660 661/661
f 662/662 663/663 664/664
f 665/665 666/666 667/667
f 668/668 669/669 670/670
f 671/671 672/672 673/673
f 674/674 675/675 676/676
f 677/677 678/678 679/679
f 680/680 681/681 682/682
f 683/683 684/684 685/685
f 686/686 687/687 688/688
f 689/689 690/690 691/691
f 692/692 693/693 694/694
f 695/695 696/696 697/697
f 698/698 699/699 700/700
f 701/701 702/702 703/703
f 704/704 705/705 706/706
f 707/707 708/708 709/709
f 710/710 711/711 712/712
f 713/713 714/714 715/715
f 716/716 717/717 718/718
o Object_4
usemtl material00
v 3.80970 3.97607 -438.61593
v 3.51869 3.95165 -427.80982
v -3.51869 3.95165 -427.80982
v -3.80970 3.97607 -438.61593
v 2.31391 15.31259 -475.00046
v -2.31391 15.31259 -475.00046
v -2.31391 18.98365 -476.45297
v 2.31391 18.98365 -476.45297
v 3.58584 18.79439 -475.00046
v 4.30500 15.78194 -464.82163
v 4.30500 10.73108 -464.82163
v 3.03306 9.33856 -464.82163
v 3.58712 6.52351 -454.57467
v 1.42126 6.52427 -454.58103
v -1.42152 6.52427 -454.58103
v -3.03306 9.33856 -464.82163
v 4.95623 7.81300 -454.58103
v 4.97022 12.68375 -454.58103
v 5.08164 7.61305 -438.61593
v 5.08164 5.25641 -438.61593
v -1.43525 2.86974 -454.58103
v 1.43525 2.86974 -454.58103
v 2.69091 2.86974 -452.80032
v 3.06562 2.87127 -450.09492
v -3.06562 2.87127 -450.09492
v 4.79062 5.73516 -432.49715
v 3.13939 6.04577 -452.80032
v 3.13939 6.04577 -452.80032
v 3.06562 2.87127 -450.09492
v 2.69091 2.86974 -452.80032
v 1.43525 2.86974 -454.58103
v -1.43525 2.86974 -454.58103
v -1.42152 6.52427 -454.58103
v 1.42126 6.52427 -454.58103
v -3.80970 3.97607 -438.61593
v 3.80970 3.97607 -438.61593
v 3.80970 3.97607 -438.61593
v -3.58584 18.79439 -475.00046
v -4.30500 10.73108 -464.82163
v -4.30500 15.78194 -464.82163
v -3.58712 6.52351 -454.57467
v -4.95623 7.81300 -454.58103
v -5.08164 5.25641 -438.61593
v -5.08164 7.61305 -438.61593
v -4.97047 12.68375 -454.58103
v -2.69091 2.86974 -452.80032
v -4.79062 5.73516 -432.49715
v -2.31391 18.98365 -476.45297
v -2.31391 15.31259 -475.00046
v -3.03306 9.33856 -464.82163
v -3.13965 6.04577 -452.80032
v -3.80970 3.97607 -438.61593
v -3.58712 6.52351 -454.57467
v -3.51869 3.95165 -427.80982
v -3.13965 6.04577 -452.80032
v -2.69091 2.86974 -452.80032
v -3.06562 2.87127 -450.09492
v -1.42152 6.52427 -454.58103
v -1.43525 2.86974 -454.58103
v -3.13965 6.04577 -452.80032
v -3.80970 3.97607 -438.61593
v 10.28513 -3.61866 -401.07268
v 10.53494 -4.73898 -402.40185
v 9.75550 -4.93511 -402.43468
v 9.49475 -3.78884 -401.00856
v 9.86234 -2.37420 -394.74378
v 9.08875 -2.52479 -394.75725
v 9.94171 -6.35434 -398.44410
v 9.94171 -6.35434 -398.44410
v 10.70284 -6.20578 -398.43113
v 9.86234 -2.37420 -394.74378
v 9.08875 -2.52479 -394.75725
v 8.99590 -1.36072 -400.56314
v 9.49475 -3.78884 -401.00856
v 9.94171 -6.35434 -398.44410
v 8.99590 -1.36072 -400.56314
v 9.80129 -1.18773 -400.62673
v 9.80129 -1.18773 -400.62673
v 9.86234 -2.37420 -394.74378
v 10.70284 -6.20578 -398.43113
v 10.28513 -3.61866 -401.07268
v 10.70284 -6.20578 -398.43113
v 9.94171 -6.35434 -398.44410
v 9.92136 -5.64562 -403.50385
v 9.92136 -5.64562 -403.50385
v 10.70843 -5.49222 -403.49012
v 10.70284 -6.20578 -398.43113
v 9.75550 -4.93511 -402.43468
v 9.92136 -5.64562 -403.50385
v 10.53494 -4.73898 -402.40185
v 10.70843 -5.49222 -403.49012
v 10.70843 -5.49222 -403.49012
v 9.92136 -5.64562 -403.50385
v 9.75092 -4.79342 -403.43442
v 10.53571 -4.59652 -403.40135
v 9.92136 -5.64562 -403.50385
v 9.75550 -4.93511 -402.43468
v 9.75092 -4.79342 -403.43442
v 9.75550 -4.93511 -402.43468
v 10.53494 -4.73898 -402.40185
v 10.53571 -4.59652 -403.40135
v 10.53571 -4.59652 -403.40135
v 9.75092 -4.79342 -403.43442
v 9.75550 -4.93511 -402.43468
v 10.53494 -4.73898 -402.40185
v 10.70843 -5.49222 -403.49012
v 10.53571 -4.59652 -403.40135
v -0.00000 57.30507 358.38521
v 11.81324 54.79656 359.70623
v 12.80230 56.85659 351.55008
v -0.00000 59.32771 351.53659
v 18.95949 50.86068 361.20993
v 20.76793 52.75815 351.55796
v 22.93226 45.14892 363.84384
v 27.00194 45.53890 351.56662
v -0.00000 53.14839 371.00002
v 10.00353 50.72891 372.32079
v 4.92697 48.47122 378.86211
v -0.00000 45.06345 386.49781
v 10.13606 46.61928 378.65173
v 10.42505 49.65565 374.08854
v 34.07086 29.41557 351.59789
v 31.46568 36.67680 351.59789
v 28.12227 30.04823 370.79652
v 29.28889 25.90655 371.11120
v 22.55322 29.17594 387.63441
v 20.91573 35.29294 384.24979
v 23.53744 22.06301 390.19457
v 5.35765 32.19628 402.27924
v -0.00000 35.55063 396.41638
v -0.00000 32.65163 402.28635
v 9.54741 31.54225 402.27924
v 14.72674 28.71931 402.27924
v 17.72825 24.98033 402.27924
v 19.48811 19.50795 402.27924
v 32.28506 2.59450 351.59789
v 34.19704 15.69188 351.59789
v 29.43999 13.98240 371.11120
v 27.56694 2.59450 371.11120
v 23.49649 12.31031 390.19457
v 22.04648 2.93588 390.19457
v 19.51100 11.31871 402.27924
v 18.28612 3.46984 402.27924
v 10.40368 -14.91270 390.19457
v 8.44184 -10.88981 402.27924
v -0.00000 -12.98953 402.27924
v -0.00000 -17.58402 390.19457
v 26.12812 -11.88091 351.59789
v 22.52778 -10.18745 371.11120
v 18.30648 -7.45686 390.19457
v 15.05312 -4.83336 402.27924
v 15.16301 -22.01493 351.59789
v 12.98571 -19.20752 371.11120
v -0.00000 26.42754 415.49133
v 3.90128 25.99788 415.51273
v 9.47415 24.18868 415.54199
v 12.69266 20.90810 415.51884
v 14.78804 16.63235 415.36188
v 14.81069 10.43904 415.26877
v 13.92109 4.41693 415.24102
v -0.00000 -7.50112 415.36668
v 6.29329 -5.98395 415.37003
v 11.28869 -1.66013 415.29778
v 2.68837 20.81702 425.65081
v -0.00000 21.15409 425.67191
v -0.00000 16.27189 432.22825
v 1.50953 15.99155 432.22825
v 3.43550 15.28715 432.22825
v 5.97022 19.67330 425.62562
v 8.65400 17.35303 425.70476
v 5.11217 14.12944 432.22825
v 10.38638 14.00784 425.84416
v 6.49146 11.97198 432.22825
v 9.81808 5.56981 425.96168
v 10.42988 9.69165 425.94363
v 6.64307 9.34975 432.22825
v 6.29583 6.75856 432.22825
v -0.00000 2.04807 432.22825
v -0.00000 -2.36835 425.78157
v 4.32611 -1.45815 425.80015
v 2.69142 2.78147 432.22825
v 5.01372 4.22003 432.22825
v 8.03152 1.44416 425.92252
v -0.00000 13.59675 434.37378
v 0.94607 13.46269 434.37378
v 2.11396 12.93025 434.37378
v 3.16178 12.16328 434.37378
v 4.02721 10.83970 434.37378
v 4.16254 9.21645 434.37378
v 4.03204 7.64205 434.37378
v 1.68175 5.22232 434.37378
v -0.00000 4.84659 434.37378
v 3.17679 6.09003 434.37378
v -0.00000 9.08214 435.84715
v 15.66746 63.40198 316.88065
v -0.00000 66.67696 316.88065
v 39.14461 2.59450 316.88065
v 41.23695 18.18895 316.88065
v 40.15148 34.00014 316.88065
v 30.91264 -13.55198 316.88065
v 17.39043 -24.49852 316.88065
v -0.00000 70.64311 279.08708
v 17.40442 67.03462 279.08708
v 18.37007 69.80312 200.50047
v -0.00000 73.48360 200.48698
v 46.09092 20.11797 279.08708
v 43.89733 2.59450 279.08708
v 45.60351 2.59450 200.54805
v 48.14281 21.12941 200.54805
v 44.50914 37.58369 279.08708
v 46.33131 39.21941 200.54805
v 18.51686 -25.39116 279.08708
v -0.00000 -29.07138 279.08708
v -0.00000 -29.18866 200.54805
v 19.57765 -25.42016 200.54805
v 34.20797 -13.85546 279.08708
v 35.68698 -13.63847 200.54805
v -0.00000 -28.34282 316.88065
v 0.00000 73.48360 -30.12379
v 18.37007 69.80312 -30.12379
v 18.37007 69.80312 -222.76445
v 0.00000 73.48360 -222.77793
v 46.33131 39.21941 -30.12379
v 48.14281 21.12941 -30.12379
v 48.14281 21.12941 -222.71663
v 46.33131 39.21941 -222.71663
v 17.54738 69.45818 -300.34929
v 0.00000 73.16485 -300.36251
v 43.60631 6.56090 -300.30145
v 46.08456 23.65930 -300.30145
v 45.60351 2.59450 -222.71663
v 44.56485 40.65822 -300.30145
v 18.08567 -19.97068 -300.30145
v 19.57765 -25.42016 -222.71663
v 0.00000 -29.18866 -222.71663
v 0.00000 -23.52091 -300.30145
v 34.29269 -8.86820 -300.30145
v 35.68698 -13.63847 -222.71663
v 14.31107 68.41620 -420.57580
v 0.00000 71.14120 -420.58929
v 32.90907 23.75774 -420.52820
v 34.40004 34.81851 -420.52820
v 33.45473 48.08887 -420.52820
v 0.00000 0.87586 -420.52820
v 12.46752 3.36758 -420.52820
v 24.74069 11.43726 -420.52820
v 27.07826 60.46126 -420.55925
v 9.81096 54.67700 -516.41167
v 8.02974 61.21704 -516.44267
v 4.69523 64.89472 -516.45922
v 0.00000 66.25874 -516.47271
v 10.10045 47.45494 -516.41167
v 0.00000 31.09631 -516.41167
v 4.55150 32.61449 -516.41167
v 7.58227 36.34050 -516.41167
v 9.57896 -25.27211 329.07978
v -0.00000 -27.49953 329.26549
v 9.61610 -19.59291 373.11144
v 9.66926 -23.45121 351.59789
v -0.00000 -22.11567 373.34877
v 20.60410 46.62615 366.26842
v 15.60615 48.79277 371.39864
v 18.68907 49.22115 365.00133
v 10.13606 46.61928 378.65173
v -0.00000 45.06345 386.49781
v 18.67254 44.81084 376.15722
v 16.84375 46.11279 375.51133
v 15.02284 48.94056 371.80948
v 17.84782 46.34047 373.46530
v 10.42505 49.65565 374.08854
v -0.00000 35.55063 396.41638
v 18.67254 44.81084 376.15722
v -0.00000 45.06345 386.49781
v 18.67254 44.81084 376.15722
v 20.91573 35.29294 384.24979
v 28.12227 30.04823 370.79652
v 22.93226 45.14892 363.84384
v 31.46568 36.67680 351.59789
v 27.00194 45.53890 351.56662
v 22.93226 45.14892 363.84384
v 22.93226 45.14892 363.84384
v 28.12227 30.04823 370.79652
v 31.46568 36.67680 351.59789
v 18.68907 49.22115 365.00133
v 15.60615 48.79277 371.39864
v 20.60410 46.62615 366.26842
v 15.02284 48.94056 371.80948
v 10.42505 49.65565 374.08854
v 10.13606 46.61928 378.65173
v 16.84375 46.11279 375.51133
v 17.84782 46.34047 373.46530
v -0.00000 35.55063 396.41638
v -0.00000 45.06345 386.49781
v -18.67254 44.81084 376.15722
v -28.12227 30.04823 370.79652
v -20.91573 35.29294 384.24979
v -18.67254 44.81084 376.15722
v -22.93226 45.14892 363.84384
v -22.93226 45.14892 363.84384
v -27.00194 45.53890 351.56662
v -31.46568 36.67680 351.59789
v -31.46568 36.67680 351.59789
v -28.12227 30.04823 370.79652
v -22.93226 45.14892 363.84384
v -15.60615 48.79277 371.39864
v -18.68907 49.22115 365.00133
v -20.60410 46.62615 366.26842
v -15.02284 48.94056 371.80948
v -16.84375 46.11279 375.51133
v -10.13606 46.61928 378.65173
v -10.42505 49.65565 374.08854
v -17.84782 46.34047 373.46530
v -0.00000 57.30507 358.38521
v -0.00000 59.32771 351.53659
v -12.80230 56.85659 351.55008
v -11.81324 54.79656 359.70623
v -20.76793 52.75815 351.55796
v -18.95949 50.86068 361.20993
v -27.00194 45.53890 351.56662
v -22.93226 45.14892 363.84384
v -0.00000 53.14839 371.00002
v -10.00353 50.72891 372.32079
v -10.13606 46.61928 378.65173
v -4.92697 48.47122 378.86211
v -10.42505 49.65565 374.08854
v -34.07086 29.41557 351.59789
v -29.28889 25.90655 371.11120
v -28.12227 30.04823 370.79652
v -31.46568 36.67680 351.59789
v -22.55322 29.17594 387.63441
v -20.91573 35.29294 384.24979
v -23.53744 22.06301 390.19457
v -5.35765 32.19628 402.27924
v -0.00000 32.65163 402.28635
v -0.00000 35.55063 396.41638
v -9.54741 31.54225 402.27924
v -14.72674 28.71931 402.27924
v -17.72800 24.98033 402.27924
v -19.48811 19.50795 402.27924
v -32.28506 2.59450 351.59789
v -27.56694 2.59450 371.11120
v -29.43999 13.98240 371.11120
v -34.19704 15.69188 351.59789
v -22.04648 2.93588 390.19457
v -23.49649 12.31031 390.19457
v -18.28612 3.46984 402.27924
v -19.51100 11.31871 402.27924
v -10.40368 -14.91270 390.19457
v -0.00000 -17.58402 390.19457
v -0.00000 -12.98953 402.27924
v -8.44184 -10.88981 402.27924
v -26.12812 -11.88091 351.59789
v -22.52778 -10.18745 371.11120
v -18.30648 -7.45686 390.19457
v -15.05312 -4.83336 402.27924
v -15.16301 -22.01493 351.59789
v -12.98571 -19.20752 371.11120
v -3.90128 25.99788 415.51273
v -0.00000 26.42754 415.49133
v -9.47415 24.18868 415.54199
v -12.69266 20.90810 415.51884
v -14.78804 16.63235 415.36188
v -13.92109 4.41693 415.24102
v -14.81069 10.43904 415.26877
v -0.00000 -7.50112 415.36668
v -6.29329 -5.98395 415.37003
v -11.28869 -1.66013 415.29778
v -2.68837 20.81702 425.65081
v -1.50953 15.99155 432.22825
v -0.00000 16.27189 432.22825
v -0.00000 21.15409 425.67191
v -3.43550 15.28715 432.22825
v -5.97022 19.67330 425.62562
v -8.65400 17.35303 425.70476
v -5.11217 14.12944 432.22825
v -10.38638 14.00784 425.84416
v -6.49146 11.97198 432.22825
v -9.81808 5.56981 425.96168
v -6.29583 6.75856 432.22825
v -6.64282 9.34975 432.22825
v -10.42988 9.69165 425.94363
v -0.00000 2.04807 432.22825
v -2.69142 2.78147 432.22825
v -4.32611 -1.45815 425.80015
v -0.00000 -2.36835 425.78157
v -5.01372 4.22003 432.22825
v -8.03152 1.44416 425.92252
v -0.94607 13.46269 434.37378
v -0.00000 13.59675 434.37378
v -2.11396 12.93025 434.37378
v -3.16178 12.16328 434.37378
v -4.02721 10.83970 434.37378
v -4.03204 7.64205 434.37378
v -4.16254 9.21645 434.37378
v -0.00000 4.84659 434.37378
v -1.68175 5.22232 434.37378
v -3.17679 6.09003 434.37378
v -0.00000 9.08214 435.84715
v -15.66746 63.40198 316.88065
v -0.00000 66.67696 316.88065
v -41.23695 18.18895 316.88065
v -39.14461 2.59450 316.88065
v -40.15148 34.00014 316.88065
v -30.91264 -13.55198 316.88065
v -17.39043 -24.49852 316.88065
v -18.37007 69.80312 200.50047
v -17.40442 67.03462 279.08708
v -0.00000 70.64311 279.08708
v -0.00000 73.48360 200.48698
v -46.09092 20.11797 279.08708
v -48.14281 21.12941 200.54805
v -45.60351 2.59450 200.54805
v -43.89733 2.59450 279.08708
v -44.50914 37.58369 279.08708
v -46.33131 39.21941 200.54805
v -18.51686 -25.39116 279.08708
v -19.57765 -25.42016 200.54805
v -0.00000 -29.18866 200.54805
v -0.00000 -29.07138 279.08708
v -35.68698 -13.63847 200.54805
v -34.20797 -13.85546 279.08708
v -0.00000 -28.34282 316.88065
v -18.37007 69.80312 -30.12379
v 0.00000 73.48360 -30.12379
v 0.00000 73.48360 -222.77793
v -18.37007 69.80312 -222.76445
v -46.33131 39.21941 -30.12379
v -48.14281 21.12941 -30.12379
v -17.54738 69.45818 -300.34929
v 0.00000 73.16485 -300.36251
v -43.60631 6.56090 -300.30145
v -45.60351 2.59450 -222.71663
v -48.14281 21.12941 -222.71663
v -46.08456 23.65930 -300.30145
v -46.33131 39.21941 -222.71663
v -44.56485 40.65822 -300.30145
v 0.00000 -29.18866 -222.71663
v -19.57765 -25.42016 -222.71663
v -18.08567 -19.97068 -300.30145
v 0.00000 -23.52091 -300.30145
v -34.29269 -8.86820 -300.30145
v -35.68698 -13.63847 -222.71663
v -14.31107 68.41620 -420.57580
v 0.00000 71.14120 -420.58929
v -34.40004 34.81851 -420.52820
v -32.90907 23.75774 -420.52820
v -33.45473 48.08887 -420.52820
v -12.46752 3.36758 -420.52820
v 0.00000 0.87586 -420.52820
v -24.74069 11.43726 -420.52820
v -9.81096 54.67700 -516.41167
v -27.07826 60.46126 -420.55925
v -8.02974 61.21704 -516.44267
v -4.69523 64.89472 -516.45922
v 0.00000 66.25874 -516.47271
v -7.58227 36.34050 -516.41167
v -10.10045 47.45494 -516.41167
v -4.55150 32.61449 -516.41167
v 0.00000 31.09631 -516.41167
v -0.00000 -27.49953 329.26549
v -9.57896 -25.27211 329.07978
v -9.66926 -23.45121 351.59789
v -9.61610 -19.59291 373.11144
v -0.00000 -22.11567 373.34877
v -20.60410 46.62615 366.26842
v -18.68907 49.22115 365.00133
v -15.60615 48.79277 371.39864
v -10.13606 46.61928 378.65173
v -16.84375 46.11279 375.51133
v -18.67254 44.81084 376.15722
v -0.00000 45.06345 386.49781
v -15.02284 48.94056 371.80948
v -17.84782 46.34047 373.46530
v -10.42505 49.65565 374.08854
v 10.00353 50.72891 372.32079
v -0.00000 53.14839 371.00002
v -10.00353 50.72891 372.32079
v -0.00000 48.09320 382.02975
v 45.60351 2.59450 -30.12379
v 19.57765 -25.42016 -153.16865
v 0.00000 -29.18866 -153.16763
v 35.68698 -13.63847 -30.12379
v 26.51505 -20.34641 -153.16891
v -45.60351 2.59450 -30.12379
v -48.14281 21.12941 -30.12379
v 0.00000 -29.18866 -153.16763
v -19.57765 -25.42016 -153.16687
v -35.68698 -13.63847 -30.12379
v -26.50716 -20.35226 -153.16662
v -20.91573 35.29294 384.24979
v 20.91573 35.29294 384.24979
v 26.51505 -20.34641 -153.16891
v 35.68698 -13.63847 -30.12379
v 19.57765 -25.42016 -30.12379
v 19.57765 -25.42016 -153.16865
v 0.00000 -29.18866 -30.12379
v 0.00000 -29.18866 -153.16763
v -19.57765 -25.42016 -30.12379
v -19.57765 -25.42016 -153.16687
v -35.68698 -13.63847 -30.12379
v -26.50716 -20.35226 -153.16662
v -0.00000 -29.18866 99.21768
v 19.57765 -25.42016 99.21768
v -19.57765 -25.42016 99.21768
v -0.00000 -29.18866 99.21768
v -29.19222 -18.38839 99.21768
v 19.57765 -25.42016 99.21768
v 29.19145 -18.38890 99.21768
v -35.68698 -13.63847 -30.12379
v 3.73288 56.28091 -532.13431
v 2.73492 61.22951 -532.69220
v 0.00000 64.39510 -532.72219
v 1.57440 63.58081 -532.70899
v 6.26556 41.81645 -524.57059
v 4.59067 49.45595 -530.27117
v 0.00000 33.87829 -523.99747
v 3.67030 35.25274 -524.03487
v 5.58228 38.91210 -524.24574
v 1.99338 55.86092 -535.05010
v 0.00000 33.87829 -523.99747
v 0.00000 36.81112 -529.23302
v 2.37827 37.41020 -528.71381
v 0.00000 45.19471 -534.07018
v 2.79597 41.51550 -530.76317
v 0.00000 50.14941 -535.36806
v 4.59067 49.45595 -530.27117
v 0.00000 61.20788 -536.47263
v 3.67030 35.25274 -524.03487
v 5.58228 38.91210 -524.24574
v 6.26556 41.81645 -524.57059
v 1.99338 55.86092 -535.05010
v 0.00000 56.88152 -536.78452
v 0.00000 56.88152 -536.78452
v -2.73492 61.22951 -532.69220
v -3.73288 56.28091 -532.13431
v 0.00000 64.39510 -532.72219
v -1.57440 63.58081 -532.70899
v -6.26556 41.81645 -524.57059
v -5.58228 38.91210 -524.24574
v -4.59067 49.45595 -530.27117
v -3.67030 35.25274 -524.03487
v 0.00000 33.87829 -523.99747
v -1.99338 55.86092 -535.05010
v -2.37827 37.41020 -528.71381
v -2.79597 41.51550 -530.76317
v -4.59067 49.45595 -530.27117
v 0.00000 61.20788 -536.47263
v -3.67030 35.25274 -524.03487
v -5.58228 38.91210 -524.24574
v -6.26556 41.81645 -524.57059
v -1.99338 55.86092 -535.05010
v 0.00000 56.88152 -536.78452
v -46.33131 39.21941 -30.12379
v 18.37007 69.80312 -30.12379
v 0.00000 73.48360 -30.12379
v 48.14281 21.12941 -30.12379
v 46.33131 39.21941 -30.12379
v 0.00000 73.48360 -30.12379
v -18.37007 69.80312 -30.12379
v 45.60351 2.59450 -30.12379
v -0.00000 -29.18866 99.21768
v 35.68698 -13.63847 -30.12379
v 29.19145 -18.38890 99.21768
v -45.60351 2.59450 -30.12379
v -19.57765 -25.42016 99.21768
v -29.19222 -18.38839 99.21768
v 47.16825 14.01573 42.65618
v 46.54271 9.44896 70.20124
v 46.38982 2.64563 70.20124
v 45.60351 2.59450 86.25257
v 19.57765 -25.42016 91.35253
v -0.00000 -29.18866 84.13123
v 22.35505 -25.31663 70.20124
v 42.15631 -5.49273 86.25257
v 37.72335 -14.63211 86.25257
v 39.09272 -15.31259 70.20124
v 43.05175 -6.34849 71.36074
v 41.25730 -4.51995 97.40593
v 35.68698 -13.63847 101.72161
v 47.16825 14.01573 -30.12404
v 47.27585 5.13354 42.65618
v 46.09041 -15.23704 -30.12404
v 44.20234 -17.22762 -5.07859
v 43.54984 -21.51303 -30.12404
v 47.88155 -3.45890 -30.12404
v 48.10897 -3.45890 -84.53266
v 46.70221 10.61304 -84.49297
v 47.16825 14.01573 -30.12404
v 43.54984 -21.51303 -30.12404
v 45.23032 -21.71196 -46.08557
v 47.06217 -13.49169 -42.88436
v 46.09041 -15.23704 -30.12404
v 45.39542 -4.59195 -127.11532
v 45.60351 2.59450 -127.11532
v 30.65927 -26.55524 -84.53114
v 24.96659 -25.65344 -127.11532
v 37.10087 -22.56365 -127.11532
v 41.70604 -23.36115 -84.53368
v 47.71518 -15.84681 -84.53266
v 44.35065 -15.02844 -127.11532
v 0.00000 -29.18840 -131.77010
v 8.62220 -27.52878 -134.58642
v 45.49717 -21.52906 -84.53266
v 41.75412 -20.40237 -127.11532
v 42.64041 -5.83208 -147.99416
v 39.81162 -6.88677 -156.27117
v 42.59131 -2.33655 -148.00765
v 39.73505 -14.16124 -147.96287
v 35.68698 -13.63847 -160.52961
v 19.57765 -25.42016 -144.19946
v 26.50716 -20.35099 -153.16662
v 33.39597 -20.32860 -147.93895
v 33.39597 -20.32860 -147.93895
v 43.54984 -21.51303 -30.12404
v 39.39315 -23.49191 -30.11946
v 41.81187 -23.46800 -46.09320
v 41.75412 -20.40237 -127.11532
v 45.49717 -21.52906 -84.53266
v 30.72541 -27.28508 -30.12557
v 0.00000 -31.27056 -30.12379
v 37.75668 -24.67532 -71.55509
v 37.31888 -24.97295 -58.23461
v 48.33741 -10.60363 -58.60855
v 48.17664 -9.05365 -71.92344
v 42.14791 -23.39677 -71.70467
v 45.77141 -21.58935 -71.82805
v 47.84390 -15.84681 -71.89877
v 45.77141 -21.58935 -71.82805
v 47.33258 -9.04678 -71.93006
v 47.49335 -10.59650 -58.60855
v 47.13543 -15.84681 -58.59635
v 46.99984 -15.84681 -71.89877
v 45.21455 -21.03351 -58.53122
v 44.92735 -20.97017 -71.82805
v 41.76175 -22.81447 -58.41395
v 41.30385 -22.77759 -71.70467
v 37.25019 -24.15586 -58.23461
v 37.68799 -23.85823 -71.55509
v 37.75668 -24.67532 -71.55509
v 42.14791 -23.39677 -71.70467
v 41.30385 -22.77759 -71.70467
v 37.68799 -23.85823 -71.55509
v 45.77141 -21.58935 -71.82805
v 44.92735 -20.97017 -71.82805
v 47.84390 -15.84681 -71.89877
v 46.99984 -15.84681 -71.89877
v 48.17664 -9.05365 -71.92344
v 47.33258 -9.04678 -71.93006
v 48.17664 -9.05365 -71.92344
v 48.33741 -10.60363 -58.60855
v 47.49335 -10.59650 -58.60855
v 47.33258 -9.04678 -71.93006
v 48.33741 -10.60363 -58.60855
v 47.97949 -15.84681 -58.59635
v 47.13543 -15.84681 -58.59635
v 47.49335 -10.59650 -58.60855
v 46.05861 -21.65269 -58.53122
v 45.21455 -21.03351 -58.53122
v 42.60581 -23.43365 -58.41395
v 41.76175 -22.81447 -58.41395
v 37.31888 -24.97295 -58.23461
v 37.25019 -24.15586 -58.23461
v 37.31888 -24.97295 -58.23461
v 37.75668 -24.67532 -71.55509
v 37.68799 -23.85823 -71.55509
v 37.68799 -23.85823 -71.55509
v 37.25019 -24.15586 -58.23461
v 37.31888 -24.97295 -58.23461
v 26.55371 -25.07114 51.16874
v -0.00000 -30.39242 42.65618
v 31.85718 -19.57943 79.44186
v -0.00000 -29.69387 70.20124
v 42.60581 -23.43365 -58.41395
v 46.05861 -21.65269 -58.53122
v 45.23032 -21.71196 -46.08557
v 46.05861 -21.65269 -58.53122
v 47.97949 -15.84681 -58.59635
v 40.78974 -16.52093 42.65618
v 47.88155 -3.45890 -30.12404
v 34.66893 -18.79770 60.26665
v 26.31103 -23.53083 60.22493
v 26.09836 -24.40694 51.16874
v 35.43514 -19.13883 51.22445
v 35.89075 -19.80278 51.22445
v 35.12453 -19.46165 60.26665
v 29.19145 -18.38890 99.21768
v 29.19145 -18.38890 99.21768
v 28.01644 -19.24059 98.57942
v 28.02153 -20.83432 79.45916
v 31.40157 -18.91523 79.44186
v 28.47688 -21.49853 79.45916
v 28.01644 -19.24059 98.57942
v 26.76638 -24.19503 60.22493
v 28.01644 -19.24059 98.57942
v 28.47688 -21.49853 79.45916
v 28.02153 -20.83432 79.45916
v 28.47688 -21.49853 79.45916
v 26.76638 -24.19503 60.22493
v 26.31103 -23.53083 60.22493
v 26.31103 -23.53083 60.22493
v 28.02153 -20.83432 79.45916
v 28.47688 -21.49853 79.45916
v 26.76638 -24.19503 60.22493
v 26.55371 -25.07114 51.16874
v 26.09836 -24.40694 51.16874
v 26.31103 -23.53083 60.22493
v 26.55371 -25.07114 51.16874
v 35.89075 -19.80278 51.22445
v 35.43514 -19.13883 51.22445
v 35.43514 -19.13883 51.22445
v 26.09836 -24.40694 51.16874
v 26.55371 -25.07114 51.16874
v 35.89075 -19.80278 51.22445
v 35.12453 -19.46165 60.26665
v 34.66893 -18.79770 60.26665
v 34.66893 -18.79770 60.26665
v 35.43514 -19.13883 51.22445
v 35.89075 -19.80278 51.22445
v 35.12453 -19.46165 60.26665
v 31.85718 -19.57943 79.44186
v 31.40157 -18.91523 79.44186
v 31.40157 -18.91523 79.44186
v 34.66893 -18.79770 60.26665
v 35.12453 -19.46165 60.26665
v 31.85718 -19.57943 79.44186
v 29.19145 -18.38890 99.21768
v 31.40157 -18.91523 79.44186
v 0.00000 -30.50511 -84.53266
v 35.89075 -19.80278 51.22445
v -47.16825 14.01573 42.65618
v -46.38982 2.64563 70.20124
v -46.54271 9.44896 70.20124
v -45.60351 2.59450 86.25257
v -19.57765 -25.42016 91.35253
v -22.35505 -25.31663 70.20124
v -42.15631 -5.49273 86.25257
v -43.05175 -6.34849 71.36074
v -39.09272 -15.31259 70.20124
v -37.72335 -14.63211 86.25257
v -41.25730 -4.51995 97.40593
v -35.68698 -13.63847 101.72161
v -47.16825 14.01573 -30.12404
v -47.27585 5.13354 42.65618
v -46.09041 -15.23704 -30.12404
v -43.54984 -21.51303 -30.12404
v -44.20209 -17.22762 -5.07859
v -47.88155 -3.45890 -30.12404
v -47.16825 14.01573 -30.12404
v -46.70221 10.61304 -84.49297
v -48.10897 -3.45890 -84.53266
v -43.54984 -21.51303 -30.12404
v -46.09041 -15.23704 -30.12404
v -47.06217 -13.49169 -42.88436
v -45.23032 -21.71196 -46.08557
v -45.60351 2.59450 -127.11532
v -45.39542 -4.59195 -127.11532
v -30.65927 -26.55524 -84.53114
v -41.70604 -23.36115 -84.53368
v -37.10087 -22.56365 -127.11532
v -24.96659 -25.65344 -127.11532
v -47.71518 -15.84681 -84.53266
v -44.35065 -15.02844 -127.11532
v -8.62220 -27.52878 -134.58642
v -41.75412 -20.40237 -127.11532
v -45.49717 -21.52906 -84.53266
v -42.64041 -5.83208 -147.99416
v -42.59131 -2.33655 -148.00765
v -39.81162 -6.88677 -156.27117
v -39.73505 -14.16124 -147.96287
v -35.68698 -13.63847 -160.52961
v -19.57765 -25.42016 -144.19946
v -33.39597 -20.32860 -147.93895
v -26.50716 -20.35099 -153.16662
v -33.39597 -20.32860 -147.93895
v -26.50716 -20.35099 -153.16662
v -43.54984 -21.51303 -30.12404
v -41.81187 -23.46800 -46.09320
v -39.39315 -23.49191 -30.11946
v -45.49717 -21.52906 -84.53266
v -41.75412 -20.40237 -127.11532
v -30.72541 -27.28508 -30.12557
v -37.31888 -24.97295 -58.23461
v -37.75668 -24.67532 -71.55509
v -48.33741 -10.60363 -58.60855
v -48.17664 -9.05365 -71.92344
v -42.14791 -23.39677 -71.70467
v -45.77141 -21.58935 -71.82805
v -45.77141 -21.58935 -71.82805
v -47.84390 -15.84681 -71.89877
v -47.33258 -9.04678 -71.93006
v -46.99984 -15.84681 -71.89877
v -47.13543 -15.84681 -58.59635
v -47.49335 -10.59650 -58.60855
v -44.92735 -20.97017 -71.82805
v -45.21455 -21.03351 -58.53122
v -41.30385 -22.77759 -71.70467
v -41.76175 -22.81447 -58.41395
v -37.68799 -23.85823 -71.55509
v -37.25019 -24.15586 -58.23461
v -37.75668 -24.67532 -71.55509
v -37.68799 -23.85823 -71.55509
v -41.30385 -22.77759 -71.70467
v -42.14791 -23.39677 -71.70467
v -44.92735 -20.97017 -71.82805
v -45.77141 -21.58935 -71.82805
v -46.99984 -15.84681 -71.89877
v -47.84390 -15.84681 -71.89877
v -47.33258 -9.04678 -71.93006
v -48.17664 -9.05365 -71.92344
v -48.17664 -9.05365 -71.92344
v -47.33258 -9.04678 -71.93006
v -47.49335 -10.59650 -58.60855
v -48.33741 -10.60363 -58.60855
v -48.33741 -10.60363 -58.60855
v -47.49335 -10.59650 -58.60855
v -47.13543 -15.84681 -58.59635
v -47.97949 -15.84681 -58.59635
v -45.21455 -21.03351 -58.53122
v -46.05861 -21.65269 -58.53122
v -41.76175 -22.81447 -58.41395
v -42.60581 -23.43365 -58.41395
v -37.25019 -24.15586 -58.23461
v -37.31888 -24.97295 -58.23461
v -37.31888 -24.97295 -58.23461
v -37.25019 -24.15586 -58.23461
v -37.68799 -23.85823 -71.55509
v -37.68799 -23.85823 -71.55509
v -37.75668 -24.67532 -71.55509
v -37.31888 -24.97295 -58.23461
v -26.55371 -25.07114 51.16874
v -31.85718 -19.57943 79.44186
v -42.60581 -23.43365 -58.41395
v -45.23032 -21.71196 -46.08557
v -46.05861 -21.65269 -58.53122
v -46.05861 -21.65269 -58.53122
v -47.97949 -15.84681 -58.59635
v -40.78974 -16.52093 42.65618
v -47.88155 -3.45890 -30.12404
v -34.66893 -18.79770 60.26665
v -35.43514 -19.13883 51.22445
v -26.09836 -24.40694 51.16874
v -26.31103 -23.53083 60.22493
v -35.89075 -19.80278 51.22445
v -35.12453 -19.46165 60.26665
v -29.19222 -18.38839 99.21768
v -29.19222 -18.38839 99.21768
v -31.40157 -18.91523 79.44186
v -28.02153 -20.83432 79.45916
v -28.02000 -19.24059 98.57942
v -28.47688 -21.49853 79.45916
v -28.02000 -19.24059 98.57942
v -26.76638 -24.19503 60.22493
v -28.02000 -19.24059 98.57942
v -28.02153 -20.83432 79.45916
v -28.47688 -21.49853 79.45916
v -28.47688 -21.49853 79.45916
v -28.02153 -20.83432 79.45916
v -26.31103 -23.53083 60.22493
v -26.31103 -23.53083 60.22493
v -26.76638 -24.19503 60.22493
v -28.47688 -21.49853 79.45916
v -26.76638 -24.19503 60.22493
v -26.31103 -23.53083 60.22493
v -26.09836 -24.40694 51.16874
v -26.09836 -24.40694 51.16874
v -26.55371 -25.07114 51.16874
v -26.76638 -24.19503 60.22493
v -26.55371 -25.07114 51.16874
v -26.09836 -24.40694 51.16874
v -35.43514 -19.13883 51.22445
v -35.43514 -19.13883 51.22445
v -35.89075 -19.80278 51.22445
v -26.55371 -25.07114 51.16874
v -35.89075 -19.80278 51.22445
v -35.43514 -19.13883 51.22445
v -34.66893 -18.79770 60.26665
v -34.66893 -18.79770 60.26665
v -35.12453 -19.46165 60.26665
v -35.89075 -19.80278 51.22445
v -35.12453 -19.46165 60.26665
v -34.66893 -18.79770 60.26665
v -31.40157 -18.91523 79.44186
v -31.40157 -18.91523 79.44186
v -31.85718 -19.57943 79.44186
v -35.12453 -19.46165 60.26665
v -31.85718 -19.57943 79.44186
v -31.40157 -18.91523 79.44186
v -29.19222 -18.38839 99.21768
v -35.89075 -19.80278 51.22445
v 26.50716 -20.35099 -153.16662
v 37.03727 42.31632 316.88065
v 24.36547 58.83979 316.88065
v 42.88284 47.38193 200.53379
v 40.65797 45.98814 279.08708
v 26.88442 62.14428 279.08708
v 28.97523 63.96290 200.50912
v 36.64119 57.11123 -30.12379
v 42.88284 47.38193 -30.12379
v 42.88284 47.38193 -222.73087
v 36.64119 57.11123 -222.74766
v 28.97523 63.96290 -30.12379
v 28.97523 63.96290 -222.75554
v 41.70095 47.96931 -300.31494
v 35.19958 57.72354 -300.33250
v 27.39141 63.94179 -300.34141
v 36.64119 57.11123 200.51700
v 42.88284 47.38193 -30.12379
v 36.64119 57.11123 -30.12379
v 28.97523 63.96290 -30.12379
v 35.11258 54.57066 279.08708
v 32.23342 50.83219 316.88065
v -37.03727 42.31632 316.88065
v -24.36547 58.83979 316.88065
v -40.65797 45.98814 279.08708
v -42.88284 47.38193 200.53379
v -28.97523 63.96290 200.50912
v -26.88442 62.14428 279.08708
v -36.64119 57.11123 -30.12379
v -36.64119 57.11123 -222.74766
v -42.88284 47.38193 -222.73087
v -42.88284 47.38193 -30.12379
v -28.97523 63.96290 -222.75554
v -28.97523 63.96290 -30.12379
v -35.19958 57.72354 -300.33250
v -41.70095 47.96931 -300.31494
v -27.39141 63.94179 -300.34141
v -36.64119 57.11123 200.51700
v -36.64119 57.11123 -30.12379
v -42.88284 47.38193 -30.12379
v -28.97523 63.96290 -30.12379
v -35.11258 54.57066 279.08708
v -32.23367 50.83219 316.88065
v -74.62885 -6.45686 -51.74722
v -80.24903 -5.31949 -54.14482
v -79.50622 -4.00075 -70.79829
v -79.50622 -4.00075 -70.79829
v -48.17664 -9.05365 -71.92344
v -48.33741 -10.60363 -58.60855
v -48.33741 -10.60363 -58.60855
v -74.62885 -6.45686 -51.74722
v -79.50622 -4.00075 -70.79829
v -48.17664 -9.88346 -71.91022
v -48.17664 -9.05365 -71.92344
v -79.50622 -4.00075 -70.79829
v -79.50622 -4.00075 -70.79829
v -70.76064 -6.34060 -71.21218
v -48.17664 -9.88346 -71.91022
v -70.76064 -6.34060 -71.21218
v -79.50622 -4.00075 -70.79829
v -79.50622 -4.81657 -70.79829
v -79.50622 -4.81657 -70.79829
v -79.50622 -4.00075 -70.79829
v -80.24903 -5.31949 -54.14482
v -80.24903 -5.31949 -54.14482
v -80.24903 -6.13531 -54.14482
v -79.50622 -4.81657 -70.79829
v -80.24903 -6.13531 -54.14482
v -80.24903 -5.31949 -54.14482
v -74.62885 -6.45686 -51.74722
v -74.62885 -6.45686 -51.74722
v -74.62885 -7.27268 -51.74722
v -80.24903 -6.13531 -54.14482
v -74.62885 -7.27268 -51.74722
v -74.62885 -6.45686 -51.74722
v -48.33741 -10.60363 -58.60855
v -48.33741 -10.60363 -58.60855
v -48.33741 -11.43318 -58.60855
v -74.62885 -7.27268 -51.74722
v -74.62885 -4.17857 -78.96183
v -46.40483 -9.46906 -78.99566
v -48.17664 -9.88346 -71.91022
v -70.76064 -6.34060 -71.21218
v -131.12395 8.64256 3.34952
v -131.12395 6.38665 1.23861
v -74.62885 0.01577 39.26036
v -74.62885 2.74866 40.23365
v -131.12395 8.64256 3.34952
v -74.62885 2.74866 40.23365
v -74.62885 5.14295 38.41681
v -131.12395 10.60922 0.76621
v -114.04872 4.11675 9.13429
v -74.62885 -1.83439 36.83808
v -131.12395 5.38945 -4.40472
v -111.03626 2.64970 4.93486
v -131.12395 3.44847 -42.72155
v -131.12395 5.10174 -78.89798
v -80.24903 -6.13531 -54.14482
v -74.62885 -7.27268 -51.74722
v -74.62885 -7.63951 -18.60106
v -131.12395 13.16633 -12.52959
v -74.62885 8.20297 25.87628
v -74.62885 9.59651 -18.27290
v -131.12395 13.69087 -42.72028
v -139.02243 6.15159 -8.54691
v -270.45419 18.83687 -77.46985
v -270.45419 18.30520 -102.06275
v -268.26647 19.65524 -125.50352
v -270.45419 25.61426 -85.66901
v -135.86726 13.59013 -15.01979
v -423.19727 36.77703 -152.76265
v -422.88615 37.82816 -153.44925
v -427.94515 38.30539 -156.12794
v -427.94515 37.23747 -155.30729
v -422.87674 35.65518 -153.45433
v -423.19727 36.77703 -152.76265
v -427.94515 37.23747 -155.30729
v -427.94515 36.17337 -156.15491
v -427.94490 35.20772 -160.18669
v -427.94515 35.25809 -169.07957
v -421.43384 34.53359 -156.59448
v -427.94515 37.28911 -198.94083
v -418.45599 38.53968 -163.11978
v -270.05353 23.85924 -121.82584
v -427.94515 39.36848 -168.08542
v -430.57908 37.40410 -159.57158
v -430.57908 37.40410 -159.57158
v -432.22621 36.61550 -170.57409
v -437.64775 38.28428 -202.22954
v -427.94515 37.28911 -198.94083
v -437.64775 38.28428 -202.22954
v -432.18730 38.83426 -170.76945
v -430.23158 38.34736 -161.36069
v -432.99701 37.84368 -171.48632
v -430.42387 36.60150 -161.61075
v -432.99701 37.84368 -171.48632
v -140.75734 11.49678 -4.31568
v -141.72478 9.65629 -2.29941
v -141.72478 9.65629 -2.29941
v -141.03717 7.36019 -3.98930
v -270.45419 25.61426 -85.66901
v -270.45419 18.83687 -77.46985
v -139.02243 6.15159 -8.54691
v -135.86726 13.59013 -15.01979
v -421.43384 34.53359 -156.59448
v -418.45599 38.53968 -163.11978
v -418.45599 38.53968 -163.11978
v -422.88615 37.82816 -153.44925
v -423.19727 36.77703 -152.76265
v -421.43384 34.53359 -156.59448
v -418.45599 38.53968 -163.11978
v -423.19727 36.77703 -152.76265
v -422.87674 35.65518 -153.45433
v -421.43384 34.53359 -156.59448
v -423.19727 36.77703 -152.76265
v -140.75734 11.49678 -4.31568
v -135.86726 13.59013 -15.01979
v -139.02243 6.15159 -8.54691
v -140.75734 11.49678 -4.31568
v -139.02243 6.15159 -8.54691
v -141.03717 7.36019 -3.98930
v -141.72478 9.65629 -2.29941
v -140.75734 11.49678 -4.31568
v -141.03717 7.36019 -3.98930
v -101.88645 0.76087 8.90457
v -74.69881 -4.02212 27.27134
v -47.45011 -10.22612 49.97592
v -47.03775 -9.71302 54.95758
v -60.46507 -3.38920 46.83551
v -60.18245 -5.71227 37.08484
v -114.04872 4.11675 9.13429
v -114.04872 5.53649 9.13429
v -60.46507 -3.38920 46.83551
v -74.62885 -1.83439 36.83808
v -60.46482 -4.80894 46.83551
v -47.03775 -9.71302 54.95758
v -47.03775 -11.13250 54.95758
v -47.03775 -11.13250 54.95758
v -47.03775 -9.71302 54.95758
v -47.45011 -10.22612 49.97592
v -47.45011 -10.22612 49.97592
v -47.45011 -11.64585 49.97592
v -47.03775 -11.13250 54.95758
v -60.18245 -7.13175 37.08484
v -47.45011 -11.64585 49.97592
v -47.45011 -10.22612 49.97592
v -60.18245 -5.71227 37.08484
v -74.69881 -4.02212 27.27134
v -101.88645 2.18061 8.90457
v -101.88645 0.76087 8.90457
v -111.03626 4.06943 4.93486
v -111.03626 2.64970 4.93486
v -111.03626 2.64970 4.93486
v -111.03626 4.06943 4.93486
v -114.04872 5.53649 9.13429
v -114.04872 5.53649 9.13429
v -114.04872 4.11675 9.13429
v -111.03626 2.64970 4.93486
v -101.88645 2.18061 8.90457
v -114.04872 5.53649 9.13429
v -111.03626 4.06943 4.93486
v -74.62885 2.43932 -79.06155
v -131.12395 10.89668 -74.14017
v -117.58317 8.52859 -78.65478
v -117.62540 6.93155 -91.63007
v -131.12395 8.91272 -91.60030
v -131.12395 5.10174 -78.89798
v -268.26647 19.65524 -125.50352
v -270.05353 23.85924 -121.82584
v -131.12395 10.89668 -74.14017
v -46.40483 -9.46906 -78.99566
v -74.62885 -4.17857 -78.96183
v -57.12522 -0.19512 -79.13024
v -46.40483 -2.15720 -78.99566
v -74.62885 2.43932 -79.06155
v -131.12395 5.10174 -78.89798
v -117.58317 8.52859 -78.65478
v -131.12395 10.89668 -74.14017
v -57.09927 -2.05062 -91.74810
v -46.26339 -3.70210 -91.76260
v -46.40483 -2.15720 -78.99566
v -57.12522 -0.19512 -79.13024
v -131.12395 8.91272 -91.60030
v -117.62540 6.93155 -91.63007
v -131.12395 10.89668 -74.14017
v -117.58317 8.52859 -78.65478
v -268.26647 19.65524 -125.50352
v -270.45419 21.35429 -146.11526
v -269.40255 22.39779 -135.56937
v -270.05353 23.85924 -121.82584
v -79.50622 -4.81657 -70.79829
v 95.38686 -5.19713 53.07308
v 95.67889 -6.94554 66.46454
v 96.92564 -7.91272 69.87155
v 95.38686 -5.19713 53.07308
v 96.92564 -7.91272 69.87155
v 98.94167 -9.12691 72.48716
v 95.38686 -5.19713 53.07308
v 98.94167 -9.12691 72.48716
v 100.80149 -10.16176 74.19538
v 95.38686 -5.19713 53.07308
v 100.80149 -10.16176 74.19538
v 101.07470 -7.70463 52.85711
v 98.94167 -9.12691 72.48716
v 96.92564 -7.91272 69.87155
v 95.67889 -6.94554 66.46454
v 95.67889 -6.94554 66.46454
v 95.38686 -5.19713 53.07308
v 101.07470 -7.70463 52.85711
v 95.67889 -6.94554 66.46454
v 101.07470 -7.70463 52.85711
v 100.80149 -10.16176 74.19538
v 98.94167 -9.12691 72.48716
v 95.67889 -6.94554 66.46454
v 100.80149 -10.16176 74.19538
v -95.38686 -5.19713 53.07308
v -101.07470 -7.70463 52.85711
v -100.80149 -10.16176 74.19538
v -95.38686 -5.19713 53.07308
v -100.80149 -10.16176 74.19538
v -98.94167 -9.12691 72.48716
v -95.38686 -5.19713 53.07308
v -98.94167 -9.12691 72.48716
v -96.92564 -7.91272 69.87155
v -95.67915 -6.94554 66.46454
v -95.38686 -5.19713 53.07308
v -96.92564 -7.91272 69.87155
v -101.07470 -7.70463 52.85711
v -95.38686 -5.19713 53.07308
v -95.67915 -6.94554 66.46454
v -100.80149 -10.16176 74.19538
v -101.07470 -7.70463 52.85711
v -95.67915 -6.94554 66.46454
v -98.94167 -9.12691 72.48716
v -100.80149 -10.16176 74.19538
v -95.67915 -6.94554 66.46454
v -96.92564 -7.91272 69.87155
v -270.45419 21.35429 -146.11526
v -269.40255 22.39779 -135.56937
v -270.45419 21.35429 -146.11526
v 98.51124 -11.63466 51.32926
v 97.03936 -22.19072 51.53989
v 97.99942 -22.69160 76.04477
v 99.72900 -11.86463 76.36962
v 97.78064 -31.07672 51.74340
v 99.11974 -30.99074 75.77690
v 101.45196 -40.41401 51.99092
v 103.04849 -39.66433 75.50471
v 111.72693 -46.14561 52.26261
v 112.53002 -44.46818 75.37319
v 120.63785 -46.31122 52.39107
v 120.94389 -45.24024 75.43195
v 128.32214 -45.94999 52.47909
v 127.88865 -45.09194 75.47469
v 128.32214 -45.94999 52.47909
v 136.04610 -44.91030 52.54803
v 134.84234 -44.04793 75.52887
v 127.88865 -45.09194 75.47469
v 145.03970 -42.90090 52.61697
v 143.18903 -41.58928 75.61715
v 153.99185 -34.96605 52.57245
v 151.62376 -34.76407 75.93208
v 155.70388 -25.13754 52.37988
v 153.75197 -25.50309 76.25464
v 154.73237 -16.28410 52.17332
v 153.29407 -17.11111 76.53167
v 151.09159 -6.18085 51.91130
v 149.31697 -6.82191 76.81098
v 145.37372 -0.09947 51.70728
v 144.16257 -1.23963 76.98295
v 135.21246 5.20807 51.45823
v 134.10282 4.05672 77.08496
v 123.23820 6.21850 51.27355
v 123.02274 5.25564 77.05062
v 123.23820 6.21850 51.27355
v 111.76737 2.67768 51.19189
v 112.46719 1.77690 76.88272
v 123.02274 5.25564 77.05062
v 102.98617 -4.61967 51.22954
v 103.79003 -5.48383 76.60697
v 101.25634 -22.39219 88.93433
v 102.85618 -12.69240 89.27927
v 102.15305 -29.95920 88.64865
v 106.24767 -37.26698 88.35254
v 113.22399 -41.85003 88.17574
v 121.00035 -43.20464 88.23527
v 127.45874 -43.27129 88.27444
v 133.88533 -42.15478 88.31845
v 127.45874 -43.27129 88.27444
v 141.45895 -39.31175 88.38663
v 147.54618 -33.38936 88.68095
v 150.20962 -25.39574 89.03684
v 149.73798 -17.76921 89.32837
v 146.19539 -8.52808 89.63542
v 141.75938 -4.09029 89.84147
v 132.73626 0.97227 89.79059
v 123.36489 1.58916 89.77558
v 114.29115 -0.85907 89.63185
v 123.36489 1.58916 89.77558
v 106.54174 -7.61000 89.53544
v 104.03908 -21.93557 91.98722
v 105.80834 -13.76770 92.36474
v 105.09148 -28.94318 91.69315
v 108.95537 -35.31736 91.37517
v 113.95459 -39.31048 91.15462
v 121.12119 -41.49261 91.22025
v 127.17994 -41.55214 90.99639
v 133.21757 -40.55341 91.29250
v 127.17994 -41.55214 90.99639
v 139.97765 -37.08281 91.33523
v 144.32615 -32.27285 91.62294
v 147.02469 -25.24057 91.99817
v 146.85680 -18.10856 92.30419
v 143.57265 -10.38664 92.64507
v 140.01480 -6.15923 92.75191
v 131.83904 -1.70618 92.84451
v 123.66049 -0.80259 92.75395
v 115.81009 -3.19816 92.71859
v 123.66049 -0.80259 92.75395
v 108.71039 -9.12894 92.49930
v 107.53868 -14.58428 88.69978
v 105.80834 -13.76770 92.36474
v 104.03908 -21.93557 91.98722
v 105.91951 -22.06403 88.31133
v 105.09148 -28.94318 91.69315
v 106.88364 -28.48121 88.00428
v 108.95537 -35.31736 91.37517
v 110.42243 -34.31863 87.67053
v 113.95459 -39.31048 91.15462
v 115.00038 -37.97545 87.43649
v 121.12119 -41.49261 91.22025
v 121.56280 -39.97366 87.48864
v 127.17994 -41.55214 90.99639
v 127.11099 -40.02886 87.25664
v 133.21757 -40.55341 91.29250
v 132.63883 -39.11383 87.54613
v 139.97765 -37.08281 91.33523
v 138.82883 -35.93628 87.58505
v 144.32615 -32.27285 91.62294
v 142.81000 -31.53131 87.87455
v 147.02469 -25.24057 91.99817
v 145.28035 -25.09124 88.25765
v 146.85680 -18.10856 92.30419
v 145.12594 -18.56036 88.57564
v 143.57265 -10.38664 92.64507
v 142.11832 -11.48890 88.93356
v 140.01480 -6.15923 92.75191
v 138.86013 -7.61737 89.05236
v 131.83904 -1.70618 92.84451
v 131.37351 -3.53955 89.16352
v 123.66049 -0.80259 92.75395
v 123.88459 -2.71202 89.08568
v 115.81009 -3.19816 92.71859
v 116.69637 -4.90561 89.05719
v 108.71039 -9.12894 92.49930
v 110.19576 -10.33627 88.83791
v 105.59059 -18.34031 66.25773
v 107.35019 -11.54410 66.13410
v 106.26166 -25.32757 66.41773
v 109.28225 -31.66334 66.59530
v 114.28860 -36.58319 66.76854
v 120.67627 -39.49414 66.91659
v 127.67522 -40.04464 67.02191
v 134.44092 -38.16853 67.07177
v 140.15751 -34.09223 67.05981
v 144.13561 -28.30695 66.98757
v 145.89521 -21.51099 66.86393
v 145.22439 -14.52374 66.70367
v 142.20355 -8.18797 66.52636
v 137.19720 -3.26786 66.35312
v 130.80953 -0.35716 66.20481
v 123.81083 0.19359 66.09950
v 117.04488 -1.68252 66.04989
v 111.32829 -5.75882 66.06185
v 101.17544 -11.32431 32.35680
v 99.36420 -21.11186 33.56946
v 99.98288 -30.00219 34.72540
v 103.38225 -38.76151 35.88973
v 112.18405 -44.57019 35.32321
v 120.84746 -46.09575 34.76076
v 128.58644 -46.09728 34.59159
v 128.58644 -46.09728 34.59159
v 136.25672 -44.69382 34.83987
v 144.61691 -41.44428 35.61067
v 152.02595 -33.79841 35.68749
v 153.65505 -24.62520 34.51527
v 152.59171 -15.80000 33.36366
v 148.87562 -6.57159 32.17313
v 143.60140 -1.18570 31.42854
v 134.43837 3.57236 30.72999
v 123.73655 4.68429 30.48934
v 123.73655 4.68429 30.48934
v 113.48729 1.42177 30.81877
v 105.45577 -5.07579 31.58702
v 128.58644 -46.09728 34.59159
v 120.84746 -46.09575 34.76076
v 136.25672 -44.69382 34.83987
v 112.18405 -44.57019 35.32321
v 144.61691 -41.44428 35.61067
v 103.38225 -38.76151 35.88973
v 152.02595 -33.79841 35.68749
v 99.98288 -30.00219 34.72540
v 153.65505 -24.62520 34.51527
v 99.36420 -21.11186 33.56946
v 152.59171 -15.80000 33.36366
v 101.17544 -11.32431 32.35680
v 148.87562 -6.57159 32.17313
v 105.45577 -5.07579 31.58702
v 143.60140 -1.18570 31.42854
v 143.60140 -1.18570 31.42854
v 105.45577 -5.07579 31.58702
v 113.48729 1.42177 30.81877
v 113.48729 1.42177 30.81877
v 134.43837 3.57236 30.72999
v 143.60140 -1.18570 31.42854
v 134.43837 3.57236 30.72999
v 113.48729 1.42177 30.81877
v 123.73655 4.68429 30.48934
v -98.51124 -11.63466 51.32926
v -99.72900 -11.86463 76.36962
v -97.99942 -22.69160 76.04477
v -97.03936 -22.19072 51.53989
v -99.11974 -30.99074 75.77690
v -97.78064 -31.07672 51.74340
v -103.04849 -39.66433 75.50471
v -101.45196 -40.41401 51.99092
v -112.53002 -44.46818 75.37319
v -111.72693 -46.14561 52.26261
v -120.94389 -45.24024 75.43195
v -120.63785 -46.31122 52.39107
v -127.88865 -45.09194 75.47469
v -128.32214 -45.94999 52.47909
v -128.32214 -45.94999 52.47909
v -127.88865 -45.09194 75.47469
v -134.84234 -44.04793 75.52887
v -136.04610 -44.91030 52.54803
v -143.18903 -41.58928 75.61715
v -145.03970 -42.90090 52.61697
v -151.62376 -34.76407 75.93208
v -153.99185 -34.96605 52.57245
v -153.75197 -25.50309 76.25464
v -155.70388 -25.13754 52.37988
v -153.29407 -17.11111 76.53167
v -154.73237 -16.28410 52.17332
v -149.31697 -6.82191 76.81098
v -151.09159 -6.18085 51.91130
v -144.16257 -1.23963 76.98295
v -145.37372 -0.09947 51.70728
v -134.10282 4.05672 77.08496
v -135.21246 5.20807 51.45823
v -123.02274 5.25564 77.05062
v -123.23820 6.21850 51.27355
v -123.23820 6.21850 51.27355
v -123.02274 5.25564 77.05062
v -112.46719 1.77690 76.88272
v -111.76737 2.67768 51.19189
v -103.79003 -5.48383 76.60697
v -102.98617 -4.61967 51.22954
v -102.85618 -12.69240 89.27927
v -101.25634 -22.39219 88.93433
v -102.15305 -29.95920 88.64865
v -106.24767 -37.26698 88.35254
v -113.22399 -41.85003 88.17574
v -121.00035 -43.20464 88.23527
v -127.45874 -43.27129 88.27444
v -127.45874 -43.27129 88.27444
v -133.88533 -42.15478 88.31845
v -141.45895 -39.31175 88.38663
v -147.54618 -33.38936 88.68095
v -150.20962 -25.39574 89.03684
v -149.73798 -17.76921 89.32837
v -146.19539 -8.52808 89.63542
v -141.75938 -4.09029 89.84147
v -132.73626 0.97227 89.79059
v -123.36489 1.58916 89.77558
v -123.36489 1.58916 89.77558
v -114.29115 -0.85907 89.63185
v -106.54174 -7.61000 89.53544
v -105.80834 -13.76770 92.36474
v -104.03908 -21.93557 91.98722
v -105.09148 -28.94318 91.69315
v -108.95537 -35.31736 91.37517
v -113.95459 -39.31048 91.15462
v -121.12119 -41.49261 91.22025
v -127.17994 -41.55214 90.99639
v -127.17994 -41.55214 90.99639
v -133.21757 -40.55341 91.29250
v -139.97765 -37.08281 91.33523
v -144.32615 -32.27285 91.62294
v -147.02469 -25.24057 91.99817
v -146.85680 -18.10856 92.30419
v -143.57265 -10.38664 92.64507
v -140.01480 -6.15923 92.75191
v -131.83904 -1.70618 92.84451
v -123.66049 -0.80259 92.75395
v -123.66049 -0.80259 92.75395
v -115.81009 -3.19816 92.71859
v -108.71039 -9.12894 92.49930
v -107.53868 -14.58428 88.69978
v -105.91951 -22.06403 88.31133
v -104.03908 -21.93557 91.98722
v -105.80834 -13.76770 92.36474
v -106.88364 -28.48121 88.00428
v -105.09148 -28.94318 91.69315
v -110.42243 -34.31863 87.67053
v -108.95537 -35.31736 91.37517
v -115.00038 -37.97545 87.43649
v -113.95459 -39.31048 91.15462
v -121.56280 -39.97366 87.48864
v -121.12119 -41.49261 91.22025
v -127.11099 -40.02886 87.25664
v -127.17994 -41.55214 90.99639
v -132.63883 -39.11383 87.54613
v -133.21757 -40.55341 91.29250
v -138.82883 -35.93628 87.58505
v -139.97765 -37.08281 91.33523
v -142.81000 -31.53131 87.87455
v -144.32615 -32.27285 91.62294
v -145.28035 -25.09124 88.25765
v -147.02469 -25.24057 91.99817
v -145.12594 -18.56036 88.57564
v -146.85680 -18.10856 92.30419
v -142.11832 -11.48890 88.93356
v -143.57265 -10.38664 92.64507
v -138.86013 -7.61737 89.05236
v -140.01480 -6.15923 92.75191
v -131.37351 -3.53955 89.16352
v -131.83904 -1.70618 92.84451
v -123.88459 -2.71202 89.08568
v -123.66049 -0.80259 92.75395
v -116.69637 -4.90561 89.05719
v -115.81009 -3.19816 92.71859
v -110.19576 -10.33627 88.83791
v -108.71039 -9.12894 92.49930
v -107.35019 -11.54410 66.13410
v -105.59059 -18.34031 66.25773
v -106.26166 -25.32757 66.41773
v -109.28225 -31.66334 66.59530
v -114.28860 -36.58319 66.76854
v -120.67627 -39.49414 66.91659
v -127.67522 -40.04464 67.02191
v -134.44092 -38.16853 67.07177
v -140.15751 -34.09223 67.05981
v -144.13561 -28.30695 66.98757
v -145.89521 -21.51099 66.86393
v -145.22439 -14.52374 66.70367
v -142.20355 -8.18797 66.52636
v -137.19720 -3.26786 66.35312
v -130.80953 -0.35716 66.20481
v -123.81083 0.19359 66.09950
v -117.04488 -1.68252 66.04989
v -111.32829 -5.75882 66.06185
v -99.36420 -21.11186 33.56946
v -101.17544 -11.32431 32.35680
v -99.98288 -30.00219 34.72540
v -103.38225 -38.76151 35.88973
v -112.18405 -44.57019 35.32321
v -120.84746 -46.09575 34.76076
v -128.58644 -46.09728 34.59159
v -136.25672 -44.69382 34.83987
v -128.58644 -46.09728 34.59159
v -144.61691 -41.44428 35.61067
v -152.02595 -33.79841 35.68749
v -153.65505 -24.62520 34.51527
v -152.59171 -15.80000 33.36366
v -148.87562 -6.57159 32.17313
v -143.60140 -1.18570 31.42854
v -134.43837 3.57236 30.72999
v -123.73655 4.68429 30.48934
v -113.48729 1.42177 30.81877
v -123.73655 4.68429 30.48934
v -105.45577 -5.07579 31.58702
v -128.58644 -46.09728 34.59159
v -136.25672 -44.69382 34.83987
v -120.84746 -46.09575 34.76076
v -144.61691 -41.44428 35.61067
v -112.18405 -44.57019 35.32321
v -152.02595 -33.79841 35.68749
v -103.38225 -38.76151 35.88973
v -153.65505 -24.62520 34.51527
v -99.98288 -30.00219 34.72540
v -152.59171 -15.80000 33.36366
v -99.36420 -21.11186 33.56946
v -148.87562 -6.57159 32.17313
v -101.17544 -11.32431 32.35680
v -143.60140 -1.18570 31.42854
v -105.45577 -5.07579 31.58702
v -143.60140 -1.18570 31.42854
v -134.43837 3.57236 30.72999
v -113.48729 1.42177 30.81877
v -113.48729 1.42177 30.81877
v -105.45577 -5.07579 31.58702
v -143.60140 -1.18570 31.42854
v -134.43837 3.57236 30.72999
v -123.73655 4.68429 30.48934
v -113.48729 1.42177 30.81877
v 103.52751 -12.30573 20.30647
v 101.88798 -21.37744 21.50362
v 100.95642 -21.09049 34.53791
v 102.64021 -11.74990 33.31508
v 107.42905 -6.52071 19.53517
v 106.65291 -5.79316 32.53487
v 114.75743 -0.51234 18.75216
v 114.19270 0.39354 31.75237
v 124.11710 2.49198 18.39271
v 123.82380 3.48714 31.40895
v 133.89704 1.43881 18.59190
v 133.88914 2.40320 31.63942
v 142.27680 -2.99210 19.24644
v 142.51491 -2.15873 32.33289
v 147.10380 -7.99717 19.95974
v 147.48462 -7.31211 33.07697
v 150.51361 -16.56214 21.11568
v 150.99720 -16.13070 34.27132
v 151.49886 -24.74731 22.24363
v 152.01424 -24.55855 35.43005
v 150.02443 -33.24995 23.40135
v 150.50013 -33.31330 36.61244
v 143.27095 -40.32904 23.31867
v 143.54951 -40.59844 36.53435
v 135.64213 -43.33081 22.55322
v 135.69580 -43.68492 35.75745
v 128.63757 -44.61801 22.32402
v 128.48646 -45.00926 35.51273
v 121.56560 -44.59944 22.52524
v 121.20895 -44.99120 35.69385
v 113.64373 -43.16292 23.13602
v 113.05839 -43.51575 36.27741
v 105.58652 -37.75159 23.76970
v 104.76892 -37.94976 36.87014
v 102.46696 -29.62239 22.63742
v 101.55524 -29.57990 35.70148
v -103.52751 -12.30573 20.30647
v -102.64021 -11.74990 33.31508
v -100.95642 -21.09049 34.53791
v -101.88798 -21.37744 21.50362
v -107.42905 -6.52071 19.53517
v -106.65291 -5.79316 32.53487
v -114.75743 -0.51234 18.75216
v -114.19270 0.39354 31.75237
v -124.11710 2.49198 18.39271
v -123.82380 3.48714 31.40895
v -133.89704 1.43881 18.59190
v -133.88914 2.40320 31.63942
v -142.27680 -2.99210 19.24644
v -142.51491 -2.15873 32.33289
v -147.10380 -7.99717 19.95974
v -147.48462 -7.31211 33.07697
v -150.51361 -16.56214 21.11568
v -150.99720 -16.13070 34.27132
v -151.49886 -24.74731 22.24363
v -152.01424 -24.55855 35.43005
v -150.02443 -33.24995 23.40135
v -150.50013 -33.31330 36.61244
v -143.27095 -40.32904 23.31867
v -143.54951 -40.59844 36.53435
v -135.64213 -43.33081 22.55322
v -135.69580 -43.68492 35.75745
v -128.63757 -44.61801 22.32402
v -128.48646 -45.00926 35.51273
v -121.56560 -44.59944 22.52524
v -121.20895 -44.99120 35.69385
v -113.64373 -43.16292 23.13602
v -113.05839 -43.51575 36.27741
v -105.58652 -37.75159 23.76970
v -104.76892 -37.94976 36.87014
v -102.46696 -29.62239 22.63742
v -101.55524 -29.57990 35.70148
v 182.70582 72.45587 -556.91899
v 23.63258 50.87111 -456.88527
v 19.93176 49.29823 -471.63920
v 182.70582 72.37829 -562.35984
v 14.31209 49.44145 -494.79863
v 182.70582 72.64667 -567.82053
v 185.66333 73.35106 -575.61773
v 4.44109 54.38903 -529.33477
v 17.62345 58.58617 -470.63948
v 182.70582 74.38897 -562.73534
v 20.51659 59.01074 -454.94047
v 182.70582 74.51463 -557.02685
v 23.21106 57.78841 -446.80260
v 182.70582 74.11499 -555.38787
v 24.84347 56.04509 -445.63831
v 182.70582 73.50446 -554.84600
v 182.70582 73.50446 -554.84600
v 24.84347 56.04509 -445.63831
v 25.01925 53.82327 -448.09616
v 182.70582 73.02163 -555.28739
v 184.92510 73.59019 -563.91186
v 184.39597 73.69194 -558.34127
v 184.39597 73.69194 -558.34127
v 184.92510 73.59019 -563.91186
v 183.93070 73.65633 -556.42932
v 183.93070 73.65633 -556.42932
v 4.44109 54.38903 -529.33477
v 185.66333 73.35106 -575.61773
v -182.70557 72.45587 -556.91899
v -182.70557 72.37829 -562.35984
v -19.93150 49.29823 -471.63920
v -23.63233 50.87111 -456.88527
v -182.70557 72.64667 -567.82053
v -14.31158 49.44145 -494.79863
v -185.66307 73.35106 -575.61773
v -182.70557 74.38897 -562.73534
v -17.62319 58.58617 -470.63948
v -4.44059 54.38903 -529.33477
v -182.70557 74.51463 -557.02685
v -20.51634 59.01074 -454.94047
v -182.70557 74.11499 -555.38787
v -23.21081 57.78841 -446.80260
v -182.70557 73.50446 -554.84600
v -24.84321 56.04509 -445.63831
v -182.70557 73.50446 -554.84600
v -182.70557 73.02163 -555.28739
v -25.01900 53.82327 -448.09616
v -24.84321 56.04509 -445.63831
v -184.92485 73.59019 -563.91186
v -184.39572 73.69194 -558.34127
v -184.39572 73.69194 -558.34127
v -184.92485 73.59019 -563.91186
v -183.93019 73.65633 -556.42932
v -183.93019 73.65633 -556.42932
v -4.44059 54.38903 -529.33477
v -185.66307 73.35106 -575.61773
v 60.50526 4.01754 48.89554
v 60.50882 1.03968 52.81183
v 67.12824 1.84075 47.09371
v 66.13918 4.48688 44.82381
v 60.48924 -1.97506 51.82735
v 67.12824 -1.04044 46.10567
v 60.48644 -2.51106 51.16442
v 63.43530 -2.51106 48.01179
v 56.24631 3.64206 52.65436
v 56.24631 0.25744 57.93087
v 59.35442 -2.06613 53.47120
v 56.24631 -0.83312 57.94867
v -60.50526 4.01754 48.89554
v -66.13918 4.48688 44.82381
v -67.12824 1.84075 47.09371
v -60.50857 1.03968 52.81183
v -60.48924 -1.97506 51.82735
v -67.12824 -1.04044 46.10567
v -60.48619 -2.51106 51.16442
v -63.43530 -2.51106 48.01179
v -56.24631 3.64206 52.37377
v -56.24631 0.25744 57.93087
v -59.35442 -2.06613 53.47120
v -56.24631 -0.83312 57.94867
v 437.39918 38.25324 -202.03264
v 437.51034 36.27487 -202.07488
v 438.07687 36.27309 -206.10538
v 438.00234 37.92381 -206.11608
v 437.21271 35.91491 -202.11659
v 436.35953 35.83936 -202.23667
v 436.92601 35.83936 -206.26717
v 437.77924 35.91491 -206.14735
v 436.00465 36.14183 -202.28652
v 435.82629 38.12020 -201.76477
v 436.49660 37.79077 -206.32746
v 436.57118 36.14005 -206.31703
v 435.82629 38.12020 -201.76477
v 437.64746 38.22424 -206.16594
v 436.79427 38.14894 -206.28576
v 436.34473 38.22424 -194.53203
v 434.83904 38.09145 -194.74368
v 436.01431 37.83249 -194.57859
v 435.16107 37.75719 -194.69840
v 436.79427 38.14894 -206.28576
v 435.16107 37.75719 -194.69840
v 438.00234 37.92381 -206.11608
v 438.07687 36.27309 -206.10538
v 437.41776 37.03295 -206.62967
v 437.77924 35.91491 -206.14735
v 436.92601 35.83936 -206.26717
v 436.57118 36.14005 -206.31703
v 436.49660 37.79077 -206.32746
v 436.79427 38.14894 -206.28576
v 437.64746 38.22424 -206.16594
v -437.39918 38.25324 -202.03264
v -438.00210 37.92381 -206.11608
v -438.07662 36.27309 -206.10565
v -437.51010 36.27487 -202.07513
v -437.21247 35.91491 -202.11685
v -437.77900 35.91491 -206.14735
v -436.92576 35.83961 -206.26744
v -436.35924 35.83961 -202.23667
v -436.00441 36.14183 -202.28652
v -436.57089 36.14005 -206.31729
v -436.49636 37.79077 -206.32773
v -435.82605 38.12020 -201.76503
v -435.82605 38.12020 -201.76503
v -436.79398 38.14894 -206.28576
v -437.64722 38.22424 -206.16594
v -436.34449 38.22450 -194.53229
v -434.83880 38.09145 -194.74393
v -435.16083 37.75719 -194.69865
v -436.01406 37.83249 -194.57859
v -436.79398 38.14894 -206.28576
v -435.16083 37.75719 -194.69865
v -438.00210 37.92381 -206.11608
v -437.41752 37.03295 -206.62994
v -438.07662 36.27309 -206.10565
v -437.77900 35.91491 -206.14735
v -436.92576 35.83961 -206.26744
v -436.57089 36.14005 -206.31729
v -436.49636 37.79077 -206.32773
v -436.79398 38.14894 -206.28576
v -437.64722 38.22424 -206.16594
v 107.91620 -1.26685 -48.65260
v 109.99887 -3.93054 -55.00032
v 109.66028 -0.16433 -54.92070
v 107.88287 -1.05062 -48.26313
v 106.22504 -0.73365 -54.64266
v 104.53437 -0.41058 -61.14759
v 105.93274 -6.37469 -61.14759
v 106.71142 -4.44898 -54.76425
v 111.32270 0.66446 -61.14759
v 111.32702 -5.61662 -61.14759
v 112.09858 -6.45737 -70.74105
v 112.16192 1.65097 -73.08447
v 108.44634 -4.65554 -55.07537
v 108.80605 -6.71964 -61.14759
v 108.44634 -4.65554 -55.07537
v 108.80605 -6.71964 -61.14759
v 109.08536 -8.08341 -71.09846
v 105.42167 -7.44007 -70.78633
v 109.08536 -8.08341 -71.09846
v 103.46544 0.25668 -72.84941
v 107.91620 -1.26685 -48.65260
v 107.88287 -1.05062 -48.26313
v 109.08536 -8.08341 -71.09846
v 105.42167 -7.44007 -70.78633
v 103.46544 0.25668 -72.84941
v 112.16192 1.65097 -73.08447
v 112.09858 -6.45737 -70.74105
v -107.91594 -1.26685 -48.65260
v -107.88287 -1.05062 -48.26313
v -109.66028 -0.16433 -54.92070
v -109.99887 -3.93028 -55.00032
v -106.22478 -0.73365 -54.64266
v -106.71142 -4.44898 -54.76425
v -105.93248 -6.37469 -61.14759
v -104.53437 -0.41058 -61.14759
v -111.32270 0.66446 -61.14759
v -112.16192 1.65097 -73.08447
v -112.09833 -6.45737 -70.74105
v -111.32676 -5.61662 -61.14759
v -108.44634 -4.65554 -55.07537
v -108.80579 -6.71964 -61.14759
v -108.44634 -4.65554 -55.07537
v -108.80579 -6.71964 -61.14759
v -109.08510 -8.08341 -71.09846
v -105.42167 -7.44007 -70.78633
v -109.08510 -8.08341 -71.09846
v -103.46544 0.25668 -72.84941
v -107.91594 -1.26685 -48.65260
v -107.88287 -1.05062 -48.26313
v -112.09833 -6.45737 -70.74105
v -112.16192 1.65097 -73.08447
v -103.46544 0.25668 -72.84941
v -109.08510 -8.08341 -71.09846
v -105.42167 -7.44007 -70.78633
v -165.42453 7.17805 -62.06593
v -167.62523 7.43040 -68.73826
v -167.71020 4.32484 -68.80312
v -163.41563 1.84456 -74.95040
v -161.97300 7.45126 -74.95040
v -163.36272 7.03788 -68.45793
v -164.03913 3.74585 -68.56705
v -168.90913 7.97326 -74.95040
v -170.01673 8.87023 -86.59218
v -170.08388 1.84151 -84.54411
v -168.86842 2.61179 -74.95040
v -165.98774 3.57287 -68.87842
v -166.36347 1.40854 -74.95040
v -165.98774 3.57287 -68.87842
v -166.36347 1.40854 -74.95040
v -166.48354 -0.54261 -85.21849
v -162.09587 0.65098 -84.58914
v -166.48354 -0.54261 -85.21849
v -160.68275 8.08672 -86.57437
v -165.42453 7.17805 -62.06593
v -170.08388 1.84151 -84.54411
v -170.01673 8.87023 -86.59218
v -160.68275 8.08672 -86.57437
v -166.48354 -0.54261 -85.21849
v -162.09587 0.65098 -84.58914
v 74.62885 -6.45686 -51.74722
v 79.50622 -4.00075 -70.79829
v 80.24903 -5.31949 -54.14482
v 79.50622 -4.00075 -70.79829
v 74.62885 -6.45686 -51.74722
v 48.33741 -10.60363 -58.60855
v 48.33741 -10.60363 -58.60855
v 48.17664 -9.05365 -71.92344
v 79.50622 -4.00075 -70.79829
v 48.17664 -9.88346 -71.91022
v 70.76038 -6.34060 -71.21218
v 79.50622 -4.00075 -70.79829
v 79.50622 -4.00075 -70.79829
v 48.17664 -9.05365 -71.92344
v 48.17664 -9.88346 -71.91022
v 70.76038 -6.34060 -71.21218
v 79.50622 -4.81657 -70.79829
v 79.50622 -4.00075 -70.79829
v 79.50622 -4.81657 -70.79829
v 80.24903 -6.13531 -54.14482
v 80.24903 -5.31949 -54.14482
v 80.24903 -5.31949 -54.14482
v 79.50622 -4.00075 -70.79829
v 79.50622 -4.81657 -70.79829
v 80.24903 -6.13531 -54.14482
v 74.62885 -7.27268 -51.74722
v 74.62885 -6.45686 -51.74722
v 74.62885 -6.45686 -51.74722
v 80.24903 -5.31949 -54.14482
v 80.24903 -6.13531 -54.14482
v 74.62885 -7.27268 -51.74722
v 48.33741 -11.43318 -58.60855
v 48.33741 -10.60363 -58.60855
v 48.33741 -10.60363 -58.60855
v 74.62885 -6.45686 -51.74722
v 74.62885 -7.27268 -51.74722
v 48.17664 -9.88346 -71.91022
v 46.40458 -9.46906 -78.99566
v 74.62885 -4.17857 -78.96183
v 70.76038 -6.34060 -71.21218
v 74.62885 0.01577 39.26036
v 131.12395 6.38665 1.23861
v 131.12395 8.64256 3.34952
v 74.62885 2.74866 40.23365
v 74.62885 5.14295 38.41681
v 74.62885 2.74866 40.23365
v 131.12395 8.64256 3.34952
v 131.12395 10.60922 0.76621
v 74.62885 -1.83439 36.83808
v 114.04872 4.11700 9.13429
v 111.03626 2.64970 4.93486
v 131.12395 5.38945 -4.40472
v 131.12395 3.44847 -42.72155
v 74.62885 -7.63951 -18.60106
v 74.62885 -7.27268 -51.74722
v 80.24903 -6.13531 -54.14482
v 131.12395 5.10174 -78.89798
v 74.62885 9.59651 -18.27290
v 74.62885 8.20297 25.87628
v 131.12395 13.16633 -12.52959
v 131.12395 13.69087 -42.72028
v 60.46482 -4.80894 46.83551
v 60.48924 -1.97506 51.44628
v 60.50857 1.03968 52.43050
v 60.50526 3.89747 48.62410
v 60.50857 1.03968 52.43050
v 270.45419 18.83687 -77.46985
v 139.02243 6.15159 -8.54691
v 270.45419 18.30520 -102.06275
v 268.26647 19.65524 -125.50352
v 135.86726 13.59013 -15.01979
v 270.45419 25.61426 -85.66901
v 427.94515 38.30539 -156.12794
v 422.88615 37.82816 -153.44925
v 423.19727 36.77729 -152.76265
v 427.94515 37.23747 -155.30729
v 427.94515 37.23747 -155.30729
v 423.19727 36.77729 -152.76265
v 422.87674 35.65518 -153.45433
v 427.94515 36.17337 -156.15491
v 421.43384 34.53359 -156.59448
v 427.94515 35.24358 -160.15286
v 427.94515 37.28911 -198.94083
v 427.94515 35.20695 -169.07957
v 270.05353 23.85950 -121.82584
v 418.45599 38.53968 -163.11978
v 427.94515 39.36848 -168.08542
v 430.57908 37.40410 -159.57158
v 430.57908 37.40410 -159.57158
v 430.42387 36.60150 -161.61075
v 437.64775 38.28428 -202.22954
v 427.94515 37.28911 -198.94083
v 430.23158 38.34736 -161.36069
v 432.18730 38.83426 -170.76945
v 432.99701 37.84368 -171.48632
v 432.99701 37.84368 -171.48632
v 432.22621 36.61550 -170.57409
v 437.64775 38.28428 -202.22954
v 140.75734 11.49678 -4.31568
v 141.72478 9.65629 -2.29941
v 141.03717 7.36019 -3.98930
v 141.72478 9.65629 -2.29941
v 139.02243 6.15159 -8.54691
v 270.45419 18.83687 -77.46985
v 270.45419 25.61426 -85.66901
v 135.86726 13.59013 -15.01979
v 421.43384 34.53359 -156.59448
v 418.45599 38.53968 -163.11978
v 421.43384 34.53359 -156.59448
v 422.87674 35.65518 -153.45433
v 423.19727 36.77729 -152.76265
v 423.19727 36.77729 -152.76265
v 422.88615 37.82816 -153.44925
v 418.45599 38.53968 -163.11978
v 421.43384 34.53359 -156.59448
v 423.19727 36.77729 -152.76265
v 418.45599 38.53968 -163.11978
v 140.75734 11.49678 -4.31568
v 141.72478 9.65629 -2.29941
v 141.03717 7.36019 -3.98930
v 140.75734 11.49678 -4.31568
v 141.03717 7.36019 -3.98930
v 139.02243 6.15159 -8.54691
v 140.75734 11.49678 -4.31568
v 139.02243 6.15159 -8.54691
v 135.86726 13.59013 -15.01979
v 101.88645 0.76087 8.90457
v 74.69881 -4.02212 27.27134
v 60.46482 -3.38920 46.83551
v 47.03775 -9.71302 54.95758
v 47.45011 -10.22612 49.97592
v 60.18220 -5.71227 37.08484
v 60.46482 -3.38920 46.83551
v 114.04872 5.53649 9.13429
v 114.04872 4.11700 9.13429
v 74.62885 -1.83439 36.83808
v 60.46482 -4.80894 46.83551
v 47.03775 -9.71302 54.95758
v 47.03775 -11.13250 54.95758
v 47.45011 -10.22612 49.97592
v 47.03775 -9.71302 54.95758
v 47.03775 -11.13250 54.95758
v 47.03775 -11.13250 54.95758
v 47.45011 -11.64585 49.97592
v 47.45011 -10.22612 49.97592
v 47.45011 -11.64585 49.97592
v 60.18245 -7.13175 37.08484
v 60.18220 -5.71227 37.08484
v 47.45011 -10.22612 49.97592
v 74.69881 -4.02212 27.27134
v 101.88645 2.18061 8.90457
v 101.88645 0.76087 8.90457
v 111.03626 4.06943 4.93486
v 111.03626 2.64970 4.93486
v 114.04872 5.53649 9.13429
v 111.03626 4.06943 4.93486
v 111.03626 2.64970 4.93486
v 111.03626 2.64970 4.93486
v 114.04872 4.11700 9.13429
v 114.04872 5.53649 9.13429
v 101.88645 2.18061 8.90457
v 114.04872 5.53649 9.13429
v 111.03626 4.06943 4.93486
v 131.12395 10.89668 -74.14017
v 131.12395 8.91297 -91.60030
v 117.62540 6.93155 -91.63007
v 117.58317 8.52859 -78.65478
v 74.62885 2.43932 -79.06155
v 57.12522 -0.19512 -79.13024
v 57.09927 -2.05062 -91.74810
v 46.26339 -3.70210 -91.76260
v 47.52108 7.38410 -6.53699
v 270.05353 23.85950 -121.82584
v 268.26647 19.65524 -125.50352
v 131.12395 5.10174 -78.89798
v 131.12395 10.89668 -74.14017
v 57.12522 -0.19512 -79.13024
v 74.62885 -4.17857 -78.96183
v 46.40458 -9.46906 -78.99566
v 46.40458 -2.15720 -78.99566
v 131.12395 5.10174 -78.89798
v 74.62885 2.43932 -79.06155
v 117.58317 8.52859 -78.65478
v 131.12395 10.89668 -74.14017
v 46.40458 -2.15720 -78.99566
v 46.26339 -3.70210 -91.76260
v 57.09927 -2.05062 -91.74810
v 57.12522 -0.19512 -79.13024
v 117.62540 6.93155 -91.63007
v 131.12395 8.91297 -91.60030
v 131.12395 10.89668 -74.14017
v 117.58317 8.52859 -78.65478
v 270.45419 21.35429 -146.11526
v 268.26647 19.65524 -125.50352
v 269.40255 22.39779 -135.56937
v 270.05353 23.85950 -121.82584
v 79.50622 -4.81657 -70.79829
v 44.20234 -17.22762 -5.07859
v 48.33741 -11.43318 -58.60855
v 270.45419 21.35429 -146.11526
v 269.40255 22.39779 -135.56937
v 270.45419 21.35429 -146.11526
v 60.18245 -7.13175 37.08484
v 46.31198 5.11242 46.05861
v 45.89962 2.55736 60.93976
v 47.45011 -11.64585 49.97592
v 40.56715 -13.93483 59.53681
v 40.78974 -16.52093 42.65618
v 165.42453 7.17805 -62.06593
v 167.71045 4.32484 -68.80312
v 167.62548 7.43040 -68.73826
v 163.41589 1.84456 -74.95040
v 164.03939 3.74585 -68.56705
v 163.36272 7.03788 -68.45793
v 161.97325 7.45126 -74.95040
v 168.90913 7.97326 -74.95040
v 168.86867 2.61179 -74.95040
v 170.08414 1.84151 -84.54411
v 170.01698 8.87023 -86.59218
v 165.98800 3.57287 -68.87842
v 166.36347 1.40854 -74.95040
v 165.98800 3.57287 -68.87842
v 166.36347 1.40854 -74.95040
v 166.48379 -0.54261 -85.21849
v 162.09612 0.65098 -84.58914
v 166.48379 -0.54261 -85.21849
v 160.68300 8.08672 -86.57437
v 165.42453 7.17805 -62.06593
v 166.48379 -0.54261 -85.21849
v 162.09612 0.65098 -84.58914
v 160.68300 8.08672 -86.57437
v 170.01698 8.87023 -86.59218
v 170.08414 1.84151 -84.54411
v 230.46220 14.02946 -79.27676
v 232.74153 11.24519 -86.01421
v 232.65097 14.41181 -85.94909
v 228.22005 8.93917 -92.16148
v 229.07047 10.66595 -85.77788
v 228.38589 14.04396 -85.66901
v 227.20148 13.88955 -92.16148
v 233.96386 14.64406 -92.16148
v 233.88829 9.65502 -92.16148
v 235.28845 8.29379 -101.75494
v 235.14701 15.32836 -103.79284
v 231.01932 10.49297 -86.08926
v 231.31949 8.17474 -92.16148
v 231.01932 10.49297 -86.08926
v 231.31949 8.17474 -92.16148
v 231.53953 6.11318 -102.42931
v 227.12719 7.57133 -101.80022
v 231.53953 6.11318 -102.42931
v 225.75198 14.60158 -103.79080
v 230.46220 14.02946 -79.27676
v 231.53953 6.11318 -102.42931
v 227.12719 7.57133 -101.80022
v 225.75198 14.60158 -103.79080
v 235.14701 15.32836 -103.79284
v 235.28845 8.29379 -101.75494
v -230.46220 14.02946 -79.27676
v -232.65097 14.41181 -85.94909
v -232.74153 11.24519 -86.01421
v -228.22005 8.93917 -92.16148
v -227.20148 13.88955 -92.16148
v -228.38589 14.04396 -85.66901
v -229.07047 10.66595 -85.77788
v -233.96386 14.64406 -92.16148
v -235.14701 15.32836 -103.79284
v -235.28845 8.29379 -101.75494
v -233.88829 9.65502 -92.16148
v -231.01932 10.49297 -86.08926
v -231.31949 8.17474 -92.16148
v -231.01932 10.49297 -86.08926
v -231.31949 8.17474 -92.16148
v -231.53953 6.11318 -102.42931
v -227.12719 7.57133 -101.80022
v -231.53953 6.11318 -102.42931
v -225.75198 14.60158 -103.79080
v -230.46220 14.02946 -79.27676
v -235.28845 8.29379 -101.75494
v -235.14701 15.32836 -103.79284
v -225.75198 14.60158 -103.79080
v -231.53953 6.11318 -102.42931
v -227.12719 7.57133 -101.80022
v 44.99679 -1.72653 71.18801
v 42.54781 -6.42506 76.17603
v 49.13364 -4.76417 66.11476
v 49.19470 -0.97786 66.11196
v 47.03775 -11.13250 54.95758
v 41.37203 -10.94502 66.11654
v 45.44426 1.11193 66.11018
v -47.52108 7.38410 -6.53699
v -46.26339 -3.70210 -91.76260
v -57.09927 -2.05062 -91.74810
v -57.12522 -0.19512 -79.13024
v -48.33741 -11.43318 -58.60855
v -44.20234 -17.22762 -5.07859
v -46.31198 5.11242 46.05861
v 41.37203 -10.94502 66.11654
v 49.13364 -4.76417 66.11476
v 49.19470 -0.97786 66.11196
v 49.19470 -0.97786 66.11196
v 45.44426 1.11193 66.11018
v -60.46482 -4.80894 46.83551
v -60.48924 -1.97506 51.44628
v -60.50857 1.03968 52.43050
v -60.50526 3.89747 48.62410
v -60.50857 1.03968 52.43050
v -60.18245 -7.13175 37.08484
v -45.89962 2.55736 60.93976
v -47.45011 -11.64585 49.97592
v -40.78974 -16.52093 42.65618
v -40.56715 -13.93483 59.53681
v -44.99679 -1.72653 71.18801
v -49.19470 -0.97786 66.11196
v -49.13364 -4.76417 66.11476
v -42.54781 -6.42506 76.17603
v -47.03775 -11.13250 54.95758
v -41.37203 -10.94502 66.11654
v -45.44426 1.11193 66.11018
v -49.13364 -4.76417 66.11476
v -41.37203 -10.94502 66.11654
v -49.19470 -0.97786 66.11196
v -49.19470 -0.97786 66.11196
v -45.44426 1.11193 66.11018
v 128.66810 -22.97270 -44.53050
v 127.91562 -23.73815 -44.52185
v 126.84694 -23.84093 -44.53229
v 125.96244 -23.23320 -44.55620
v 125.67574 -22.19886 -44.58291
v 126.12117 -21.22226 -44.59970
v 126.84694 -23.84093 -44.53229
v 125.96244 -23.23320 -44.55620
v 126.12117 -21.22226 -44.59970
v 126.12117 -21.22226 -44.59970
v 127.09039 -20.76004 -44.59894
v 128.12956 -21.02893 -44.58062
v 126.84694 -23.84093 -44.53229
v 126.12117 -21.22226 -44.59970
v 128.12956 -21.02893 -44.58062
v 128.66810 -22.97270 -44.53050
v 126.84694 -23.84093 -44.53229
v 128.12956 -21.02893 -44.58062
v 128.66810 -22.97270 -44.53050
v 128.12956 -21.02893 -44.58062
v 128.75280 -21.90275 -44.55365
v 125.85712 -23.03096 -35.59337
v 125.57068 -21.99662 -35.62008
v 125.67574 -22.19886 -44.58291
v 125.96244 -23.23320 -44.55620
v 126.74163 -23.63894 -35.56945
v 126.84694 -23.84093 -44.53229
v 127.81031 -23.53592 -35.55928
v 127.91562 -23.73815 -44.52185
v 128.56304 -22.77047 -35.56767
v 128.66810 -22.97270 -44.53050
v 128.64749 -21.70051 -35.59083
v 128.75280 -21.90275 -44.55365
v 128.02424 -20.82669 -35.61779
v 128.12956 -21.02893 -44.58062
v 126.98507 -20.55806 -35.63610
v 127.09039 -20.76004 -44.59894
v 126.01611 -21.02003 -35.63687
v 126.12117 -21.22226 -44.59970
v 115.21076 -20.38279 1.15517
v 117.31581 -27.97955 1.35131
v 123.81236 -32.44482 1.52810
v 131.66122 -31.68929 1.60340
v 137.18906 -26.06656 1.54133
v 137.81001 -18.20752 1.37140
v 133.23308 -11.78958 1.17298
v 125.60018 -9.81579 1.03866
v 118.48243 -13.20957 1.03180
v 115.21076 -20.38279 1.15517
v 118.71927 -21.32071 -29.38530
v 119.44757 -18.50770 -29.44025
v 117.31581 -27.97955 1.35131
v 118.99706 -24.21259 -29.31687
v 120.24737 -26.83507 -29.24310
v 123.81236 -32.44482 1.52810
v 122.31936 -28.87169 -29.17263
v 124.96346 -30.07647 -29.11463
v 131.66122 -31.68929 1.60340
v 127.86042 -30.30440 -29.07545
v 130.66097 -29.52801 -29.05994
v 137.18906 -26.06656 1.54133
v 133.02728 -27.84091 -29.07037
v 134.67394 -25.44662 -29.10496
v 137.81001 -18.20752 1.37140
v 135.40224 -22.63360 -29.15991
v 135.12445 -19.74148 -29.22834
v 133.23308 -11.78958 1.17298
v 133.87414 -17.11900 -29.30211
v 131.80215 -15.08262 -29.37232
v 125.60018 -9.81579 1.03866
v 129.15805 -13.87759 -29.43058
v 126.26108 -13.64966 -29.46976
v 118.48243 -13.20957 1.03180
v 123.46054 -14.42605 -29.48527
v 121.09423 -16.11315 -29.47484
v 119.44757 -18.50770 -29.44025
v 118.71927 -21.32071 -29.38530
v 104.05663 -19.13909 17.92133
v 106.01669 -11.56979 17.77379
v 118.99706 -24.21259 -29.31687
v 104.80403 -26.92156 18.10577
v 120.24737 -26.83507 -29.24310
v 108.16855 -33.97826 18.30444
v 122.31936 -28.87169 -29.17263
v 113.74447 -39.45853 18.49345
v 124.96346 -30.07647 -29.11463
v 120.85942 -42.70070 18.65015
v 127.86042 -30.30440 -29.07545
v 128.65487 -43.31428 18.75572
v 130.66097 -29.52801 -29.05994
v 136.19085 -41.22500 18.79694
v 133.02728 -27.84091 -29.07037
v 142.55841 -36.68494 18.76921
v 134.67394 -25.44662 -29.10496
v 146.98933 -30.24157 18.67610
v 135.40224 -22.63360 -29.15991
v 148.94938 -22.67227 18.52830
v 135.12445 -19.74148 -29.22834
v 148.20225 -14.88980 18.34387
v 133.87414 -17.11900 -29.30211
v 144.83747 -7.83310 18.14519
v 131.80215 -15.08262 -29.37232
v 139.26155 -2.35308 17.95619
v 129.15805 -13.87759 -29.43058
v 132.14684 0.88934 17.79948
v 123.46054 -14.42605 -29.48527
v 121.09423 -16.11315 -29.47484
v 110.44761 -5.12667 17.68043
v 116.81518 -0.58636 17.65270
v 127.42644 12.32456 -3.04425
v 127.01356 12.82138 -9.58379
v 122.94820 12.62397 -9.33296
v 122.97414 12.36806 -0.75833
v 118.85409 12.33346 -7.83742
v 118.57884 11.79976 1.50470
v 128.20155 10.93153 8.01829
v 123.11508 11.28793 7.95011
v 122.71391 11.97528 30.33060
v 128.12371 11.50772 30.46059
v 118.50151 10.23197 9.46728
v 118.20973 10.78831 30.60839
v 132.61035 7.45126 -5.64842
v 131.89831 8.17016 8.12386
v 131.12955 -6.78883 8.40267
v 130.00262 -11.63161 -5.37775
v 114.98639 6.46296 14.51636
v 114.17209 7.69547 -5.88678
v 121.70857 -12.20550 -5.46297
v 118.62692 -8.09460 8.29125
v 115.27283 6.51435 30.74882
v 118.59156 -6.93104 31.90551
v 130.64520 8.94197 30.56337
v 131.46890 -5.38233 31.69641
v 129.89451 11.77788 -4.29787
v 129.65563 12.42809 -8.56955
v 116.03624 9.26504 11.02922
v 115.83756 10.88447 2.95318
v 115.68493 11.87251 -2.62070
v 116.15300 9.01778 30.66131
v 129.76451 10.34899 30.51630
v 130.58694 9.89414 8.07273
v 129.75433 5.52835 50.85356
v 128.75510 7.67690 50.79021
v 127.45544 8.87125 50.73959
v 122.73198 9.88473 50.60985
v 119.03725 8.36197 50.90748
v 117.31836 6.65147 50.96472
v 116.66407 4.12082 51.05630
v 128.25370 5.39937 60.61465
v 126.74748 5.33247 66.04455
v 123.08761 5.61204 68.60165
v 120.33335 4.81453 66.24526
v 118.19396 4.19459 62.53502
v 118.20057 0.97710 -30.88466
v 123.46054 -14.42605 -29.48527
v 129.15805 -13.87759 -29.43058
v 131.43100 3.72041 -30.78952
v 129.15805 -13.87759 -29.43058
v 126.26108 -13.64966 -29.46976
v 126.55999 -13.44462 -53.55388
v 123.46054 -14.42605 -29.48527
v 121.52999 1.86873 -54.93266
v 126.55999 -13.44462 -53.55388
v 126.55999 -13.44462 -53.55388
v 128.57779 3.09004 -54.90874
v 125.24888 4.67971 -84.22358
v 125.24888 4.67971 -84.22358
v -128.66810 -22.97270 -44.53050
v -128.75280 -21.90275 -44.55365
v -128.12956 -21.02893 -44.58062
v -128.12956 -21.02893 -44.58062
v -127.09039 -20.76004 -44.59894
v -126.12117 -21.22226 -44.59970
v -126.12117 -21.22226 -44.59970
v -125.67574 -22.19886 -44.58291
v -125.96244 -23.23320 -44.55620
v -126.12117 -21.22226 -44.59970
v -125.96244 -23.23320 -44.55620
v -126.84694 -23.84093 -44.53229
v -128.12956 -21.02893 -44.58062
v -126.12117 -21.22226 -44.59970
v -126.84694 -23.84093 -44.53229
v -128.66810 -22.97270 -44.53050
v -128.12956 -21.02893 -44.58062
v -126.84694 -23.84093 -44.53229
v -128.66810 -22.97270 -44.53050
v -126.84694 -23.84093 -44.53229
v -127.91562 -23.73815 -44.52185
v -125.85712 -23.03096 -35.59337
v -125.96244 -23.23320 -44.55620
v -125.67574 -22.19886 -44.58291
v -125.57068 -21.99662 -35.62008
v -126.74163 -23.63894 -35.56945
v -126.84694 -23.84093 -44.53229
v -127.81031 -23.53592 -35.55928
v -127.91562 -23.73815 -44.52185
v -128.56304 -22.77047 -35.56767
v -128.66810 -22.97270 -44.53050
v -128.64749 -21.70051 -35.59083
v -128.75280 -21.90275 -44.55365
v -128.02424 -20.82669 -35.61779
v -128.12956 -21.02893 -44.58062
v -126.98507 -20.55806 -35.63610
v -127.09039 -20.76004 -44.59894
v -126.01611 -21.02003 -35.63687
v -126.12117 -21.22226 -44.59970
v -115.21076 -20.38279 1.15517
v -117.31581 -27.97955 1.35131
v -123.81236 -32.44482 1.52810
v -131.66122 -31.68929 1.60340
v -137.18906 -26.06656 1.54133
v -137.81001 -18.20752 1.37140
v -133.23308 -11.78958 1.17298
v -125.60018 -9.81579 1.03866
v -118.48243 -13.20957 1.03180
v -115.21076 -20.38279 1.15517
v -119.44757 -18.50770 -29.44025
v -118.71927 -21.32071 -29.38530
v -118.99706 -24.21259 -29.31687
v -117.31581 -27.97955 1.35131
v -120.24737 -26.83507 -29.24310
v -122.31936 -28.87169 -29.17263
v -123.81236 -32.44482 1.52810
v -124.96346 -30.07647 -29.11463
v -127.86042 -30.30440 -29.07545
v -131.66122 -31.68929 1.60340
v -130.66097 -29.52801 -29.05994
v -133.02728 -27.84091 -29.07037
v -137.18906 -26.06656 1.54133
v -134.67394 -25.44662 -29.10496
v -135.40224 -22.63360 -29.15991
v -137.81001 -18.20752 1.37140
v -135.12445 -19.74148 -29.22834
v -133.87414 -17.11900 -29.30211
v -133.23308 -11.78958 1.17298
v -131.80215 -15.08262 -29.37232
v -129.15805 -13.87759 -29.43058
v -125.60018 -9.81579 1.03866
v -126.26108 -13.64966 -29.46976
v -123.46054 -14.42605 -29.48527
v -118.48243 -13.20957 1.03180
v -121.09423 -16.11315 -29.47484
v -119.44757 -18.50770 -29.44025
v -106.01669 -11.56979 17.77379
v -104.05663 -19.13909 17.92133
v -118.71927 -21.32071 -29.38530
v -104.80403 -26.92156 18.10577
v -118.99706 -24.21259 -29.31687
v -108.16855 -33.97826 18.30444
v -120.24737 -26.83507 -29.24310
v -113.74447 -39.45853 18.49345
v -122.31936 -28.87169 -29.17263
v -120.85942 -42.70070 18.65015
v -124.96346 -30.07647 -29.11463
v -128.65487 -43.31428 18.75572
v -127.86042 -30.30440 -29.07545
v -136.19085 -41.22500 18.79694
v -130.66097 -29.52801 -29.05994
v -142.55841 -36.68494 18.76921
v -133.02728 -27.84091 -29.07037
v -146.98933 -30.24157 18.67610
v -134.67394 -25.44662 -29.10496
v -148.94938 -22.67227 18.52830
v -135.40224 -22.63360 -29.15991
v -148.20225 -14.88980 18.34387
v -135.12445 -19.74148 -29.22834
v -144.83747 -7.83310 18.14519
v -133.87414 -17.11900 -29.30211
v -139.26155 -2.35308 17.95619
v -131.80215 -15.08262 -29.37232
v -132.14684 0.88934 17.79948
v -129.15805 -13.87759 -29.43058
v -123.46054 -14.42605 -29.48527
v -116.81518 -0.58636 17.65270
v -110.44761 -5.12667 17.68043
v -121.09423 -16.11315 -29.47484
v -127.42644 12.32456 -3.04425
v -122.97414 12.36806 -0.75833
v -122.94820 12.62397 -9.33296
v -127.01356 12.82138 -9.58379
v -118.57884 11.79976 1.50470
v -118.85409 12.33346 -7.83742
v -128.20155 10.93153 8.01829
v -128.12371 11.50772 30.46059
v -122.71391 11.97528 30.33060
v -123.11508 11.28793 7.95011
v -118.20973 10.78831 30.60839
v -118.50151 10.23197 9.46728
v -132.61035 7.45126 -5.64842
v -130.00262 -11.63161 -5.37775
v -131.12955 -6.78883 8.40267
v -131.89831 8.17016 8.12386
v -114.98639 6.46296 14.51636
v -118.62692 -8.09460 8.29125
v -121.70857 -12.20550 -5.46297
v -114.17209 7.69547 -5.88678
v -115.27283 6.51435 30.74882
v -118.59156 -6.93104 31.90551
v -131.46890 -5.38233 31.69641
v -130.64520 8.94197 30.56337
v -129.65563 12.42809 -8.56955
v -129.89451 11.77788 -4.29787
v -115.68493 11.87251 -2.62070
v -115.83756 10.88447 2.95318
v -116.03624 9.26504 11.02922
v -116.15300 9.01778 30.66131
v -130.58694 9.89414 8.07273
v -129.76451 10.34899 30.51630
v -129.75433 5.52835 50.85356
v -128.75510 7.67690 50.79021
v -127.45544 8.87125 50.73959
v -122.73198 9.88473 50.60985
v -119.03725 8.36197 50.90748
v -117.31836 6.65147 50.96472
v -116.66407 4.12082 51.05630
v -128.25370 5.39937 60.61465
v -126.74748 5.33247 66.04455
v -123.08761 5.61204 68.60165
v -120.33335 4.81453 66.24526
v -118.19396 4.19459 62.53502
v -118.20057 0.97710 -30.88466
v -123.46054 -14.42605 -29.48527
v -129.15805 -13.87759 -29.43058
v -131.43100 3.72041 -30.78952
v -129.15805 -13.87759 -29.43058
v -126.55999 -13.44462 -53.55388
v -126.26108 -13.64966 -29.46976
v -123.46054 -14.42605 -29.48527
v -121.52999 1.86873 -54.93266
v -126.55999 -13.44462 -53.55388
v -126.55999 -13.44462 -53.55388
v -128.57779 3.09004 -54.90874
v -125.24888 4.67971 -84.22358
v -125.24888 4.67971 -84.22358
v 74.62883 -4.17871 -78.96195
v 47.84426 -9.26667 -79.09278
v 47.57760 -7.51036 -95.85299
v 74.62881 -2.72617 -95.70678
v 47.84432 -5.55179 -83.84525
v 47.84426 -9.26667 -79.09278
v 74.62883 -4.17871 -78.96195
v 74.62868 -1.02538 -83.81135
v 131.12388 5.10176 -78.89798
v 131.12376 7.41925 -83.68887
v 74.62882 0.62075 -91.72510
v 47.70298 -3.70214 -91.76239
v 131.12388 8.91281 -91.60033
v 47.84426 -9.26667 -79.09278
v 47.84432 -5.55179 -83.84525
v 47.70298 -3.70214 -91.76239
v 47.50455 -5.23667 -101.88343
v 47.57760 -7.51036 -95.85299
v 131.12388 5.10176 -78.89798
v 131.12391 7.07733 -107.75549
v 131.12388 8.91281 -91.60033
v 131.12388 8.91281 -91.60033
v 131.12376 7.41925 -83.68887
v 131.12388 5.10176 -78.89798
v 74.62871 -0.78961 -101.54727
v 47.50455 -5.23667 -101.88343
v 131.12391 7.07733 -107.75549
v 101.80112 2.53142 -107.75540
v 101.79989 3.37412 -101.18736
v 101.99793 1.62208 -95.68703
v 101.80112 2.53142 -107.75540
v 131.12391 7.07733 -107.75549
v 131.12388 5.10176 -78.89798
v 101.79989 3.37412 -101.18736
v 101.80112 2.53142 -107.75540
v 101.99793 1.62208 -95.68703
v 74.62881 -2.72617 -95.70678
v 47.57760 -7.51036 -95.85299
v 47.50455 -5.23667 -101.88343
v 74.62871 -0.78961 -101.54727
v 101.79989 3.37412 -101.18736
v 101.99793 1.62208 -95.68703
v 74.62866 -1.68122 -107.75543
v 74.62881 -0.78965 -101.54707
v 101.80002 3.37397 -101.18723
v 101.80125 2.53146 -107.75529
v 47.50460 -5.23685 -101.88337
v 47.38945 -6.12716 -107.75526
v 74.62876 -2.72615 -95.70657
v 47.57753 -7.51026 -95.85287
v 47.38945 -6.12716 -107.75526
v 74.62866 -1.68122 -107.75543
v 101.80125 2.53146 -107.75529
v 101.99804 1.62220 -95.68700
v 47.50460 -5.23685 -101.88337
v 47.38945 -6.12716 -107.75526
v 47.57753 -7.51026 -95.85287
v 101.99804 1.62220 -95.68700
v 101.80125 2.53146 -107.75529
v 101.80002 3.37397 -101.18723
v 101.99804 1.62220 -95.68700
v 101.80002 3.37397 -101.18723
v 74.62881 -0.78965 -101.54707
v 74.62876 -2.72615 -95.70657
v 47.50460 -5.23685 -101.88337
v 47.57753 -7.51026 -95.85287
v 144.15355 9.19536 -104.45023
v 142.59228 8.25252 -110.91301
v 131.12409 7.07735 -107.75541
v 144.15355 9.19536 -104.45023
v 131.12409 7.07735 -107.75541
v 131.12403 8.91284 -91.60049
v 269.34185 22.39770 -135.56912
v 270.45431 21.35418 -146.11517
v 261.43834 20.43029 -143.63295
v 262.43763 21.06937 -139.16352
v 270.45431 21.35418 -146.11517
v 262.43763 21.06937 -139.16352
v 131.12398 7.41937 -83.68880
v 131.12398 5.10179 -78.89805
v 268.26647 19.65516 -125.50342
v 268.72002 21.55018 -129.82336
v 131.12403 8.91284 -91.60049
v 131.12409 7.07735 -107.75541
v 131.12398 5.10179 -78.89805
v 131.12398 5.10179 -78.89805
v 131.12398 7.41937 -83.68880
v 131.12403 8.91284 -91.60049
v 268.26647 19.65516 -125.50342
v 270.45431 21.35418 -146.11517
v 269.34185 22.39770 -135.56912
v 268.72002 21.55018 -129.82336
v 261.43834 20.43029 -143.63295
v 270.45431 21.35418 -146.11517
v 268.26647 19.65516 -125.50342
v 131.12409 7.07735 -107.75541
v 142.59228 8.25252 -110.91301
v 145.31717 7.68157 -99.31848
v 131.12398 5.10179 -78.89805
v 131.12409 7.07735 -107.75541
v 145.31717 7.68157 -99.31848
v 263.70649 19.99332 -135.16265
v 261.43834 20.43029 -143.63295
v 263.70649 19.99332 -135.16265
v 262.43763 21.06937 -139.16352
v 144.15355 9.19536 -104.45023
v 262.43763 21.06937 -139.16352
v 263.70649 19.99332 -135.16265
v 145.31717 7.68157 -99.31848
v 145.31717 7.68157 -99.31848
v 142.59228 8.25252 -110.91301
v 144.15355 9.19536 -104.45023
v 263.70644 19.99335 -135.16271
v 145.31719 7.68160 -99.31851
v 142.59230 8.25238 -110.91287
v 261.43810 20.43034 -143.63297
v 144.15337 9.19535 -104.45022
v 262.43746 21.06923 -139.16353
v 261.43810 20.43034 -143.63297
v 142.59230 8.25238 -110.91287
v 262.43746 21.06923 -139.16353
v 263.70644 19.99335 -135.16271
v 261.43810 20.43034 -143.63297
v 144.15337 9.19535 -104.45022
v 142.59230 8.25238 -110.91287
v 145.31719 7.68160 -99.31851
v 145.31719 7.68160 -99.31851
v 263.70644 19.99335 -135.16271
v 262.43746 21.06923 -139.16353
v 144.15337 9.19535 -104.45022
v -74.62881 -4.17855 -78.96183
v -74.62883 -2.72631 -95.70663
v -47.57763 -7.51022 -95.85305
v -47.84414 -9.26663 -79.09293
v -47.84412 -5.55165 -83.84514
v -74.62875 -1.02553 -83.81147
v -74.62881 -4.17855 -78.96183
v -47.84414 -9.26663 -79.09293
v -131.12395 7.41925 -83.68861
v -131.12391 5.10174 -78.89798
v -47.70289 -3.70199 -91.76261
v -74.62859 0.62073 -91.72521
v -131.12376 8.91269 -91.60031
v -47.84414 -9.26663 -79.09293
v -47.57763 -7.51022 -95.85305
v -47.50436 -5.23680 -101.88364
v -47.70289 -3.70199 -91.76261
v -47.84412 -5.55165 -83.84514
v -131.12391 5.10174 -78.89798
v -131.12395 7.41925 -83.68861
v -131.12376 8.91269 -91.60031
v -131.12376 8.91269 -91.60031
v -131.12376 7.07734 -107.75543
v -131.12391 5.10174 -78.89798
v -74.62876 -0.78976 -101.54711
v -47.50436 -5.23680 -101.88364
v -101.80002 3.37418 -101.18737
v -131.12376 7.07734 -107.75543
v -101.80104 2.53132 -107.75540
v -131.12376 7.07734 -107.75543
v -101.80104 2.53132 -107.75540
v -101.99798 1.62208 -95.68704
v -131.12391 5.10174 -78.89798
v -101.80002 3.37418 -101.18737
v -101.99798 1.62208 -95.68704
v -101.80104 2.53132 -107.75540
v -101.99798 1.62208 -95.68704
v -101.80002 3.37418 -101.18737
v -74.62876 -0.78976 -101.54711
v -47.50436 -5.23680 -101.88364
v -74.62883 -2.72631 -95.70663
v -47.57763 -7.51022 -95.85305
v -74.62865 -1.68119 -107.75558
v -101.80101 2.53142 -107.75541
v -101.80001 3.37422 -101.18736
v -74.62882 -0.78963 -101.54723
v -47.50433 -5.23684 -101.88355
v -47.38918 -6.12715 -107.75545
v -74.62877 -2.72613 -95.70673
v -74.62865 -1.68119 -107.75558
v -47.38918 -6.12715 -107.75545
v -47.57752 -7.51022 -95.85306
v -101.80101 2.53142 -107.75541
v -101.99806 1.62219 -95.68713
v -47.50433 -5.23684 -101.88355
v -47.57752 -7.51022 -95.85306
v -47.38918 -6.12715 -107.75545
v -101.99806 1.62219 -95.68713
v -101.80001 3.37422 -101.18736
v -101.80101 2.53142 -107.75541
v -101.99806 1.62219 -95.68713
v -74.62877 -2.72613 -95.70673
v -74.62882 -0.78963 -101.54723
v -101.80001 3.37422 -101.18736
v -47.57752 -7.51022 -95.85306
v -47.50433 -5.23684 -101.88355
v -262.43760 21.06937 -139.16352
v -261.43830 20.43054 -143.63294
v -270.45428 21.35418 -146.11517
v -262.43760 21.06937 -139.16352
v -270.45428 21.35418 -146.11517
v -269.34207 22.39772 -135.56920
v -144.15356 9.19536 -104.45011
v -131.12405 8.91284 -91.60036
v -131.12402 7.07735 -107.75552
v -144.15356 9.19536 -104.45011
v -131.12402 7.07735 -107.75552
v -142.59251 8.25255 -110.91296
v -131.12402 7.41937 -83.68866
v -268.72002 21.55018 -129.82336
v -268.26647 19.65516 -125.50342
v -131.12402 5.10180 -78.89792
v -131.12405 8.91284 -91.60036
v -131.12402 7.41937 -83.68866
v -131.12402 5.10180 -78.89792
v -131.12402 5.10180 -78.89792
v -131.12402 7.07735 -107.75552
v -131.12405 8.91284 -91.60036
v -268.26647 19.65516 -125.50342
v -268.72002 21.55018 -129.82336
v -269.34207 22.39772 -135.56920
v -270.45428 21.35418 -146.11517
v -145.31718 7.68157 -99.31836
v -142.59251 8.25255 -110.91296
v -131.12402 7.07735 -107.75552
v -145.31718 7.68157 -99.31836
v -131.12402 7.07735 -107.75552
v -131.12402 5.10180 -78.89792
v -263.70646 19.99332 -135.16265
v -145.31718 7.68157 -99.31836
v -131.12402 5.10180 -78.89792
v -268.26647 19.65516 -125.50342
v -261.43830 20.43054 -143.63294
v -270.45428 21.35418 -146.11517
v -261.43830 20.43054 -143.63294
v -262.43760 21.06937 -139.16352
v -263.70646 19.99332 -135.16265
v -144.15356 9.19536 -104.45011
v -145.31718 7.68157 -99.31836
v -263.70646 19.99332 -135.16265
v -262.43760 21.06937 -139.16352
v -145.31718 7.68157 -99.31836
v -144.15356 9.19536 -104.45011
v -142.59251 8.25255 -110.91296
v -263.70641 19.99335 -135.16271
v -261.43808 20.43034 -143.63297
v -142.59223 8.25226 -110.91298
v -145.31695 7.68146 -99.31831
v -144.15337 9.19522 -104.45009
v -142.59223 8.25226 -110.91298
v -261.43808 20.43034 -143.63297
v -261.43808 20.43034 -143.63297
v -262.43743 21.06923 -139.16353
v -144.15337 9.19522 -104.45009
v -262.43743 21.06923 -139.16353
v -261.43808 20.43034 -143.63297
v -263.70641 19.99335 -135.16271
v -144.15337 9.19522 -104.45009
v -145.31695 7.68146 -99.31831
v -142.59223 8.25226 -110.91298
v -145.31695 7.68146 -99.31831
v -144.15337 9.19522 -104.45009
v -262.43743 21.06923 -139.16353
v -263.70641 19.99335 -135.16271
v 103.29429 -11.69197 17.88402
v 108.94278 -12.81587 -5.49771
v 106.66378 -19.77503 -5.37038
v 101.37249 -20.17991 18.04697
v 107.02495 -26.90323 -5.20704
v 102.11504 -28.96164 18.24876
v 109.73619 -33.37551 -5.03104
v 105.47110 -36.97313 18.46528
v 114.75315 -38.37166 -4.85959
v 112.63271 -43.02366 18.69232
v 123.57768 -46.00730 18.89881
v 123.81411 -46.28502 12.58604
v 128.95609 -46.16680 12.48533
v 128.81711 -46.22603 18.96810
v 141.79765 -35.73213 -4.59619
v 145.77227 -29.87571 -4.68145
v 150.07612 -32.64041 18.93897
v 144.20478 -40.02339 19.02296
v 147.20547 -23.03567 -4.82028
v 151.84984 -24.17354 18.77375
v 146.20624 -15.99689 -4.99205
v 150.90826 -15.41952 18.56950
v 142.64864 -9.64355 -5.17957
v 147.40409 -7.42885 18.35097
v 138.54373 -5.65441 -5.31649
v 142.52237 -2.46301 18.18232
v 135.90479 -0.48471 3.15550
v 132.54888 0.75863 3.10696
v 134.03927 2.01109 17.97712
v 135.45087 1.26659 18.01113
v 124.43975 1.38053 2.91421
v 124.11812 3.19624 17.82240
v 124.11812 3.19624 17.82240
v 124.43975 1.38053 2.91421
v 116.63728 -0.83562 2.71991
v 114.66928 0.05333 17.76608
v 107.27223 -5.98019 17.80164
v 112.80106 -1.47055 17.77515
v 113.73639 -4.94828 2.64777
v 114.75039 -6.48774 -5.57847
v 112.31786 -8.17888 -5.56901
v 101.17537 -11.32434 32.35666
v 99.36438 -21.11175 33.56946
v 99.98280 -30.00213 34.72559
v 103.38228 -38.76156 35.88977
v 112.18394 -44.57032 35.32334
v 123.57768 -46.00730 18.89881
v 120.84755 -46.09571 34.76077
v 128.81711 -46.22603 18.96810
v 128.58642 -46.09730 34.59160
v 128.81711 -46.22603 18.96810
v 134.15753 -45.01787 19.00590
v 136.25675 -44.69372 34.84002
v 128.58642 -46.09730 34.59160
v 144.61701 -41.44409 35.61062
v 152.02593 -33.79854 35.68763
v 153.65522 -24.62515 34.51513
v 152.59196 -15.80013 33.36368
v 148.87565 -6.57158 32.17322
v 143.60157 -1.18564 31.42862
v 134.43838 3.57237 30.72989
v 123.73661 4.68446 30.48928
v 123.73661 4.68446 30.48928
v 113.48729 1.42149 30.81868
v 105.45566 -5.07588 31.58679
v 136.25675 -44.69372 34.84002
v 120.84755 -46.09571 34.76077
v 128.58642 -46.09730 34.59160
v 144.61701 -41.44409 35.61062
v 112.18394 -44.57032 35.32334
v 152.02593 -33.79854 35.68763
v 103.38228 -38.76156 35.88977
v 153.65522 -24.62515 34.51513
v 99.98280 -30.00213 34.72559
v 152.59196 -15.80013 33.36368
v 99.36438 -21.11175 33.56946
v 148.87565 -6.57158 32.17322
v 101.17537 -11.32434 32.35666
v 143.60157 -1.18564 31.42862
v 105.45566 -5.07588 31.58679
v 134.43838 3.57237 30.72989
v 113.48729 1.42149 30.81868
v 105.45566 -5.07588 31.58679
v 134.43838 3.57237 30.72989
v 123.73661 4.68446 30.48928
v 113.48729 1.42149 30.81868
v 134.43838 3.57237 30.72989
v 108.94278 -12.81587 -5.49771
v 109.22630 -13.03231 17.85467
v 107.57336 -19.41570 17.98432
v 106.66378 -19.77503 -5.37038
v 108.20349 -25.97853 18.14308
v 107.02495 -26.90323 -5.20704
v 111.04097 -31.92967 18.31150
v 109.73619 -33.37551 -5.03104
v 115.74315 -36.55119 18.46974
v 114.75315 -38.37166 -4.85959
v 121.74330 -39.28552 18.59818
v 122.63057 -41.88183 -4.68713
v 128.31756 -39.80311 18.68162
v 128.78924 -42.22062 -4.60633
v 134.67293 -38.04120 18.71021
v 135.08936 -40.63505 -4.56809
v 140.04294 -34.21270 18.68015
v 141.79765 -35.73213 -4.59619
v 143.77974 -28.77915 18.59517
v 145.77227 -29.87571 -4.68145
v 145.43267 -22.39575 18.46551
v 147.20547 -23.03567 -4.82028
v 144.80254 -15.83293 18.30676
v 146.20624 -15.99689 -4.99205
v 141.96531 -9.88174 18.13834
v 142.64864 -9.64355 -5.17957
v 137.26288 -5.26026 17.98010
v 138.54373 -5.65441 -5.31649
v 131.26274 -2.52593 17.85166
v 132.08106 -2.79765 -5.45742
v 135.47750 -4.29889 -5.38334
v 124.68847 -2.00834 17.76796
v 125.01967 -2.48034 -5.54849
v 118.33309 -3.77025 17.73962
v 118.12665 -4.14069 -5.59166
v 112.96309 -7.59875 17.76969
v 112.31786 -8.17888 -5.56901
v 114.75039 -6.48774 -5.57847
v 135.47750 -4.29889 -5.38334
v 136.19918 -2.58374 3.20120
v 113.46082 -2.99307 2.64920
v 135.45087 1.26659 18.01113
v 136.19918 -2.58374 3.20120
v 135.31640 -3.15014 -5.40836
v 135.47750 -4.29889 -5.38334
v 114.58928 -5.33899 -5.60348
v 114.75039 -6.48774 -5.57847
v 113.73639 -4.94828 2.64777
v 112.80106 -1.47055 17.77515
v 131.92504 -1.68517 -5.48164
v 124.86369 -1.36812 -5.57270
v 117.97067 -3.02846 -5.61587
v 124.86369 -1.36812 -5.57270
v 125.15810 -3.10283 -9.29261
v 132.21391 -3.38034 -9.20241
v 118.25954 -4.72363 -9.33665
v 115.77644 -6.23246 -9.32519
v 115.77644 -6.23246 -9.32519
v 118.25954 -4.72363 -9.33665
v 125.15810 -3.10283 -9.29261
v 132.21391 -3.38034 -9.20241
v 125.15810 -3.10283 -9.29261
v 134.52093 -4.32224 -9.15704
v 134.52093 -4.32224 -9.15704
v 121.21799 -44.81668 12.58447
v 122.63057 -41.88183 -4.68713
v 120.63948 -43.54625 7.31303
v 136.23053 -43.38817 12.48343
v 136.51413 -42.16931 7.37417
v 135.08936 -40.63505 -4.56809
v 136.23053 -43.38817 12.48343
v 134.15753 -45.01787 19.00590
v 134.32490 -45.27415 12.50582
v 121.21799 -44.81668 12.58447
v 128.95609 -46.16680 12.48533
v 128.81711 -46.22603 18.96810
v 123.74029 -43.36983 -4.64001
v 123.38671 -45.94099 7.32569
v 120.63948 -43.54625 7.31303
v 122.63057 -41.88183 -4.68713
v 128.97796 -43.56632 -4.57703
v 129.04782 -45.98069 7.29609
v 128.97796 -43.56632 -4.57703
v 134.42568 -42.32759 -4.54596
v 134.89462 -44.81335 7.37783
v 129.04782 -45.98069 7.29609
v 135.08936 -40.63505 -4.56809
v 136.51413 -42.16931 7.37417
v 133.66506 -41.23680 -7.92669
v 128.79771 -41.95634 -7.95838
v 133.66506 -41.23680 -7.92669
v 128.79771 -41.95634 -7.95838
v 124.25438 -42.05520 -8.00426
v 128.79771 -41.95634 -7.95838
v 124.25438 -42.05520 -8.00426
v -103.29406 -11.69219 17.88410
v -101.37249 -20.17992 18.04701
v -106.66359 -19.77509 -5.37027
v -108.94270 -12.81592 -5.49780
v -102.11486 -28.96179 18.24870
v -107.02490 -26.90313 -5.20703
v -105.47111 -36.97322 18.46519
v -109.73622 -33.37562 -5.03111
v -112.63257 -43.02349 18.69222
v -114.75318 -38.37172 -4.85980
v -123.57763 -46.00746 18.89895
v -128.81712 -46.22586 18.96821
v -128.95612 -46.16656 12.48522
v -123.81420 -46.28497 12.58608
v -141.79765 -35.73205 -4.59597
v -144.20478 -40.02326 19.02285
v -150.07603 -32.64041 18.93880
v -145.77235 -29.87564 -4.68138
v -151.84976 -24.17336 18.77387
v -147.20524 -23.03570 -4.82024
v -150.90817 -15.41937 18.56936
v -146.20621 -15.99699 -4.99218
v -147.40405 -7.42887 18.35087
v -142.64869 -9.64349 -5.17969
v -142.52214 -2.46295 18.18227
v -138.54374 -5.65454 -5.31651
v -135.90472 -0.48463 3.15548
v -135.45071 1.26657 18.01119
v -134.03936 2.01103 17.97700
v -132.54882 0.75859 3.10672
v -124.11804 3.19635 17.82242
v -124.43972 1.38061 2.91415
v -124.11804 3.19635 17.82242
v -114.66905 0.05345 17.76607
v -116.63717 -0.83562 2.71969
v -124.43972 1.38061 2.91415
v -112.31772 -8.17879 -5.56899
v -114.75029 -6.48778 -5.57859
v -113.73648 -4.94836 2.64772
v -107.27216 -5.98007 17.80170
v -112.80100 -1.47059 17.77515
v -101.17526 -11.32428 32.35679
v -99.36432 -21.11170 33.56949
v -99.98266 -30.00211 34.72552
v -103.38233 -38.76158 35.88977
v -112.18394 -44.57020 35.32314
v -120.84744 -46.09550 34.76084
v -123.57763 -46.00746 18.89895
v -128.58639 -46.09717 34.59162
v -128.81712 -46.22586 18.96821
v -128.81712 -46.22586 18.96821
v -128.58639 -46.09717 34.59162
v -136.25669 -44.69369 34.83995
v -134.15746 -45.01793 19.00600
v -144.61693 -41.44420 35.61079
v -152.02589 -33.79842 35.68759
v -153.65496 -24.62516 34.51528
v -152.59177 -15.80023 33.36373
v -148.87539 -6.57167 32.17338
v -143.60152 -1.18563 31.42865
v -134.43825 3.57242 30.72997
v -123.73652 4.68443 30.48931
v -123.73652 4.68443 30.48931
v -113.48721 1.42168 30.81888
v -105.45572 -5.07601 31.58695
v -136.25669 -44.69369 34.83995
v -128.58639 -46.09717 34.59162
v -120.84744 -46.09550 34.76084
v -144.61693 -41.44420 35.61079
v -112.18394 -44.57020 35.32314
v -152.02589 -33.79842 35.68759
v -103.38233 -38.76158 35.88977
v -153.65496 -24.62516 34.51528
v -99.98266 -30.00211 34.72552
v -152.59177 -15.80023 33.36373
v -99.36432 -21.11170 33.56949
v -148.87539 -6.57167 32.17338
v -101.17526 -11.32428 32.35679
v -143.60152 -1.18563 31.42865
v -105.45572 -5.07601 31.58695
v -134.43825 3.57242 30.72997
v -143.60152 -1.18563 31.42865
v -105.45572 -5.07601 31.58695
v -105.45572 -5.07601 31.58695
v -113.48721 1.42168 30.81888
v -134.43825 3.57242 30.72997
v -123.73652 4.68443 30.48931
v -134.43825 3.57242 30.72997
v -113.48721 1.42168 30.81888
v -108.94270 -12.81592 -5.49780
v -106.66359 -19.77509 -5.37027
v -107.57320 -19.41576 17.98421
v -109.22618 -13.03248 17.85472
v -107.02490 -26.90313 -5.20703
v -108.20347 -25.97858 18.14298
v -109.73622 -33.37562 -5.03111
v -111.04088 -31.92986 18.31153
v -114.75318 -38.37172 -4.85980
v -115.74320 -36.55119 18.46948
v -122.63033 -41.88172 -4.68708
v -121.74335 -39.28555 18.59822
v -128.31752 -39.80310 18.68178
v -128.78922 -42.22059 -4.60633
v -134.67281 -38.04116 18.71025
v -135.08926 -40.63517 -4.56817
v -141.79765 -35.73205 -4.59597
v -140.04293 -34.21274 18.67996
v -145.77235 -29.87564 -4.68138
v -143.77969 -28.77901 18.59497
v -147.20524 -23.03570 -4.82024
v -145.43267 -22.39574 18.46549
v -146.20621 -15.99699 -4.99218
v -144.80265 -15.83295 18.30671
v -142.64869 -9.64349 -5.17969
v -141.96524 -9.88167 18.13816
v -138.54374 -5.65454 -5.31651
v -137.26268 -5.26030 17.98021
v -131.26253 -2.52594 17.85147
v -135.47727 -4.29892 -5.38339
v -132.08101 -2.79750 -5.45739
v -125.01945 -2.48052 -5.54841
v -124.68836 -2.00838 17.76817
v -118.12664 -4.14093 -5.59170
v -118.33310 -3.77007 17.73969
v -112.96319 -7.59878 17.76973
v -114.75029 -6.48778 -5.57859
v -112.31772 -8.17879 -5.56899
v -136.19917 -2.58376 3.20123
v -135.47727 -4.29892 -5.38339
v -113.46098 -2.99320 2.64900
v -135.45071 1.26657 18.01119
v -136.19917 -2.58376 3.20123
v -135.31623 -3.14995 -5.40849
v -135.47727 -4.29892 -5.38339
v -113.73648 -4.94836 2.64772
v -114.75029 -6.48778 -5.57859
v -114.58922 -5.33907 -5.60368
v -112.80100 -1.47059 17.77515
v -131.92511 -1.68522 -5.48160
v -124.86359 -1.36798 -5.57262
v -117.97052 -3.02836 -5.61591
v -124.86359 -1.36798 -5.57262
v -125.15800 -3.10279 -9.29249
v -132.21405 -3.38023 -9.20240
v -118.25944 -4.72362 -9.33671
v -115.77644 -6.23254 -9.32526
v -115.77644 -6.23254 -9.32526
v -118.25944 -4.72362 -9.33671
v -125.15800 -3.10279 -9.29249
v -132.21405 -3.38023 -9.20240
v -125.15800 -3.10279 -9.29249
v -134.52088 -4.32223 -9.15712
v -134.52088 -4.32223 -9.15712
v -120.63953 -43.54628 7.31302
v -122.63033 -41.88172 -4.68708
v -121.21816 -44.81661 12.58464
v -135.08926 -40.63517 -4.56817
v -136.51416 -42.16928 7.37407
v -136.23049 -43.38824 12.48345
v -136.23049 -43.38824 12.48345
v -134.32485 -45.27414 12.50578
v -134.15746 -45.01793 19.00600
v -121.21816 -44.81661 12.58464
v -128.95612 -46.16656 12.48522
v -128.81712 -46.22586 18.96821
v -123.74028 -43.36986 -4.63985
v -122.63033 -41.88172 -4.68708
v -120.63953 -43.54628 7.31302
v -123.38683 -45.94106 7.32571
v -129.04782 -45.98048 7.29604
v -128.97789 -43.56630 -4.57709
v -128.97789 -43.56630 -4.57709
v -129.04782 -45.98048 7.29604
v -134.89451 -44.81358 7.37775
v -134.42550 -42.32756 -4.54598
v -136.51416 -42.16928 7.37407
v -135.08926 -40.63517 -4.56817
v -133.66521 -41.23674 -7.92678
v -128.79769 -41.95638 -7.95840
v -133.66521 -41.23674 -7.92678
v -128.79769 -41.95638 -7.95840
v -124.25434 -42.05529 -8.00410
v -128.79769 -41.95638 -7.95840
v -124.25434 -42.05529 -8.00410
v -270.45404 21.96477 -70.89695
v -141.72475 9.65618 -2.29953
v -140.75717 11.49672 -4.31555
v -270.45387 23.44583 -72.73440
v -270.45387 20.07139 -72.23811
v -141.03703 7.36014 -3.98919
v -141.72475 9.65618 -2.29953
v -270.45404 21.96477 -70.89695
v -139.02226 6.15155 -8.54672
v -270.45392 18.83698 -77.46959
v -135.86708 13.59018 -15.01963
v -270.45380 25.61424 -85.66897
v -418.45594 38.53988 -163.11992
v -422.88586 37.82815 -153.44927
v -423.19732 36.77735 -152.76267
v -423.19732 36.77735 -152.76267
v -422.87660 35.65523 -153.45421
v -421.43379 34.53381 -156.59458
v -141.72475 9.65618 -2.29953
v -270.45404 21.96477 -70.89695
v -140.75717 11.49672 -4.31555
v -270.45387 23.44583 -72.73440
v -141.03703 7.36014 -3.98919
v -270.45387 20.07139 -72.23811
v -141.72475 9.65618 -2.29953
v -270.45404 21.96477 -70.89695
v -139.02226 6.15155 -8.54672
v -270.45392 18.83698 -77.46959
v -135.86708 13.59018 -15.01963
v -270.45380 25.61424 -85.66897
v -418.45594 38.53988 -163.11992
v -422.88586 37.82815 -153.44927
v -423.19732 36.77735 -152.76267
v -423.19732 36.77735 -152.76267
v -422.87660 35.65523 -153.45421
v -421.43379 34.53381 -156.59458
v 140.75733 11.49664 -4.31584
v 141.72466 9.65634 -2.29970
v 270.45404 21.96479 -70.89701
v 270.45399 23.44585 -72.73423
v 141.72466 9.65634 -2.29970
v 141.03717 7.36031 -3.98947
v 270.45409 20.07168 -72.23828
v 270.45404 21.96479 -70.89701
v 139.02241 6.15172 -8.54701
v 270.45414 18.83701 -77.46977
v 135.86735 13.59036 -15.01970
v 270.45414 25.61427 -85.66891
v 422.88591 37.82800 -153.44920
v 418.45579 38.53970 -163.11974
v 423.19736 36.77720 -152.76258
v 422.87669 35.65507 -153.45412
v 423.19736 36.77720 -152.76258
v 421.43364 34.53364 -156.59438
v 270.45404 21.96479 -70.89701
v 141.72466 9.65634 -2.29970
v 140.75733 11.49664 -4.31584
v 270.45421 23.44587 -72.73435
v 270.45409 20.07168 -72.23828
v 141.03717 7.36031 -3.98947
v 141.72466 9.65634 -2.29970
v 270.45404 21.96479 -70.89701
v 139.02241 6.15172 -8.54701
v 270.45414 18.83701 -77.46977
v 135.86735 13.59036 -15.01970
v 270.45414 25.61427 -85.66891
v 418.45579 38.53970 -163.11974
v 422.88591 37.82800 -153.44920
v 423.19736 36.77720 -152.76258
v 423.19736 36.77720 -152.76258
v 422.87669 35.65507 -153.45412
v 421.43364 34.53364 -156.59438
v -80.24909 -6.13535 -54.14487
v -79.50625 -4.81667 -70.79839
v -74.62866 -7.27265 -51.74736
v -70.76050 -6.34062 -71.21223
v -71.46948 -7.86837 -52.56067
v -79.50625 -4.81667 -70.79839
v -80.24909 -6.13535 -54.14487
v -70.76050 -6.34062 -71.21223
v -80.24909 -6.13535 -54.14487
v -74.62866 -7.27265 -51.74736
v -70.76050 -6.34062 -71.21223
v -71.46948 -7.86837 -52.56067
v 79.50622 -4.81665 -70.79839
v 80.24907 -6.13532 -54.14487
v 74.62864 -7.27262 -51.74736
v 70.76047 -6.34060 -71.21223
v 71.46946 -7.86834 -52.56067
v 80.24907 -6.13532 -54.14487
v 79.50622 -4.81665 -70.79839
v 70.76047 -6.34060 -71.21223
v 74.62864 -7.27262 -51.74736
v 80.24907 -6.13532 -54.14487
v 70.76047 -6.34060 -71.21223
v 71.46946 -7.86834 -52.56067
v 9.66923 -23.45117 351.59787
v 9.61613 -19.59297 373.11136
v -0.00002 -22.11575 373.34892
v -0.00004 -25.97896 351.59784
v 9.57902 -25.27208 329.07995
v -0.00004 -27.49966 329.26554
v -0.00002 -22.11575 373.34892
v 9.61613 -19.59297 373.11136
v 9.66923 -23.45117 351.59787
v 9.66923 -23.45117 351.59787
v -0.00004 -25.97896 351.59784
v -0.00002 -22.11575 373.34892
v 9.57902 -25.27208 329.07995
v -0.00004 -27.49966 329.26554
v -9.66937 -23.45130 351.59792
v -0.00011 -25.97905 351.59775
v -0.00009 -22.11559 373.34880
v -9.61613 -19.59309 373.11131
v -9.57897 -25.27217 329.08009
v -0.00011 -27.49976 329.26547
v -0.00009 -22.11559 373.34880
v -9.66937 -23.45130 351.59792
v -9.61613 -19.59309 373.11131
v -9.66937 -23.45130 351.59792
v -0.00009 -22.11559 373.34880
v -0.00011 -25.97905 351.59775
v -9.57897 -25.27217 329.08009
v -0.00011 -27.49976 329.26547
v -117.62535 6.93172 -91.63013
v -117.58310 8.52849 -78.65478
v -74.62877 2.43931 -79.06147
v -74.62877 2.43931 -79.06147
v -74.62883 0.62092 -91.72501
v -117.62535 6.93172 -91.63013
v -57.12534 -0.19523 -79.13015
v -57.09930 -2.05076 -91.74810
v -74.62883 0.62092 -91.72501
v -74.62883 0.62092 -91.72501
v -74.62877 2.43931 -79.06147
v -57.12534 -0.19523 -79.13015
v -117.58310 8.52849 -78.65478
v -117.62535 6.93172 -91.63013
v -74.62877 2.43931 -79.06147
v -57.12534 -0.19523 -79.13015
v -57.09930 -2.05076 -91.74810
v -131.12382 8.91265 -91.60038
v -269.40253 22.39771 -135.56930
v -270.05331 23.85919 -121.82583
v -270.05331 23.85919 -121.82583
v -131.12399 10.89647 -74.14014
v -131.12382 8.91265 -91.60038
v -269.40253 22.39771 -135.56930
v -131.12382 8.91265 -91.60038
v -270.05331 23.85919 -121.82583
v -131.12399 10.89647 -74.14014
v -270.05331 23.85919 -121.82583
v -131.12382 8.91265 -91.60038
v 74.62875 2.43931 -79.06151
v 117.58307 8.52849 -78.65478
v 117.62532 6.93172 -91.63013
v 117.62532 6.93172 -91.63013
v 74.62881 0.62092 -91.72505
v 74.62875 2.43931 -79.06151
v 74.62881 0.62092 -91.72505
v 57.09953 -2.05072 -91.74816
v 57.12532 -0.19523 -79.13021
v 57.12532 -0.19523 -79.13021
v 74.62875 2.43931 -79.06151
v 74.62881 0.62092 -91.72505
v 117.62532 6.93172 -91.63013
v 117.58307 8.52849 -78.65478
v 74.62875 2.43931 -79.06151
v 57.12532 -0.19523 -79.13021
v 57.09953 -2.05072 -91.74816
v 270.05329 23.85928 -121.82599
v 269.40263 22.39770 -135.56932
v 131.12392 8.91290 -91.60058
v 131.12392 8.91290 -91.60058
v 131.12397 10.89657 -74.14027
v 270.05329 23.85928 -121.82599
v 131.12392 8.91290 -91.60058
v 269.40263 22.39770 -135.56932
v 270.05329 23.85928 -121.82599
v 270.05329 23.85928 -121.82599
v 131.12397 10.89657 -74.14027
v 131.12392 8.91290 -91.60058
v 74.69879 -4.02210 27.27145
v 74.62871 -1.83452 36.83815
v 60.46503 -4.80897 46.83571
v 60.18229 -7.13166 37.08478
v 111.03617 2.64985 4.93506
v 101.88640 0.76095 8.90441
v 114.04877 4.11683 9.13432
v 47.45006 -11.64569 49.97597
v 47.03757 -11.13251 54.95743
v 74.69879 -4.02210 27.27145
v 60.46503 -4.80897 46.83571
v 74.62871 -1.83452 36.83815
v 60.18229 -7.13166 37.08478
v 111.03617 2.64985 4.93506
v 101.88640 0.76095 8.90441
v 114.04877 4.11683 9.13432
v 47.45006 -11.64569 49.97597
v 47.03757 -11.13251 54.95743
v 61.39748 -5.07975 38.70068
v 59.93257 -5.20946 37.25344
v 74.54475 -2.80643 27.38401
v 76.00949 -2.67647 28.83107
v 101.63655 2.68327 9.07327
v 97.45069 1.74356 14.33854
v 75.08959 -2.19109 28.19112
v 60.51661 -4.58689 38.07735
v 61.39748 -5.07975 38.70068
v 76.00949 -2.67647 28.83107
v 60.51661 -4.58689 38.07735
v 59.93257 -5.20946 37.25344
v 61.39748 -5.07975 38.70068
v 74.54475 -2.80643 27.38401
v 59.93257 -5.20946 37.25344
v 98.68804 2.63739 12.19208
v 101.63655 2.68327 9.07327
v 98.68804 2.63739 12.19208
v 97.45069 1.74356 14.33854
v 101.63655 2.68327 9.07327
v 97.45069 1.74356 14.33854
v 48.73482 -9.45241 51.31641
v 47.04409 -9.78231 50.18103
v 59.77613 -5.26829 37.28985
v 59.77613 -5.26829 37.28985
v 61.46685 -4.93839 38.42523
v 48.73482 -9.45241 51.31641
v 60.38459 -4.58160 37.98644
v 47.69283 -9.08305 50.88643
v 48.73482 -9.45241 51.31641
v 61.46685 -4.93839 38.42523
v 47.69283 -9.08305 50.88643
v 47.04409 -9.78231 50.18103
v 48.73482 -9.45241 51.31641
v 59.77613 -5.26829 37.28985
v 47.04409 -9.78231 50.18103
v 59.77613 -5.26829 37.28985
v 60.38459 -4.58160 37.98644
v 61.46685 -4.93839 38.42523
v -70.07519 -3.05461 -72.52880
v -71.65658 -2.54923 -52.05088
v -73.20998 -4.40045 -52.03257
v -71.62858 -4.90583 -72.51074
v -75.58994 -3.98080 -52.03257
v -74.00855 -4.48618 -72.51074
v -76.41651 -1.70993 -52.05088
v -74.83512 -2.21531 -72.52880
v -74.86310 0.14130 -52.06894
v -73.28172 -0.36408 -72.54712
v -72.48314 -0.27835 -52.06894
v -70.90175 -0.78373 -72.54712
v -70.07519 -3.05461 -72.52880
v -71.62858 -4.90583 -72.51074
v -74.00855 -4.48618 -72.51074
v -74.00855 -4.48618 -72.51074
v -74.83512 -2.21531 -72.52880
v -73.28172 -0.36408 -72.54712
v -70.07519 -3.05461 -72.52880
v -74.00855 -4.48618 -72.51074
v -73.28172 -0.36408 -72.54712
v -70.90175 -0.78373 -72.54712
v -70.07519 -3.05461 -72.52880
v -73.28172 -0.36408 -72.54712
v -72.48314 -0.27835 -52.06894
v -74.86310 0.14130 -52.06894
v -76.41651 -1.70993 -52.05088
v -76.41651 -1.70993 -52.05088
v -75.58994 -3.98080 -52.03257
v -73.20998 -4.40045 -52.03257
v -72.48314 -0.27835 -52.06894
v -76.41651 -1.70993 -52.05088
v -73.20998 -4.40045 -52.03257
v -71.65658 -2.54923 -52.05088
v -72.48314 -0.27835 -52.06894
v -73.20998 -4.40045 -52.03257
v -33.84148 -9.93515 -61.39860
v -61.40474 -5.07501 -61.39860
v -61.90204 -7.89539 -63.05211
v -34.33879 -12.75553 -63.05211
v -61.90204 -7.89539 -66.35915
v -34.33879 -12.75553 -66.35915
v -61.40474 -5.07501 -68.01266
v -33.84148 -9.93515 -68.01266
v -60.90738 -2.25437 -66.35915
v -33.34413 -7.11451 -66.35915
v -60.90738 -2.25437 -63.05211
v -33.34413 -7.11451 -63.05211
v -33.84148 -9.93515 -61.39860
v -34.33879 -12.75553 -63.05211
v -34.33879 -12.75553 -66.35915
v -34.33879 -12.75553 -66.35915
v -33.84148 -9.93515 -68.01266
v -33.34413 -7.11451 -66.35915
v -33.84148 -9.93515 -61.39860
v -34.33879 -12.75553 -66.35915
v -33.34413 -7.11451 -66.35915
v -33.34413 -7.11451 -63.05211
v -33.84148 -9.93515 -61.39860
v -33.34413 -7.11451 -66.35915
v -61.40474 -5.07501 -61.39860
v -72.53005 -2.56311 -62.68783
v -72.83348 -4.28395 -63.69673
v -61.90204 -7.89539 -63.05211
v -72.83348 -4.28395 -65.71428
v -61.90204 -7.89539 -66.35915
v -72.53005 -2.56311 -66.72318
v -61.40474 -5.07501 -68.01266
v -72.22662 -0.84227 -65.71428
v -60.90738 -2.25437 -66.35915
v -72.22662 -0.84227 -63.69673
v -60.90738 -2.25437 -63.05211
v -53.58291 -4.91157 -64.00505
v -53.58291 -4.91157 -60.40471
v -54.07770 -7.71767 -60.40471
v -54.07770 -7.71767 -60.40471
v -54.07770 -7.71767 -64.00505
v -53.58291 -4.91157 -64.00505
v -53.58291 -4.91157 -60.40471
v -72.23983 -1.02851 -54.10201
v -72.73457 -3.83437 -54.10201
v -72.73457 -3.83437 -54.10201
v -54.07770 -7.71767 -60.40471
v -53.58291 -4.91157 -60.40471
v -54.07770 -7.71767 -60.40471
v -72.73457 -3.83437 -54.10201
v -72.55770 -3.86555 -56.95878
v -72.55770 -3.86555 -56.95878
v -54.07770 -7.71767 -64.00505
v -54.07770 -7.71767 -60.40471
v -54.07770 -7.71767 -64.00505
v -72.55770 -3.86555 -56.95878
v -72.06296 -1.05970 -56.95878
v -72.06296 -1.05970 -56.95878
v -53.58291 -4.91157 -64.00505
v -54.07770 -7.71767 -64.00505
v -53.58291 -4.91157 -64.00505
v -72.06296 -1.05970 -56.95878
v -72.23983 -1.02851 -54.10201
v -72.23983 -1.02851 -54.10201
v -53.58291 -4.91157 -60.40471
v -53.58291 -4.91157 -64.00505
v -63.66433 -5.88884 -66.55426
v -71.21257 -3.93819 -71.40594
v -70.91656 -2.25944 -71.40594
v -70.91656 -2.25944 -71.40594
v -63.15632 -3.00783 -66.55426
v -63.66433 -5.88884 -66.55426
v -63.15632 -3.00783 -66.55426
v -70.91656 -2.25944 -71.40594
v -71.81393 -2.10121 -69.76718
v -66.27684 -2.45760 -66.55426
v -66.27684 -2.45760 -66.55426
v -71.81393 -2.10121 -69.76718
v -72.10994 -3.77996 -69.76718
v -72.10994 -3.77996 -69.76718
v -66.78483 -5.33861 -66.55426
v -66.27684 -2.45760 -66.55426
v -66.78483 -5.33861 -66.55426
v -72.10994 -3.77996 -69.76718
v -71.21257 -3.93819 -71.40594
v -63.66433 -5.88884 -66.55426
v -40.50131 -13.77209 -59.59856
v -38.78396 -4.03252 -59.59856
v -43.59550 -3.18412 -59.59856
v -43.59550 -3.18412 -59.59856
v -45.31285 -12.92369 -59.59856
v -40.50131 -13.77209 -59.59856
v -40.50131 -13.77209 -65.85877
v -45.31285 -12.92369 -65.85877
v -43.59550 -3.18412 -65.85877
v -43.59550 -3.18412 -65.85877
v -38.78396 -4.03252 -65.85877
v -40.50131 -13.77209 -65.85877
v -40.50131 -13.77209 -59.59856
v -40.50131 -13.77209 -65.85877
v -38.78396 -4.03252 -65.85877
v -38.78396 -4.03252 -65.85877
v -38.78396 -4.03252 -59.59856
v -40.50131 -13.77209 -59.59856
v -38.78396 -4.03252 -59.59856
v -38.78396 -4.03252 -65.85877
v -43.59550 -3.18412 -65.85877
v -43.59550 -3.18412 -65.85877
v -43.59550 -3.18412 -59.59856
v -38.78396 -4.03252 -59.59856
v -43.59550 -3.18412 -59.59856
v -43.59550 -3.18412 -65.85877
v -45.31285 -12.92369 -65.85877
v -45.31285 -12.92369 -65.85877
v -45.31285 -12.92369 -59.59856
v -43.59550 -3.18412 -59.59856
v -45.31285 -12.92369 -59.59856
v -45.31285 -12.92369 -65.85877
v -40.50131 -13.77209 -65.85877
v -40.50131 -13.77209 -65.85877
v -40.50131 -13.77209 -59.59856
v -45.31285 -12.92369 -59.59856
v -48.33734 -11.43334 -58.60848
v -71.46952 -7.86830 -52.56068
v -70.76051 -6.34064 -71.21210
v -48.17666 -9.88339 -71.91014
v -71.46952 -7.86830 -52.56068
v -48.33734 -11.43334 -58.60848
v -70.76051 -6.34064 -71.21210
v -48.17666 -9.88339 -71.91014
v -21.49436 -19.43955 -62.11599
v -19.01961 -5.40452 -62.11599
v -21.40608 -4.98372 -63.51513
v -23.88084 -19.01875 -63.51513
v -21.40608 -4.98372 -66.31338
v -23.88084 -19.01875 -66.31338
v -19.01961 -5.40452 -67.71252
v -21.49436 -19.43955 -67.71252
v -16.63313 -5.82532 -66.31338
v -19.10788 -19.86035 -66.31338
v -16.63313 -5.82532 -63.51513
v -19.10788 -19.86035 -63.51513
v -19.62638 -8.84570 -59.57212
v -18.99911 -5.28828 -59.57212
v -23.55536 -4.48489 -62.24319
v -24.18263 -8.04231 -62.24319
v -23.55536 -4.48489 -67.58532
v -24.18263 -8.04231 -67.58532
v -18.99911 -5.28828 -70.25639
v -19.62638 -8.84570 -70.25639
v -14.44285 -6.09166 -67.58532
v -15.07012 -9.64909 -67.58532
v -14.44285 -6.09166 -62.24319
v -15.07012 -9.64909 -62.24319
v -19.62638 -8.84570 -59.57212
v -24.18263 -8.04231 -62.24319
v -24.18263 -8.04231 -67.58532
v -24.18263 -8.04231 -67.58532
v -19.62638 -8.84570 -70.25639
v -15.07012 -9.64909 -67.58532
v -19.62638 -8.84570 -59.57212
v -24.18263 -8.04231 -67.58532
v -15.07012 -9.64909 -67.58532
v -15.07012 -9.64909 -62.24319
v -19.62638 -8.84570 -59.57212
v -15.07012 -9.64909 -67.58532
v -20.24128 -12.33297 -62.25133
v -34.27631 -9.85822 -62.25133
v -34.65890 -12.02800 -63.52327
v -20.62387 -14.50275 -63.52327
v -34.65890 -12.02800 -66.06714
v -20.62387 -14.50275 -66.06714
v -34.27631 -9.85822 -67.33907
v -20.24128 -12.33297 -67.33907
v -33.89376 -7.68869 -66.06714
v -19.85873 -10.16345 -66.06714
v -33.89376 -7.68869 -63.52327
v -19.85873 -10.16345 -63.52327
v -21.49436 -19.43955 -59.57212
v -20.86709 -15.88213 -59.57212
v -25.42334 -15.07874 -62.24319
v -26.05061 -18.63616 -62.24319
v -25.42334 -15.07874 -67.58532
v -26.05061 -18.63616 -67.58532
v -20.86709 -15.88213 -70.25639
v -21.49436 -19.43955 -70.25639
v -16.31083 -16.68552 -67.58532
v -16.93810 -20.24294 -67.58532
v -16.31083 -16.68552 -62.24319
v -16.93810 -20.24294 -62.24319
v -16.31083 -16.68552 -62.24319
v -16.31083 -16.68552 -67.58532
v -20.86709 -15.88213 -70.25639
v -20.86709 -15.88213 -70.25639
v -25.42334 -15.07874 -67.58532
v -25.42334 -15.07874 -62.24319
v -16.31083 -16.68552 -62.24319
v -20.86709 -15.88213 -70.25639
v -25.42334 -15.07874 -62.24319
v -20.86709 -15.88213 -59.57212
v -16.31083 -16.68552 -62.24319
v -25.42334 -15.07874 -62.24319
v -45.41599 -6.43818 -67.64528
v -45.41599 -6.43818 -69.04441
v -63.54481 -3.24158 -69.04441
v -63.54481 -3.24158 -69.04441
v -63.54481 -3.24158 -67.64528
v -45.41599 -6.43818 -67.64528
v -65.17227 -4.41408 -67.64528
v -64.04397 -6.07249 -67.64528
v -45.91515 -9.26908 -67.64528
v -63.54481 -3.24158 -67.64528
v -44.41296 -8.07450 -67.64528
v -45.41599 -6.43818 -67.64528
v -63.54481 -3.24158 -67.64528
v -44.41296 -8.07450 -67.64528
v -45.91515 -9.26908 -69.04441
v -45.91515 -9.26908 -67.64528
v -64.04397 -6.07249 -67.64528
v -64.04397 -6.07249 -67.64528
v -64.04397 -6.07249 -69.04441
v -45.91515 -9.26908 -69.04441
v -65.17227 -4.41408 -69.04441
v -63.54481 -3.24158 -69.04441
v -45.41599 -6.43818 -69.04441
v -64.04397 -6.07249 -69.04441
v -64.04397 -6.07249 -69.04441
v -45.41599 -6.43818 -69.04441
v -44.41296 -8.07450 -69.04441
v -45.91515 -9.26908 -69.04441
v -64.04397 -6.07249 -69.04441
v -44.41296 -8.07450 -69.04441
v -44.41296 -8.07450 -69.04441
v -44.41296 -8.07450 -67.64528
v -45.91515 -9.26908 -67.64528
v -45.91515 -9.26908 -67.64528
v -45.91515 -9.26908 -69.04441
v -44.41296 -8.07450 -69.04441
v -44.41296 -8.07450 -67.64528
v -44.41296 -8.07450 -69.04441
v -45.41599 -6.43818 -69.04441
v -45.41599 -6.43818 -67.64528
v -63.54481 -3.24158 -67.64528
v -63.54481 -3.24158 -69.04441
v -65.17227 -4.41408 -69.04441
v -65.17227 -4.41408 -69.04441
v -65.17227 -4.41408 -67.64528
v -63.54481 -3.24158 -67.64528
v -64.04397 -6.07249 -69.04441
v -64.04397 -6.07249 -67.64528
v -65.17227 -4.41408 -67.64528
v -65.17227 -4.41408 -67.64528
v -65.17227 -4.41408 -69.04441
v -64.04397 -6.07249 -69.04441
v -44.19176 -6.76932 -67.16347
v -64.00104 -6.07757 -67.16347
v -64.00104 -6.07757 -69.52622
v -64.00104 -6.07757 -69.52622
v -44.19176 -6.76932 -69.52622
v -44.19176 -6.76932 -67.16347
v -65.22204 -4.59677 -67.16347
v -64.00104 -6.07757 -67.16347
v -44.19176 -6.76932 -67.16347
v -65.22204 -4.59677 -67.16347
v -44.19176 -6.76932 -67.16347
v -44.09144 -3.89650 -67.16347
v -63.90072 -3.20475 -67.16347
v -65.22204 -4.59677 -67.16347
v -44.09144 -3.89650 -67.16347
v -44.09144 -3.89650 -69.52622
v -63.90072 -3.20475 -69.52622
v -63.90072 -3.20475 -67.16347
v -63.90072 -3.20475 -67.16347
v -44.09144 -3.89650 -67.16347
v -44.09144 -3.89650 -69.52622
v -65.22204 -4.59677 -69.52622
v -63.90072 -3.20475 -69.52622
v -44.09144 -3.89650 -69.52622
v -65.22204 -4.59677 -69.52622
v -44.09144 -3.89650 -69.52622
v -44.19176 -6.76932 -69.52622
v -64.00104 -6.07757 -69.52622
v -65.22204 -4.59677 -69.52622
v -44.19176 -6.76932 -69.52622
v -64.00104 -6.07757 -69.52622
v -64.00104 -6.07757 -67.16347
v -65.22204 -4.59677 -67.16347
v -65.22204 -4.59677 -67.16347
v -65.22204 -4.59677 -69.52622
v -64.00104 -6.07757 -69.52622
v -63.90072 -3.20475 -67.16347
v -63.90072 -3.20475 -69.52622
v -65.22204 -4.59677 -69.52622
v -65.22204 -4.59677 -69.52622
v -65.22204 -4.59677 -67.16347
v -63.90072 -3.20475 -67.16347
v -37.31908 -24.97311 -58.23453
v -42.60576 -23.43377 -58.41386
v -42.14797 -23.39679 -71.70443
v -37.75669 -24.67549 -71.55498
v -38.73492 -24.47533 -64.96435
v -46.05867 -21.65273 -58.53083
v -45.77151 -21.58963 -71.82785
v -45.77151 -21.58963 -71.82785
v -46.05867 -21.65273 -58.53083
v -47.97941 -15.84696 -58.59625
v -47.84406 -15.84697 -71.89861
v -48.33747 -11.43332 -58.60828
v -48.17669 -9.88342 -71.90980
v -46.05867 -21.65273 -58.53083
v -42.60576 -23.43377 -58.41386
v -42.14797 -23.39679 -71.70443
v -45.77151 -21.58963 -71.82785
v -48.33747 -11.43332 -58.60828
v -47.97941 -15.84696 -58.59625
v -47.84406 -15.84697 -71.89861
v -48.17669 -9.88342 -71.90980
v -42.14797 -23.39679 -71.70443
v -38.73492 -24.47533 -64.96435
v -37.75669 -24.67549 -71.55498
v -38.73492 -24.47533 -64.96435
v -37.31908 -24.97311 -58.23453
v 70.07513 -3.05461 -72.52886
v 71.62853 -4.90583 -72.51080
v 73.20992 -4.40045 -52.03262
v 71.65652 -2.54923 -52.05094
v 74.00850 -4.48618 -72.51080
v 75.58989 -3.98080 -52.03262
v 74.83506 -2.21531 -72.52886
v 76.41645 -1.70993 -52.05094
v 73.28166 -0.36408 -72.54718
v 74.86305 0.14130 -52.06900
v 70.90170 -0.78373 -72.54718
v 72.48309 -0.27835 -52.06900
v 73.28166 -0.36408 -72.54718
v 74.83506 -2.21531 -72.52886
v 74.00850 -4.48618 -72.51080
v 74.00850 -4.48618 -72.51080
v 71.62853 -4.90583 -72.51080
v 70.07513 -3.05461 -72.52886
v 73.28166 -0.36408 -72.54718
v 74.00850 -4.48618 -72.51080
v 70.07513 -3.05461 -72.52886
v 70.90170 -0.78373 -72.54718
v 73.28166 -0.36408 -72.54718
v 70.07513 -3.05461 -72.52886
v 73.20992 -4.40045 -52.03262
v 75.58989 -3.98080 -52.03262
v 76.41645 -1.70993 -52.05094
v 76.41645 -1.70993 -52.05094
v 74.86305 0.14130 -52.06900
v 72.48309 -0.27835 -52.06900
v 73.20992 -4.40045 -52.03262
v 76.41645 -1.70993 -52.05094
v 72.48309 -0.27835 -52.06900
v 71.65652 -2.54923 -52.05094
v 73.20992 -4.40045 -52.03262
v 72.48309 -0.27835 -52.06900
v 33.84143 -9.93515 -61.39865
v 34.33874 -12.75553 -63.05217
v 61.90199 -7.89539 -63.05217
v 61.40468 -5.07501 -61.39865
v 34.33874 -12.75553 -66.35921
v 61.90199 -7.89539 -66.35921
v 33.84143 -9.93515 -68.01272
v 61.40468 -5.07501 -68.01272
v 33.34408 -7.11451 -66.35921
v 60.90733 -2.25437 -66.35921
v 33.34408 -7.11451 -63.05217
v 60.90733 -2.25437 -63.05217
v 33.34408 -7.11451 -66.35921
v 33.84143 -9.93515 -68.01272
v 34.33874 -12.75553 -66.35921
v 34.33874 -12.75553 -66.35921
v 34.33874 -12.75553 -63.05217
v 33.84143 -9.93515 -61.39865
v 33.34408 -7.11451 -66.35921
v 34.33874 -12.75553 -66.35921
v 33.84143 -9.93515 -61.39865
v 33.34408 -7.11451 -63.05217
v 33.34408 -7.11451 -66.35921
v 33.84143 -9.93515 -61.39865
v 61.40468 -5.07501 -61.39865
v 61.90199 -7.89539 -63.05217
v 72.83343 -4.28395 -63.69679
v 72.53000 -2.56311 -62.68789
v 61.90199 -7.89539 -66.35921
v 72.83343 -4.28395 -65.71433
v 61.40468 -5.07501 -68.01272
v 72.53000 -2.56311 -66.72323
v 60.90733 -2.25437 -66.35921
v 72.22656 -0.84227 -65.71433
v 60.90733 -2.25437 -63.05217
v 72.22656 -0.84227 -63.69679
v 53.58286 -4.91157 -64.00511
v 54.07765 -7.71767 -64.00511
v 54.07765 -7.71767 -60.40476
v 53.58286 -4.91157 -60.40476
v 53.58286 -4.91157 -60.40476
v 54.07765 -7.71767 -60.40476
v 72.73452 -3.83437 -54.10206
v 72.73452 -3.83437 -54.10206
v 72.23977 -1.02851 -54.10206
v 53.58286 -4.91157 -60.40476
v 54.07765 -7.71767 -60.40476
v 54.07765 -7.71767 -64.00511
v 72.55765 -3.86555 -56.95883
v 72.55765 -3.86555 -56.95883
v 72.73452 -3.83437 -54.10206
v 54.07765 -7.71767 -60.40476
v 54.07765 -7.71767 -64.00511
v 53.58286 -4.91157 -64.00511
v 72.06290 -1.05970 -56.95883
v 72.06290 -1.05970 -56.95883
v 72.55765 -3.86555 -56.95883
v 54.07765 -7.71767 -64.00511
v 53.58286 -4.91157 -64.00511
v 53.58286 -4.91157 -60.40476
v 72.23977 -1.02851 -54.10206
v 72.23977 -1.02851 -54.10206
v 72.06290 -1.05970 -56.95883
v 53.58286 -4.91157 -64.00511
v 63.66427 -5.88884 -66.55432
v 63.15627 -3.00783 -66.55432
v 70.91650 -2.25944 -71.40574
v 70.91650 -2.25944 -71.40574
v 71.21252 -3.93819 -71.40574
v 63.66427 -5.88884 -66.55432
v 63.15627 -3.00783 -66.55432
v 66.27678 -2.45760 -66.55432
v 71.81388 -2.10121 -69.76723
v 70.91650 -2.25944 -71.40574
v 66.27678 -2.45760 -66.55432
v 66.78478 -5.33861 -66.55432
v 72.10989 -3.77996 -69.76723
v 72.10989 -3.77996 -69.76723
v 71.81388 -2.10121 -69.76723
v 66.27678 -2.45760 -66.55432
v 66.78478 -5.33861 -66.55432
v 63.66427 -5.88884 -66.55432
v 71.21252 -3.93819 -71.40574
v 72.10989 -3.77996 -69.76723
v 40.50126 -13.77209 -59.59861
v 45.31279 -12.92369 -59.59861
v 43.59545 -3.18412 -59.59861
v 43.59545 -3.18412 -59.59861
v 38.78391 -4.03252 -59.59861
v 40.50126 -13.77209 -59.59861
v 40.50126 -13.77209 -65.85883
v 38.78391 -4.03252 -65.85883
v 43.59545 -3.18412 -65.85883
v 43.59545 -3.18412 -65.85883
v 45.31279 -12.92369 -65.85883
v 40.50126 -13.77209 -65.85883
v 40.50126 -13.77209 -59.59861
v 38.78391 -4.03252 -59.59861
v 38.78391 -4.03252 -65.85883
v 38.78391 -4.03252 -65.85883
v 40.50126 -13.77209 -65.85883
v 40.50126 -13.77209 -59.59861
v 38.78391 -4.03252 -59.59861
v 43.59545 -3.18412 -59.59861
v 43.59545 -3.18412 -65.85883
v 43.59545 -3.18412 -65.85883
v 38.78391 -4.03252 -65.85883
v 38.78391 -4.03252 -59.59861
v 43.59545 -3.18412 -59.59861
v 45.31279 -12.92369 -59.59861
v 45.31279 -12.92369 -65.85883
v 45.31279 -12.92369 -65.85883
v 43.59545 -3.18412 -65.85883
v 43.59545 -3.18412 -59.59861
v 45.31279 -12.92369 -59.59861
v 40.50126 -13.77209 -59.59861
v 40.50126 -13.77209 -65.85883
v 40.50126 -13.77209 -65.85883
v 45.31279 -12.92369 -65.85883
v 45.31279 -12.92369 -59.59861
v 70.76046 -6.34064 -71.21215
v 71.46947 -7.86830 -52.56073
v 48.33753 -11.43330 -58.60854
v 48.17661 -9.88339 -71.91019
v 48.33753 -11.43330 -58.60854
v 71.46947 -7.86830 -52.56073
v 70.76046 -6.34064 -71.21215
v 48.17661 -9.88339 -71.91019
v 21.49430 -19.43955 -62.11605
v 23.88078 -19.01875 -63.51518
v 21.40603 -4.98372 -63.51518
v 19.01955 -5.40452 -62.11605
v 23.88078 -19.01875 -66.31344
v 21.40603 -4.98372 -66.31344
v 21.49430 -19.43955 -67.71257
v 19.01955 -5.40452 -67.71257
v 19.10782 -19.86035 -66.31344
v 16.63307 -5.82532 -66.31344
v 19.10782 -19.86035 -63.51518
v 16.63307 -5.82532 -63.51518
v 19.62632 -8.84570 -59.57218
v 24.18258 -8.04231 -62.24324
v 23.55531 -4.48489 -62.24324
v 18.99905 -5.28828 -59.57218
v 24.18258 -8.04231 -67.58537
v 23.55531 -4.48489 -67.58537
v 19.62632 -8.84570 -70.25644
v 18.99905 -5.28828 -70.25644
v 15.07007 -9.64909 -67.58537
v 14.44280 -6.09166 -67.58537
v 15.07007 -9.64909 -62.24324
v 14.44280 -6.09166 -62.24324
v 15.07007 -9.64909 -67.58537
v 19.62632 -8.84570 -70.25644
v 24.18258 -8.04231 -67.58537
v 24.18258 -8.04231 -67.58537
v 24.18258 -8.04231 -62.24324
v 19.62632 -8.84570 -59.57218
v 15.07007 -9.64909 -67.58537
v 24.18258 -8.04231 -67.58537
v 19.62632 -8.84570 -59.57218
v 15.07007 -9.64909 -62.24324
v 15.07007 -9.64909 -67.58537
v 19.62632 -8.84570 -59.57218
v 20.24122 -12.33297 -62.25138
v 20.62381 -14.50275 -63.52332
v 34.65884 -12.02800 -63.52332
v 34.27625 -9.85822 -62.25138
v 20.62381 -14.50275 -66.06719
v 34.65884 -12.02800 -66.06719
v 20.24122 -12.33297 -67.33913
v 34.27625 -9.85822 -67.33913
v 19.85868 -10.16345 -66.06719
v 33.89371 -7.68869 -66.06719
v 19.85868 -10.16345 -63.52332
v 33.89371 -7.68869 -63.52332
v 21.49430 -19.43955 -59.57218
v 26.05056 -18.63616 -62.24324
v 25.42329 -15.07874 -62.24324
v 20.86703 -15.88213 -59.57218
v 26.05056 -18.63616 -67.58537
v 25.42329 -15.07874 -67.58537
v 21.49430 -19.43955 -70.25644
v 20.86703 -15.88213 -70.25644
v 16.93805 -20.24294 -67.58537
v 16.31078 -16.68552 -67.58537
v 16.93805 -20.24294 -62.24324
v 16.31078 -16.68552 -62.24324
v 25.42329 -15.07874 -62.24324
v 25.42329 -15.07874 -67.58537
v 20.86703 -15.88213 -70.25644
v 20.86703 -15.88213 -70.25644
v 16.31078 -16.68552 -67.58537
v 16.31078 -16.68552 -62.24324
v 25.42329 -15.07874 -62.24324
v 20.86703 -15.88213 -70.25644
v 16.31078 -16.68552 -62.24324
v 20.86703 -15.88213 -59.57218
v 25.42329 -15.07874 -62.24324
v 16.31078 -16.68552 -62.24324
v 38.73487 -24.47548 -64.96519
v 37.75665 -24.67539 -71.55579
v 42.14792 -23.39694 -71.70527
v 37.31904 -24.97300 -58.23534
v 42.60572 -23.43391 -58.41471
v 45.77146 -21.58953 -71.82867
v 46.05862 -21.65285 -58.53193
v 45.77146 -21.58953 -71.82867
v 47.84401 -15.84686 -71.89943
v 47.97962 -15.84689 -58.59682
v 46.05862 -21.65285 -58.53193
v 48.33742 -11.43347 -58.60913
v 48.17664 -9.88357 -71.91065
v 46.05862 -21.65285 -58.53193
v 45.77146 -21.58953 -71.82867
v 42.14792 -23.39694 -71.70527
v 42.60572 -23.43391 -58.41471
v 48.33742 -11.43347 -58.60913
v 48.17664 -9.88357 -71.91065
v 47.84401 -15.84686 -71.89943
v 47.97962 -15.84689 -58.59682
v 42.14792 -23.39694 -71.70527
v 37.75665 -24.67539 -71.55579
v 38.73487 -24.47548 -64.96519
v 38.73487 -24.47548 -64.96519
v 37.31904 -24.97300 -58.23534
v 45.41593 -6.43815 -67.64533
v 63.54475 -3.24155 -67.64533
v 63.54475 -3.24155 -69.04447
v 63.54475 -3.24155 -69.04447
v 45.41593 -6.43815 -69.04447
v 45.41593 -6.43815 -67.64533
v 45.91509 -9.26906 -67.64533
v 64.04392 -6.07246 -67.64533
v 65.17221 -4.41405 -67.64533
v 45.91509 -9.26906 -67.64533
v 65.17221 -4.41405 -67.64533
v 63.54475 -3.24155 -67.64533
v 44.41290 -8.07447 -67.64533
v 45.91509 -9.26906 -67.64533
v 63.54475 -3.24155 -67.64533
v 45.41593 -6.43815 -67.64533
v 44.41290 -8.07447 -67.64533
v 63.54475 -3.24155 -67.64533
v 45.91509 -9.26906 -69.04447
v 64.04392 -6.07246 -69.04447
v 64.04392 -6.07246 -67.64533
v 64.04392 -6.07246 -67.64533
v 45.91509 -9.26906 -67.64533
v 45.91509 -9.26906 -69.04447
v 45.41593 -6.43815 -69.04447
v 63.54475 -3.24155 -69.04447
v 65.17221 -4.41405 -69.04447
v 45.41593 -6.43815 -69.04447
v 65.17221 -4.41405 -69.04447
v 64.04392 -6.07246 -69.04447
v 44.41290 -8.07447 -69.04447
v 45.91509 -9.26906 -69.04447
v 44.41290 -8.07447 -69.04447
v 45.91509 -9.26906 -69.04447
v 45.91509 -9.26906 -67.64533
v 45.91509 -9.26906 -67.64533
v 44.41290 -8.07447 -67.64533
v 44.41290 -8.07447 -69.04447
v 44.41290 -8.07447 -67.64533
v 45.41593 -6.43815 -67.64533
v 45.41593 -6.43815 -69.04447
v 44.41290 -8.07447 -69.04447
v 63.54475 -3.24155 -67.64533
v 65.17221 -4.41405 -67.64533
v 65.17221 -4.41405 -69.04447
v 63.54475 -3.24155 -69.04447
v 64.04392 -6.07246 -69.04447
v 65.17221 -4.41405 -69.04447
v 65.17221 -4.41405 -67.64533
v 65.17221 -4.41405 -67.64533
v 64.04392 -6.07246 -67.64533
v 64.04392 -6.07246 -69.04447
v 44.19145 -6.76931 -67.16353
v 44.19145 -6.76931 -69.52627
v 64.00098 -6.07755 -69.52627
v 64.00098 -6.07755 -67.16353
v 44.19145 -6.76931 -67.16353
v 64.00098 -6.07755 -67.16353
v 65.22198 -4.59674 -67.16353
v 44.09113 -3.89648 -67.16353
v 44.19145 -6.76931 -67.16353
v 65.22198 -4.59674 -67.16353
v 63.90066 -3.20472 -67.16353
v 44.09113 -3.89648 -69.52627
v 44.09113 -3.89648 -67.16353
v 63.90066 -3.20472 -67.16353
v 63.90066 -3.20472 -67.16353
v 63.90066 -3.20472 -69.52627
v 44.09113 -3.89648 -69.52627
v 44.09113 -3.89648 -69.52627
v 63.90066 -3.20472 -69.52627
v 65.22198 -4.59674 -69.52627
v 44.19145 -6.76931 -69.52627
v 44.09113 -3.89648 -69.52627
v 65.22198 -4.59674 -69.52627
v 64.00098 -6.07755 -69.52627
v 64.00098 -6.07755 -69.52627
v 65.22198 -4.59674 -69.52627
v 65.22198 -4.59674 -67.16353
v 65.22198 -4.59674 -67.16353
v 64.00098 -6.07755 -67.16353
v 64.00098 -6.07755 -69.52627
v 63.90066 -3.20472 -67.16353
v 65.22198 -4.59674 -67.16353
v 65.22198 -4.59674 -69.52627
v 65.22198 -4.59674 -69.52627
v 63.90066 -3.20472 -69.52627
v 63.90066 -3.20472 -67.16353
v -234.44826 17.60031 -136.18457
v -234.56867 7.80755 -136.29228
v -235.38978 7.73540 -109.78551
v -235.23694 15.81621 -109.78533
v -225.75222 14.60168 -103.79063
v -227.12727 7.57139 -101.80005
v -227.12702 6.76045 -109.78539
v -225.57046 15.03851 -109.78534
v -227.66827 6.84386 -134.32912
v -226.05943 16.76932 -133.88469
v -231.53987 6.11331 -102.42919
v -231.61602 5.55103 -109.78551
v -231.63599 5.63423 -135.42932
v -231.61602 5.55103 -109.78551
v -231.63599 5.63423 -135.42932
v -231.07182 11.26219 -156.31058
v -226.05943 16.76932 -133.88469
v -230.02411 11.11350 -156.31052
v -231.41081 8.26720 -156.31049
v -231.06316 7.65925 -156.31038
v -230.42749 8.09790 -156.31059
v -231.06316 7.65925 -156.31038
v -230.02411 11.11350 -156.31052
v -230.69610 9.33441 -157.53323
v -230.69610 9.33441 -157.53323
v -231.53987 6.11331 -102.42919
v -235.28854 8.29374 -101.75494
v -235.14715 15.32826 -103.79288
v -235.28854 8.29374 -101.75494
v -231.53987 6.11331 -102.42919
v -227.12727 7.57139 -101.80005
v -225.75222 14.60168 -103.79063
v -235.14715 15.32826 -103.79288
v -225.57046 15.03851 -109.78534
v -226.05943 16.76932 -133.88469
v -234.44826 17.60031 -136.18457
v -235.23694 15.81621 -109.78533
v -235.14715 15.32826 -103.79288
v -225.75222 14.60168 -103.79063
v -169.35450 10.99081 -118.34977
v -169.66255 0.89912 -118.27450
v -170.28604 1.06750 -92.57438
v -170.15509 9.43645 -92.57436
v -160.68065 8.11035 -86.57964
v -162.09609 0.65105 -84.58915
v -162.16833 -0.15304 -92.57434
v -160.50012 8.53491 -92.57438
v -162.74173 -0.06676 -116.55486
v -161.00977 10.04517 -116.11033
v -166.48380 -0.54254 -85.21832
v -166.56602 -1.16663 -92.57435
v -166.57892 -1.00911 -117.55425
v -166.56602 -1.16663 -92.57435
v -166.57892 -1.00911 -117.55425
v -165.72379 4.24633 -137.94908
v -161.00977 10.04517 -116.11033
v -164.94136 4.12227 -137.94919
v -166.28324 1.75388 -137.94922
v -165.93557 1.14601 -137.94916
v -165.30001 1.58446 -137.94919
v -165.93557 1.14601 -137.94916
v -164.94136 4.12227 -137.94919
v -165.56840 2.82094 -139.17180
v -165.56840 2.82094 -139.17180
v -166.48380 -0.54254 -85.21832
v -170.08404 1.84148 -84.54388
v -170.02090 8.83356 -86.58191
v -170.08404 1.84148 -84.54388
v -166.48380 -0.54254 -85.21832
v -162.09609 0.65105 -84.58915
v -160.68065 8.11035 -86.57964
v -170.02090 8.83356 -86.58191
v -160.50012 8.53491 -92.57438
v -161.00977 10.04517 -116.11033
v -169.35450 10.99081 -118.34977
v -170.15509 9.43645 -92.57436
v -170.02090 8.83356 -86.58191
v -160.68065 8.11035 -86.57964
v -103.46529 0.25687 -72.84929
v -105.42171 -7.44003 -70.78638
v -104.99840 -8.32258 -78.77160
v -102.92450 0.59460 -78.77141
v -105.63873 -7.53397 -107.76579
v -103.87849 2.80192 -107.76577
v -111.28660 3.97533 -107.76565
v -111.75803 -6.56465 -107.76576
v -112.74432 -7.16090 -78.77147
v -112.56168 2.12103 -78.77144
v -109.08522 -8.08341 -71.09835
v -109.30052 -9.13495 -78.77143
v -109.21479 -8.59334 -107.76571
v -109.30052 -9.13495 -78.77143
v -109.21479 -8.59334 -107.76571
v -108.31152 -2.83608 -129.75013
v -103.87849 2.80192 -107.76577
v -107.52904 -2.95999 -129.75035
v -108.93778 -5.74921 -129.75021
v -108.60418 -6.44731 -129.75018
v -107.95483 -5.92089 -129.75027
v -108.60418 -6.44731 -129.75018
v -107.52904 -2.95999 -129.75035
v -108.19241 -4.48965 -130.97304
v -108.19241 -4.48965 -130.97304
v -109.08522 -8.08341 -71.09835
v -112.09851 -6.45727 -70.74110
v -112.16185 1.65106 -73.08439
v -112.56168 2.12103 -78.77144
v -112.16185 1.65106 -73.08439
v -103.46529 0.25687 -72.84929
v -112.56168 2.12103 -78.77144
v -103.46529 0.25687 -72.84929
v -102.92450 0.59460 -78.77141
v -112.56168 2.12103 -78.77144
v -102.92450 0.59460 -78.77141
v -103.87849 2.80192 -107.76577
v -112.56168 2.12103 -78.77144
v -103.87849 2.80192 -107.76577
v -111.28660 3.97533 -107.76565
v -105.42171 -7.44003 -70.78638
v -103.46529 0.25687 -72.84929
v -112.16185 1.65106 -73.08439
v -109.08522 -8.08341 -71.09835
v -112.09851 -6.45727 -70.74110
v 103.46548 0.25688 -72.84923
v 102.92444 0.59457 -78.77136
v 104.99834 -8.32260 -78.77155
v 105.42165 -7.44006 -70.78632
v 103.87843 2.80190 -107.76571
v 105.63867 -7.53399 -107.76573
v 111.28654 3.97531 -107.76584
v 112.56187 2.12105 -78.77138
v 112.74426 -7.16092 -78.77142
v 111.75797 -6.56467 -107.76571
v 109.08516 -8.08343 -71.09830
v 109.30046 -9.13497 -78.77137
v 109.21474 -8.59336 -107.76591
v 109.30046 -9.13497 -78.77137
v 109.21474 -8.59336 -107.76591
v 108.31171 -2.83606 -129.75033
v 107.52923 -2.95997 -129.75029
v 103.87843 2.80190 -107.76571
v 108.93772 -5.74924 -129.75016
v 108.60437 -6.44729 -129.75039
v 107.95477 -5.92091 -129.75021
v 108.60437 -6.44729 -129.75039
v 107.52923 -2.95997 -129.75029
v 108.19235 -4.48967 -130.97300
v 108.19235 -4.48967 -130.97300
v 112.09845 -6.45729 -70.74105
v 109.08516 -8.08343 -71.09830
v 112.16208 1.65082 -73.08433
v 112.56187 2.12105 -78.77138
v 111.28654 3.97531 -107.76584
v 103.87843 2.80190 -107.76571
v 112.56187 2.12105 -78.77138
v 103.87843 2.80190 -107.76571
v 102.92444 0.59457 -78.77136
v 112.56187 2.12105 -78.77138
v 102.92444 0.59457 -78.77136
v 103.46548 0.25688 -72.84923
v 112.56187 2.12105 -78.77138
v 103.46548 0.25688 -72.84923
v 112.16208 1.65082 -73.08433
v 109.08516 -8.08343 -71.09830
v 112.09845 -6.45729 -70.74105
v 112.16208 1.65082 -73.08433
v 103.46548 0.25688 -72.84923
v 105.42165 -7.44006 -70.78632
v 169.35451 10.99084 -118.34987
v 170.15507 9.43647 -92.57446
v 170.28603 1.06752 -92.57449
v 169.66255 0.89915 -118.27461
v 160.68064 8.11038 -86.57975
v 160.50011 8.53493 -92.57449
v 162.16831 -0.15302 -92.57445
v 162.09607 0.65107 -84.58926
v 161.00978 10.04519 -116.11045
v 162.74149 -0.06677 -116.55473
v 166.48378 -0.54251 -85.21843
v 166.56601 -1.16660 -92.57446
v 166.57893 -1.00909 -117.55435
v 166.56601 -1.16660 -92.57446
v 166.57893 -1.00909 -117.55435
v 165.72381 4.24636 -137.94919
v 164.94138 4.12230 -137.94905
v 161.00978 10.04519 -116.11045
v 166.28328 1.75391 -137.94907
v 165.93559 1.14603 -137.94925
v 165.30004 1.58449 -137.94905
v 165.93559 1.14603 -137.94925
v 164.94138 4.12230 -137.94905
v 165.56843 2.82096 -139.17191
v 165.56843 2.82096 -139.17191
v 170.08402 1.84151 -84.54398
v 166.48378 -0.54251 -85.21843
v 170.02062 8.83355 -86.58201
v 170.08402 1.84151 -84.54398
v 170.02062 8.83355 -86.58201
v 160.68064 8.11038 -86.57975
v 162.09607 0.65107 -84.58926
v 166.48378 -0.54251 -85.21843
v 160.50011 8.53493 -92.57449
v 160.68064 8.11038 -86.57975
v 170.02062 8.83355 -86.58201
v 170.15507 9.43647 -92.57446
v 169.35451 10.99084 -118.34987
v 161.00978 10.04519 -116.11045
v 234.44807 17.60024 -136.18468
v 235.23672 15.81617 -109.78544
v 235.38971 7.73537 -109.78535
v 234.56833 7.80747 -136.29239
v 225.75188 14.60153 -103.79065
v 225.57024 15.03862 -109.78538
v 227.12668 6.76028 -109.78539
v 227.12732 7.57127 -101.80030
v 226.05943 16.76941 -133.88471
v 227.66791 6.84364 -134.32937
v 231.53965 6.11309 -102.42936
v 231.61593 5.55081 -109.78542
v 231.63587 5.63422 -135.42947
v 231.61593 5.55081 -109.78542
v 231.63587 5.63422 -135.42947
v 231.07165 11.26215 -156.31050
v 230.02394 11.11348 -156.31045
v 226.05943 16.76941 -133.88471
v 231.41059 8.26715 -156.31065
v 231.06294 7.65921 -156.31055
v 230.42727 8.09787 -156.31052
v 231.06294 7.65921 -156.31055
v 230.02394 11.11348 -156.31045
v 230.69593 9.33438 -157.53340
v 230.69593 9.33438 -157.53340
v 235.28832 8.29372 -101.75503
v 231.53965 6.11309 -102.42936
v 235.14706 15.32824 -103.79298
v 235.28832 8.29372 -101.75503
v 235.14706 15.32824 -103.79298
v 225.75188 14.60153 -103.79065
v 227.12732 7.57127 -101.80030
v 231.53965 6.11309 -102.42936
v 225.57024 15.03862 -109.78538
v 225.75188 14.60153 -103.79065
v 235.14706 15.32824 -103.79298
v 235.23672 15.81617 -109.78544
v 234.44807 17.60024 -136.18468
v 226.05943 16.76941 -133.88471
v -74.62874 -1.83459 36.83821
v -74.69882 -4.02217 27.27150
v -60.46491 -4.80907 46.83555
v -60.18232 -7.13174 37.08483
v -111.03620 2.64982 4.93511
v -101.88643 0.76091 8.90446
v -114.04879 4.11680 9.13437
v -47.45008 -11.64579 49.97603
v -47.03760 -11.13262 54.95748
v -60.46491 -4.80907 46.83555
v -74.69882 -4.02217 27.27150
v -74.62874 -1.83459 36.83821
v -60.18232 -7.13174 37.08483
v -101.88643 0.76091 8.90446
v -111.03620 2.64982 4.93511
v -114.04879 4.11680 9.13437
v -47.45008 -11.64579 49.97603
v -47.03760 -11.13262 54.95748
v -48.73482 -9.45247 51.31654
v -61.46684 -4.93843 38.42537
v -59.77612 -5.26833 37.28999
v -59.77612 -5.26833 37.28999
v -47.04410 -9.78237 50.18116
v -48.73482 -9.45247 51.31654
v -60.38476 -4.58158 37.98641
v -61.46684 -4.93843 38.42537
v -48.73482 -9.45247 51.31654
v -47.69284 -9.08311 50.88656
v -47.69284 -9.08311 50.88656
v -48.73482 -9.45247 51.31654
v -47.04410 -9.78237 50.18116
v -47.04410 -9.78237 50.18116
v -59.77612 -5.26833 37.28999
v -59.77612 -5.26833 37.28999
v -61.46684 -4.93843 38.42537
v -60.38476 -4.58158 37.98641
v -61.39748 -5.07979 38.70079
v -76.00947 -2.67650 28.83116
v -74.54474 -2.80646 27.38410
v -59.93256 -5.20950 37.25354
v -101.63652 2.68328 9.07334
v -97.45066 1.74356 14.33861
v -75.08957 -2.19111 28.19121
v -76.00947 -2.67650 28.83116
v -61.39748 -5.07979 38.70079
v -60.51661 -4.58693 38.07745
v -60.51661 -4.58693 38.07745
v -61.39748 -5.07979 38.70079
v -59.93256 -5.20950 37.25354
v -59.93256 -5.20950 37.25354
v -74.54474 -2.80646 27.38410
v -101.63652 2.68328 9.07334
v -98.68801 2.63739 12.19215
v -98.68801 2.63739 12.19215
v -101.63652 2.68328 9.07334
v -97.45066 1.74356 14.33861
v -97.45066 1.74356 14.33861
v -1.71839 -15.59889 352.43128
v -1.71839 -13.70137 351.85114
v -1.71839 -15.89613 344.67246
v -1.71839 -17.79365 345.25257
v -0.00000 -12.75261 351.56109
v -0.00000 -14.94737 344.38238
v 1.71839 -13.70137 351.85114
v 1.71839 -15.89613 344.67246
v 1.71839 -15.59889 352.43128
v 1.71839 -17.79365 345.25257
v -0.00000 -16.54765 352.72136
v -0.00000 -18.74241 345.54265
v 1.71839 -15.59889 352.43128
v 1.71839 -13.70137 351.85114
v -0.00000 -12.75261 351.56109
v -0.00000 -12.75261 351.56109
v -1.71839 -13.70137 351.85114
v -1.71839 -15.59889 352.43128
v 1.71839 -15.59889 352.43128
v -0.00000 -12.75261 351.56109
v -1.71839 -15.59889 352.43128
v -0.00000 -16.54765 352.72136
v 1.71839 -15.59889 352.43128
v -1.71839 -15.59889 352.43128
v -2.08470 -19.16358 341.49478
v 2.08470 -19.16358 341.49478
v -0.00000 -20.31474 341.84672
v -1.71839 -17.79365 345.25257
v -1.71839 -15.89613 344.67246
v -2.08470 -15.85653 344.07803
v -2.08470 -18.15861 344.78187
v -0.00000 -14.94737 344.38238
v -0.00000 -14.70561 343.72616
v 1.71839 -15.89613 344.67246
v 2.08470 -15.85653 344.07803
v 1.71839 -17.79365 345.25257
v 2.08470 -18.15861 344.78187
v -0.00000 -18.74241 345.54265
v -0.00000 -19.30978 345.13382
v -2.08470 -18.15861 344.78187
v -5.60593 -9.52417 342.14204
v -5.60593 -10.52913 338.85497
v -2.08470 -19.16358 341.49478
v -5.60593 -9.52417 342.14204
v 5.60593 -9.52417 342.14204
v 5.60593 -10.52913 338.85497
v 5.60593 -10.52913 338.85497
v -5.60593 -10.52913 338.85497
v -5.60593 -9.52417 342.14204
v 5.60593 -9.52417 342.14204
v 2.08470 -18.15861 344.78187
v 2.08470 -19.16358 341.49478
v 5.60593 -10.52913 338.85497
v -0.00000 -19.30978 345.13382
v -0.00000 -20.31474 341.84672
v -2.08470 -18.15861 344.78187
v -2.08470 -15.85653 344.07803
v -5.60593 -9.52417 342.14204
v -2.08470 -15.85653 344.07803
v -0.00000 -14.70561 343.72616
v 5.60593 -9.52417 342.14204
v 5.60593 -9.52417 342.14204
v -5.60593 -9.52417 342.14204
v -2.08470 -15.85653 344.07803
v -0.00000 -14.70561 343.72616
v 2.08470 -15.85653 344.07803
v 5.60593 -9.52417 342.14204
v 2.08470 -15.85653 344.07803
v 2.08470 -18.15861 344.78187
v 5.60593 -9.52417 342.14204
v 2.08470 -19.16358 341.49478
v -2.08470 -19.16358 341.49478
v -5.60593 -10.52913 338.85497
v -5.60593 -10.52913 338.85497
v 5.60593 -10.52913 338.85497
v 2.08470 -19.16358 341.49478
v 5.00609 -11.23575 340.86018
v 4.01067 -11.33085 339.82521
v 5.14320 -6.23552 338.26741
v 6.13862 -6.14042 339.30238
v 3.01551 -10.83095 340.73642
v 4.14804 -5.73562 339.17862
v 4.01067 -10.73585 341.77139
v 5.14320 -5.64052 340.21359
v 5.14320 -6.23552 338.26741
v 4.14804 -5.73562 339.17862
v 5.14320 -5.64052 340.21359
v 5.14320 -5.64052 340.21359
v 6.13862 -6.14042 339.30238
v 5.14320 -6.23552 338.26741
v -3.01551 -10.83095 340.73642
v -4.01067 -11.33085 339.82521
v -5.14320 -6.23552 338.26741
v -4.14804 -5.73562 339.17862
v -5.00609 -11.23575 340.86018
v -6.13862 -6.14042 339.30238
v -4.01067 -10.73585 341.77139
v -5.14320 -5.64052 340.21359
v -5.14320 -6.23552 338.26741
v -6.13862 -6.14042 339.30238
v -5.14320 -5.64052 340.21359
v -5.14320 -5.64052 340.21359
v -4.14804 -5.73562 339.17862
v -5.14320 -6.23552 338.26741
v -3.10378 -10.23458 339.87844
v -3.10378 -11.23984 336.59037
v 3.10378 -11.23984 336.59037
v 3.10378 -11.23984 336.59037
v 3.10378 -10.23458 339.87844
v -3.10378 -10.23458 339.87844
v -3.10378 -6.97790 338.88275
v 3.10378 -6.97790 338.88275
v 3.10378 -7.68797 336.56024
v 3.10378 -7.68797 336.56024
v -3.10378 -7.68797 336.56024
v -3.10378 -6.97790 338.88275
v -3.10378 -10.23458 339.87844
v 3.10378 -10.23458 339.87844
v 3.10378 -6.97790 338.88275
v 3.10378 -6.97790 338.88275
v -3.10378 -6.97790 338.88275
v -3.10378 -10.23458 339.87844
v 3.10378 -10.23458 339.87844
v 3.10378 -11.23984 336.59037
v 3.10378 -7.68797 336.56024
v 3.10378 -7.68797 336.56024
v 3.10378 -6.97790 338.88275
v 3.10378 -10.23458 339.87844
v 3.10378 -11.23984 336.59037
v -3.10378 -11.23984 336.59037
v -3.10378 -7.68797 336.56024
v -3.10378 -7.68797 336.56024
v 3.10378 -7.68797 336.56024
v 3.10378 -11.23984 336.59037
v -3.10378 -11.23984 336.59037
v -3.10378 -10.23458 339.87844
v -3.10378 -6.97790 338.88275
v -3.10378 -6.97790 338.88275
v -3.10378 -7.68797 336.56024
v -3.10378 -11.23984 336.59037
v -0.00000 -16.11261 340.57104
v 1.71839 -17.38711 340.96069
v 1.71839 -19.70876 334.32487
v -0.00000 -18.75807 334.04115
v 10.06737 -21.82371 332.32840
v 10.06737 -20.73664 330.96286
v 1.71839 -19.28463 341.54082
v -0.00000 -19.90765 341.73131
v -0.00000 -22.55311 335.20140
v 1.71839 -22.52001 335.18437
v -0.00000 -20.99668 333.50563
v 1.71839 -21.01735 333.51194
v 10.06737 -23.54789 331.82235
v 10.06737 -22.76114 329.26219
v 10.06737 -23.84375 330.85461
v 10.06737 -21.03250 329.99512
v -1.71839 -19.70876 334.32487
v -1.71839 -17.38711 340.96069
v -10.06737 -20.73664 330.96286
v -10.06737 -21.82371 332.32840
v -1.71839 -19.28463 341.54082
v -1.71839 -22.52001 335.18437
v -1.71839 -21.01735 333.51194
v -10.06737 -23.54789 331.82235
v -10.06737 -23.84375 330.85461
v -10.06737 -22.76114 329.26219
v -10.06737 -21.03250 329.99512
v -1.17094 -14.21616 337.29016
v 1.17094 -14.21616 337.29016
v 1.17094 -14.61786 335.97624
v 1.17094 -14.61786 335.97624
v -1.17094 -14.61786 335.97624
v -1.17094 -14.21616 337.29016
v -1.17094 -17.17417 340.40428
v 1.17094 -17.17417 340.40428
v 1.17094 -14.21616 337.29016
v 1.17094 -14.21616 337.29016
v -1.17094 -14.21616 337.29016
v -1.17094 -17.17417 340.40428
v 1.17094 -17.17417 340.40428
v 1.17094 -18.19371 337.06951
v 1.17094 -14.61786 335.97624
v 1.17094 -14.61786 335.97624
v 1.17094 -14.21616 337.29016
v 1.17094 -17.17417 340.40428
v 1.17094 -18.19371 337.06951
v -1.17094 -18.19371 337.06951
v -1.17094 -14.61786 335.97624
v 1.17094 -14.61786 335.97624
v -1.17094 -18.19371 337.06951
v -1.17094 -17.17417 340.40428
v -1.17094 -14.21616 337.29016
v -1.17094 -14.61786 335.97624
v -0.57237 -14.68760 337.69712
v 0.57237 -14.68760 337.69712
v 0.57237 -13.91022 334.03962
v -0.57237 -13.91022 334.03962
v 0.57237 -14.68760 337.69712
v 0.57237 -16.49930 337.31199
v 0.57237 -15.72192 333.65449
v 0.57237 -13.91022 334.03962
v 0.57237 -16.49930 337.31199
v -0.57237 -16.49930 337.31199
v -0.57237 -15.72192 333.65449
v 0.57237 -15.72192 333.65449
v -0.57237 -16.49930 337.31199
v -0.57237 -14.68760 337.69712
v -0.57237 -13.91022 334.03962
v -0.57237 -15.72192 333.65449
v 1.08369 -13.36273 332.26394
v -1.08369 -13.36273 332.26394
v 1.08369 -15.49988 331.80967
v 1.08369 -13.36273 332.26394
v -1.08369 -15.49988 331.80967
v 1.08369 -15.49988 331.80967
v -1.08369 -13.36273 332.26394
v -1.08369 -15.49988 331.80967
v 1.08369 -12.14011 326.51193
v -1.08369 -12.14011 326.51193
v 1.08369 -14.27727 326.05765
v 1.08369 -12.14011 326.51193
v -1.08369 -14.27727 326.05765
v 1.08369 -14.27727 326.05765
v -1.08369 -12.14011 326.51193
v -1.08369 -14.27727 326.05765
v -1.69370 -21.07843 344.31942
v -3.51497 -19.61698 343.87260
v -3.51497 -19.88183 343.00631
v -3.51497 -19.88183 343.00631
v -1.69370 -21.34329 343.45311
v -1.69370 -21.07843 344.31942
v -0.09303 -19.06951 344.36574
v -1.91430 -17.60806 343.91891
v -3.51497 -19.61698 343.87260
v -3.51497 -19.61698 343.87260
v -1.69370 -21.07843 344.31942
v -0.09303 -19.06951 344.36574
v -1.91430 -17.60806 343.91891
v -1.91430 -18.24226 341.84454
v -3.51497 -19.88183 343.00631
v -3.51497 -19.88183 343.00631
v -3.51497 -19.61698 343.87260
v -1.91430 -17.60806 343.91891
v -1.91430 -18.24226 341.84454
v -0.09303 -19.70371 342.29136
v -1.69370 -21.34329 343.45311
v -1.69370 -21.34329 343.45311
v -3.51497 -19.88183 343.00631
v -1.91430 -18.24226 341.84454
v -0.09303 -19.70371 342.29136
v -0.09303 -19.06951 344.36574
v -1.69370 -21.07843 344.31942
v -1.69370 -21.07843 344.31942
v -1.69370 -21.34329 343.45311
v -0.09303 -19.70371 342.29136
v 0.32880 -20.59542 343.99487
v -0.56373 -21.81947 343.62929
v -4.23589 -18.87279 342.72839
v -4.23589 -18.87279 342.72839
v -3.34337 -17.64875 343.09399
v 0.32880 -20.59542 343.99487
v -4.30545 -20.56410 353.74750
v -5.31722 -19.75222 353.49927
v -5.72021 -20.30490 353.33420
v -5.72021 -20.30490 353.33420
v -4.70844 -21.11678 353.58243
v -4.30545 -20.56410 353.74750
v 0.32880 -20.59542 343.99487
v -3.34337 -17.64875 343.09399
v -5.31722 -19.75222 353.49927
v -5.31722 -19.75222 353.49927
v -4.30545 -20.56410 353.74750
v 0.32880 -20.59542 343.99487
v -3.34337 -17.64875 343.09399
v -4.23589 -18.87279 342.72839
v -5.72021 -20.30490 353.33420
v -5.72021 -20.30490 353.33420
v -5.31722 -19.75222 353.49927
v -3.34337 -17.64875 343.09399
v -4.23589 -18.87279 342.72839
v -0.56373 -21.81947 343.62929
v -4.70844 -21.11678 353.58243
v -4.70844 -21.11678 353.58243
v -5.72021 -20.30490 353.33420
v -4.23589 -18.87279 342.72839
v -0.56373 -21.81947 343.62929
v 0.32880 -20.59542 343.99487
v -4.30545 -20.56410 353.74750
v -4.30545 -20.56410 353.74750
v -4.70844 -21.11678 353.58243
v -0.56373 -21.81947 343.62929
v -0.50932 -13.53087 351.05407
v -1.45772 -14.61174 351.38452
v -1.45772 -11.32716 362.12789
v -0.50932 -10.24629 361.79744
v 0.94372 -13.77590 351.12899
v 0.94372 -10.49132 361.87236
v 1.44836 -15.10179 351.53435
v 1.44836 -11.81721 362.27772
v 0.49997 -16.18266 351.86480
v 0.49997 -12.89808 362.60817
v -0.95308 -15.93764 351.78989
v -0.95308 -12.65306 362.53328
v 0.94372 -10.49132 361.87236
v -0.50932 -10.24629 361.79744
v -1.45772 -11.32716 362.12789
v -1.45772 -11.32716 362.12789
v -0.95308 -12.65306 362.53328
v 0.49997 -12.89808 362.60817
v 0.94372 -10.49132 361.87236
v -1.45772 -11.32716 362.12789
v 0.49997 -12.89808 362.60817
v 0.94372 -10.49132 361.87236
v 0.49997 -12.89808 362.60817
v 1.44836 -11.81721 362.27772
v 1.44836 -15.10179 351.53435
v 0.49997 -16.18266 351.86480
v -0.95308 -15.93764 351.78989
v -0.95308 -15.93764 351.78989
v -1.45772 -14.61174 351.38452
v -0.50932 -13.53087 351.05407
v 1.44836 -15.10179 351.53435
v -0.95308 -15.93764 351.78989
v -0.50932 -13.53087 351.05407
v 1.44836 -15.10179 351.53435
v -0.50932 -13.53087 351.05407
v 0.94372 -13.77590 351.12899
v -2.67939 -10.83830 360.37518
v -2.00145 -9.64128 361.52709
v 2.33055 -13.11743 362.58986
v 1.65261 -14.31445 361.43795
v -3.77626 -11.92624 361.28771
v 0.55574 -15.40240 362.35048
v -3.77626 -11.40167 363.00352
v 0.55574 -14.87783 364.06629
v -2.67939 -9.98945 363.15165
v 1.65261 -13.46560 364.21442
v 0.55574 -15.40240 362.35048
v 1.65261 -14.31445 361.43795
v 2.33055 -13.11743 362.58986
v 2.33055 -13.11743 362.58986
v 1.65261 -13.46560 364.21442
v 0.55574 -14.87783 364.06629
v 0.55574 -15.40240 362.35048
v 2.33055 -13.11743 362.58986
v 0.55574 -14.87783 364.06629
v -3.77626 -11.92624 361.28771
v -3.77626 -11.40167 363.00352
v -2.67939 -9.98945 363.15165
v -2.67939 -9.98945 363.15165
v -2.00145 -9.64128 361.52709
v -2.67939 -10.83830 360.37518
v -3.77626 -11.92624 361.28771
v -2.67939 -9.98945 363.15165
v -2.67939 -10.83830 360.37518
v 1.09525 -8.19210 360.75364
v 1.09525 -7.97723 361.45646
v 3.40487 -9.83055 362.02306
v 3.40487 -9.83055 362.02306
v 3.40487 -10.04542 361.32027
v 1.09525 -8.19210 360.75364
v -3.35830 -13.40360 361.86096
v -1.04868 -15.25692 362.42758
v -1.04868 -14.81253 363.88113
v -1.04868 -14.81253 363.88113
v -3.35830 -12.95921 363.31451
v -3.35830 -13.40360 361.86096
v -3.35830 -12.95921 363.31451
v -1.04868 -14.81253 363.88113
v 3.40487 -9.83055 362.02306
v 3.40487 -9.83055 362.02306
v 1.09525 -7.97723 361.45646
v -3.35830 -12.95921 363.31451
v -3.35830 -13.40360 361.86096
v -3.35830 -12.95921 363.31451
v 1.09525 -7.97723 361.45646
v 1.09525 -7.97723 361.45646
v 1.09525 -8.19210 360.75364
v -3.35830 -13.40360 361.86096
v -1.04868 -15.25692 362.42758
v -3.35830 -13.40360 361.86096
v 1.09525 -8.19210 360.75364
v 3.40487 -10.04542 361.32027
v -1.04868 -14.81253 363.88113
v -1.04868 -15.25692 362.42758
v 3.40487 -10.04542 361.32027
v 3.40487 -10.04542 361.32027
v 3.40487 -9.83055 362.02306
v -1.04868 -14.81253 363.88113
v 2.78727 -13.89845 354.31310
v 2.78727 -12.66969 358.33220
v -0.40862 -10.10519 357.54813
v -0.40862 -10.10519 357.54813
v -0.40862 -11.33395 353.52906
v 2.78727 -13.89845 354.31310
v 3.93189 -12.59395 353.91426
v 0.73600 -10.02945 353.13022
v 0.73600 -8.80069 357.14932
v 0.73600 -8.80069 357.14932
v 3.93189 -11.36519 357.93336
v 3.93189 -12.59395 353.91426
v 2.62742 -10.73129 361.61374
v 0.49981 -9.02402 361.09178
v -0.17159 -9.78920 361.32573
v -0.17159 -9.78920 361.32573
v 1.95602 -11.49648 361.84769
v 2.62742 -10.73129 361.61374
v 3.93189 -12.59395 353.91426
v 3.93189 -11.36519 357.93336
v 2.78727 -12.66969 358.33220
v 2.78727 -12.66969 358.33220
v 2.78727 -13.89845 354.31310
v 3.93189 -12.59395 353.91426
v 0.73600 -10.02945 353.13022
v 3.93189 -12.59395 353.91426
v 2.78727 -13.89845 354.31310
v 2.78727 -13.89845 354.31310
v -0.40862 -11.33395 353.52906
v 0.73600 -10.02945 353.13022
v 0.73600 -8.80069 357.14932
v 0.73600 -10.02945 353.13022
v -0.40862 -11.33395 353.52906
v -0.40862 -11.33395 353.52906
v -0.40862 -10.10519 357.54813
v 0.73600 -8.80069 357.14932
v 1.95602 -11.49648 361.84769
v -0.17159 -9.78920 361.32573
v -0.40862 -10.10519 357.54813
v -0.40862 -10.10519 357.54813
v 2.78727 -12.66969 358.33220
v 1.95602 -11.49648 361.84769
v 2.62742 -10.73129 361.61374
v 1.95602 -11.49648 361.84769
v 2.78727 -12.66969 358.33220
v 2.78727 -12.66969 358.33220
v 3.93189 -11.36519 357.93336
v 2.62742 -10.73129 361.61374
v 0.49981 -9.02402 361.09178
v 2.62742 -10.73129 361.61374
v 3.93189 -11.36519 357.93336
v 3.93189 -11.36519 357.93336
v 0.73600 -8.80069 357.14932
v 0.49981 -9.02402 361.09178
v -0.17159 -9.78920 361.32573
v 0.49981 -9.02402 361.09178
v 0.73600 -8.80069 357.14932
v 0.73600 -8.80069 357.14932
v -0.40862 -10.10519 357.54813
v -0.17159 -9.78920 361.32573
v -0.54228 -15.60183 363.87883
v 0.38648 -14.71401 362.99694
v -3.28568 -11.76734 362.09606
v -3.28568 -11.76734 362.09606
v -4.21445 -12.65515 362.97795
v -0.54228 -15.60183 363.87883
v -4.41870 -21.52902 353.22559
v -6.05602 -20.21518 352.82391
v -5.63666 -19.81432 352.42573
v -5.63666 -19.81432 352.42573
v -3.99935 -21.12816 352.82740
v -4.41870 -21.52902 353.22559
v -0.54228 -15.60183 363.87883
v -4.21445 -12.65515 362.97795
v -6.05602 -20.21518 352.82391
v -6.05602 -20.21518 352.82391
v -4.41870 -21.52902 353.22559
v -0.54228 -15.60183 363.87883
v -4.21445 -12.65515 362.97795
v -3.28568 -11.76734 362.09606
v -5.63666 -19.81432 352.42573
v -5.63666 -19.81432 352.42573
v -6.05602 -20.21518 352.82391
v -4.21445 -12.65515 362.97795
v -3.28568 -11.76734 362.09606
v 0.38648 -14.71401 362.99694
v -3.99935 -21.12816 352.82740
v -3.99935 -21.12816 352.82740
v -5.63666 -19.81432 352.42573
v -3.28568 -11.76734 362.09606
v 0.38648 -14.71401 362.99694
v -0.54228 -15.60183 363.87883
v -4.41870 -21.52902 353.22559
v -4.41870 -21.52902 353.22559
v -3.99935 -21.12816 352.82740
v 0.38648 -14.71401 362.99694
vt 0.58658 0.44141
vt 0.57193 0.44138
vt 0.57193 0.44138
vt 0.58658 0.44141
vt 0.63590 0.45678
vt 0.63590 0.45678
vt 0.63787 0.46176
vt 0.63787 0.46176
vt 0.63590 0.46150
vt 0.62210 0.45742
vt 0.62210 0.45057
vt 0.62210 0.44868
vt 0.60821 0.44487
vt 0.60822 0.44487
vt 0.60822 0.44487
vt 0.62210 0.44868
vt 0.60822 0.44661
vt 0.60822 0.45322
vt 0.58658 0.44634
vt 0.58658 0.44315
vt 0.60822 0.43991
vt 0.60822 0.43991
vt 0.60580 0.43991
vt 0.60214 0.43992
vt 0.60214 0.43992
vt 0.57828 0.44380
vt 0.60580 0.44422
vt 0.60580 0.44422
vt 0.60214 0.43992
vt 0.60580 0.43991
vt 0.60822 0.43991
vt 0.60822 0.43991
vt 0.60822 0.44487
vt 0.60822 0.44487
vt 0.58658 0.44141
vt 0.58658 0.44141
vt 0.58658 0.44141
vt 0.63589 0.62933
vt 0.62210 0.64026
vt 0.62210 0.63341
vt 0.60821 0.44487
vt 0.60821 0.64422
vt 0.58657 0.64768
vt 0.58657 0.64449
vt 0.60821 0.63761
vt 0.60580 0.43991
vt 0.57828 0.64703
vt 0.63786 0.62907
vt 0.63589 0.63405
vt 0.62210 0.64215
vt 0.60580 0.64661
vt 0.58657 0.64942
vt 0.60821 0.64596
vt 0.57192 0.64945
vt 0.60580 0.64661
vt 0.60580 0.65092
vt 0.60213 0.65092
vt 0.60821 0.64596
vt 0.60821 0.65092
vt 0.60580 0.44422
vt 0.58657 0.64942
vt 0.51383 0.41299
vt 0.51822 0.40929
vt 0.51832 0.40865
vt 0.51362 0.41243
vt 0.49293 0.41710
vt 0.49297 0.41660
vt 0.50515 0.40396
vt 0.50515 0.40396
vt 0.50511 0.40445
vt 0.49293 0.41710
vt 0.49297 0.41660
vt 0.51215 0.42045
vt 0.51362 0.41243
vt 0.50515 0.40396
vt 0.51215 0.42045
vt 0.51236 0.42102
vt 0.51236 0.42102
vt 0.49293 0.41710
vt 0.50511 0.40445
vt 0.51383 0.41299
vt 0.50511 0.40445
vt 0.50515 0.40396
vt 0.52186 0.40630
vt 0.52186 0.40630
vt 0.52181 0.40681
vt 0.50511 0.40445
vt 0.51832 0.40865
vt 0.52186 0.40630
vt 0.51822 0.40929
vt 0.52181 0.40681
vt 0.52181 0.40681
vt 0.52186 0.40630
vt 0.52163 0.40911
vt 0.52152 0.40976
vt 0.52186 0.40630
vt 0.51832 0.40865
vt 0.52163 0.40911
vt 0.51832 0.40865
vt 0.51822 0.40929
vt 0.52152 0.40976
vt 0.52152 0.40976
vt 0.52163 0.40911
vt 0.51832 0.40865
vt 0.51822 0.40929
vt 0.52181 0.40681
vt 0.52152 0.40976
vt 0.10723 0.81741
vt 0.10543 0.81401
vt 0.11649 0.81680
vt 0.11651 0.82015
vt 0.10340 0.80867
vt 0.11648 0.81125
vt 0.09983 0.80093
vt 0.11647 0.80146
vt 0.09013 0.81178
vt 0.08833 0.80850
vt 0.17695 0.84710
vt 0.16359 0.83724
vt 0.19107 0.84208
vt 0.19185 0.85031
vt 0.11643 0.77961
vt 0.11643 0.78945
vt 0.09040 0.78046
vt 0.08997 0.77485
vt 0.06758 0.77928
vt 0.07216 0.78757
vt 0.06411 0.76964
vt 0.04772 0.78338
vt 0.05544 0.78761
vt 0.04772 0.78399
vt 0.04772 0.78249
vt 0.04772 0.77866
vt 0.04772 0.77359
vt 0.04772 0.76618
vt 0.11643 0.74325
vt 0.11643 0.76100
vt 0.08997 0.75869
vt 0.08997 0.74325
vt 0.06411 0.75642
vt 0.06411 0.74371
vt 0.04772 0.75507
vt 0.04772 0.74444
vt 0.06411 0.71952
vt 0.04772 0.72497
vt 0.04772 0.72212
vt 0.06411 0.71590
vt 0.11643 0.72363
vt 0.08997 0.72592
vt 0.06411 0.72962
vt 0.04772 0.73318
vt 0.11643 0.70989
vt 0.08997 0.71370
vt 0.02982 0.77556
vt 0.02979 0.77497
vt 0.02975 0.77252
vt 0.02978 0.76807
vt 0.02999 0.76228
vt 0.03012 0.75388
vt 0.03015 0.74572
vt 0.02998 0.72956
vt 0.02998 0.73162
vt 0.03008 0.73748
vt 0.01605 0.76795
vt 0.01602 0.76841
vt 0.00713 0.76179
vt 0.00713 0.76141
vt 0.00713 0.76045
vt 0.01608 0.76640
vt 0.01597 0.76326
vt 0.00713 0.75889
vt 0.01578 0.75872
vt 0.00713 0.75596
vt 0.01562 0.74728
vt 0.01565 0.75287
vt 0.00713 0.75241
vt 0.00713 0.74889
vt 0.00713 0.74251
vt 0.01587 0.73652
vt 0.01584 0.73776
vt 0.00713 0.74350
vt 0.00713 0.74545
vt 0.01568 0.74169
vt 0.00422 0.75816
vt 0.00422 0.75798
vt 0.00422 0.75726
vt 0.00422 0.75622
vt 0.00422 0.75443
vt 0.00422 0.75222
vt 0.00422 0.75009
vt 0.00422 0.74681
vt 0.00422 0.74630
vt 0.00422 0.74799
vt 0.00222 0.75204
vt 0.16349 0.82568
vt 0.16349 0.83011
vt 0.16349 0.74325
vt 0.16349 0.76439
vt 0.16349 0.78582
vt 0.16349 0.72136
vt 0.16349 0.70652
vt 0.21472 0.83758
vt 0.21473 0.83060
vt 0.32160 0.83435
vt 0.32162 0.84817
vt 0.21472 0.76700
vt 0.21472 0.74325
vt 0.32153 0.74325
vt 0.32153 0.76837
vt 0.21473 0.79068
vt 0.32153 0.79290
vt 0.21472 0.70531
vt 0.21472 0.70033
vt 0.32153 0.70017
vt 0.32153 0.70527
vt 0.21472 0.72095
vt 0.32153 0.72124
vt 0.16349 0.70131
vt 0.03265 0.54447
vt 0.03265 0.53064
vt 0.29377 0.53064
vt 0.29379 0.54447
vt 0.03265 0.48919
vt 0.03265 0.46466
vt 0.29371 0.46466
vt 0.29371 0.48919
vt 0.39915 0.53018
vt 0.39917 0.53520
vt 0.39909 0.44492
vt 0.39909 0.46809
vt 0.29371 0.43954
vt 0.39909 0.49114
vt 0.39909 0.40895
vt 0.29371 0.40157
vt 0.29371 0.39646
vt 0.39909 0.40414
vt 0.39909 0.42400
vt 0.29371 0.41754
vt 0.56212 0.52876
vt 0.56214 0.53246
vt 0.56206 0.46823
vt 0.56206 0.48322
vt 0.56206 0.50121
vt 0.56206 0.43721
vt 0.56206 0.44059
vt 0.56206 0.45153
vt 0.56210 0.51798
vt 0.69203 0.51014
vt 0.69207 0.51901
vt 0.69209 0.52399
vt 0.69211 0.52584
vt 0.69203 0.50035
vt 0.69203 0.47818
vt 0.69203 0.48023
vt 0.69203 0.48528
vt 0.14695 0.70547
vt 0.14670 0.70246
vt 0.08726 0.71317
vt 0.11643 0.70794
vt 0.08694 0.70975
vt 0.09654 0.80294
vt 0.08958 0.80587
vt 0.09826 0.80645
vt 0.07975 0.80293
vt 0.06888 0.80051
vt 0.08313 0.80047
vt 0.08401 0.80224
vt 0.08903 0.80607
vt 0.08678 0.80255
vt 0.08594 0.80704
vt 0.15137 0.38952
vt 0.08049 0.36287
vt 0.14095 0.36087
vt 0.08049 0.36287
vt 0.08122 0.39194
vt 0.03649 0.38672
vt 0.05132 0.34637
vt 0.00447 0.35423
vt 0.02207 0.33026
vt 0.05132 0.34637
vt 0.05132 0.34637
vt 0.03649 0.38672
vt 0.00447 0.35423
vt 0.06521 0.34040
vt 0.07863 0.34604
vt 0.06404 0.34793
vt 0.08170 0.34784
vt 0.09495 0.34720
vt 0.10089 0.35584
vt 0.08171 0.35759
vt 0.07722 0.35688
vt 0.13552 0.32604
vt 0.14551 0.29740
vt 0.20597 0.29939
vt 0.24998 0.32325
vt 0.20566 0.32846
vt 0.20597 0.29939
vt 0.23514 0.28290
vt 0.23514 0.28290
vt 0.26439 0.26678
vt 0.28199 0.29076
vt 0.28199 0.29076
vt 0.24998 0.32325
vt 0.23514 0.28290
vt 0.20830 0.28378
vt 0.22172 0.27814
vt 0.22288 0.28567
vt 0.20523 0.28558
vt 0.20522 0.29533
vt 0.18604 0.29358
vt 0.19198 0.28494
vt 0.20971 0.29462
vt 0.10723 0.88084
vt 0.11651 0.87810
vt 0.11649 0.88145
vt 0.10544 0.88424
vt 0.11648 0.88700
vt 0.10340 0.88957
vt 0.11647 0.89679
vt 0.09983 0.89732
vt 0.09013 0.88647
vt 0.08834 0.88975
vt 0.13611 0.84208
vt 0.15023 0.84710
vt 0.13533 0.85031
vt 0.11643 0.91864
vt 0.08998 0.92340
vt 0.09040 0.91778
vt 0.11643 0.90880
vt 0.06758 0.91897
vt 0.07217 0.91067
vt 0.06411 0.92861
vt 0.04773 0.91487
vt 0.04772 0.91426
vt 0.05544 0.91064
vt 0.04773 0.91576
vt 0.04773 0.91959
vt 0.04773 0.92465
vt 0.04773 0.93207
vt 0.11643 0.95500
vt 0.08998 0.95500
vt 0.08998 0.93956
vt 0.11643 0.93725
vt 0.06411 0.95454
vt 0.06411 0.94183
vt 0.04773 0.95381
vt 0.04773 0.94317
vt 0.06411 0.97873
vt 0.06411 0.98235
vt 0.04773 0.97612
vt 0.04773 0.97328
vt 0.11643 0.97462
vt 0.08998 0.97233
vt 0.06411 0.96862
vt 0.04773 0.96507
vt 0.11643 0.98836
vt 0.08998 0.98455
vt 0.02979 0.92327
vt 0.02982 0.92269
vt 0.02975 0.92573
vt 0.02978 0.93018
vt 0.02999 0.93597
vt 0.03016 0.95253
vt 0.03012 0.94437
vt 0.02999 0.96868
vt 0.02998 0.96663
vt 0.03008 0.96077
vt 0.01605 0.93030
vt 0.00713 0.93684
vt 0.00713 0.93646
vt 0.01602 0.92984
vt 0.00713 0.93779
vt 0.01608 0.93185
vt 0.01597 0.93499
vt 0.00713 0.93936
vt 0.01578 0.93953
vt 0.00713 0.94229
vt 0.01562 0.95097
vt 0.00713 0.94936
vt 0.00713 0.94584
vt 0.01565 0.94538
vt 0.00713 0.95574
vt 0.00713 0.95474
vt 0.01584 0.96049
vt 0.01587 0.96173
vt 0.00713 0.95280
vt 0.01568 0.95656
vt 0.00422 0.94027
vt 0.00422 0.94008
vt 0.00422 0.94099
vt 0.00422 0.94203
vt 0.00422 0.94382
vt 0.00422 0.94816
vt 0.00422 0.94602
vt 0.00422 0.95195
vt 0.00422 0.95144
vt 0.00422 0.95026
vt 0.00222 0.94621
vt 0.16349 0.87257
vt 0.16349 0.86813
vt 0.16349 0.93386
vt 0.16349 0.95500
vt 0.16349 0.91243
vt 0.16349 0.97689
vt 0.16349 0.99172
vt 0.32160 0.86390
vt 0.21472 0.86765
vt 0.21472 0.86067
vt 0.32162 0.85008
vt 0.21472 0.93125
vt 0.32153 0.92987
vt 0.32153 0.95500
vt 0.21472 0.95500
vt 0.21472 0.90757
vt 0.32153 0.90535
vt 0.21472 0.99293
vt 0.32153 0.99297
vt 0.32153 0.99808
vt 0.21472 0.99792
vt 0.32153 0.97700
vt 0.21472 0.97730
vt 0.16349 0.99694
vt 0.03265 0.56019
vt 0.03265 0.54637
vt 0.29379 0.54637
vt 0.29377 0.56019
vt 0.63422 0.90535
vt 0.63422 0.92988
vt 0.39915 0.56065
vt 0.39917 0.55563
vt 0.39908 0.64591
vt 0.29370 0.65129
vt 0.29370 0.62617
vt 0.39908 0.62274
vt 0.29370 0.60164
vt 0.39908 0.59970
vt 0.29370 0.69437
vt 0.29370 0.68927
vt 0.39908 0.68188
vt 0.39908 0.68669
vt 0.39908 0.66683
vt 0.29370 0.67330
vt 0.56212 0.56207
vt 0.56214 0.55837
vt 0.56205 0.60761
vt 0.56205 0.62260
vt 0.56205 0.58962
vt 0.56205 0.65024
vt 0.56205 0.65362
vt 0.56205 0.63930
vt 0.69203 0.58069
vt 0.56210 0.57285
vt 0.69207 0.57183
vt 0.69209 0.56684
vt 0.69211 0.56499
vt 0.69203 0.60555
vt 0.69203 0.59048
vt 0.69203 0.61060
vt 0.69203 0.61266
vt 0.14670 0.99579
vt 0.14695 0.99277
vt 0.11643 0.99030
vt 0.08726 0.98507
vt 0.08694 0.98849
vt 0.09654 0.89531
vt 0.09826 0.89180
vt 0.08959 0.89238
vt 0.07976 0.89532
vt 0.08401 0.89601
vt 0.08314 0.89777
vt 0.06888 0.89774
vt 0.08903 0.89218
vt 0.08679 0.89570
vt 0.08594 0.89121
vt 0.19071 0.85322
vt 0.16359 0.85978
vt 0.13647 0.85322
vt 0.16359 0.84607
vt 0.03265 0.43954
vt 0.19944 0.40157
vt 0.19944 0.39646
vt 0.03265 0.41754
vt 0.19944 0.40844
vt 0.03265 0.65129
vt 0.03265 0.62617
vt 0.19944 0.69437
vt 0.19944 0.68927
vt 0.03265 0.67330
vt 0.19944 0.68239
vt 0.20566 0.32846
vt 0.08122 0.39194
vt 0.97099 0.65603
vt 0.98343 0.82282
vt 0.96159 0.82282
vt 0.96159 0.65604
vt 0.93505 0.82282
vt 0.93505 0.65604
vt 0.90851 0.82282
vt 0.90851 0.65604
vt 0.88668 0.82282
vt 0.89912 0.65604
vt 0.45889 0.70017
vt 0.45889 0.70527
vt 0.45889 0.99297
vt 0.45889 0.99808
vt 0.45889 0.98344
vt 0.96159 0.99815
vt 0.97462 0.99815
vt 0.63422 0.97700
vt 0.71334 0.51231
vt 0.71410 0.51902
vt 0.71414 0.52331
vt 0.71412 0.52221
vt 0.70309 0.49271
vt 0.71082 0.50306
vt 0.70231 0.48195
vt 0.70236 0.48381
vt 0.70265 0.48877
vt 0.71729 0.51174
vt 0.56925 0.67927
vt 0.57721 0.67927
vt 0.57883 0.68571
vt 0.59993 0.67927
vt 0.58996 0.68685
vt 0.61337 0.67927
vt 0.61149 0.69171
vt 0.71922 0.51899
vt 0.57298 0.68922
vt 0.58290 0.69440
vt 0.59078 0.69625
vt 0.62885 0.68467
vt 0.63162 0.67927
vt 0.71965 0.51313
vt 0.71410 0.57181
vt 0.71334 0.57852
vt 0.71414 0.56752
vt 0.71412 0.56862
vt 0.70309 0.59812
vt 0.70265 0.60206
vt 0.71081 0.58777
vt 0.70236 0.60702
vt 0.70231 0.60888
vt 0.71729 0.57909
vt 0.57883 0.67282
vt 0.58996 0.67169
vt 0.61149 0.66682
vt 0.71922 0.57184
vt 0.57315 0.66931
vt 0.58307 0.66413
vt 0.59078 0.66228
vt 0.62885 0.67386
vt 0.71964 0.57770
vt 0.03265 0.60164
vt 0.63421 0.83435
vt 0.63421 0.84817
vt 0.63421 0.76837
vt 0.63421 0.79290
vt 0.63422 0.85008
vt 0.63422 0.86390
vt 0.63421 0.74325
vt 0.93505 0.99815
vt 0.63421 0.72124
vt 0.45889 0.71481
vt 0.63422 0.95500
vt 0.90851 0.99815
vt 0.89548 0.99815
vt 0.53556 0.75873
vt 0.49822 0.75254
vt 0.49822 0.74332
vt 0.47648 0.74324
vt 0.96159 0.98749
vt 0.93505 0.97770
vt 0.96535 0.95882
vt 0.47646 0.73229
vt 0.47646 0.71990
vt 0.49822 0.71898
vt 0.49665 0.73113
vt 0.46134 0.73361
vt 0.45549 0.72124
vt 0.63421 0.75873
vt 0.53556 0.74669
vt 0.63421 0.71908
vt 0.60027 0.71638
vt 0.63421 0.71057
vt 0.03265 0.43134
vt 0.10640 0.43134
vt 0.10635 0.45041
vt 0.03265 0.45502
vt 0.03265 0.40686
vt 0.05429 0.40659
vt 0.04995 0.41774
vt 0.03265 0.41537
vt 0.16413 0.42980
vt 0.16413 0.43954
vt 0.97661 0.74907
vt 0.96889 0.69135
vt 0.98534 0.69135
vt 0.99158 0.74907
vt 0.10640 0.41454
vt 0.16413 0.41565
vt 0.93505 0.68504
vt 0.94674 0.68122
vt 0.10640 0.40684
vt 0.16413 0.40837
vt 0.19243 0.42812
vt 0.20365 0.42669
vt 0.19245 0.43286
vt 0.19239 0.41683
vt 0.20942 0.41754
vt 0.96159 0.66819
vt 0.97098 0.65604
vt 0.98032 0.66312
vt 0.19235 0.40847
vt 0.99408 0.82282
vt 0.98845 0.82283
vt 0.99173 0.80118
vt 0.99165 0.69135
vt 0.99672 0.74907
vt 0.97670 0.82282
vt 0.93505 0.82282
vt 0.98623 0.76666
vt 0.98564 0.78472
vt 0.07126 0.42165
vt 0.08931 0.42375
vt 0.99218 0.76646
vt 0.99709 0.76629
vt 0.08928 0.41454
vt 0.08918 0.40676
vt 0.01723 0.71871
vt 0.01723 0.71871
vt 0.01723 0.71871
vt 0.01723 0.71871
vt 0.01723 0.71871
vt 0.01723 0.71871
vt 0.01723 0.71871
vt 0.01723 0.71871
vt 0.01723 0.71871
vt 0.01723 0.71871
vt 0.01723 0.71871
vt 0.01723 0.71871
vt 0.01723 0.71871
vt 0.01723 0.71871
vt 0.01723 0.71871
vt 0.01723 0.71871
vt 0.01723 0.71871
vt 0.01723 0.71871
vt 0.01723 0.71871
vt 0.01723 0.71871
vt 0.01723 0.71871
vt 0.01723 0.71871
vt 0.01723 0.71871
vt 0.01723 0.71871
vt 0.01723 0.71871
vt 0.01723 0.71871
vt 0.01723 0.71871
vt 0.01723 0.71871
vt 0.01723 0.71871
vt 0.01723 0.71871
vt 0.01723 0.71871
vt 0.01723 0.71871
vt 0.01723 0.71871
vt 0.01723 0.71871
vt 0.01723 0.71871
vt 0.01723 0.71871
vt 0.01723 0.71871
vt 0.01723 0.71871
vt 0.01723 0.71871
vt 0.01723 0.71871
vt 0.97104 0.93302
vt 0.93505 0.92148
vt 0.48570 0.71319
vt 0.93505 0.95882
vt 0.99280 0.78448
vt 0.99748 0.78432
vt 0.99636 0.80119
vt 0.07116 0.40668
vt 0.07125 0.41454
vt 0.53556 0.71734
vt 0.63421 0.73504
vt 0.98251 0.94535
vt 0.97143 0.94529
vt 0.97184 0.93302
vt 0.98404 0.93309
vt 0.52394 0.71289
vt 0.51169 0.71335
vt 0.45889 0.71481
vt 0.97462 0.99815
vt 0.97303 0.99729
vt 0.97379 0.97137
vt 0.97847 0.97134
vt 0.97327 0.97137
vt 0.97303 0.99729
vt 0.97097 0.94529
vt 0.97303 0.99729
vt 0.97327 0.97137
vt 0.97379 0.97137
vt 0.97327 0.97137
vt 0.97097 0.94529
vt 0.97143 0.94529
vt 0.97143 0.94529
vt 0.97379 0.97137
vt 0.97327 0.97137
vt 0.97097 0.94529
vt 0.97104 0.93302
vt 0.97184 0.93302
vt 0.97143 0.94529
vt 0.97104 0.93302
vt 0.98370 0.93309
vt 0.98404 0.93309
vt 0.98404 0.93309
vt 0.97184 0.93302
vt 0.97104 0.93302
vt 0.98370 0.93309
vt 0.98266 0.94535
vt 0.98251 0.94535
vt 0.98251 0.94535
vt 0.98404 0.93309
vt 0.98370 0.93309
vt 0.98266 0.94535
vt 0.97823 0.97134
vt 0.97847 0.97134
vt 0.97847 0.97134
vt 0.98251 0.94535
vt 0.98266 0.94535
vt 0.97823 0.97134
vt 0.97462 0.99815
vt 0.97847 0.97134
vt 0.93505 0.74907
vt 0.98370 0.93309
vt 0.53556 0.93952
vt 0.49822 0.95493
vt 0.49822 0.94571
vt 0.47649 0.95501
vt 0.90851 0.98749
vt 0.90475 0.95882
vt 0.47647 0.96596
vt 0.49665 0.96712
vt 0.49822 0.97927
vt 0.47647 0.97835
vt 0.46135 0.96464
vt 0.45550 0.97700
vt 0.63422 0.93952
vt 0.53556 0.95156
vt 0.63422 0.97917
vt 0.63422 0.98768
vt 0.60027 0.98187
vt 0.03265 0.65950
vt 0.03265 0.63581
vt 0.10635 0.64042
vt 0.10640 0.65950
vt 0.03265 0.68397
vt 0.03265 0.67546
vt 0.04995 0.67310
vt 0.05429 0.68424
vt 0.16412 0.65129
vt 0.16412 0.66103
vt 0.89349 0.74907
vt 0.87852 0.74907
vt 0.88476 0.69135
vt 0.90121 0.69135
vt 0.10640 0.67629
vt 0.16412 0.67518
vt 0.92336 0.68122
vt 0.16412 0.68247
vt 0.10640 0.68399
vt 0.19242 0.66272
vt 0.19244 0.65798
vt 0.20364 0.66414
vt 0.19238 0.67400
vt 0.20925 0.67330
vt 0.90851 0.66819
vt 0.88978 0.66312
vt 0.89912 0.65604
vt 0.19235 0.68237
vt 0.19944 0.68239
vt 0.87602 0.82282
vt 0.87837 0.80118
vt 0.88165 0.82283
vt 0.87338 0.74907
vt 0.87845 0.69135
vt 0.89340 0.82282
vt 0.88446 0.78472
vt 0.88387 0.76666
vt 0.07126 0.66918
vt 0.08931 0.66708
vt 0.87792 0.76646
vt 0.87301 0.76629
vt 0.08918 0.68407
vt 0.08928 0.67629
vt 0.01723 0.71871
vt 0.01723 0.71871
vt 0.01723 0.71871
vt 0.01723 0.71871
vt 0.01723 0.71871
vt 0.01723 0.71871
vt 0.01723 0.71871
vt 0.01723 0.71871
vt 0.01723 0.71871
vt 0.01723 0.71871
vt 0.01723 0.71871
vt 0.01723 0.71871
vt 0.01723 0.71871
vt 0.01723 0.71871
vt 0.01723 0.71871
vt 0.01723 0.71871
vt 0.01723 0.71871
vt 0.01723 0.71871
vt 0.01723 0.71871
vt 0.01723 0.71871
vt 0.01723 0.71871
vt 0.01723 0.71871
vt 0.01723 0.71871
vt 0.01723 0.71871
vt 0.01723 0.71871
vt 0.01723 0.71871
vt 0.01723 0.71871
vt 0.01723 0.71871
vt 0.01723 0.71871
vt 0.01723 0.71871
vt 0.01723 0.71871
vt 0.01723 0.71871
vt 0.01723 0.71871
vt 0.01723 0.71871
vt 0.01723 0.71871
vt 0.01723 0.71871
vt 0.01723 0.71871
vt 0.01723 0.71871
vt 0.01723 0.71871
vt 0.01723 0.71871
vt 0.89906 0.93302
vt 0.48570 0.98506
vt 0.87730 0.78448
vt 0.87374 0.80119
vt 0.87262 0.78432
vt 0.07115 0.68416
vt 0.07124 0.67629
vt 0.53556 0.98091
vt 0.63422 0.96320
vt 0.88759 0.94535
vt 0.88607 0.93309
vt 0.89826 0.93302
vt 0.89867 0.94529
vt 0.52395 0.98536
vt 0.51169 0.98490
vt 0.45889 0.98344
vt 0.89548 0.99815
vt 0.89163 0.97134
vt 0.89631 0.97137
vt 0.89707 0.99729
vt 0.89683 0.97137
vt 0.89707 0.99729
vt 0.89913 0.94529
vt 0.89707 0.99729
vt 0.89631 0.97137
vt 0.89683 0.97137
vt 0.89683 0.97137
vt 0.89631 0.97137
vt 0.89867 0.94529
vt 0.89867 0.94529
vt 0.89913 0.94529
vt 0.89683 0.97137
vt 0.89913 0.94529
vt 0.89867 0.94529
vt 0.89826 0.93302
vt 0.89826 0.93302
vt 0.89906 0.93302
vt 0.89913 0.94529
vt 0.89906 0.93302
vt 0.89826 0.93302
vt 0.88607 0.93309
vt 0.88607 0.93309
vt 0.88640 0.93309
vt 0.89906 0.93302
vt 0.88640 0.93309
vt 0.88607 0.93309
vt 0.88759 0.94535
vt 0.88759 0.94535
vt 0.88744 0.94535
vt 0.88640 0.93309
vt 0.88744 0.94535
vt 0.88759 0.94535
vt 0.89163 0.97134
vt 0.89163 0.97134
vt 0.89187 0.97134
vt 0.88744 0.94535
vt 0.89187 0.97134
vt 0.89163 0.97134
vt 0.89548 0.99815
vt 0.88640 0.93309
vt 0.19944 0.40844
vt 0.16349 0.79709
vt 0.16349 0.81949
vt 0.32151 0.80396
vt 0.21477 0.80207
vt 0.21477 0.82397
vt 0.32155 0.82522
vt 0.03265 0.51344
vt 0.03265 0.50025
vt 0.29388 0.50025
vt 0.29391 0.51344
vt 0.03265 0.52151
vt 0.29392 0.52151
vt 0.39907 0.50105
vt 0.39910 0.51427
vt 0.39911 0.52270
vt 0.32154 0.81715
vt 0.63421 0.80396
vt 0.63421 0.81715
vt 0.63421 0.82522
vt 0.21477 0.81370
vt 0.16349 0.80864
vt 0.16349 0.90115
vt 0.16349 0.87876
vt 0.21475 0.89618
vt 0.32152 0.89429
vt 0.32155 0.87303
vt 0.21475 0.87428
vt 0.03265 0.57739
vt 0.29390 0.57739
vt 0.29388 0.59058
vt 0.03265 0.59058
vt 0.29391 0.56932
vt 0.03265 0.56932
vt 0.39909 0.57656
vt 0.39907 0.58978
vt 0.39911 0.56813
vt 0.32154 0.88110
vt 0.63422 0.88110
vt 0.63422 0.89429
vt 0.63422 0.87303
vt 0.21475 0.88454
vt 0.16349 0.88961
vt 0.03558 0.71708
vt 0.03655 0.71748
vt 0.03647 0.72034
vt 0.03647 0.72034
vt 0.03103 0.72062
vt 0.03102 0.71834
vt 0.03102 0.71834
vt 0.03558 0.71708
vt 0.03647 0.72034
vt 0.03110 0.72062
vt 0.03103 0.72062
vt 0.03647 0.72034
vt 0.03647 0.72034
vt 0.03497 0.72043
vt 0.03110 0.72062
vt 0.03497 0.72043
vt 0.03647 0.72034
vt 0.03647 0.72034
vt 0.03647 0.72034
vt 0.03647 0.72034
vt 0.03655 0.71748
vt 0.03655 0.71748
vt 0.03655 0.71748
vt 0.03647 0.72034
vt 0.03655 0.71748
vt 0.03655 0.71748
vt 0.03558 0.71708
vt 0.03558 0.71708
vt 0.03558 0.71708
vt 0.03655 0.71748
vt 0.03558 0.71708
vt 0.03558 0.71708
vt 0.03102 0.71834
vt 0.03102 0.71834
vt 0.03109 0.71834
vt 0.03558 0.71708
vt 0.67323 0.17546
vt 0.64801 0.17549
vt 0.64960 0.16916
vt 0.66977 0.16853
vt 0.72370 0.10192
vt 0.72370 0.10380
vt 0.67323 0.06984
vt 0.67323 0.06897
vt 0.36430 0.18765
vt 0.31383 0.22060
vt 0.31383 0.21898
vt 0.36430 0.18534
vt 0.70845 0.09675
vt 0.67323 0.07200
vt 0.72370 0.10885
vt 0.70576 0.10050
vt 0.72370 0.14308
vt 0.72370 0.17540
vt 0.67825 0.15328
vt 0.67323 0.15114
vt 0.67323 0.12153
vt 0.36430 0.17346
vt 0.31383 0.20777
vt 0.31383 0.16833
vt 0.36430 0.14649
vt 0.73076 0.11255
vt 0.84818 0.17412
vt 0.84818 0.19610
vt 0.84623 0.21704
vt 0.48878 0.10812
vt 0.36854 0.17124
vt 0.62524 0.04817
vt 0.62497 0.04756
vt 0.62949 0.04517
vt 0.62949 0.04590
vt 0.98436 0.24201
vt 0.98465 0.24139
vt 0.98886 0.24366
vt 0.98886 0.24442
vt 0.98886 0.24802
vt 0.98886 0.25597
vt 0.98307 0.24481
vt 0.98886 0.28265
vt 0.62101 0.03892
vt 0.48842 0.07581
vt 0.62949 0.03449
vt 0.63184 0.04209
vt 0.99121 0.24747
vt 0.99269 0.25730
vt 0.99753 0.28558
vt 0.62949 0.00692
vt 0.63815 0.00398
vt 0.63327 0.03209
vt 0.63153 0.04049
vt 0.63400 0.03145
vt 0.99107 0.24930
vt 0.99337 0.25812
vt 0.37291 0.18080
vt 0.37377 0.18260
vt 0.73317 0.10696
vt 0.73256 0.10847
vt 0.48878 0.10812
vt 0.48878 0.11544
vt 0.37136 0.17702
vt 0.36854 0.17124
vt 0.62367 0.04475
vt 0.62101 0.03892
vt 0.62101 0.03892
vt 0.62497 0.04756
vt 0.62524 0.04817
vt 0.62367 0.04475
vt 0.62101 0.03892
vt 0.62524 0.04817
vt 0.62496 0.04756
vt 0.62367 0.04475
vt 0.62524 0.04817
vt 0.37291 0.18080
vt 0.36854 0.17124
vt 0.37136 0.17702
vt 0.37291 0.18080
vt 0.37136 0.17702
vt 0.37316 0.18109
vt 0.37377 0.18260
vt 0.37291 0.18080
vt 0.37316 0.18109
vt 0.69758 0.09696
vt 0.67329 0.08055
vt 0.91096 0.29711
vt 0.90937 0.29902
vt 0.92629 0.30015
vt 0.93209 0.29134
vt 0.99712 0.29999
vt 0.99712 0.29999
vt 0.92629 0.30015
vt 0.94503 0.30008
vt 0.92629 0.30015
vt 0.90937 0.29902
vt 0.90937 0.29902
vt 0.90937 0.29902
vt 0.90937 0.29902
vt 0.91096 0.29711
vt 0.91096 0.29711
vt 0.91282 0.29486
vt 0.90937 0.29902
vt 0.93209 0.29134
vt 0.91282 0.29486
vt 0.91096 0.29711
vt 0.93209 0.29134
vt 0.95103 0.29165
vt 0.98649 0.29225
vt 0.98649 0.29225
vt 0.99706 0.29441
vt 0.99706 0.29441
vt 0.99706 0.29441
vt 0.99706 0.29441
vt 0.99712 0.29999
vt 0.99712 0.29999
vt 0.99712 0.29999
vt 0.99706 0.29441
vt 0.98649 0.29225
vt 0.99712 0.29999
vt 0.99706 0.29441
vt 0.31383 0.11402
vt 0.36430 0.11842
vt 0.35220 0.11438
vt 0.35224 0.10279
vt 0.36430 0.10282
vt 0.29985 0.28821
vt 0.43445 0.24483
vt 0.43614 0.25669
vt 0.30118 0.29764
vt 0.43443 0.24511
vt 0.38970 0.26018
vt 0.41910 0.26266
vt 0.43611 0.25701
vt 0.39121 0.27095
vt 0.29985 0.28821
vt 0.32268 0.29069
vt 0.30118 0.29764
vt 0.29817 0.10269
vt 0.28849 0.10267
vt 0.28861 0.11408
vt 0.29819 0.11396
vt 0.36430 0.10282
vt 0.35224 0.10279
vt 0.36430 0.11842
vt 0.35220 0.11438
vt 0.48683 0.07253
vt 0.48878 0.05411
vt 0.48784 0.06354
vt 0.48842 0.07581
vt 0.67759 0.16816
vt 0.43602 0.40026
vt 0.45556 0.39907
vt 0.46049 0.39641
vt 0.43602 0.40026
vt 0.46049 0.39641
vt 0.46425 0.39225
vt 0.43602 0.40026
vt 0.46425 0.39225
vt 0.46668 0.38844
vt 0.43602 0.40026
vt 0.46668 0.38844
vt 0.43553 0.38884
vt 0.46424 0.37282
vt 0.46049 0.37698
vt 0.45555 0.37964
vt 0.45555 0.37964
vt 0.43602 0.38083
vt 0.43552 0.36941
vt 0.45555 0.37964
vt 0.43552 0.36941
vt 0.46667 0.36900
vt 0.46424 0.37282
vt 0.45555 0.37964
vt 0.46667 0.36900
vt 0.43178 0.40029
vt 0.43228 0.38888
vt 0.40110 0.38840
vt 0.43178 0.40029
vt 0.40110 0.38840
vt 0.40356 0.39229
vt 0.43178 0.40029
vt 0.40356 0.39229
vt 0.40731 0.39645
vt 0.41222 0.39904
vt 0.43178 0.40029
vt 0.40731 0.39645
vt 0.43200 0.36941
vt 0.43151 0.38083
vt 0.41197 0.37964
vt 0.40085 0.36900
vt 0.43200 0.36941
vt 0.41197 0.37964
vt 0.40328 0.37282
vt 0.40085 0.36900
vt 0.41197 0.37964
vt 0.40704 0.37698
vt 0.84818 0.23545
vt 0.48784 0.06354
vt 0.48878 0.05411
vt 0.76561 0.73088
vt 0.76526 0.74782
vt 0.72513 0.74880
vt 0.72459 0.73146
vt 0.76493 0.76242
vt 0.72556 0.76251
vt 0.76452 0.77826
vt 0.72601 0.77731
vt 0.76408 0.78936
vt 0.72622 0.78676
vt 0.76387 0.79619
vt 0.72613 0.79441
vt 0.76372 0.80120
vt 0.72606 0.79960
vt 0.76372 0.60803
vt 0.76361 0.61267
vt 0.72597 0.61436
vt 0.72606 0.60963
vt 0.76350 0.61945
vt 0.72583 0.62190
vt 0.76357 0.63084
vt 0.72531 0.63157
vt 0.76389 0.64656
vt 0.72478 0.64630
vt 0.76423 0.66114
vt 0.72433 0.66004
vt 0.76465 0.67823
vt 0.72387 0.67748
vt 0.76499 0.68911
vt 0.72359 0.68746
vt 0.76540 0.69950
vt 0.72342 0.69781
vt 0.76570 0.70460
vt 0.72348 0.70320
vt 0.76570 0.70460
vt 0.76583 0.70983
vt 0.72375 0.71142
vt 0.72348 0.70602
vt 0.76577 0.72022
vt 0.72420 0.72176
vt 0.70401 0.74887
vt 0.70345 0.73335
vt 0.70448 0.76135
vt 0.70496 0.77396
vt 0.70525 0.78262
vt 0.70516 0.79094
vt 0.70509 0.79628
vt 0.70502 0.61777
vt 0.70509 0.61295
vt 0.70491 0.62591
vt 0.70443 0.63451
vt 0.70385 0.64708
vt 0.70337 0.65958
vt 0.70287 0.67524
vt 0.70253 0.68323
vt 0.70261 0.69302
vt 0.70263 0.69772
vt 0.70287 0.71603
vt 0.70263 0.71150
vt 0.70303 0.72570
vt 0.69901 0.74861
vt 0.69839 0.73560
vt 0.69949 0.76020
vt 0.70002 0.77125
vt 0.70038 0.77860
vt 0.70027 0.78803
vt 0.70064 0.79317
vt 0.70015 0.62063
vt 0.70064 0.61606
vt 0.70008 0.62979
vt 0.69961 0.63688
vt 0.69899 0.64788
vt 0.69849 0.65952
vt 0.69793 0.67266
vt 0.69776 0.68016
vt 0.69761 0.68881
vt 0.69776 0.69413
vt 0.69781 0.72010
vt 0.69776 0.71509
vt 0.69817 0.72854
vt 0.68279 0.65293
vt 0.68879 0.65131
vt 0.68817 0.66431
vt 0.68215 0.66484
vt 0.68769 0.67590
vt 0.68165 0.67546
vt 0.68717 0.68695
vt 0.68110 0.68557
vt 0.68681 0.69431
vt 0.68072 0.69231
vt 0.68692 0.69909
vt 0.68081 0.69669
vt 0.68655 0.70023
vt 0.68043 0.69773
vt 0.68704 0.69963
vt 0.68090 0.69719
vt 0.68711 0.69514
vt 0.68096 0.69307
vt 0.68758 0.68805
vt 0.68144 0.68658
vt 0.68819 0.67705
vt 0.68207 0.67651
vt 0.68869 0.66541
vt 0.68259 0.66585
vt 0.68925 0.65227
vt 0.68317 0.65381
vt 0.68943 0.64477
vt 0.68337 0.64695
vt 0.68958 0.63612
vt 0.68355 0.63902
vt 0.68943 0.63324
vt 0.68342 0.63639
vt 0.68937 0.63580
vt 0.68338 0.63874
vt 0.68901 0.64425
vt 0.68302 0.64647
vt 0.64603 0.65872
vt 0.64583 0.64795
vt 0.64629 0.67022
vt 0.64658 0.68105
vt 0.64687 0.68993
vt 0.64711 0.69576
vt 0.64728 0.69785
vt 0.64736 0.69596
vt 0.64734 0.69030
vt 0.64723 0.68155
vt 0.64702 0.67078
vt 0.64676 0.65929
vt 0.64647 0.64845
vt 0.64619 0.63958
vt 0.64594 0.63374
vt 0.64577 0.63165
vt 0.64569 0.63354
vt 0.64571 0.63921
vt 0.79668 0.73083
vt 0.79470 0.74646
vt 0.79280 0.76105
vt 0.79089 0.77590
vt 0.79182 0.78687
vt 0.79274 0.79379
vt 0.79302 0.79938
vt 0.79302 0.60985
vt 0.79262 0.61507
vt 0.79135 0.62189
vt 0.79123 0.63308
vt 0.79315 0.64774
vt 0.79503 0.66230
vt 0.79698 0.67797
vt 0.79820 0.68765
vt 0.79935 0.69696
vt 0.79974 0.70225
vt 0.79974 0.70697
vt 0.79920 0.71218
vt 0.79794 0.72138
vt 0.95019 0.30835
vt 0.93756 0.30941
vt 0.96290 0.30948
vt 0.92364 0.31300
vt 0.97701 0.31341
vt 0.91011 0.32354
vt 0.99019 0.32472
vt 0.90582 0.33844
vt 0.99416 0.33958
vt 0.90608 0.35315
vt 0.99368 0.35426
vt 0.91043 0.36899
vt 0.98894 0.36997
vt 0.91830 0.37866
vt 0.98110 0.37959
vt 0.98110 0.37959
vt 0.91830 0.37866
vt 0.93234 0.38820
vt 0.93234 0.38820
vt 0.96683 0.38873
vt 0.98110 0.37959
vt 0.96683 0.38873
vt 0.93234 0.38820
vt 0.94952 0.39209
vt 0.79721 0.92618
vt 0.83823 0.92677
vt 0.83770 0.94411
vt 0.79756 0.94313
vt 0.83726 0.95782
vt 0.79789 0.95773
vt 0.83681 0.97262
vt 0.79830 0.97357
vt 0.83660 0.98207
vt 0.79874 0.98466
vt 0.83669 0.98971
vt 0.79895 0.99149
vt 0.83676 0.99490
vt 0.79910 0.99651
vt 0.79910 0.80333
vt 0.83676 0.80494
vt 0.83685 0.80967
vt 0.79921 0.80797
vt 0.83700 0.81720
vt 0.79932 0.81475
vt 0.83751 0.82688
vt 0.79925 0.82614
vt 0.83804 0.84160
vt 0.79893 0.84186
vt 0.83849 0.85535
vt 0.79860 0.85645
vt 0.83895 0.87279
vt 0.79817 0.87353
vt 0.83923 0.88276
vt 0.79783 0.88441
vt 0.83940 0.89311
vt 0.79742 0.89480
vt 0.83934 0.89851
vt 0.79712 0.89990
vt 0.79712 0.89990
vt 0.83934 0.90132
vt 0.83907 0.90672
vt 0.79699 0.90514
vt 0.83862 0.91707
vt 0.79705 0.91552
vt 0.85937 0.92865
vt 0.85881 0.94418
vt 0.85834 0.95666
vt 0.85786 0.96926
vt 0.85757 0.97792
vt 0.85766 0.98624
vt 0.85773 0.99158
vt 0.85773 0.80826
vt 0.85780 0.81308
vt 0.85791 0.82121
vt 0.85839 0.82981
vt 0.85898 0.84238
vt 0.85945 0.85488
vt 0.85996 0.87055
vt 0.86029 0.87853
vt 0.86021 0.88832
vt 0.86019 0.89302
vt 0.86019 0.90680
vt 0.85995 0.91133
vt 0.85979 0.92100
vt 0.86443 0.93091
vt 0.86381 0.94391
vt 0.86333 0.95550
vt 0.86281 0.96655
vt 0.86244 0.97391
vt 0.86255 0.98334
vt 0.86219 0.98847
vt 0.86219 0.81137
vt 0.86267 0.81594
vt 0.86274 0.82509
vt 0.86321 0.83219
vt 0.86383 0.84318
vt 0.86433 0.85483
vt 0.86489 0.86797
vt 0.86506 0.87546
vt 0.86521 0.88411
vt 0.86506 0.88944
vt 0.86506 0.91039
vt 0.86501 0.91540
vt 0.86465 0.92385
vt 0.68279 0.65293
vt 0.68215 0.66484
vt 0.68817 0.66431
vt 0.68879 0.65131
vt 0.68165 0.67546
vt 0.68769 0.67590
vt 0.68110 0.68557
vt 0.68717 0.68695
vt 0.68072 0.69231
vt 0.68681 0.69431
vt 0.68081 0.69669
vt 0.68692 0.69909
vt 0.68043 0.69773
vt 0.68655 0.70023
vt 0.68090 0.69719
vt 0.68704 0.69963
vt 0.68096 0.69307
vt 0.68711 0.69514
vt 0.68144 0.68658
vt 0.68758 0.68805
vt 0.68207 0.67651
vt 0.68819 0.67705
vt 0.68259 0.66585
vt 0.68869 0.66541
vt 0.68317 0.65381
vt 0.68925 0.65227
vt 0.68337 0.64695
vt 0.68943 0.64477
vt 0.68355 0.63902
vt 0.68958 0.63612
vt 0.68342 0.63639
vt 0.68943 0.63324
vt 0.68338 0.63874
vt 0.68937 0.63580
vt 0.68302 0.64647
vt 0.68901 0.64425
vt 0.64583 0.64795
vt 0.64603 0.65872
vt 0.64629 0.67022
vt 0.64658 0.68105
vt 0.64687 0.68993
vt 0.64711 0.69576
vt 0.64728 0.69785
vt 0.64736 0.69596
vt 0.64734 0.69030
vt 0.64723 0.68155
vt 0.64702 0.67078
vt 0.64676 0.65929
vt 0.64647 0.64845
vt 0.64619 0.63958
vt 0.64594 0.63374
vt 0.64577 0.63165
vt 0.64569 0.63354
vt 0.64571 0.63921
vt 0.76812 0.94177
vt 0.76614 0.92613
vt 0.77002 0.95635
vt 0.77193 0.97120
vt 0.77100 0.98217
vt 0.77008 0.98909
vt 0.76980 0.99469
vt 0.77021 0.81037
vt 0.76980 0.80515
vt 0.77147 0.81720
vt 0.77159 0.82838
vt 0.76967 0.84305
vt 0.76779 0.85760
vt 0.76584 0.87327
vt 0.76462 0.88295
vt 0.76347 0.89227
vt 0.76308 0.89755
vt 0.76362 0.90748
vt 0.76308 0.90228
vt 0.76488 0.91669
vt 0.95019 0.30835
vt 0.96290 0.30948
vt 0.93756 0.30941
vt 0.97701 0.31341
vt 0.92364 0.31300
vt 0.99019 0.32472
vt 0.91011 0.32354
vt 0.99416 0.33958
vt 0.90582 0.33844
vt 0.99368 0.35426
vt 0.90608 0.35315
vt 0.98894 0.36997
vt 0.91043 0.36899
vt 0.98110 0.37959
vt 0.91830 0.37866
vt 0.98110 0.37959
vt 0.96683 0.38873
vt 0.93234 0.38820
vt 0.93234 0.38820
vt 0.91830 0.37866
vt 0.98110 0.37959
vt 0.96683 0.38873
vt 0.94952 0.39209
vt 0.93234 0.38820
vt 0.99295 0.45265
vt 0.99099 0.43816
vt 0.96964 0.43878
vt 0.97165 0.45371
vt 0.99422 0.46141
vt 0.97293 0.46273
vt 0.99550 0.46994
vt 0.97421 0.47151
vt 0.99609 0.47323
vt 0.97477 0.47491
vt 0.99576 0.46984
vt 0.97439 0.47142
vt 0.99469 0.46119
vt 0.97326 0.46251
vt 0.99352 0.45221
vt 0.97204 0.45326
vt 0.99163 0.43768
vt 0.97008 0.43830
vt 0.98978 0.42417
vt 0.96818 0.42439
vt 0.98788 0.41058
vt 0.96625 0.41039
vt 0.98802 0.40020
vt 0.96637 0.39972
vt 0.98927 0.39662
vt 0.96765 0.39603
vt 0.98965 0.39572
vt 0.96805 0.39511
vt 0.98932 0.39696
vt 0.96775 0.39639
vt 0.98832 0.40066
vt 0.96680 0.40018
vt 0.98728 0.41085
vt 0.96582 0.41067
vt 0.98914 0.42463
vt 0.96774 0.42485
vt 0.99295 0.45265
vt 0.97165 0.45371
vt 0.96964 0.43878
vt 0.99099 0.43816
vt 0.99422 0.46141
vt 0.97293 0.46273
vt 0.99550 0.46994
vt 0.97421 0.47151
vt 0.99609 0.47323
vt 0.97477 0.47491
vt 0.99576 0.46984
vt 0.97439 0.47142
vt 0.99469 0.46119
vt 0.97326 0.46251
vt 0.99352 0.45221
vt 0.97204 0.45326
vt 0.99163 0.43768
vt 0.97008 0.43830
vt 0.98978 0.42417
vt 0.96818 0.42439
vt 0.98788 0.41058
vt 0.96625 0.41039
vt 0.98802 0.40020
vt 0.96637 0.39972
vt 0.98927 0.39662
vt 0.96765 0.39603
vt 0.98965 0.39572
vt 0.96805 0.39511
vt 0.98932 0.39696
vt 0.96775 0.39639
vt 0.98832 0.40066
vt 0.96680 0.40018
vt 0.98728 0.41085
vt 0.96582 0.41067
vt 0.98914 0.42463
vt 0.96774 0.42485
vt 0.47930 0.38315
vt 0.63882 0.33082
vt 0.63884 0.34441
vt 0.47812 0.38787
vt 0.63870 0.36570
vt 0.47694 0.39260
vt 0.64549 0.29549
vt 0.47839 0.29644
vt 0.47713 0.35217
vt 0.64014 0.30802
vt 0.47625 0.36641
vt 0.63891 0.31297
vt 0.47682 0.37405
vt 0.63855 0.31439
vt 0.47799 0.37541
vt 0.63844 0.31486
vt 0.47975 0.38135
vt 0.64020 0.32081
vt 0.63951 0.32290
vt 0.47965 0.38174
vt 0.47586 0.38873
vt 0.47753 0.38402
vt 0.64066 0.31219
vt 0.64232 0.30748
vt 0.63984 0.31375
vt 0.47834 0.38246
vt 0.63980 0.39930
vt 0.47269 0.40025
vt 0.47930 0.38315
vt 0.47812 0.38787
vt 0.63884 0.34441
vt 0.63882 0.33082
vt 0.47694 0.39260
vt 0.63870 0.36570
vt 0.64549 0.29549
vt 0.64014 0.30802
vt 0.47713 0.35217
vt 0.47839 0.29644
vt 0.63891 0.31297
vt 0.47625 0.36641
vt 0.63855 0.31439
vt 0.47682 0.37405
vt 0.63844 0.31486
vt 0.47799 0.37541
vt 0.47975 0.38135
vt 0.47965 0.38174
vt 0.63951 0.32290
vt 0.64020 0.32081
vt 0.47586 0.38873
vt 0.47753 0.38402
vt 0.64066 0.31219
vt 0.64232 0.30748
vt 0.63984 0.31375
vt 0.47834 0.38246
vt 0.63980 0.39930
vt 0.47269 0.40025
vt 0.99396 0.51892
vt 0.97723 0.52785
vt 0.98173 0.48083
vt 0.99659 0.48071
vt 0.96030 0.52570
vt 0.96555 0.47857
vt 0.95729 0.52420
vt 0.95729 0.50187
vt 0.99185 0.54871
vt 0.97284 0.56141
vt 0.95979 0.53527
vt 0.96671 0.56145
vt 0.99396 0.51892
vt 0.99659 0.48071
vt 0.98173 0.48083
vt 0.97723 0.52785
vt 0.96030 0.52570
vt 0.96555 0.47857
vt 0.95729 0.52420
vt 0.95729 0.50187
vt 0.99185 0.54871
vt 0.97284 0.56141
vt 0.95979 0.53527
vt 0.96671 0.56145
vt 0.17058 0.35588
vt 0.17076 0.34760
vt 0.18763 0.34759
vt 0.18767 0.35450
vt 0.17094 0.34609
vt 0.17144 0.34339
vt 0.18831 0.34339
vt 0.18780 0.34609
vt 0.17165 0.34212
vt 0.16946 0.33384
vt 0.18856 0.33522
vt 0.18851 0.34213
vt 0.16946 0.35867
vt 0.18788 0.35576
vt 0.18838 0.35879
vt 0.13919 0.35576
vt 0.14008 0.33396
vt 0.13938 0.35412
vt 0.13989 0.35141
vt 0.18838 0.33372
vt 0.13989 0.33536
vt 0.05040 0.32437
vt 0.05042 0.30337
vt 0.04109 0.31389
vt 0.04641 0.29902
vt 0.03553 0.29906
vt 0.03122 0.30312
vt 0.03120 0.32412
vt 0.03522 0.32847
vt 0.04610 0.32842
vt 0.17058 0.35588
vt 0.18767 0.35450
vt 0.18763 0.34759
vt 0.17076 0.34760
vt 0.17094 0.34609
vt 0.18780 0.34609
vt 0.18831 0.34339
vt 0.17144 0.34339
vt 0.17165 0.34212
vt 0.18851 0.34213
vt 0.18856 0.33522
vt 0.16946 0.33384
vt 0.16946 0.35867
vt 0.18838 0.35879
vt 0.18788 0.35576
vt 0.13919 0.35576
vt 0.14008 0.33396
vt 0.13989 0.35141
vt 0.13938 0.35412
vt 0.18838 0.33372
vt 0.13989 0.33536
vt 0.05040 0.32437
vt 0.04109 0.31389
vt 0.05042 0.30337
vt 0.04641 0.29902
vt 0.03553 0.29906
vt 0.03122 0.30312
vt 0.03120 0.32412
vt 0.03522 0.32847
vt 0.04610 0.32842
vt 0.84270 0.01248
vt 0.84855 0.00979
vt 0.84848 0.01317
vt 0.84270 0.01248
vt 0.84823 0.02617
vt 0.85404 0.02570
vt 0.85404 0.03114
vt 0.84834 0.02952
vt 0.85404 0.01372
vt 0.85404 0.00815
vt 0.86261 0.00732
vt 0.86470 0.01451
vt 0.84861 0.00932
vt 0.85404 0.00745
vt 0.84861 0.02989
vt 0.85404 0.03176
vt 0.86293 0.00621
vt 0.86265 0.03203
vt 0.86293 0.03300
vt 0.86449 0.02499
vt 0.84288 0.02682
vt 0.84253 0.02663
vt 0.86293 0.00621
vt 0.86265 0.00718
vt 0.86449 0.01422
vt 0.86470 0.01451
vt 0.86261 0.00732
vt 0.28431 0.11215
vt 0.28431 0.11215
vt 0.27854 0.11284
vt 0.27847 0.10946
vt 0.27879 0.12584
vt 0.27868 0.12918
vt 0.27298 0.13081
vt 0.27298 0.12537
vt 0.27298 0.11339
vt 0.26231 0.11418
vt 0.26441 0.10699
vt 0.27298 0.10782
vt 0.27840 0.10899
vt 0.27298 0.10712
vt 0.27840 0.12956
vt 0.27298 0.13142
vt 0.26409 0.10588
vt 0.26437 0.13170
vt 0.26409 0.13266
vt 0.26252 0.12466
vt 0.28414 0.12649
vt 0.28449 0.12630
vt 0.26441 0.10699
vt 0.26231 0.11418
vt 0.26252 0.11389
vt 0.26409 0.10588
vt 0.26437 0.10685
vt 0.28564 0.14486
vt 0.27903 0.14484
vt 0.27896 0.14178
vt 0.27286 0.16139
vt 0.27286 0.15605
vt 0.27930 0.15627
vt 0.27920 0.15959
vt 0.27286 0.14522
vt 0.26132 0.14597
vt 0.26335 0.13905
vt 0.27286 0.13995
vt 0.27889 0.14124
vt 0.27286 0.13907
vt 0.27889 0.16000
vt 0.27286 0.16217
vt 0.26268 0.13713
vt 0.26331 0.16240
vt 0.26268 0.16411
vt 0.26134 0.15495
vt 0.28564 0.15638
vt 0.26335 0.16220
vt 0.26132 0.15527
vt 0.26134 0.15495
vt 0.26268 0.16411
vt 0.26331 0.16240
vt 0.00997 0.71753
vt 0.00919 0.72081
vt 0.00901 0.71796
vt 0.00919 0.72081
vt 0.00997 0.71753
vt 0.01457 0.71863
vt 0.01457 0.71863
vt 0.01464 0.72091
vt 0.00919 0.72081
vt 0.01457 0.72091
vt 0.01069 0.72086
vt 0.00919 0.72081
vt 0.00919 0.72081
vt 0.01464 0.72091
vt 0.01457 0.72091
vt 0.01069 0.72086
vt 0.00919 0.72081
vt 0.00919 0.72081
vt 0.00919 0.72081
vt 0.00901 0.71796
vt 0.00901 0.71796
vt 0.00901 0.71796
vt 0.00919 0.72081
vt 0.00919 0.72081
vt 0.00901 0.71796
vt 0.00997 0.71753
vt 0.00997 0.71753
vt 0.00997 0.71753
vt 0.00901 0.71796
vt 0.00901 0.71796
vt 0.00997 0.71753
vt 0.01450 0.71863
vt 0.01457 0.71863
vt 0.01457 0.71863
vt 0.00997 0.71753
vt 0.00997 0.71753
vt 0.63471 0.16916
vt 0.63629 0.17549
vt 0.61108 0.17546
vt 0.61453 0.16853
vt 0.61108 0.06984
vt 0.56060 0.10380
vt 0.56060 0.10192
vt 0.61108 0.06897
vt 0.96949 0.21898
vt 0.96949 0.22060
vt 0.91901 0.18765
vt 0.91901 0.18534
vt 0.61108 0.07200
vt 0.57586 0.09675
vt 0.57855 0.10050
vt 0.56060 0.10885
vt 0.56060 0.14308
vt 0.61108 0.12153
vt 0.61108 0.15114
vt 0.60606 0.15328
vt 0.56060 0.17540
vt 0.96949 0.16833
vt 0.96949 0.20777
vt 0.91901 0.17346
vt 0.91901 0.14649
vt 0.62373 0.06307
vt 0.62371 0.05895
vt 0.62369 0.05807
vt 0.98210 0.22810
vt 0.98210 0.23150
vt 0.43612 0.17412
vt 0.55355 0.11255
vt 0.43612 0.19610
vt 0.43808 0.21704
vt 0.91477 0.17124
vt 0.79453 0.10812
vt 0.65383 0.04517
vt 0.65835 0.04756
vt 0.65807 0.04817
vt 0.65383 0.04590
vt 0.29544 0.24366
vt 0.29966 0.24139
vt 0.29995 0.24201
vt 0.29544 0.24442
vt 0.30124 0.24481
vt 0.29544 0.24799
vt 0.29544 0.28265
vt 0.29544 0.25597
vt 0.79489 0.07582
vt 0.66231 0.03892
vt 0.65383 0.03449
vt 0.65148 0.04209
vt 0.29309 0.24747
vt 0.29323 0.24930
vt 0.64516 0.00398
vt 0.65383 0.00692
vt 0.65179 0.04049
vt 0.65004 0.03209
vt 0.64931 0.03145
vt 0.29093 0.25812
vt 0.29162 0.25730
vt 0.28678 0.28558
vt 0.91040 0.18080
vt 0.90954 0.18260
vt 0.55175 0.10847
vt 0.55113 0.10696
vt 0.91195 0.17702
vt 0.79453 0.11544
vt 0.79453 0.10812
vt 0.91477 0.17124
vt 0.65965 0.04475
vt 0.66231 0.03892
vt 0.65965 0.04475
vt 0.65836 0.04756
vt 0.65807 0.04817
vt 0.65807 0.04817
vt 0.65835 0.04756
vt 0.66231 0.03892
vt 0.65965 0.04475
vt 0.65807 0.04817
vt 0.66231 0.03892
vt 0.91040 0.18080
vt 0.90954 0.18260
vt 0.91015 0.18109
vt 0.91040 0.18080
vt 0.91015 0.18109
vt 0.91195 0.17702
vt 0.91040 0.18080
vt 0.91195 0.17702
vt 0.91477 0.17124
vt 0.58672 0.09696
vt 0.61101 0.08055
vt 0.92629 0.30015
vt 0.90937 0.29902
vt 0.91096 0.29711
vt 0.93209 0.29134
vt 0.92629 0.30015
vt 0.99712 0.29999
vt 0.99712 0.29999
vt 0.94503 0.30008
vt 0.92629 0.30015
vt 0.90937 0.29902
vt 0.90937 0.29902
vt 0.91096 0.29711
vt 0.90937 0.29902
vt 0.90937 0.29902
vt 0.90937 0.29902
vt 0.91096 0.29711
vt 0.91096 0.29711
vt 0.91096 0.29711
vt 0.93209 0.29134
vt 0.93209 0.29134
vt 0.91096 0.29711
vt 0.95103 0.29165
vt 0.98649 0.29225
vt 0.98649 0.29225
vt 0.99706 0.29441
vt 0.99706 0.29441
vt 0.99712 0.29999
vt 0.99706 0.29441
vt 0.99706 0.29441
vt 0.99706 0.29441
vt 0.99712 0.29999
vt 0.99712 0.29999
vt 0.98649 0.29225
vt 0.99712 0.29999
vt 0.99706 0.29441
vt 0.91901 0.11842
vt 0.91901 0.10282
vt 0.93107 0.10279
vt 0.93111 0.11438
vt 0.96949 0.11402
vt 0.98512 0.11396
vt 0.98515 0.10269
vt 0.99483 0.10267
vt 0.99370 0.17882
vt 0.43614 0.25669
vt 0.43445 0.24483
vt 0.29985 0.28821
vt 0.30118 0.29764
vt 0.41910 0.26266
vt 0.38970 0.26018
vt 0.43443 0.24511
vt 0.43611 0.25701
vt 0.29985 0.28821
vt 0.39121 0.27095
vt 0.32268 0.29069
vt 0.30118 0.29764
vt 0.99470 0.11408
vt 0.99483 0.10267
vt 0.98515 0.10269
vt 0.98512 0.11396
vt 0.93107 0.10279
vt 0.91901 0.10282
vt 0.91901 0.11842
vt 0.93111 0.11438
vt 0.79453 0.05411
vt 0.79649 0.07253
vt 0.79547 0.06354
vt 0.79489 0.07582
vt 0.60672 0.16816
vt 0.63826 0.10945
vt 0.63456 0.15727
vt 0.79453 0.05411
vt 0.79547 0.06354
vt 0.43612 0.23545
vt 0.62398 0.07178
vt 0.99478 0.22580
vt 0.99515 0.23910
vt 0.63536 0.06026
vt 0.64151 0.05172
vt 0.64131 0.06680
vt 0.91916 0.01384
vt 0.92584 0.01076
vt 0.92577 0.01383
vt 0.93193 0.03037
vt 0.92560 0.02857
vt 0.92550 0.02525
vt 0.93193 0.02503
vt 0.93193 0.01420
vt 0.93193 0.00893
vt 0.94145 0.00803
vt 0.94348 0.01495
vt 0.92591 0.01023
vt 0.93193 0.00805
vt 0.92591 0.02898
vt 0.93193 0.03116
vt 0.94212 0.00612
vt 0.94149 0.03139
vt 0.94212 0.03309
vt 0.94346 0.02393
vt 0.91916 0.02536
vt 0.94212 0.03309
vt 0.94149 0.03139
vt 0.94346 0.02393
vt 0.94348 0.02425
vt 0.94145 0.03118
vt 0.91916 0.04480
vt 0.92584 0.04172
vt 0.92577 0.04479
vt 0.93193 0.06133
vt 0.92560 0.05954
vt 0.92550 0.05622
vt 0.93193 0.05599
vt 0.93193 0.04517
vt 0.93193 0.03989
vt 0.94145 0.03899
vt 0.94348 0.04592
vt 0.92591 0.04119
vt 0.93193 0.03901
vt 0.92591 0.05994
vt 0.93193 0.06212
vt 0.94212 0.03708
vt 0.94149 0.06235
vt 0.94212 0.06405
vt 0.94346 0.05489
vt 0.91916 0.05633
vt 0.94212 0.06405
vt 0.94149 0.06235
vt 0.94346 0.05489
vt 0.94348 0.05522
vt 0.94145 0.06214
vt 0.28564 0.17513
vt 0.27903 0.17511
vt 0.27896 0.17204
vt 0.27287 0.19166
vt 0.27287 0.18632
vt 0.27930 0.18654
vt 0.27920 0.18986
vt 0.27287 0.17549
vt 0.26132 0.17624
vt 0.26335 0.16931
vt 0.27287 0.17022
vt 0.27889 0.17151
vt 0.27287 0.16933
vt 0.27889 0.19026
vt 0.27287 0.19244
vt 0.26268 0.16740
vt 0.26331 0.19267
vt 0.26268 0.19438
vt 0.26134 0.18521
vt 0.28564 0.18665
vt 0.26335 0.19247
vt 0.26132 0.18554
vt 0.26134 0.18521
vt 0.26268 0.19438
vt 0.26331 0.19267
vt 0.49688 0.73739
vt 0.49012 0.73102
vt 0.50376 0.73327
vt 0.50376 0.73841
vt 0.63573 0.05581
vt 0.50376 0.72490
vt 0.50377 0.74124
vt 0.28961 0.17882
vt 0.28849 0.10267
vt 0.29817 0.10269
vt 0.29819 0.11396
vt 0.64974 0.15727
vt 0.64605 0.10945
vt 0.28853 0.22580
vt 0.64079 0.04584
vt 0.63385 0.04584
vt 0.63380 0.04584
vt 0.99221 0.24372
vt 0.99556 0.24372
vt 0.66058 0.06307
vt 0.66060 0.05895
vt 0.66062 0.05807
vt 0.30121 0.22810
vt 0.30121 0.23150
vt 0.66032 0.07178
vt 0.28816 0.23910
vt 0.64895 0.06026
vt 0.64300 0.06680
vt 0.64280 0.05172
vt 0.49689 0.96086
vt 0.50377 0.95984
vt 0.50376 0.96497
vt 0.49013 0.96723
vt 0.64858 0.05581
vt 0.50376 0.97335
vt 0.50377 0.95701
vt 0.65045 0.04584
vt 0.64352 0.04584
vt 0.65051 0.04584
vt 0.29111 0.24372
vt 0.28776 0.24372
vt 0.02291 0.71310
vt 0.02291 0.71310
vt 0.02291 0.71310
vt 0.02291 0.71310
vt 0.02291 0.71310
vt 0.02291 0.71310
vt 0.02291 0.71310
vt 0.02291 0.71310
vt 0.02291 0.71310
vt 0.02291 0.71310
vt 0.02291 0.71310
vt 0.02291 0.71310
vt 0.02291 0.71310
vt 0.02291 0.71310
vt 0.02291 0.71310
vt 0.02291 0.71310
vt 0.02291 0.71310
vt 0.02291 0.71310
vt 0.02291 0.71310
vt 0.02291 0.71310
vt 0.02291 0.71310
vt 0.81029 0.59436
vt 0.81026 0.59582
vt 0.79791 0.59553
vt 0.79795 0.59407
vt 0.81033 0.59340
vt 0.79798 0.59311
vt 0.81034 0.59339
vt 0.79799 0.59310
vt 0.81033 0.59433
vt 0.79798 0.59404
vt 0.81030 0.59578
vt 0.79795 0.59549
vt 0.81026 0.59707
vt 0.79791 0.59678
vt 0.81023 0.59759
vt 0.79789 0.59729
vt 0.81023 0.59709
vt 0.79789 0.59680
vt 0.86091 0.59952
vt 0.86118 0.58881
vt 0.86142 0.58176
vt 0.86153 0.58166
vt 0.86144 0.58857
vt 0.86121 0.59925
vt 0.86093 0.60870
vt 0.86075 0.61250
vt 0.86074 0.60888
vt 0.76619 0.57410
vt 0.81621 0.57197
vt 0.81630 0.57643
vt 0.76587 0.56136
vt 0.81610 0.56721
vt 0.81598 0.56272
vt 0.76557 0.55297
vt 0.81586 0.55905
vt 0.81577 0.55664
vt 0.76545 0.55286
vt 0.81570 0.55577
vt 0.81568 0.55655
vt 0.76555 0.56107
vt 0.81569 0.55890
vt 0.81575 0.56252
vt 0.76583 0.57377
vt 0.81584 0.56697
vt 0.81595 0.57173
vt 0.76616 0.58501
vt 0.81607 0.57622
vt 0.81619 0.57989
vt 0.76638 0.58953
vt 0.81628 0.58230
vt 0.81635 0.58317
vt 0.76639 0.58522
vt 0.81637 0.58239
vt 0.81636 0.58004
vt 0.78980 0.51188
vt 0.78972 0.50804
vt 0.72300 0.51326
vt 0.72321 0.52359
vt 0.78962 0.50394
vt 0.72274 0.50223
vt 0.78952 0.50008
vt 0.72246 0.49184
vt 0.78942 0.49692
vt 0.72219 0.48333
vt 0.78934 0.49484
vt 0.72197 0.47773
vt 0.78928 0.49409
vt 0.72182 0.47572
vt 0.78926 0.49477
vt 0.72176 0.47754
vt 0.78927 0.49678
vt 0.72180 0.48297
vt 0.78932 0.49990
vt 0.72193 0.49136
vt 0.78940 0.50374
vt 0.72214 0.50169
vt 0.78950 0.50783
vt 0.72240 0.51271
vt 0.78960 0.51170
vt 0.72268 0.52311
vt 0.78970 0.51486
vt 0.72295 0.53161
vt 0.78978 0.51694
vt 0.72317 0.53721
vt 0.78986 0.51701
vt 0.78985 0.51499
vt 0.72334 0.53197
vt 0.72338 0.53740
vt 0.27805 0.35055
vt 0.28581 0.35104
vt 0.28551 0.35586
vt 0.27534 0.35583
vt 0.28374 0.36072
vt 0.27265 0.36105
vt 0.26492 0.34963
vt 0.26500 0.35566
vt 0.23845 0.35614
vt 0.23829 0.34972
vt 0.26320 0.36114
vt 0.23812 0.36148
vt 0.28114 0.34440
vt 0.26480 0.34523
vt 0.26447 0.32748
vt 0.28082 0.32174
vt 0.25721 0.36774
vt 0.28142 0.36627
vt 0.28092 0.38989
vt 0.26460 0.38501
vt 0.23795 0.36768
vt 0.23658 0.38363
vt 0.23817 0.34569
vt 0.23682 0.32915
vt 0.27954 0.34762
vt 0.28461 0.34790
vt 0.26135 0.36406
vt 0.27093 0.36430
vt 0.27755 0.36448
vt 0.23806 0.36392
vt 0.23823 0.34759
vt 0.26486 0.34680
vt 0.21409 0.34210
vt 0.21417 0.34769
vt 0.21423 0.35051
vt 0.21438 0.35612
vt 0.21403 0.36099
vt 0.21396 0.36399
vt 0.21385 0.37052
vt 0.20251 0.34773
vt 0.19607 0.35135
vt 0.19303 0.35570
vt 0.19583 0.36051
vt 0.20023 0.36383
vt 0.31109 0.37425
vt 0.30943 0.39252
vt 0.30936 0.31907
vt 0.31097 0.33995
vt 0.30936 0.39253
vt 0.30941 0.39252
vt 0.33799 0.39136
vt 0.30943 0.39252
vt 0.33962 0.37319
vt 0.33799 0.39136
vt 0.33799 0.31958
vt 0.33959 0.33921
vt 0.37438 0.36985
vt 0.37438 0.34109
vt 0.02291 0.71310
vt 0.02291 0.71310
vt 0.02291 0.71310
vt 0.02291 0.71310
vt 0.02291 0.71310
vt 0.02291 0.71310
vt 0.02291 0.71310
vt 0.02291 0.71310
vt 0.02291 0.71310
vt 0.02291 0.71310
vt 0.02291 0.71310
vt 0.02291 0.71310
vt 0.02291 0.71310
vt 0.02291 0.71310
vt 0.02291 0.71310
vt 0.02291 0.71310
vt 0.02291 0.71310
vt 0.02291 0.71310
vt 0.02291 0.71310
vt 0.02291 0.71310
vt 0.02291 0.71310
vt 0.81029 0.59436
vt 0.79795 0.59407
vt 0.79791 0.59553
vt 0.81026 0.59582
vt 0.81033 0.59340
vt 0.79798 0.59311
vt 0.81034 0.59339
vt 0.79799 0.59310
vt 0.81033 0.59433
vt 0.79798 0.59404
vt 0.81030 0.59578
vt 0.79795 0.59549
vt 0.81026 0.59707
vt 0.79791 0.59678
vt 0.81023 0.59759
vt 0.79789 0.59729
vt 0.81023 0.59709
vt 0.79789 0.59680
vt 0.86091 0.59952
vt 0.86118 0.58881
vt 0.86142 0.58176
vt 0.86153 0.58166
vt 0.86144 0.58857
vt 0.86121 0.59925
vt 0.86093 0.60870
vt 0.86075 0.61250
vt 0.86074 0.60888
vt 0.76619 0.57410
vt 0.81630 0.57643
vt 0.81621 0.57197
vt 0.81610 0.56721
vt 0.76587 0.56136
vt 0.81598 0.56272
vt 0.81586 0.55905
vt 0.76557 0.55297
vt 0.81577 0.55664
vt 0.81570 0.55577
vt 0.76545 0.55286
vt 0.81568 0.55655
vt 0.81569 0.55890
vt 0.76555 0.56107
vt 0.81575 0.56252
vt 0.81584 0.56697
vt 0.76583 0.57377
vt 0.81595 0.57173
vt 0.81607 0.57622
vt 0.76616 0.58501
vt 0.81619 0.57989
vt 0.81628 0.58230
vt 0.76638 0.58953
vt 0.81635 0.58317
vt 0.81637 0.58239
vt 0.76639 0.58522
vt 0.81636 0.58004
vt 0.78980 0.51188
vt 0.72321 0.52359
vt 0.72300 0.51326
vt 0.78972 0.50804
vt 0.72274 0.50223
vt 0.78962 0.50394
vt 0.72246 0.49184
vt 0.78952 0.50008
vt 0.72219 0.48333
vt 0.78942 0.49692
vt 0.72197 0.47773
vt 0.78934 0.49484
vt 0.72182 0.47572
vt 0.78928 0.49409
vt 0.72176 0.47754
vt 0.78926 0.49477
vt 0.72180 0.48297
vt 0.78927 0.49678
vt 0.72193 0.49136
vt 0.78932 0.49990
vt 0.72214 0.50169
vt 0.78940 0.50374
vt 0.72240 0.51271
vt 0.78950 0.50783
vt 0.72268 0.52311
vt 0.78960 0.51170
vt 0.72295 0.53161
vt 0.78970 0.51486
vt 0.72317 0.53721
vt 0.78978 0.51694
vt 0.78986 0.51701
vt 0.72338 0.53740
vt 0.72334 0.53197
vt 0.78985 0.51499
vt 0.39056 0.32529
vt 0.39327 0.33058
vt 0.38309 0.33061
vt 0.38280 0.32578
vt 0.39595 0.33579
vt 0.38487 0.33547
vt 0.40368 0.32437
vt 0.43032 0.32447
vt 0.43016 0.33088
vt 0.40360 0.33041
vt 0.43049 0.33623
vt 0.40540 0.33588
vt 0.38747 0.31914
vt 0.38779 0.29648
vt 0.40414 0.30223
vt 0.40381 0.31998
vt 0.41140 0.34248
vt 0.40401 0.35976
vt 0.38769 0.36464
vt 0.38718 0.34102
vt 0.43066 0.34242
vt 0.43203 0.35838
vt 0.43178 0.30390
vt 0.43044 0.32044
vt 0.38400 0.32265
vt 0.38907 0.32236
vt 0.39106 0.33922
vt 0.39767 0.33904
vt 0.40726 0.33881
vt 0.43055 0.33867
vt 0.40375 0.32154
vt 0.43038 0.32233
vt 0.45452 0.31684
vt 0.45444 0.32243
vt 0.45438 0.32526
vt 0.45423 0.33086
vt 0.45458 0.33573
vt 0.45465 0.33874
vt 0.45476 0.34526
vt 0.46610 0.32248
vt 0.47254 0.32610
vt 0.47558 0.33044
vt 0.47278 0.33526
vt 0.46838 0.33857
vt 0.35752 0.34899
vt 0.35918 0.36727
vt 0.35925 0.29382
vt 0.35763 0.31470
vt 0.35925 0.36727
vt 0.33062 0.36611
vt 0.35920 0.36726
vt 0.35918 0.36727
vt 0.32898 0.34793
vt 0.33062 0.36611
vt 0.33062 0.29433
vt 0.32901 0.31395
vt 0.29423 0.34460
vt 0.29423 0.31584
vt 0.31298 0.10126
vt 0.28905 0.10114
vt 0.28881 0.08617
vt 0.31298 0.08630
vt 0.99593 0.09659
vt 0.99593 0.10084
vt 0.97200 0.10095
vt 0.97200 0.09662
vt 0.92153 0.10101
vt 0.92153 0.09673
vt 0.97200 0.08955
vt 0.99606 0.08952
vt 0.92153 0.08966
vt 0.28905 0.10114
vt 0.28905 0.09690
vt 0.28892 0.08983
vt 0.28874 0.08078
vt 0.28881 0.08617
vt 0.92153 0.10101
vt 0.92153 0.07523
vt 0.92153 0.08966
vt 0.92153 0.08966
vt 0.92153 0.09673
vt 0.92153 0.10101
vt 0.97200 0.08078
vt 0.99624 0.08047
vt 0.92153 0.07523
vt 0.94773 0.07523
vt 0.94773 0.08110
vt 0.33743 0.08632
vt 0.33725 0.07554
vt 0.36345 0.07554
vt 0.36345 0.10132
vt 0.94773 0.08110
vt 0.94773 0.07523
vt 0.94755 0.08601
vt 0.31298 0.08630
vt 0.28881 0.08617
vt 0.28874 0.08078
vt 0.31298 0.08108
vt 0.33725 0.08141
vt 0.33743 0.08632
vt 0.97323 0.06817
vt 0.97323 0.07372
vt 0.94895 0.07404
vt 0.94895 0.06817
vt 0.99746 0.07342
vt 0.99756 0.06817
vt 0.31130 0.07958
vt 0.28713 0.07944
vt 0.28696 0.06881
vt 0.31130 0.06881
vt 0.33557 0.06881
vt 0.33575 0.07959
vt 0.99746 0.07342
vt 0.99756 0.06817
vt 0.99740 0.07881
vt 0.33575 0.07959
vt 0.33557 0.06881
vt 0.33557 0.07468
vt 0.94878 0.07895
vt 0.94895 0.07404
vt 0.97323 0.07372
vt 0.97323 0.07894
vt 0.99746 0.07342
vt 0.99740 0.07881
vt 0.90847 0.07818
vt 0.90986 0.07241
vt 0.92011 0.07523
vt 0.90847 0.07818
vt 0.92011 0.07523
vt 0.92011 0.08966
vt 0.79662 0.05038
vt 0.79563 0.04096
vt 0.80368 0.04317
vt 0.80279 0.04717
vt 0.79563 0.04096
vt 0.80279 0.04717
vt 0.92011 0.09673
vt 0.92011 0.10101
vt 0.79758 0.05937
vt 0.79718 0.05551
vt 0.92011 0.08966
vt 0.92011 0.07523
vt 0.92011 0.10101
vt 0.92011 0.10101
vt 0.92011 0.09673
vt 0.92011 0.08966
vt 0.79758 0.05937
vt 0.79563 0.04096
vt 0.79662 0.05038
vt 0.79718 0.05551
vt 0.47987 0.04348
vt 0.48793 0.04127
vt 0.48598 0.05968
vt 0.36345 0.07554
vt 0.37370 0.07272
vt 0.37613 0.08307
vt 0.36345 0.10132
vt 0.36345 0.07554
vt 0.37613 0.08307
vt 0.48190 0.05105
vt 0.80368 0.04317
vt 0.80166 0.05074
vt 0.80279 0.04717
vt 0.37509 0.07849
vt 0.48077 0.04748
vt 0.48190 0.05105
vt 0.37613 0.08307
vt 0.90743 0.08277
vt 0.90986 0.07241
vt 0.90847 0.07818
vt 0.48089 0.04163
vt 0.37512 0.07366
vt 0.37269 0.06330
vt 0.47887 0.03407
vt 0.90899 0.06847
vt 0.80331 0.03745
vt 0.80420 0.03346
vt 0.91038 0.06269
vt 0.80331 0.03745
vt 0.80217 0.04103
vt 0.80420 0.03346
vt 0.90899 0.06847
vt 0.91038 0.06269
vt 0.90794 0.07305
vt 0.90794 0.07305
vt 0.80217 0.04103
vt 0.80331 0.03745
vt 0.90899 0.06847
vt 0.31298 0.10126
vt 0.31298 0.08630
vt 0.28881 0.08617
vt 0.28905 0.10114
vt 0.99593 0.09659
vt 0.97200 0.09662
vt 0.97200 0.10095
vt 0.99593 0.10084
vt 0.92153 0.09673
vt 0.92153 0.10101
vt 0.99606 0.08952
vt 0.97200 0.08955
vt 0.92153 0.08966
vt 0.28905 0.10114
vt 0.28881 0.08617
vt 0.28874 0.08078
vt 0.28892 0.08983
vt 0.28905 0.09690
vt 0.92153 0.10101
vt 0.92153 0.09673
vt 0.92153 0.08966
vt 0.92153 0.08966
vt 0.92153 0.07523
vt 0.92153 0.10101
vt 0.97200 0.08078
vt 0.99624 0.08047
vt 0.94773 0.08110
vt 0.92153 0.07523
vt 0.94773 0.07523
vt 0.36345 0.07554
vt 0.33725 0.07554
vt 0.33743 0.08632
vt 0.36345 0.10132
vt 0.94773 0.08110
vt 0.94755 0.08601
vt 0.94773 0.07523
vt 0.33743 0.08632
vt 0.33725 0.08141
vt 0.31298 0.08108
vt 0.28874 0.08078
vt 0.31298 0.08630
vt 0.28881 0.08617
vt 0.97323 0.06817
vt 0.94895 0.06817
vt 0.94895 0.07404
vt 0.97323 0.07372
vt 0.99746 0.07342
vt 0.99756 0.06817
vt 0.31130 0.07958
vt 0.31130 0.06881
vt 0.28696 0.06881
vt 0.28713 0.07944
vt 0.33557 0.06881
vt 0.33575 0.07959
vt 0.99746 0.07342
vt 0.99740 0.07881
vt 0.99756 0.06817
vt 0.33575 0.07959
vt 0.33557 0.07468
vt 0.33557 0.06881
vt 0.94878 0.07895
vt 0.97323 0.07894
vt 0.97323 0.07372
vt 0.94895 0.07404
vt 0.99740 0.07881
vt 0.99746 0.07342
vt 0.80279 0.04717
vt 0.80368 0.04317
vt 0.79563 0.04096
vt 0.80279 0.04717
vt 0.79563 0.04096
vt 0.79662 0.05038
vt 0.90847 0.07818
vt 0.92011 0.08966
vt 0.92011 0.07523
vt 0.90847 0.07818
vt 0.92011 0.07523
vt 0.90986 0.07241
vt 0.92011 0.09673
vt 0.79718 0.05551
vt 0.79758 0.05937
vt 0.92011 0.10101
vt 0.92011 0.08966
vt 0.92011 0.09673
vt 0.92011 0.10101
vt 0.92011 0.10101
vt 0.92011 0.07523
vt 0.92011 0.08966
vt 0.79758 0.05937
vt 0.79718 0.05551
vt 0.79662 0.05038
vt 0.79563 0.04096
vt 0.37613 0.08307
vt 0.37370 0.07272
vt 0.36345 0.07554
vt 0.37613 0.08307
vt 0.36345 0.07554
vt 0.36345 0.10132
vt 0.48190 0.05105
vt 0.37613 0.08307
vt 0.36345 0.10132
vt 0.48598 0.05968
vt 0.47987 0.04348
vt 0.48793 0.04127
vt 0.80368 0.04317
vt 0.80279 0.04717
vt 0.80166 0.05074
vt 0.37509 0.07849
vt 0.37613 0.08307
vt 0.48190 0.05105
vt 0.48077 0.04748
vt 0.90743 0.08277
vt 0.90847 0.07818
vt 0.90986 0.07241
vt 0.48089 0.04163
vt 0.47887 0.03407
vt 0.37269 0.06330
vt 0.37512 0.07366
vt 0.90899 0.06847
vt 0.91038 0.06269
vt 0.80420 0.03346
vt 0.80420 0.03346
vt 0.80331 0.03745
vt 0.90899 0.06847
vt 0.80331 0.03745
vt 0.80420 0.03346
vt 0.80217 0.04103
vt 0.90899 0.06847
vt 0.90794 0.07305
vt 0.91038 0.06269
vt 0.90794 0.07305
vt 0.90899 0.06847
vt 0.80331 0.03745
vt 0.80217 0.04103
vt 0.82039 0.73179
vt 0.85869 0.73459
vt 0.85848 0.74554
vt 0.82012 0.74529
vt 0.85821 0.75721
vt 0.81979 0.75972
vt 0.85792 0.76822
vt 0.81944 0.77335
vt 0.85764 0.77721
vt 0.81906 0.78443
vt 0.81872 0.79116
vt 0.82907 0.79165
vt 0.82923 0.79743
vt 0.81861 0.79751
vt 0.85721 0.63168
vt 0.85735 0.64054
vt 0.81866 0.63530
vt 0.81852 0.62428
vt 0.85758 0.65144
vt 0.81893 0.64879
vt 0.85786 0.66307
vt 0.81927 0.66321
vt 0.85817 0.67403
vt 0.81962 0.67682
vt 0.85839 0.68123
vt 0.81990 0.68575
vt 0.84451 0.69011
vt 0.84459 0.69270
vt 0.82024 0.69449
vt 0.82018 0.69304
vt 0.84491 0.69725
vt 0.82049 0.69998
vt 0.82049 0.70924
vt 0.84491 0.71198
vt 0.84522 0.71639
vt 0.82058 0.71461
vt 0.82052 0.72317
vt 0.82057 0.71677
vt 0.84534 0.72259
vt 0.85882 0.72527
vt 0.85880 0.72761
vt 0.79668 0.73083
vt 0.79470 0.74646
vt 0.79280 0.76105
vt 0.79089 0.77590
vt 0.79182 0.78687
vt 0.81872 0.79116
vt 0.79274 0.79379
vt 0.81861 0.79751
vt 0.79302 0.79938
vt 0.81861 0.61172
vt 0.81855 0.61786
vt 0.79262 0.61507
vt 0.79302 0.60985
vt 0.79135 0.62189
vt 0.79123 0.63308
vt 0.79315 0.64774
vt 0.79503 0.66230
vt 0.79698 0.67797
vt 0.79820 0.68765
vt 0.79935 0.69696
vt 0.79974 0.70225
vt 0.79974 0.70697
vt 0.79920 0.71218
vt 0.79794 0.72138
vt 0.96290 0.30948
vt 0.93756 0.30941
vt 0.95019 0.30835
vt 0.97701 0.31341
vt 0.92364 0.31300
vt 0.99019 0.32472
vt 0.91011 0.32354
vt 0.99416 0.33958
vt 0.90582 0.33844
vt 0.99368 0.35426
vt 0.90608 0.35315
vt 0.98894 0.36997
vt 0.91043 0.36899
vt 0.98110 0.37959
vt 0.91830 0.37866
vt 0.96683 0.38873
vt 0.93234 0.38820
vt 0.91830 0.37866
vt 0.96683 0.38873
vt 0.94952 0.39209
vt 0.93234 0.38820
vt 0.96683 0.38873
vt 0.76224 0.58926
vt 0.72399 0.58886
vt 0.72378 0.57875
vt 0.76204 0.57832
vt 0.72352 0.56795
vt 0.76177 0.56664
vt 0.72325 0.55777
vt 0.76148 0.55564
vt 0.72299 0.54943
vt 0.76120 0.54664
vt 0.72278 0.54395
vt 0.76092 0.53957
vt 0.72264 0.54198
vt 0.76078 0.53797
vt 0.72259 0.54377
vt 0.76072 0.53947
vt 0.72264 0.54908
vt 0.76077 0.54631
vt 0.72278 0.55730
vt 0.76091 0.55517
vt 0.72299 0.56741
vt 0.76113 0.56606
vt 0.72325 0.57821
vt 0.76142 0.57770
vt 0.72353 0.58839
vt 0.76172 0.58866
vt 0.72379 0.59672
vt 0.76195 0.59586
vt 0.72400 0.60220
vt 0.76218 0.60162
vt 0.76206 0.59859
vt 0.72414 0.60417
vt 0.76233 0.60335
vt 0.72418 0.60239
vt 0.76240 0.60182
vt 0.72413 0.59707
vt 0.76236 0.59624
vt 0.76238 0.59858
vt 0.85850 0.68396
vt 0.84444 0.68664
vt 0.84534 0.71936
vt 0.82018 0.69304
vt 0.84444 0.68664
vt 0.85854 0.68586
vt 0.85850 0.68396
vt 0.85886 0.72338
vt 0.85882 0.72527
vt 0.84534 0.72259
vt 0.82057 0.71677
vt 0.85866 0.68883
vt 0.85881 0.69311
vt 0.85888 0.72019
vt 0.85881 0.71611
vt 0.76846 0.60231
vt 0.76831 0.60065
vt 0.76853 0.60085
vt 0.76851 0.59882
vt 0.86495 0.72504
vt 0.86497 0.72300
vt 0.86490 0.71873
vt 0.86475 0.68602
vt 0.86490 0.69049
vt 0.86468 0.68409
vt 0.76824 0.59872
vt 0.82907 0.78882
vt 0.85736 0.78428
vt 0.83770 0.78665
vt 0.82923 0.62016
vt 0.83760 0.62210
vt 0.85716 0.62484
vt 0.82923 0.62016
vt 0.81855 0.61786
vt 0.82920 0.61742
vt 0.82907 0.78882
vt 0.82923 0.61180
vt 0.81861 0.61172
vt 0.85728 0.78689
vt 0.83768 0.79102
vt 0.83770 0.78665
vt 0.85736 0.78428
vt 0.85718 0.79299
vt 0.83773 0.79713
vt 0.85718 0.61624
vt 0.85713 0.62220
vt 0.83760 0.61807
vt 0.83773 0.61210
vt 0.85716 0.62484
vt 0.83760 0.62210
vt 0.76622 0.53873
vt 0.76627 0.53839
vt 0.86266 0.62410
vt 0.86272 0.61903
vt 0.86279 0.78484
vt 0.86272 0.79020
vt 0.76635 0.53901
vt 0.74243 0.92709
vt 0.74270 0.94059
vt 0.70434 0.94084
vt 0.70414 0.92989
vt 0.74303 0.95503
vt 0.70461 0.95251
vt 0.74339 0.96865
vt 0.70490 0.96352
vt 0.74376 0.97973
vt 0.70518 0.97252
vt 0.74410 0.98647
vt 0.74421 0.99281
vt 0.73359 0.99274
vt 0.73376 0.98696
vt 0.70561 0.82698
vt 0.74430 0.81958
vt 0.74416 0.83060
vt 0.70547 0.83584
vt 0.74389 0.84409
vt 0.70525 0.84674
vt 0.74356 0.85851
vt 0.70496 0.85838
vt 0.74320 0.87213
vt 0.70466 0.86933
vt 0.74292 0.88105
vt 0.70443 0.87653
vt 0.71831 0.88541
vt 0.74264 0.88834
vt 0.74259 0.88979
vt 0.71823 0.88801
vt 0.74233 0.89529
vt 0.71791 0.89255
vt 0.74233 0.90454
vt 0.74224 0.90991
vt 0.71760 0.91170
vt 0.71791 0.90728
vt 0.70402 0.92292
vt 0.70400 0.92058
vt 0.71748 0.91790
vt 0.74230 0.91847
vt 0.74225 0.91207
vt 0.76614 0.92613
vt 0.76812 0.94177
vt 0.77002 0.95635
vt 0.77193 0.97120
vt 0.77100 0.98217
vt 0.77008 0.98909
vt 0.74410 0.98647
vt 0.76980 0.99469
vt 0.74421 0.99281
vt 0.74421 0.80702
vt 0.76980 0.80515
vt 0.77021 0.81037
vt 0.74427 0.81317
vt 0.77147 0.81720
vt 0.77159 0.82838
vt 0.76967 0.84305
vt 0.76779 0.85760
vt 0.76584 0.87327
vt 0.76462 0.88295
vt 0.76347 0.89227
vt 0.76308 0.89755
vt 0.76308 0.90228
vt 0.76362 0.90748
vt 0.76488 0.91669
vt 0.96290 0.30948
vt 0.95019 0.30835
vt 0.93756 0.30941
vt 0.97701 0.31341
vt 0.92364 0.31300
vt 0.99019 0.32472
vt 0.91011 0.32354
vt 0.99416 0.33958
vt 0.90582 0.33844
vt 0.99368 0.35426
vt 0.90608 0.35315
vt 0.98894 0.36997
vt 0.91043 0.36899
vt 0.98110 0.37959
vt 0.91830 0.37866
vt 0.96683 0.38873
vt 0.98110 0.37959
vt 0.91830 0.37866
vt 0.91830 0.37866
vt 0.93234 0.38820
vt 0.96683 0.38873
vt 0.94952 0.39209
vt 0.96683 0.38873
vt 0.93234 0.38820
vt 0.76224 0.58926
vt 0.76204 0.57832
vt 0.72378 0.57875
vt 0.72399 0.58886
vt 0.76177 0.56664
vt 0.72352 0.56795
vt 0.76148 0.55564
vt 0.72325 0.55777
vt 0.76120 0.54664
vt 0.72299 0.54943
vt 0.76092 0.53957
vt 0.72278 0.54395
vt 0.72264 0.54198
vt 0.76078 0.53797
vt 0.72259 0.54377
vt 0.76072 0.53947
vt 0.76077 0.54631
vt 0.72264 0.54908
vt 0.76091 0.55517
vt 0.72278 0.55730
vt 0.76113 0.56606
vt 0.72299 0.56741
vt 0.76142 0.57770
vt 0.72325 0.57821
vt 0.76172 0.58866
vt 0.72353 0.58839
vt 0.76195 0.59586
vt 0.72379 0.59672
vt 0.72400 0.60220
vt 0.76206 0.59859
vt 0.76218 0.60162
vt 0.76233 0.60335
vt 0.72414 0.60417
vt 0.76240 0.60182
vt 0.72418 0.60239
vt 0.72413 0.59707
vt 0.76238 0.59858
vt 0.76236 0.59624
vt 0.71838 0.88194
vt 0.70432 0.87927
vt 0.71748 0.91467
vt 0.74264 0.88834
vt 0.71838 0.88194
vt 0.70428 0.88117
vt 0.70432 0.87927
vt 0.71748 0.91790
vt 0.70400 0.92058
vt 0.70396 0.91868
vt 0.74225 0.91207
vt 0.70416 0.88413
vt 0.70401 0.88841
vt 0.70394 0.91549
vt 0.70401 0.91142
vt 0.76846 0.60231
vt 0.76831 0.60065
vt 0.76853 0.60085
vt 0.76851 0.59882
vt 0.69787 0.92034
vt 0.69785 0.91831
vt 0.69792 0.91403
vt 0.69807 0.88132
vt 0.69792 0.88580
vt 0.69814 0.87939
vt 0.76824 0.59872
vt 0.72512 0.98195
vt 0.70546 0.97958
vt 0.73375 0.98412
vt 0.70566 0.82015
vt 0.72522 0.81740
vt 0.73359 0.81546
vt 0.73359 0.81546
vt 0.73362 0.81272
vt 0.74427 0.81317
vt 0.73375 0.98412
vt 0.73359 0.80710
vt 0.74421 0.80702
vt 0.70554 0.98220
vt 0.70546 0.97958
vt 0.72512 0.98195
vt 0.72514 0.98633
vt 0.72509 0.99244
vt 0.70564 0.98829
vt 0.70564 0.81154
vt 0.72509 0.80740
vt 0.72522 0.81337
vt 0.70569 0.81750
vt 0.72522 0.81740
vt 0.70566 0.82015
vt 0.76622 0.53873
vt 0.76627 0.53839
vt 0.70016 0.81941
vt 0.70011 0.81433
vt 0.70003 0.98014
vt 0.70011 0.98551
vt 0.76635 0.53901
vt 0.48878 0.12132
vt 0.37377 0.18260
vt 0.37291 0.18080
vt 0.48878 0.11967
vt 0.84818 0.16945
vt 0.73256 0.10847
vt 0.73317 0.10696
vt 0.84818 0.16825
vt 0.73076 0.11255
vt 0.84818 0.17412
vt 0.36854 0.17124
vt 0.48878 0.10812
vt 0.62101 0.03892
vt 0.62497 0.04756
vt 0.62524 0.04817
vt 0.98465 0.24139
vt 0.98436 0.24201
vt 0.98307 0.24481
vt 0.37377 0.18260
vt 0.48878 0.12132
vt 0.37291 0.18080
vt 0.48878 0.11967
vt 0.73256 0.10847
vt 0.84818 0.16945
vt 0.73317 0.10696
vt 0.84818 0.16825
vt 0.73076 0.11255
vt 0.84818 0.17412
vt 0.36854 0.17124
vt 0.48878 0.10812
vt 0.62101 0.03892
vt 0.62497 0.04756
vt 0.62524 0.04817
vt 0.98465 0.24139
vt 0.98436 0.24201
vt 0.98307 0.24481
vt 0.91040 0.18080
vt 0.90954 0.18260
vt 0.79453 0.12132
vt 0.79453 0.11967
vt 0.55113 0.10696
vt 0.55175 0.10847
vt 0.43612 0.16945
vt 0.43612 0.16825
vt 0.55355 0.11255
vt 0.43612 0.17412
vt 0.91477 0.17124
vt 0.79453 0.10812
vt 0.65835 0.04756
vt 0.66231 0.03892
vt 0.65807 0.04817
vt 0.29995 0.24201
vt 0.29966 0.24139
vt 0.30124 0.24481
vt 0.79453 0.12132
vt 0.90954 0.18260
vt 0.91040 0.18080
vt 0.79453 0.11967
vt 0.43612 0.16945
vt 0.55175 0.10847
vt 0.55113 0.10696
vt 0.43612 0.16825
vt 0.55355 0.11255
vt 0.43612 0.17412
vt 0.91477 0.17124
vt 0.79453 0.10812
vt 0.66231 0.03892
vt 0.65835 0.04756
vt 0.65807 0.04817
vt 0.29966 0.24139
vt 0.29995 0.24201
vt 0.30124 0.24481
vt 0.67825 0.15328
vt 0.67759 0.16816
vt 0.67323 0.15114
vt 0.66977 0.16853
vt 0.67041 0.15187
vt 0.94025 0.46558
vt 0.96523 0.46670
vt 0.93963 0.45246
vt 0.96523 0.46670
vt 0.96883 0.45826
vt 0.93963 0.45246
vt 0.96761 0.45352
vt 0.60672 0.16816
vt 0.60606 0.15328
vt 0.61108 0.15114
vt 0.61453 0.16853
vt 0.61390 0.15187
vt 0.96523 0.46670
vt 0.94025 0.46558
vt 0.93963 0.45246
vt 0.96883 0.45827
vt 0.96523 0.46670
vt 0.93963 0.45246
vt 0.96761 0.45352
vt 0.23920 0.24064
vt 0.19602 0.24054
vt 0.19555 0.22124
vt 0.23920 0.22124
vt 0.28438 0.24046
vt 0.28401 0.22124
vt 0.19492 0.19855
vt 0.19540 0.21793
vt 0.23874 0.21803
vt 0.23874 0.21803
vt 0.23874 0.19855
vt 0.19492 0.19855
vt 0.28410 0.21785
vt 0.28372 0.19855
vt 0.24030 0.26272
vt 0.24030 0.24332
vt 0.28394 0.24332
vt 0.28347 0.26261
vt 0.19511 0.26254
vt 0.19548 0.24332
vt 0.19504 0.19855
vt 0.23885 0.21803
vt 0.19552 0.21793
vt 0.23885 0.21803
vt 0.19504 0.19855
vt 0.23885 0.19855
vt 0.28421 0.21785
vt 0.28384 0.19855
vt 0.35224 0.10279
vt 0.35220 0.11438
vt 0.31383 0.11402
vt 0.31383 0.11402
vt 0.31383 0.10271
vt 0.35224 0.10279
vt 0.29819 0.11396
vt 0.29817 0.10269
vt 0.31383 0.10271
vt 0.31383 0.10271
vt 0.31383 0.11402
vt 0.29819 0.11396
vt 0.57619 0.18051
vt 0.57625 0.19210
vt 0.61466 0.18052
vt 0.63038 0.18049
vt 0.63032 0.19203
vt 0.36430 0.10282
vt 0.48784 0.06354
vt 0.48842 0.07582
vt 0.48842 0.07582
vt 0.36430 0.11842
vt 0.36430 0.10282
vt 0.44498 0.23464
vt 0.56852 0.19536
vt 0.44440 0.22236
vt 0.56852 0.17976
vt 0.44440 0.22236
vt 0.56852 0.19536
vt 0.96949 0.11402
vt 0.93111 0.11438
vt 0.93107 0.10279
vt 0.93107 0.10279
vt 0.96949 0.10271
vt 0.96949 0.11402
vt 0.96949 0.10271
vt 0.98515 0.10269
vt 0.98512 0.11396
vt 0.98512 0.11396
vt 0.96949 0.11402
vt 0.96949 0.10271
vt 0.57625 0.19210
vt 0.57619 0.18051
vt 0.61466 0.18052
vt 0.63038 0.18049
vt 0.63032 0.19203
vt 0.79489 0.07581
vt 0.79547 0.06354
vt 0.91901 0.10282
vt 0.91901 0.10282
vt 0.91901 0.11842
vt 0.79489 0.07581
vt 0.56852 0.19536
vt 0.44498 0.23464
vt 0.44440 0.22236
vt 0.44440 0.22236
vt 0.56852 0.17976
vt 0.56852 0.19536
vt 0.61101 0.08055
vt 0.61108 0.07200
vt 0.62373 0.06307
vt 0.62398 0.07178
vt 0.57855 0.10050
vt 0.58672 0.09696
vt 0.57586 0.09675
vt 0.63536 0.06026
vt 0.63573 0.05581
vt 0.61101 0.08055
vt 0.62373 0.06307
vt 0.61108 0.07200
vt 0.62398 0.07178
vt 0.57855 0.10050
vt 0.58672 0.09696
vt 0.57586 0.09675
vt 0.63536 0.06026
vt 0.63573 0.05581
vt 0.62290 0.07033
vt 0.62421 0.07163
vt 0.61115 0.08044
vt 0.60984 0.07915
vt 0.58695 0.09680
vt 0.59069 0.09210
vt 0.61066 0.07972
vt 0.62368 0.07089
vt 0.62290 0.07033
vt 0.60984 0.07915
vt 0.62368 0.07089
vt 0.62421 0.07163
vt 0.62290 0.07033
vt 0.61115 0.08044
vt 0.62421 0.07163
vt 0.58958 0.09402
vt 0.58695 0.09680
vt 0.58958 0.09402
vt 0.59069 0.09210
vt 0.58695 0.09680
vt 0.59069 0.09210
vt 0.63421 0.05868
vt 0.63572 0.05970
vt 0.62435 0.07121
vt 0.62435 0.07121
vt 0.62283 0.07020
vt 0.63421 0.05868
vt 0.62380 0.07059
vt 0.63514 0.05906
vt 0.63421 0.05868
vt 0.62283 0.07020
vt 0.63514 0.05906
vt 0.63572 0.05970
vt 0.63421 0.05868
vt 0.62435 0.07121
vt 0.63572 0.05970
vt 0.62435 0.07121
vt 0.62380 0.07059
vt 0.62283 0.07020
vt 0.01352 0.16486
vt 0.01322 0.16707
vt 0.01603 0.16869
vt 0.01633 0.16648
vt 0.01603 0.17194
vt 0.01633 0.16973
vt 0.01322 0.17356
vt 0.01352 0.17135
vt 0.01041 0.17194
vt 0.01071 0.16973
vt 0.01041 0.16869
vt 0.01071 0.16648
vt 0.01352 0.16486
vt 0.01633 0.16648
vt 0.01633 0.16973
vt 0.01633 0.16973
vt 0.01352 0.17135
vt 0.01071 0.16973
vt 0.01352 0.16486
vt 0.01633 0.16973
vt 0.01071 0.16973
vt 0.01071 0.16648
vt 0.01352 0.16486
vt 0.01071 0.16973
vt 0.01041 0.16869
vt 0.01041 0.17194
vt 0.01322 0.17356
vt 0.01322 0.17356
vt 0.01603 0.17194
vt 0.01603 0.16869
vt 0.01041 0.16869
vt 0.01322 0.17356
vt 0.01603 0.16869
vt 0.01322 0.16707
vt 0.01041 0.16869
vt 0.01603 0.16869
vt 0.01348 0.12246
vt 0.01348 0.16003
vt 0.01733 0.16003
vt 0.01733 0.12246
vt 0.01733 0.16003
vt 0.01733 0.12246
vt 0.01348 0.16003
vt 0.01348 0.12246
vt 0.00964 0.16003
vt 0.00964 0.12246
vt 0.00964 0.16003
vt 0.00964 0.12246
vt 0.01348 0.12246
vt 0.01733 0.12246
vt 0.01733 0.12246
vt 0.01733 0.12246
vt 0.01348 0.12246
vt 0.00964 0.12246
vt 0.01348 0.12246
vt 0.01733 0.12246
vt 0.00964 0.12246
vt 0.00964 0.12246
vt 0.01348 0.12246
vt 0.00964 0.12246
vt 0.01348 0.16003
vt 0.01344 0.16822
vt 0.01578 0.16822
vt 0.01733 0.16003
vt 0.01578 0.16822
vt 0.01733 0.16003
vt 0.01344 0.16822
vt 0.01348 0.16003
vt 0.01109 0.16822
vt 0.00964 0.16003
vt 0.01109 0.16822
vt 0.00964 0.16003
vt 0.01144 0.14973
vt 0.01144 0.14973
vt 0.01527 0.14973
vt 0.01527 0.14973
vt 0.01527 0.14973
vt 0.01144 0.14973
vt 0.01144 0.14973
vt 0.01134 0.16820
vt 0.01517 0.16820
vt 0.01517 0.16820
vt 0.01527 0.14973
vt 0.01144 0.14973
vt 0.01527 0.14973
vt 0.01517 0.16820
vt 0.01517 0.16796
vt 0.01517 0.16796
vt 0.01527 0.14973
vt 0.01527 0.14973
vt 0.01527 0.14973
vt 0.01517 0.16796
vt 0.01134 0.16796
vt 0.01134 0.16796
vt 0.01144 0.14973
vt 0.01527 0.14973
vt 0.01144 0.14973
vt 0.01134 0.16796
vt 0.01134 0.16820
vt 0.01134 0.16820
vt 0.01144 0.14973
vt 0.01144 0.14973
vt 0.01509 0.16283
vt 0.01495 0.16616
vt 0.01266 0.16616
vt 0.01266 0.16616
vt 0.01116 0.16283
vt 0.01509 0.16283
vt 0.01116 0.16283
vt 0.01266 0.16616
vt 0.01266 0.16738
vt 0.01116 0.16708
vt 0.01116 0.16708
vt 0.01266 0.16738
vt 0.01495 0.16738
vt 0.01495 0.16738
vt 0.01509 0.16708
vt 0.01116 0.16708
vt 0.01509 0.16708
vt 0.01495 0.16738
vt 0.01495 0.16616
vt 0.01509 0.16283
vt 0.01850 0.13117
vt 0.00844 0.13117
vt 0.00844 0.13613
vt 0.00844 0.13613
vt 0.01850 0.13613
vt 0.01850 0.13117
vt 0.01850 0.13117
vt 0.01850 0.13613
vt 0.00844 0.13613
vt 0.00844 0.13613
vt 0.00844 0.13117
vt 0.01850 0.13117
vt 0.01727 0.16087
vt 0.01727 0.15516
vt 0.00939 0.15516
vt 0.00939 0.15516
vt 0.00939 0.16087
vt 0.01727 0.16087
vt 0.00844 0.13117
vt 0.00844 0.13117
vt 0.00844 0.13613
vt 0.00844 0.13613
vt 0.00844 0.13613
vt 0.00844 0.13117
vt 0.00844 0.13613
vt 0.00844 0.13613
vt 0.01850 0.13613
vt 0.01850 0.13613
vt 0.01850 0.13613
vt 0.00844 0.13613
vt 0.01850 0.13613
vt 0.01850 0.13613
vt 0.01850 0.13117
vt 0.01850 0.13117
vt 0.01850 0.13117
vt 0.01850 0.13613
vt 0.64974 0.15727
vt 0.67041 0.15187
vt 0.66977 0.16853
vt 0.64960 0.16916
vt 0.96761 0.45352
vt 0.95854 0.41882
vt 0.93963 0.45246
vt 0.93858 0.41858
vt 0.05872 0.00438
vt 0.06480 0.00447
vt 0.06480 0.00616
vt 0.05872 0.00606
vt 0.06480 0.00616
vt 0.05872 0.00606
vt 0.06480 0.00447
vt 0.05872 0.00438
vt 0.06480 0.00279
vt 0.05872 0.00270
vt 0.06480 0.00279
vt 0.05872 0.00270
vt 0.06237 0.00447
vt 0.06488 0.00447
vt 0.06488 0.00769
vt 0.06237 0.00769
vt 0.06488 0.00769
vt 0.06237 0.00769
vt 0.06488 0.00447
vt 0.06237 0.00447
vt 0.06488 0.00126
vt 0.06237 0.00126
vt 0.06488 0.00126
vt 0.06237 0.00126
vt 0.06237 0.00447
vt 0.06237 0.00769
vt 0.06237 0.00769
vt 0.06237 0.00769
vt 0.06237 0.00447
vt 0.06237 0.00126
vt 0.06237 0.00447
vt 0.06237 0.00769
vt 0.06237 0.00126
vt 0.06237 0.00126
vt 0.06237 0.00447
vt 0.06237 0.00126
vt 0.06182 0.00438
vt 0.06182 0.01615
vt 0.06029 0.01615
vt 0.06029 0.00438
vt 0.06029 0.01615
vt 0.06029 0.00438
vt 0.06182 0.01615
vt 0.06182 0.00438
vt 0.06335 0.01615
vt 0.06335 0.00438
vt 0.06335 0.01615
vt 0.06335 0.00438
vt 0.05872 0.00438
vt 0.06123 0.00438
vt 0.06123 0.00759
vt 0.05872 0.00759
vt 0.06123 0.00759
vt 0.05872 0.00759
vt 0.06123 0.00438
vt 0.05872 0.00438
vt 0.06123 0.00116
vt 0.05872 0.00116
vt 0.06123 0.00116
vt 0.05872 0.00116
vt 0.06123 0.00116
vt 0.06123 0.00116
vt 0.06123 0.00438
vt 0.06123 0.00438
vt 0.06123 0.00759
vt 0.06123 0.00759
vt 0.06123 0.00116
vt 0.06123 0.00438
vt 0.06123 0.00759
vt 0.06123 0.00438
vt 0.06123 0.00116
vt 0.06123 0.00759
vt 0.02446 0.15204
vt 0.02446 0.15204
vt 0.03130 0.12459
vt 0.03130 0.12459
vt 0.03130 0.12459
vt 0.02446 0.15204
vt 0.03396 0.12304
vt 0.03559 0.12566
vt 0.02874 0.15311
vt 0.03130 0.12459
vt 0.02613 0.15447
vt 0.02446 0.15204
vt 0.03130 0.12459
vt 0.02613 0.15447
vt 0.02874 0.15311
vt 0.02874 0.15311
vt 0.03559 0.12566
vt 0.03559 0.12566
vt 0.03559 0.12566
vt 0.02874 0.15311
vt 0.03396 0.12304
vt 0.03130 0.12459
vt 0.02446 0.15204
vt 0.03559 0.12566
vt 0.03559 0.12566
vt 0.02446 0.15204
vt 0.02613 0.15447
vt 0.02874 0.15311
vt 0.03559 0.12566
vt 0.02613 0.15447
vt 0.02613 0.15447
vt 0.02613 0.15447
vt 0.02874 0.15311
vt 0.02874 0.15311
vt 0.02874 0.15311
vt 0.02613 0.15447
vt 0.02613 0.15447
vt 0.02613 0.15447
vt 0.02446 0.15204
vt 0.02446 0.15204
vt 0.03130 0.12459
vt 0.03130 0.12459
vt 0.03396 0.12304
vt 0.03396 0.12304
vt 0.03396 0.12304
vt 0.03130 0.12459
vt 0.03559 0.12566
vt 0.03559 0.12566
vt 0.03396 0.12304
vt 0.03396 0.12304
vt 0.03396 0.12304
vt 0.03559 0.12566
vt 0.03191 0.12576
vt 0.02395 0.15351
vt 0.02395 0.15351
vt 0.02395 0.15351
vt 0.03191 0.12576
vt 0.03191 0.12576
vt 0.02545 0.15586
vt 0.02395 0.15351
vt 0.03191 0.12576
vt 0.02545 0.15586
vt 0.03191 0.12576
vt 0.03593 0.12692
vt 0.02798 0.15466
vt 0.02545 0.15586
vt 0.03593 0.12692
vt 0.03593 0.12692
vt 0.02798 0.15466
vt 0.02798 0.15466
vt 0.02798 0.15466
vt 0.03593 0.12692
vt 0.03593 0.12692
vt 0.02545 0.15586
vt 0.02798 0.15466
vt 0.03593 0.12692
vt 0.02545 0.15586
vt 0.03593 0.12692
vt 0.03191 0.12576
vt 0.02395 0.15351
vt 0.02545 0.15586
vt 0.03191 0.12576
vt 0.02395 0.15351
vt 0.02395 0.15351
vt 0.02545 0.15586
vt 0.02545 0.15586
vt 0.02545 0.15586
vt 0.02395 0.15351
vt 0.02798 0.15466
vt 0.02798 0.15466
vt 0.02545 0.15586
vt 0.02545 0.15586
vt 0.02545 0.15586
vt 0.02798 0.15466
vt 0.88446 0.78472
vt 0.87730 0.78448
vt 0.87792 0.76646
vt 0.88387 0.76666
vt 0.88254 0.77560
vt 0.87262 0.78432
vt 0.87301 0.76629
vt 0.08918 0.68407
vt 0.07115 0.68416
vt 0.07124 0.67629
vt 0.08928 0.67629
vt 0.07126 0.67031
vt 0.08929 0.66821
vt 0.95865 0.40782
vt 0.95883 0.40321
vt 0.93889 0.40259
vt 0.93870 0.40743
vt 0.95854 0.41882
vt 0.95856 0.41295
vt 0.93860 0.41276
vt 0.93858 0.41858
vt 0.93889 0.40259
vt 0.94900 0.39803
vt 0.93911 0.39673
vt 0.94900 0.39803
vt 0.95910 0.39614
vt 0.01352 0.16486
vt 0.01633 0.16648
vt 0.01603 0.16869
vt 0.01322 0.16707
vt 0.01633 0.16973
vt 0.01603 0.17194
vt 0.01352 0.17135
vt 0.01322 0.17356
vt 0.01071 0.16973
vt 0.01041 0.17194
vt 0.01071 0.16648
vt 0.01041 0.16869
vt 0.01071 0.16973
vt 0.01352 0.17135
vt 0.01633 0.16973
vt 0.01633 0.16973
vt 0.01633 0.16648
vt 0.01352 0.16486
vt 0.01071 0.16973
vt 0.01633 0.16973
vt 0.01352 0.16486
vt 0.01071 0.16648
vt 0.01071 0.16973
vt 0.01352 0.16486
vt 0.01603 0.16869
vt 0.01603 0.17194
vt 0.01322 0.17356
vt 0.01322 0.17356
vt 0.01041 0.17194
vt 0.01041 0.16869
vt 0.01603 0.16869
vt 0.01322 0.17356
vt 0.01041 0.16869
vt 0.01322 0.16707
vt 0.01603 0.16869
vt 0.01041 0.16869
vt 0.01348 0.12246
vt 0.01733 0.12246
vt 0.01733 0.16003
vt 0.01348 0.16003
vt 0.01733 0.12246
vt 0.01733 0.16003
vt 0.01348 0.12246
vt 0.01348 0.16003
vt 0.00964 0.12246
vt 0.00964 0.16003
vt 0.00964 0.12246
vt 0.00964 0.16003
vt 0.00964 0.12246
vt 0.01348 0.12246
vt 0.01733 0.12246
vt 0.01733 0.12246
vt 0.01733 0.12246
vt 0.01348 0.12246
vt 0.00964 0.12246
vt 0.01733 0.12246
vt 0.01348 0.12246
vt 0.00964 0.12246
vt 0.00964 0.12246
vt 0.01348 0.12246
vt 0.01348 0.16003
vt 0.01733 0.16003
vt 0.01578 0.16822
vt 0.01344 0.16822
vt 0.01733 0.16003
vt 0.01578 0.16822
vt 0.01348 0.16003
vt 0.01344 0.16822
vt 0.00964 0.16003
vt 0.01109 0.16822
vt 0.00964 0.16003
vt 0.01109 0.16822
vt 0.01144 0.14973
vt 0.01527 0.14973
vt 0.01527 0.14973
vt 0.01144 0.14973
vt 0.01144 0.14973
vt 0.01527 0.14973
vt 0.01517 0.16820
vt 0.01517 0.16820
vt 0.01134 0.16820
vt 0.01144 0.14973
vt 0.01527 0.14973
vt 0.01527 0.14973
vt 0.01517 0.16796
vt 0.01517 0.16796
vt 0.01517 0.16820
vt 0.01527 0.14973
vt 0.01527 0.14973
vt 0.01144 0.14973
vt 0.01134 0.16796
vt 0.01134 0.16796
vt 0.01517 0.16796
vt 0.01527 0.14973
vt 0.01144 0.14973
vt 0.01144 0.14973
vt 0.01134 0.16820
vt 0.01134 0.16820
vt 0.01134 0.16796
vt 0.01144 0.14973
vt 0.01509 0.16283
vt 0.01116 0.16283
vt 0.01266 0.16616
vt 0.01266 0.16616
vt 0.01495 0.16616
vt 0.01509 0.16283
vt 0.01116 0.16283
vt 0.01116 0.16708
vt 0.01266 0.16738
vt 0.01266 0.16616
vt 0.01116 0.16708
vt 0.01509 0.16708
vt 0.01495 0.16738
vt 0.01495 0.16738
vt 0.01266 0.16738
vt 0.01116 0.16708
vt 0.01509 0.16708
vt 0.01509 0.16283
vt 0.01495 0.16616
vt 0.01495 0.16738
vt 0.01850 0.13117
vt 0.01850 0.13613
vt 0.00844 0.13613
vt 0.00844 0.13613
vt 0.00844 0.13117
vt 0.01850 0.13117
vt 0.01850 0.13117
vt 0.00844 0.13117
vt 0.00844 0.13613
vt 0.00844 0.13613
vt 0.01850 0.13613
vt 0.01850 0.13117
vt 0.00939 0.16088
vt 0.01726 0.16088
vt 0.01726 0.15517
vt 0.01726 0.15517
vt 0.00939 0.15517
vt 0.00939 0.16088
vt 0.00844 0.13117
vt 0.00844 0.13613
vt 0.00844 0.13613
vt 0.00844 0.13613
vt 0.00844 0.13117
vt 0.00844 0.13117
vt 0.00844 0.13613
vt 0.01850 0.13613
vt 0.01850 0.13613
vt 0.01850 0.13613
vt 0.00844 0.13613
vt 0.00844 0.13613
vt 0.01850 0.13613
vt 0.01850 0.13117
vt 0.01850 0.13117
vt 0.01850 0.13117
vt 0.01850 0.13613
vt 0.01850 0.13613
vt 0.61453 0.16853
vt 0.61390 0.15187
vt 0.63456 0.15727
vt 0.63471 0.16916
vt 0.95854 0.41882
vt 0.96761 0.45352
vt 0.93963 0.45246
vt 0.93858 0.41858
vt 0.05872 0.00438
vt 0.05872 0.00606
vt 0.06480 0.00616
vt 0.06480 0.00447
vt 0.05872 0.00606
vt 0.06480 0.00616
vt 0.05872 0.00438
vt 0.06480 0.00447
vt 0.05872 0.00270
vt 0.06480 0.00279
vt 0.05872 0.00270
vt 0.06480 0.00279
vt 0.06237 0.00447
vt 0.06237 0.00769
vt 0.06488 0.00769
vt 0.06488 0.00447
vt 0.06237 0.00769
vt 0.06488 0.00769
vt 0.06237 0.00447
vt 0.06488 0.00447
vt 0.06237 0.00126
vt 0.06488 0.00126
vt 0.06237 0.00126
vt 0.06488 0.00126
vt 0.06237 0.00126
vt 0.06237 0.00447
vt 0.06237 0.00769
vt 0.06237 0.00769
vt 0.06237 0.00769
vt 0.06237 0.00447
vt 0.06237 0.00126
vt 0.06237 0.00769
vt 0.06237 0.00447
vt 0.06237 0.00126
vt 0.06237 0.00126
vt 0.06237 0.00447
vt 0.06182 0.00438
vt 0.06029 0.00438
vt 0.06029 0.01615
vt 0.06182 0.01615
vt 0.06029 0.00438
vt 0.06029 0.01615
vt 0.06182 0.00438
vt 0.06182 0.01615
vt 0.06335 0.00438
vt 0.06335 0.01615
vt 0.06335 0.00438
vt 0.06335 0.01615
vt 0.05872 0.00438
vt 0.05872 0.00759
vt 0.06123 0.00759
vt 0.06123 0.00438
vt 0.05872 0.00759
vt 0.06123 0.00759
vt 0.05872 0.00438
vt 0.06123 0.00438
vt 0.05872 0.00116
vt 0.06123 0.00116
vt 0.05872 0.00116
vt 0.06123 0.00116
vt 0.06123 0.00759
vt 0.06123 0.00759
vt 0.06123 0.00438
vt 0.06123 0.00438
vt 0.06123 0.00116
vt 0.06123 0.00116
vt 0.06123 0.00759
vt 0.06123 0.00438
vt 0.06123 0.00116
vt 0.06123 0.00438
vt 0.06123 0.00759
vt 0.06123 0.00116
vt 0.98756 0.77560
vt 0.98623 0.76666
vt 0.99218 0.76646
vt 0.98564 0.78472
vt 0.99280 0.78448
vt 0.99709 0.76629
vt 0.99748 0.78432
vt 0.08918 0.40676
vt 0.08928 0.41454
vt 0.07125 0.41454
vt 0.07116 0.40668
vt 0.07126 0.42053
vt 0.08929 0.42263
vt 0.95865 0.40782
vt 0.93870 0.40743
vt 0.93889 0.40259
vt 0.95883 0.40321
vt 0.95854 0.41882
vt 0.93858 0.41858
vt 0.93860 0.41276
vt 0.95855 0.41295
vt 0.93889 0.40259
vt 0.93911 0.39673
vt 0.94900 0.39803
vt 0.94900 0.39803
vt 0.95910 0.39614
vt 0.02446 0.15204
vt 0.03130 0.12459
vt 0.03130 0.12459
vt 0.03130 0.12459
vt 0.02446 0.15204
vt 0.02446 0.15204
vt 0.02874 0.15311
vt 0.03559 0.12566
vt 0.03396 0.12304
vt 0.02874 0.15311
vt 0.03396 0.12304
vt 0.03130 0.12459
vt 0.02613 0.15447
vt 0.02874 0.15311
vt 0.03130 0.12459
vt 0.02446 0.15204
vt 0.02613 0.15447
vt 0.03130 0.12459
vt 0.02874 0.15311
vt 0.03559 0.12566
vt 0.03559 0.12566
vt 0.03559 0.12566
vt 0.02874 0.15311
vt 0.02874 0.15311
vt 0.02446 0.15204
vt 0.03130 0.12459
vt 0.03396 0.12304
vt 0.02446 0.15204
vt 0.03396 0.12304
vt 0.03559 0.12566
vt 0.02613 0.15447
vt 0.02874 0.15311
vt 0.02613 0.15447
vt 0.02874 0.15311
vt 0.02874 0.15311
vt 0.02874 0.15311
vt 0.02613 0.15447
vt 0.02613 0.15447
vt 0.02613 0.15447
vt 0.02446 0.15204
vt 0.02446 0.15204
vt 0.02613 0.15447
vt 0.03130 0.12459
vt 0.03396 0.12304
vt 0.03396 0.12304
vt 0.03130 0.12459
vt 0.03559 0.12566
vt 0.03396 0.12304
vt 0.03396 0.12304
vt 0.03396 0.12304
vt 0.03559 0.12566
vt 0.03559 0.12566
vt 0.03191 0.12576
vt 0.03191 0.12576
vt 0.02395 0.15351
vt 0.02395 0.15351
vt 0.03191 0.12576
vt 0.02395 0.15351
vt 0.02545 0.15586
vt 0.03593 0.12692
vt 0.03191 0.12576
vt 0.02545 0.15586
vt 0.02798 0.15466
vt 0.03593 0.12692
vt 0.03593 0.12692
vt 0.02798 0.15466
vt 0.02798 0.15466
vt 0.02798 0.15466
vt 0.03593 0.12692
vt 0.03593 0.12692
vt 0.02798 0.15466
vt 0.02545 0.15586
vt 0.03191 0.12576
vt 0.03593 0.12692
vt 0.02545 0.15586
vt 0.02395 0.15351
vt 0.02395 0.15351
vt 0.02545 0.15586
vt 0.02545 0.15586
vt 0.02545 0.15586
vt 0.02395 0.15351
vt 0.02395 0.15351
vt 0.02798 0.15466
vt 0.02545 0.15586
vt 0.02545 0.15586
vt 0.02545 0.15586
vt 0.02798 0.15466
vt 0.02798 0.15466
vt 0.22983 0.17841
vt 0.22990 0.16843
vt 0.25539 0.16852
vt 0.25539 0.17678
vt 0.26133 0.18523
vt 0.26331 0.19267
vt 0.25539 0.19347
vt 0.25539 0.18476
vt 0.23161 0.19345
vt 0.23205 0.18329
vt 0.26268 0.19438
vt 0.25539 0.19500
vt 0.23062 0.19485
vt 0.25539 0.16678
vt 0.23062 0.16693
vt 0.21039 0.17221
vt 0.23205 0.18329
vt 0.21039 0.17606
vt 0.21039 0.16968
vt 0.21039 0.16913
vt 0.21039 0.19214
vt 0.21039 0.19265
vt 0.21039 0.18960
vt 0.20918 0.17082
vt 0.20918 0.19095
vt 0.26268 0.16740
vt 0.26335 0.16931
vt 0.26133 0.17620
vt 0.26335 0.16931
vt 0.26268 0.16740
vt 0.26331 0.16910
vt 0.26133 0.18523
vt 0.26133 0.17620
vt 0.25539 0.18476
vt 0.23205 0.18329
vt 0.22983 0.17841
vt 0.25539 0.17678
vt 0.26133 0.17620
vt 0.26133 0.18523
vt 0.22983 0.14814
vt 0.22990 0.13817
vt 0.25539 0.13826
vt 0.25539 0.14651
vt 0.26133 0.15496
vt 0.26331 0.16240
vt 0.25539 0.16320
vt 0.25539 0.15450
vt 0.23161 0.16319
vt 0.23205 0.15303
vt 0.26268 0.16411
vt 0.25539 0.16473
vt 0.23062 0.16458
vt 0.25539 0.13651
vt 0.23062 0.13666
vt 0.21039 0.14194
vt 0.23205 0.15303
vt 0.21039 0.14579
vt 0.21039 0.13942
vt 0.21039 0.13886
vt 0.21039 0.16187
vt 0.21039 0.16238
vt 0.21039 0.15933
vt 0.20918 0.14055
vt 0.20918 0.16069
vt 0.26268 0.13713
vt 0.26335 0.13905
vt 0.26133 0.14593
vt 0.26335 0.13905
vt 0.26268 0.13713
vt 0.26331 0.13884
vt 0.26133 0.15496
vt 0.26133 0.14593
vt 0.25539 0.15450
vt 0.23205 0.15303
vt 0.22983 0.14814
vt 0.25539 0.14651
vt 0.26133 0.14593
vt 0.26133 0.15496
vt 0.26252 0.12466
vt 0.26437 0.13170
vt 0.25723 0.13243
vt 0.25723 0.12430
vt 0.23133 0.13180
vt 0.23133 0.12240
vt 0.23133 0.11633
vt 0.23133 0.10694
vt 0.25723 0.10630
vt 0.25723 0.11455
vt 0.26409 0.13266
vt 0.25723 0.13362
vt 0.23133 0.13313
vt 0.25723 0.10492
vt 0.23133 0.10541
vt 0.21169 0.11062
vt 0.23133 0.12240
vt 0.21169 0.11689
vt 0.21169 0.10796
vt 0.21169 0.10738
vt 0.21169 0.13062
vt 0.21169 0.13116
vt 0.21169 0.12795
vt 0.21059 0.10916
vt 0.21059 0.12938
vt 0.26409 0.10588
vt 0.26441 0.10699
vt 0.26231 0.11418
vt 0.25723 0.11455
vt 0.26231 0.11418
vt 0.26252 0.12466
vt 0.25723 0.11455
vt 0.26252 0.12466
vt 0.25723 0.12430
vt 0.25723 0.11455
vt 0.25723 0.12430
vt 0.23133 0.12240
vt 0.25723 0.11455
vt 0.23133 0.12240
vt 0.23133 0.11633
vt 0.26437 0.10685
vt 0.26252 0.12466
vt 0.26231 0.11418
vt 0.26409 0.10588
vt 0.26441 0.10699
vt 0.86449 0.02499
vt 0.86978 0.02463
vt 0.86978 0.03276
vt 0.86265 0.03203
vt 0.89569 0.02273
vt 0.89569 0.03213
vt 0.89569 0.01666
vt 0.86978 0.01488
vt 0.86978 0.00663
vt 0.89569 0.00727
vt 0.86293 0.03300
vt 0.86978 0.03395
vt 0.89569 0.03346
vt 0.86978 0.00525
vt 0.89569 0.00574
vt 0.91533 0.01095
vt 0.91533 0.01722
vt 0.89569 0.02273
vt 0.91533 0.00830
vt 0.91533 0.00771
vt 0.91533 0.03096
vt 0.91533 0.03149
vt 0.91533 0.02828
vt 0.91642 0.00949
vt 0.91642 0.02971
vt 0.86261 0.00732
vt 0.86293 0.00621
vt 0.86470 0.01451
vt 0.86978 0.01488
vt 0.89569 0.01666
vt 0.89569 0.02273
vt 0.86978 0.01488
vt 0.89569 0.02273
vt 0.86978 0.02463
vt 0.86978 0.01488
vt 0.86978 0.02463
vt 0.86449 0.02499
vt 0.86978 0.01488
vt 0.86449 0.02499
vt 0.86470 0.01451
vt 0.86293 0.00621
vt 0.86261 0.00732
vt 0.86470 0.01451
vt 0.86449 0.02499
vt 0.86265 0.00718
vt 0.97497 0.01712
vt 0.94941 0.01549
vt 0.94941 0.00724
vt 0.97490 0.00715
vt 0.94347 0.02394
vt 0.94941 0.02348
vt 0.94941 0.03219
vt 0.94149 0.03139
vt 0.97275 0.02201
vt 0.97319 0.03217
vt 0.94212 0.03309
vt 0.94941 0.03372
vt 0.97418 0.03356
vt 0.94941 0.00549
vt 0.97418 0.00564
vt 0.99441 0.01092
vt 0.99441 0.01477
vt 0.97275 0.02201
vt 0.99441 0.00840
vt 0.99441 0.00784
vt 0.99441 0.03086
vt 0.99441 0.03136
vt 0.99441 0.02831
vt 0.99562 0.00954
vt 0.99562 0.02967
vt 0.94145 0.00803
vt 0.94212 0.00612
vt 0.94347 0.01492
vt 0.94145 0.00803
vt 0.94347 0.01492
vt 0.94347 0.02394
vt 0.94149 0.00782
vt 0.94212 0.00612
vt 0.94941 0.02348
vt 0.94347 0.02394
vt 0.94347 0.01492
vt 0.94941 0.01549
vt 0.97497 0.01712
vt 0.97275 0.02201
vt 0.97497 0.04808
vt 0.94941 0.04646
vt 0.94941 0.03820
vt 0.97490 0.03811
vt 0.94347 0.05491
vt 0.94941 0.05444
vt 0.94941 0.06315
vt 0.94149 0.06235
vt 0.97275 0.05297
vt 0.97319 0.06313
vt 0.94212 0.06405
vt 0.94941 0.06468
vt 0.97418 0.06453
vt 0.94941 0.03645
vt 0.97418 0.03661
vt 0.99441 0.04188
vt 0.99441 0.04573
vt 0.97275 0.05297
vt 0.99441 0.03936
vt 0.99441 0.03881
vt 0.99441 0.06182
vt 0.99441 0.06233
vt 0.99441 0.05928
vt 0.99562 0.04050
vt 0.99562 0.06063
vt 0.94145 0.03899
vt 0.94212 0.03708
vt 0.94347 0.04588
vt 0.94145 0.03899
vt 0.94347 0.04588
vt 0.94347 0.05491
vt 0.94149 0.03878
vt 0.94212 0.03708
vt 0.94941 0.05444
vt 0.94347 0.05491
vt 0.94347 0.04588
vt 0.94941 0.04646
vt 0.97497 0.04808
vt 0.97275 0.05297
vt 0.67323 0.07200
vt 0.67329 0.08055
vt 0.66058 0.06307
vt 0.66032 0.07178
vt 0.70576 0.10050
vt 0.69758 0.09696
vt 0.70845 0.09675
vt 0.64895 0.06026
vt 0.64858 0.05581
vt 0.66058 0.06307
vt 0.67329 0.08055
vt 0.67323 0.07200
vt 0.66032 0.07178
vt 0.69758 0.09696
vt 0.70576 0.10050
vt 0.70845 0.09675
vt 0.64895 0.06026
vt 0.64858 0.05581
vt 0.65010 0.05868
vt 0.66147 0.07020
vt 0.65996 0.07121
vt 0.65996 0.07121
vt 0.64859 0.05970
vt 0.65010 0.05868
vt 0.66050 0.07059
vt 0.66147 0.07020
vt 0.65010 0.05868
vt 0.64916 0.05906
vt 0.64916 0.05906
vt 0.65010 0.05868
vt 0.64859 0.05970
vt 0.64859 0.05970
vt 0.65996 0.07121
vt 0.65996 0.07121
vt 0.66147 0.07020
vt 0.66050 0.07059
vt 0.66141 0.07033
vt 0.67446 0.07915
vt 0.67316 0.08044
vt 0.66010 0.07163
vt 0.69736 0.09680
vt 0.69362 0.09210
vt 0.67364 0.07972
vt 0.67446 0.07915
vt 0.66141 0.07033
vt 0.66062 0.07089
vt 0.66062 0.07089
vt 0.66141 0.07033
vt 0.66010 0.07163
vt 0.66010 0.07163
vt 0.67316 0.08044
vt 0.69736 0.09680
vt 0.69472 0.09402
vt 0.69472 0.09402
vt 0.69736 0.09680
vt 0.69362 0.09210
vt 0.69362 0.09210
vt 0.06376 0.00407
vt 0.06376 0.00407
vt 0.06376 0.02325
vt 0.06376 0.02325
vt 0.06209 0.00407
vt 0.06209 0.02325
vt 0.06042 0.00407
vt 0.06042 0.02325
vt 0.06042 0.00407
vt 0.06042 0.02325
vt 0.06209 0.00407
vt 0.06209 0.02325
vt 0.06042 0.00407
vt 0.06042 0.00407
vt 0.06209 0.00407
vt 0.06209 0.00407
vt 0.06376 0.00407
vt 0.06376 0.00407
vt 0.06042 0.00407
vt 0.06209 0.00407
vt 0.06376 0.00407
vt 0.06209 0.00407
vt 0.06042 0.00407
vt 0.06376 0.00407
vt 0.03417 0.27798
vt 0.02868 0.27798
vt 0.03142 0.27640
vt 0.06376 0.02325
vt 0.06376 0.02325
vt 0.06412 0.02379
vt 0.06412 0.02379
vt 0.06209 0.02325
vt 0.06209 0.02379
vt 0.06042 0.02325
vt 0.06006 0.02379
vt 0.06042 0.02325
vt 0.06006 0.02379
vt 0.06209 0.02325
vt 0.06209 0.02379
vt 0.03417 0.27798
vt 0.03627 0.28986
vt 0.03627 0.28986
vt 0.03417 0.27798
vt 0.03627 0.28986
vt 0.02657 0.28986
vt 0.02657 0.28986
vt 0.02657 0.28986
vt 0.03627 0.28986
vt 0.03627 0.28986
vt 0.02657 0.28986
vt 0.02868 0.27798
vt 0.02868 0.27798
vt 0.02657 0.28986
vt 0.03142 0.27640
vt 0.03142 0.27640
vt 0.03417 0.27798
vt 0.03417 0.28115
vt 0.03627 0.28986
vt 0.03417 0.28115
vt 0.03142 0.28273
vt 0.02657 0.28986
vt 0.02657 0.28986
vt 0.03627 0.28986
vt 0.03417 0.28115
vt 0.03142 0.28273
vt 0.02868 0.28115
vt 0.02657 0.28986
vt 0.02868 0.28115
vt 0.02868 0.27798
vt 0.02657 0.28986
vt 0.02868 0.27798
vt 0.03417 0.27798
vt 0.03627 0.28986
vt 0.03627 0.28986
vt 0.02657 0.28986
vt 0.02868 0.27798
vt 0.06200 0.01618
vt 0.06258 0.01725
vt 0.06138 0.01725
vt 0.06033 0.01618
vt 0.06364 0.01618
vt 0.06200 0.01618
vt 0.06258 0.01510
vt 0.06138 0.01510
vt 0.06138 0.01725
vt 0.06200 0.01618
vt 0.06138 0.01510
vt 0.06138 0.01510
vt 0.06033 0.01618
vt 0.06138 0.01725
vt 0.06036 0.01618
vt 0.06141 0.01725
vt 0.06261 0.01725
vt 0.06200 0.01618
vt 0.06200 0.01618
vt 0.06367 0.01618
vt 0.06141 0.01510
vt 0.06261 0.01510
vt 0.06261 0.01725
vt 0.06367 0.01618
vt 0.06261 0.01510
vt 0.06261 0.01510
vt 0.06200 0.01618
vt 0.06261 0.01725
vt 0.06359 0.01185
vt 0.06359 0.01367
vt 0.06031 0.01367
vt 0.06031 0.01367
vt 0.06031 0.01185
vt 0.06359 0.01185
vt 0.06359 0.01185
vt 0.06031 0.01185
vt 0.06031 0.01313
vt 0.06031 0.01313
vt 0.06359 0.01313
vt 0.06359 0.01185
vt 0.06359 0.01185
vt 0.06031 0.01185
vt 0.06031 0.01185
vt 0.06031 0.01185
vt 0.06359 0.01185
vt 0.06359 0.01185
vt 0.06031 0.01185
vt 0.06031 0.01367
vt 0.06031 0.01313
vt 0.06031 0.01313
vt 0.06031 0.01185
vt 0.06031 0.01185
vt 0.06031 0.01367
vt 0.06359 0.01367
vt 0.06359 0.01313
vt 0.06359 0.01313
vt 0.06031 0.01313
vt 0.06031 0.01367
vt 0.06359 0.01367
vt 0.06359 0.01185
vt 0.06359 0.01185
vt 0.06359 0.01185
vt 0.06359 0.01313
vt 0.06359 0.01367
vt 0.01545 0.27694
vt 0.01333 0.27694
vt 0.01333 0.28561
vt 0.01545 0.28560
vt 0.00357 0.29572
vt 0.00357 0.29686
vt 0.01333 0.27694
vt 0.01545 0.27694
vt 0.01545 0.28560
vt 0.01333 0.28561
vt 0.01545 0.28704
vt 0.01333 0.28704
vt 0.00357 0.29686
vt 0.00357 0.29942
vt 0.00357 0.29803
vt 0.00357 0.29803
vt 0.01757 0.28561
vt 0.01757 0.27694
vt 0.02678 0.29686
vt 0.02678 0.29572
vt 0.01757 0.27694
vt 0.01757 0.28561
vt 0.01757 0.28704
vt 0.02678 0.29686
vt 0.02678 0.29803
vt 0.02678 0.29942
vt 0.02678 0.29803
vt 0.00820 0.02400
vt 0.00450 0.02400
vt 0.00450 0.02618
vt 0.00450 0.02618
vt 0.00820 0.02618
vt 0.00820 0.02400
vt 0.00820 0.02066
vt 0.00450 0.02066
vt 0.00450 0.02400
vt 0.00450 0.02400
vt 0.00820 0.02400
vt 0.00820 0.02066
vt 0.00450 0.02066
vt 0.00450 0.02618
vt 0.00450 0.02618
vt 0.00450 0.02618
vt 0.00450 0.02400
vt 0.00450 0.02066
vt 0.00450 0.02618
vt 0.00820 0.02618
vt 0.00820 0.02618
vt 0.00450 0.02618
vt 0.00820 0.02618
vt 0.00820 0.02066
vt 0.00820 0.02400
vt 0.00820 0.02618
vt 0.06286 0.00352
vt 0.06067 0.00352
vt 0.06067 0.00979
vt 0.06286 0.00979
vt 0.06067 0.00352
vt 0.06067 0.00524
vt 0.06067 0.01151
vt 0.06067 0.00979
vt 0.06067 0.00524
vt 0.06286 0.00524
vt 0.06286 0.01151
vt 0.06067 0.01151
vt 0.06286 0.00524
vt 0.06286 0.00352
vt 0.06286 0.00979
vt 0.06286 0.01151
vt 0.05968 0.01274
vt 0.06384 0.01274
vt 0.05968 0.01477
vt 0.05968 0.01274
vt 0.06384 0.01477
vt 0.05968 0.01477
vt 0.06384 0.01274
vt 0.06384 0.01477
vt 0.05968 0.02261
vt 0.06384 0.02261
vt 0.05968 0.02464
vt 0.05968 0.02261
vt 0.06384 0.02464
vt 0.05968 0.02464
vt 0.06384 0.02261
vt 0.06384 0.02464
vt 0.05975 0.01325
vt 0.06364 0.01325
vt 0.06364 0.01473
vt 0.06364 0.01473
vt 0.05975 0.01473
vt 0.05975 0.01325
vt 0.05975 0.01221
vt 0.06364 0.01221
vt 0.06364 0.01325
vt 0.06364 0.01325
vt 0.05975 0.01325
vt 0.05975 0.01221
vt 0.06364 0.01221
vt 0.06364 0.01577
vt 0.06364 0.01473
vt 0.06364 0.01473
vt 0.06364 0.01325
vt 0.06364 0.01221
vt 0.06364 0.01577
vt 0.05975 0.01577
vt 0.05975 0.01473
vt 0.05975 0.01473
vt 0.06364 0.01473
vt 0.06364 0.01577
vt 0.05975 0.01577
vt 0.05975 0.01221
vt 0.05975 0.01325
vt 0.05975 0.01325
vt 0.05975 0.01473
vt 0.05975 0.01577
vt 0.05993 0.00129
vt 0.05993 0.00129
vt 0.06384 0.00129
vt 0.06384 0.00129
vt 0.06384 0.00129
vt 0.05993 0.00129
vt 0.06064 0.02568
vt 0.06325 0.02568
vt 0.06325 0.02568
vt 0.06325 0.02568
vt 0.06064 0.02568
vt 0.06064 0.02568
vt 0.05993 0.00129
vt 0.06384 0.00129
vt 0.06325 0.02568
vt 0.06325 0.02568
vt 0.06064 0.02568
vt 0.05993 0.00129
vt 0.06384 0.00129
vt 0.06384 0.00129
vt 0.06325 0.02568
vt 0.06325 0.02568
vt 0.06325 0.02568
vt 0.06384 0.00129
vt 0.06384 0.00129
vt 0.05993 0.00129
vt 0.06064 0.02568
vt 0.06064 0.02568
vt 0.06325 0.02568
vt 0.06384 0.00129
vt 0.05993 0.00129
vt 0.05993 0.00129
vt 0.06064 0.02568
vt 0.06064 0.02568
vt 0.06064 0.02568
vt 0.05993 0.00129
vt 0.00922 0.02702
vt 0.00922 0.02702
vt 0.00922 0.00432
vt 0.00922 0.00432
vt 0.00664 0.02702
vt 0.00664 0.00432
vt 0.00406 0.02702
vt 0.00406 0.00432
vt 0.00406 0.02702
vt 0.00406 0.00432
vt 0.00664 0.02702
vt 0.00664 0.00432
vt 0.00664 0.00432
vt 0.00922 0.00432
vt 0.00922 0.00432
vt 0.00922 0.00432
vt 0.00664 0.00432
vt 0.00406 0.00432
vt 0.00664 0.00432
vt 0.00922 0.00432
vt 0.00406 0.00432
vt 0.00664 0.00432
vt 0.00406 0.00432
vt 0.00406 0.00432
vt 0.00406 0.02702
vt 0.00406 0.02702
vt 0.00664 0.02702
vt 0.00664 0.02702
vt 0.00922 0.02702
vt 0.00922 0.02702
vt 0.00406 0.02702
vt 0.00664 0.02702
vt 0.00922 0.02702
vt 0.00406 0.02702
vt 0.00922 0.02702
vt 0.00664 0.02702
vt 0.01239 0.00742
vt 0.01239 0.00449
vt 0.00096 0.00449
vt 0.00096 0.00742
vt 0.01239 0.00630
vt 0.00096 0.00630
vt 0.01239 0.00268
vt 0.00096 0.00268
vt 0.01239 0.00156
vt 0.00096 0.00156
vt 0.00096 0.00630
vt 0.00096 0.00742
vt 0.00096 0.00449
vt 0.00096 0.00449
vt 0.00096 0.00156
vt 0.00096 0.00268
vt 0.00096 0.00630
vt 0.00096 0.00449
vt 0.00096 0.00268
vt 0.01239 0.00630
vt 0.01239 0.00268
vt 0.01239 0.00156
vt 0.01239 0.00156
vt 0.01239 0.00449
vt 0.01239 0.00742
vt 0.01239 0.00630
vt 0.01239 0.00156
vt 0.01239 0.00742
vt 0.00969 0.00513
vt 0.00969 0.00364
vt 0.00360 0.00364
vt 0.00360 0.00364
vt 0.00360 0.00513
vt 0.00969 0.00513
vt 0.00969 0.00607
vt 0.00360 0.00607
vt 0.00360 0.00300
vt 0.00360 0.00300
vt 0.00969 0.00300
vt 0.00969 0.00607
vt 0.00969 0.00300
vt 0.00360 0.00300
vt 0.00360 0.00364
vt 0.00360 0.00364
vt 0.00969 0.00364
vt 0.00969 0.00300
vt 0.00969 0.00607
vt 0.00969 0.00300
vt 0.00969 0.00364
vt 0.00969 0.00364
vt 0.00969 0.00513
vt 0.00969 0.00607
vt 0.00360 0.00607
vt 0.00969 0.00607
vt 0.00969 0.00513
vt 0.00360 0.00513
vt 0.00360 0.00300
vt 0.00360 0.00607
vt 0.00360 0.00513
vt 0.00360 0.00513
vt 0.00360 0.00364
vt 0.00360 0.00300
vt 0.04165 0.28750
vt 0.04165 0.27826
vt 0.05083 0.27826
vt 0.05083 0.27826
vt 0.05083 0.28750
vt 0.04165 0.28750
vt 0.02444 0.32362
vt 0.00500 0.32362
vt 0.00500 0.30418
vt 0.00500 0.30418
vt 0.02444 0.30418
vt 0.02444 0.32362
vt 0.00384 0.00497
vt 0.00945 0.00497
vt 0.00945 0.00497
vt 0.00945 0.00497
vt 0.00384 0.00497
vt 0.00384 0.00497
vt 0.04165 0.28750
vt 0.04165 0.27826
vt 0.04165 0.27826
vt 0.04165 0.27826
vt 0.04165 0.28750
vt 0.04165 0.28750
vt 0.05083 0.28750
vt 0.04165 0.28750
vt 0.04165 0.28750
vt 0.04165 0.28750
vt 0.05083 0.28750
vt 0.05083 0.28750
vt 0.05083 0.27826
vt 0.05083 0.28750
vt 0.05083 0.28750
vt 0.05083 0.28750
vt 0.05083 0.27826
vt 0.05083 0.27826
vt 0.04314 0.27723
vt 0.04925 0.27723
vt 0.05083 0.27826
vt 0.05083 0.27826
vt 0.04165 0.27826
vt 0.04314 0.27723
vt 0.04314 0.27723
vt 0.04314 0.27723
vt 0.04165 0.27826
vt 0.04165 0.27826
vt 0.04165 0.27826
vt 0.04314 0.27723
vt 0.04925 0.27723
vt 0.04314 0.27723
vt 0.04165 0.27826
vt 0.04165 0.27826
vt 0.05083 0.27826
vt 0.04925 0.27723
vt 0.04925 0.27723
vt 0.04925 0.27723
vt 0.05083 0.27826
vt 0.05083 0.27826
vt 0.05083 0.27826
vt 0.04925 0.27723
vt 0.05934 0.00174
vt 0.05934 0.00174
vt 0.06442 0.00174
vt 0.06442 0.00174
vt 0.06442 0.00174
vt 0.05934 0.00174
vt 0.06046 0.02511
vt 0.06330 0.02511
vt 0.06330 0.02511
vt 0.06330 0.02511
vt 0.06046 0.02511
vt 0.06046 0.02511
vt 0.05934 0.00174
vt 0.06442 0.00174
vt 0.06330 0.02511
vt 0.06330 0.02511
vt 0.06046 0.02511
vt 0.05934 0.00174
vt 0.06442 0.00174
vt 0.06442 0.00174
vt 0.06330 0.02511
vt 0.06330 0.02511
vt 0.06330 0.02511
vt 0.06442 0.00174
vt 0.06442 0.00174
vt 0.05934 0.00174
vt 0.06046 0.02511
vt 0.06046 0.02511
vt 0.06330 0.02511
vt 0.06442 0.00174
vt 0.05934 0.00174
vt 0.05934 0.00174
vt 0.06046 0.02511
vt 0.06046 0.02511
vt 0.06046 0.02511
vt 0.05934 0.00174
f 719/719 720/720 721/721
f 721/721 722/722 719/719
f 723/723 724/724 725/725
f 725/725 726/726 723/723
f 727/727 728/728 729/729
f 730/730 731/731 732/732
f 732/732 733/733 734/734
f 730/730 732/732 734/734
f 735/735 736/736 737/737
f 737/737 738/738 735/735
f 739/739 740/740 741/741
f 739/739 741/741 742/742
f 739/739 742/742 743/743
f 737/737 744/744 738/738
f 729/729 728/728 736/736
f 736/736 735/735 729/729
f 730/730 734/734 724/724
f 724/724 723/723 730/730
f 726/726 727/727 723/723
f 729/729 730/730 723/723
f 723/723 727/727 729/729
f 745/745 731/731 719/719
f 744/744 720/720 719/719
f 719/719 738/738 744/744
f 735/735 731/731 730/730
f 730/730 729/729 735/735
f 746/746 747/747 748/748
f 749/749 750/750 751/751
f 751/751 752/752 749/749
f 748/748 749/749 752/752
f 752/752 746/746 748/748
f 745/745 732/732 731/731
f 753/753 743/743 742/742
f 742/742 754/754 753/753
f 746/746 755/755 747/747
f 719/719 731/731 735/735
f 735/735 738/738 719/719
f 756/756 757/757 758/758
f 733/733 759/759 734/734
f 760/760 761/761 762/762
f 762/762 763/763 760/760
f 743/743 764/764 739/739
f 762/762 761/761 765/765
f 757/757 760/760 763/763
f 763/763 758/758 757/757
f 766/766 767/767 756/756
f 757/757 756/756 767/767
f 767/767 768/768 757/757
f 769/769 770/770 771/771
f 765/765 761/761 770/770
f 770/770 772/772 765/765
f 760/760 757/757 768/768
f 768/768 771/771 760/760
f 773/773 774/774 775/775
f 774/774 773/773 776/776
f 776/776 777/777 774/774
f 778/778 759/759 733/733
f 773/773 775/775 779/779
f 770/770 761/761 760/760
f 760/760 771/771 770/770
f 780/780 781/781 782/782
f 782/782 783/783 780/780
f 784/784 785/785 786/786
f 787/787 788/788 789/789
f 790/790 791/791 792/792
f 792/792 793/793 790/790
f 794/794 795/795 780/780
f 780/780 783/783 794/794
f 796/796 797/797 798/798
f 798/798 799/799 796/796
f 800/800 801/801 802/802
f 803/803 804/804 805/805
f 806/806 807/807 793/793
f 793/793 792/792 806/806
f 808/808 799/799 798/798
f 798/798 809/809 808/808
f 810/810 811/811 812/812
f 812/812 813/813 810/810
f 814/814 815/815 816/816
f 817/817 818/818 819/819
f 820/820 821/821 822/822
f 823/823 824/824 825/825
f 826/826 827/827 828/828
f 828/828 829/829 826/826
f 827/827 830/830 831/831
f 831/831 828/828 827/827
f 830/830 832/832 833/833
f 833/833 831/831 830/830
f 834/834 835/835 827/827
f 827/827 826/826 834/834
f 836/836 837/837 838/838
f 838/838 839/839 836/836
f 840/840 841/841 842/842
f 842/842 843/843 840/840
f 844/844 843/843 842/842
f 842/842 845/845 844/844
f 843/843 844/844 846/846
f 847/847 848/848 849/849
f 850/850 848/848 847/847
f 848/848 850/850 845/845
f 850/850 851/851 845/845
f 851/851 852/852 844/844
f 846/846 844/844 852/852
f 852/852 853/853 846/846
f 854/854 855/855 856/856
f 856/856 857/857 854/854
f 857/857 856/856 858/858
f 858/858 859/859 857/857
f 859/859 858/858 860/860
f 860/860 861/861 859/859
f 855/855 840/840 843/843
f 843/843 856/856 855/855
f 846/846 858/858 856/856
f 856/856 843/843 846/846
f 853/853 860/860 858/858
f 858/858 846/846 853/853
f 862/862 863/863 864/864
f 864/864 865/865 862/862
f 866/866 854/854 857/857
f 857/857 867/867 866/866
f 859/859 868/868 867/867
f 867/867 857/857 859/859
f 861/861 869/869 868/868
f 868/868 859/859 861/861
f 870/870 866/866 867/867
f 867/867 871/871 870/870
f 868/868 862/862 871/871
f 871/871 867/867 868/868
f 869/869 863/863 862/862
f 862/862 868/868 869/869
f 847/847 849/849 872/872
f 872/872 873/873 847/847
f 847/847 873/873 850/850
f 874/874 851/851 850/850
f 850/850 873/873 874/874
f 875/875 852/852 851/851
f 851/851 874/874 875/875
f 853/853 852/852 875/875
f 875/875 876/876 853/853
f 861/861 860/860 877/877
f 877/877 878/878 861/861
f 860/860 853/853 876/876
f 876/876 877/877 860/860
f 879/879 864/864 863/863
f 863/863 880/880 879/879
f 881/881 869/869 861/861
f 861/861 878/878 881/881
f 880/880 863/863 869/869
f 869/869 881/881 880/880
f 851/851 844/844 845/845
f 882/882 883/883 884/884
f 884/884 885/885 882/882
f 886/886 887/887 882/882
f 882/882 885/885 886/886
f 888/888 887/887 886/886
f 886/886 889/889 888/888
f 890/890 888/888 889/889
f 889/889 891/891 890/890
f 892/892 893/893 894/894
f 894/894 895/895 892/892
f 893/893 890/890 891/891
f 891/891 894/894 893/893
f 896/896 897/897 898/898
f 898/898 899/899 896/896
f 900/900 901/901 892/892
f 892/892 895/895 900/900
f 899/899 898/898 901/901
f 901/901 900/900 899/899
f 885/885 884/884 902/902
f 902/902 903/903 885/885
f 886/886 885/885 903/903
f 903/903 904/904 886/886
f 889/889 886/886 904/904
f 904/904 905/905 889/889
f 891/891 889/889 905/905
f 905/905 906/906 891/891
f 895/895 894/894 907/907
f 907/907 908/908 895/895
f 894/894 891/891 906/906
f 906/906 907/907 894/894
f 896/896 899/899 909/909
f 909/909 910/910 896/896
f 900/900 895/895 908/908
f 908/908 911/911 900/900
f 899/899 900/900 911/911
f 911/911 909/909 899/899
f 902/902 912/912 903/903
f 903/903 912/912 904/904
f 904/904 912/912 905/905
f 905/905 912/912 906/906
f 907/907 912/912 908/908
f 906/906 912/912 907/907
f 909/909 912/912 910/910
f 908/908 912/912 911/911
f 911/911 912/912 909/909
f 882/882 873/873 872/872
f 872/872 883/883 882/882
f 887/887 874/874 873/873
f 873/873 882/882 887/887
f 888/888 875/875 874/874
f 874/874 887/887 888/888
f 890/890 876/876 875/875
f 875/875 888/888 890/890
f 892/892 878/878 877/877
f 877/877 893/893 892/892
f 893/893 877/877 876/876
f 876/876 890/890 893/893
f 897/897 879/879 880/880
f 880/880 898/898 897/897
f 901/901 881/881 878/878
f 878/878 892/892 901/901
f 898/898 880/880 881/881
f 881/881 901/901 898/898
f 829/829 828/828 913/913
f 913/913 914/914 829/829
f 855/855 854/854 915/915
f 915/915 916/916 855/855
f 840/840 855/855 916/916
f 916/916 917/917 840/840
f 854/854 866/866 918/918
f 918/918 915/915 854/854
f 866/866 870/870 919/919
f 919/919 918/918 866/866
f 920/920 921/921 922/922
f 922/922 923/923 920/920
f 924/924 925/925 926/926
f 926/926 927/927 924/924
f 928/928 924/924 927/927
f 927/927 929/929 928/928
f 930/930 931/931 932/932
f 932/932 933/933 930/930
f 925/925 934/934 935/935
f 935/935 926/926 925/925
f 934/934 930/930 933/933
f 933/933 935/935 934/934
f 914/914 913/913 921/921
f 921/921 920/920 914/914
f 916/916 915/915 925/925
f 925/925 924/924 916/916
f 917/917 916/916 924/924
f 924/924 928/928 917/917
f 919/919 936/936 931/931
f 931/931 930/930 919/919
f 915/915 918/918 934/934
f 934/934 925/925 915/915
f 918/918 919/919 930/930
f 930/930 934/934 918/918
f 937/937 938/938 939/939
f 939/939 940/940 937/937
f 941/941 942/942 943/943
f 943/943 944/944 941/941
f 940/940 939/939 945/945
f 945/945 946/946 940/940
f 947/947 948/948 943/943
f 943/943 949/949 947/947
f 948/948 950/950 944/944
f 944/944 943/943 948/948
f 951/951 952/952 953/953
f 953/953 954/954 951/951
f 955/955 947/947 949/949
f 949/949 956/956 955/955
f 951/951 955/955 956/956
f 956/956 952/952 951/951
f 946/946 945/945 957/957
f 957/957 958/958 946/946
f 948/948 947/947 959/959
f 959/959 960/960 948/948
f 950/950 948/948 960/960
f 960/960 961/961 950/950
f 951/951 954/954 962/962
f 962/962 963/963 951/951
f 947/947 955/955 964/964
f 964/964 959/959 947/947
f 955/955 951/951 963/963
f 963/963 964/964 955/955
f 965/965 961/961 966/966
f 966/966 967/967 965/965
f 958/958 957/957 968/968
f 968/968 969/969 958/958
f 968/968 965/965 967/967
f 970/970 960/960 959/959
f 961/961 960/960 970/970
f 970/970 966/966 961/961
f 963/963 962/962 971/971
f 971/971 972/972 963/963
f 964/964 963/963 972/972
f 972/972 973/973 964/964
f 919/919 974/974 975/975
f 975/975 936/936 919/919
f 871/871 976/976 977/977
f 977/977 870/870 871/871
f 976/976 865/865 978/978
f 974/974 919/919 870/870
f 870/870 977/977 974/974
f 862/862 865/865 976/976
f 976/976 871/871 862/862
f 832/832 830/830 979/979
f 830/830 980/980 981/981
f 982/982 983/983 984/984
f 984/984 985/985 982/982
f 986/986 987/987 980/980
f 980/980 830/830 827/827
f 827/827 835/835 986/986
f 980/980 827/827 986/986
f 985/985 984/984 987/987
f 988/988 986/986 835/835
f 986/986 985/985 987/987
f 832/832 979/979 987/987
f 987/987 984/984 832/832
f 981/981 979/979 830/830
f 989/989 990/990 991/991
f 992/992 993/993 994/994
f 994/994 995/995 992/992
f 996/996 997/997 998/998
f 999/999 1000/1000 1001/1001
f 1002/1002 1003/1003 1004/1004
f 1005/1005 1006/1006 1007/1007
f 1007/1007 1008/1008 1005/1005
f 1003/1003 1009/1009 1004/1004
f 1010/1010 1011/1011 1012/1012
f 1013/1013 1014/1014 1015/1015
f 1015/1015 1016/1016 1013/1013
f 1017/1017 1018/1018 1019/1019
f 1020/1020 1021/1021 1022/1022
f 1023/1023 1024/1024 1025/1025
f 1026/1026 1027/1027 1028/1028
f 1028/1028 1029/1029 1026/1026
f 1030/1030 1023/1023 1025/1025
f 1031/1031 1032/1032 1033/1033
f 1033/1033 1034/1034 1031/1031
f 1034/1034 1033/1033 1035/1035
f 1035/1035 1036/1036 1034/1034
f 1036/1036 1035/1035 1037/1037
f 1037/1037 1038/1038 1036/1036
f 1039/1039 1031/1031 1034/1034
f 1034/1034 1040/1040 1039/1039
f 1041/1041 837/837 1042/1042
f 1042/1042 1043/1043 1041/1041
f 1044/1044 1045/1045 1046/1046
f 1046/1046 1047/1047 1044/1044
f 1048/1048 1049/1049 1046/1046
f 1046/1046 1045/1045 1048/1048
f 1045/1045 1050/1050 1048/1048
f 1051/1051 1052/1052 1053/1053
f 1054/1054 1051/1051 1053/1053
f 1053/1053 1049/1049 1054/1054
f 1054/1054 1049/1049 1055/1055
f 1055/1055 1048/1048 1056/1056
f 1050/1050 1057/1057 1056/1056
f 1056/1056 1048/1048 1050/1050
f 1058/1058 1059/1059 1060/1060
f 1060/1060 1061/1061 1058/1058
f 1059/1059 1062/1062 1063/1063
f 1063/1063 1060/1060 1059/1059
f 1062/1062 1064/1064 1065/1065
f 1065/1065 1063/1063 1062/1062
f 1061/1061 1060/1060 1045/1045
f 1045/1045 1044/1044 1061/1061
f 1050/1050 1045/1045 1060/1060
f 1060/1060 1063/1063 1050/1050
f 1057/1057 1050/1050 1063/1063
f 1063/1063 1065/1065 1057/1057
f 1066/1066 1067/1067 1068/1068
f 1068/1068 1069/1069 1066/1066
f 1070/1070 1071/1071 1059/1059
f 1059/1059 1058/1058 1070/1070
f 1062/1062 1059/1059 1071/1071
f 1071/1071 1072/1072 1062/1062
f 1064/1064 1062/1062 1072/1072
f 1072/1072 1073/1073 1064/1064
f 1074/1074 1075/1075 1071/1071
f 1071/1071 1070/1070 1074/1074
f 1072/1072 1071/1071 1075/1075
f 1075/1075 1066/1066 1072/1072
f 1073/1073 1072/1072 1066/1066
f 1066/1066 1069/1069 1073/1073
f 1051/1051 1076/1076 1077/1077
f 1077/1077 1052/1052 1051/1051
f 1051/1051 1054/1054 1076/1076
f 1078/1078 1076/1076 1054/1054
f 1054/1054 1055/1055 1078/1078
f 1079/1079 1078/1078 1055/1055
f 1055/1055 1056/1056 1079/1079
f 1057/1057 1080/1080 1079/1079
f 1079/1079 1056/1056 1057/1057
f 1064/1064 1081/1081 1082/1082
f 1082/1082 1065/1065 1064/1064
f 1065/1065 1082/1082 1080/1080
f 1080/1080 1057/1057 1065/1065
f 1083/1083 1084/1084 1069/1069
f 1069/1069 1068/1068 1083/1083
f 1085/1085 1081/1081 1064/1064
f 1064/1064 1073/1073 1085/1085
f 1084/1084 1085/1085 1073/1073
f 1073/1073 1069/1069 1084/1084
f 1055/1055 1049/1049 1048/1048
f 1086/1086 1087/1087 1088/1088
f 1088/1088 1089/1089 1086/1086
f 1090/1090 1087/1087 1086/1086
f 1086/1086 1091/1091 1090/1090
f 1092/1092 1093/1093 1090/1090
f 1090/1090 1091/1091 1092/1092
f 1094/1094 1095/1095 1093/1093
f 1093/1093 1092/1092 1094/1094
f 1096/1096 1097/1097 1098/1098
f 1098/1098 1099/1099 1096/1096
f 1099/1099 1098/1098 1095/1095
f 1095/1095 1094/1094 1099/1099
f 1100/1100 1101/1101 1102/1102
f 1102/1102 1103/1103 1100/1100
f 1104/1104 1097/1097 1096/1096
f 1096/1096 1105/1105 1104/1104
f 1101/1101 1104/1104 1105/1105
f 1105/1105 1102/1102 1101/1101
f 1087/1087 1106/1106 1107/1107
f 1107/1107 1088/1088 1087/1087
f 1090/1090 1108/1108 1106/1106
f 1106/1106 1087/1087 1090/1090
f 1093/1093 1109/1109 1108/1108
f 1108/1108 1090/1090 1093/1093
f 1095/1095 1110/1110 1109/1109
f 1109/1109 1093/1093 1095/1095
f 1097/1097 1111/1111 1112/1112
f 1112/1112 1098/1098 1097/1097
f 1098/1098 1112/1112 1110/1110
f 1110/1110 1095/1095 1098/1098
f 1100/1100 1113/1113 1114/1114
f 1114/1114 1101/1101 1100/1100
f 1104/1104 1115/1115 1111/1111
f 1111/1111 1097/1097 1104/1104
f 1101/1101 1114/1114 1115/1115
f 1115/1115 1104/1104 1101/1101
f 1107/1107 1106/1106 1116/1116
f 1106/1106 1108/1108 1116/1116
f 1108/1108 1109/1109 1116/1116
f 1109/1109 1110/1110 1116/1116
f 1112/1112 1111/1111 1116/1116
f 1110/1110 1112/1112 1116/1116
f 1114/1114 1113/1113 1116/1116
f 1111/1111 1115/1115 1116/1116
f 1115/1115 1114/1114 1116/1116
f 1086/1086 1089/1089 1077/1077
f 1077/1077 1076/1076 1086/1086
f 1091/1091 1086/1086 1076/1076
f 1076/1076 1078/1078 1091/1091
f 1092/1092 1091/1091 1078/1078
f 1078/1078 1079/1079 1092/1092
f 1094/1094 1092/1092 1079/1079
f 1079/1079 1080/1080 1094/1094
f 1096/1096 1099/1099 1082/1082
f 1082/1082 1081/1081 1096/1096
f 1099/1099 1094/1094 1080/1080
f 1080/1080 1082/1082 1099/1099
f 1103/1103 1102/1102 1084/1084
f 1084/1084 1083/1083 1103/1103
f 1105/1105 1096/1096 1081/1081
f 1081/1081 1085/1085 1105/1105
f 1102/1102 1105/1105 1085/1085
f 1085/1085 1084/1084 1102/1102
f 1117/1117 1033/1033 1032/1032
f 1032/1032 1118/1118 1117/1117
f 1061/1061 1119/1119 1120/1120
f 1120/1120 1058/1058 1061/1061
f 1044/1044 1121/1121 1119/1119
f 1119/1119 1061/1061 1044/1044
f 1058/1058 1120/1120 1122/1122
f 1122/1122 1070/1070 1058/1058
f 1070/1070 1122/1122 1123/1123
f 1123/1123 1074/1074 1070/1070
f 1124/1124 1125/1125 1126/1126
f 1126/1126 1127/1127 1124/1124
f 1128/1128 1129/1129 1130/1130
f 1130/1130 1131/1131 1128/1128
f 1132/1132 1133/1133 1129/1129
f 1129/1129 1128/1128 1132/1132
f 1134/1134 1135/1135 1136/1136
f 1136/1136 1137/1137 1134/1134
f 1131/1131 1130/1130 1138/1138
f 1138/1138 1139/1139 1131/1131
f 1139/1139 1138/1138 1135/1135
f 1135/1135 1134/1134 1139/1139
f 1125/1125 1117/1117 1118/1118
f 1118/1118 1126/1126 1125/1125
f 1119/1119 1128/1128 1131/1131
f 1131/1131 1120/1120 1119/1119
f 1121/1121 1132/1132 1128/1128
f 1128/1128 1119/1119 1121/1121
f 1123/1123 1134/1134 1137/1137
f 1137/1137 1140/1140 1123/1123
f 1120/1120 1131/1131 1139/1139
f 1139/1139 1122/1122 1120/1120
f 1122/1122 1139/1139 1134/1134
f 1134/1134 1123/1123 1122/1122
f 1141/1141 1142/1142 1143/1143
f 1143/1143 1144/1144 1141/1141
f 1133/1133 1145/1145 1146/1146
f 1146/1146 1129/1129 1133/1133
f 1147/1147 1144/1144 1143/1143
f 1143/1143 1148/1148 1147/1147
f 1149/1149 1150/1150 1151/1151
f 1151/1151 1152/1152 1149/1149
f 1152/1152 1151/1151 1153/1153
f 1153/1153 1154/1154 1152/1152
f 1155/1155 1156/1156 1157/1157
f 1157/1157 1158/1158 1155/1155
f 1159/1159 1160/1160 1150/1150
f 1150/1150 1149/1149 1159/1159
f 1157/1157 1156/1156 1160/1160
f 1160/1160 1159/1159 1157/1157
f 1161/1161 1147/1147 1148/1148
f 1148/1148 1162/1162 1161/1161
f 1152/1152 1163/1163 1164/1164
f 1164/1164 1149/1149 1152/1152
f 1154/1154 1165/1165 1163/1163
f 1163/1163 1152/1152 1154/1154
f 1157/1157 1166/1166 1167/1167
f 1167/1167 1158/1158 1157/1157
f 1149/1149 1164/1164 1168/1168
f 1168/1168 1159/1159 1149/1149
f 1159/1159 1168/1168 1166/1166
f 1166/1166 1157/1157 1159/1159
f 1169/1169 1165/1165 1170/1170
f 1170/1170 1171/1171 1169/1169
f 1172/1172 1161/1161 1162/1162
f 1162/1162 1173/1173 1172/1172
f 1170/1170 1161/1161 1172/1172
f 1174/1174 1168/1168 1164/1164
f 1164/1164 1175/1175 1174/1174
f 1165/1165 1169/1169 1175/1175
f 1175/1175 1163/1163 1165/1165
f 1166/1166 1176/1176 1177/1177
f 1177/1177 1167/1167 1166/1166
f 1168/1168 1174/1174 1176/1176
f 1176/1176 1166/1166 1168/1168
f 1123/1123 1140/1140 1178/1178
f 1178/1178 1179/1179 1123/1123
f 1075/1075 1074/1074 1180/1180
f 1180/1180 1181/1181 1075/1075
f 1181/1181 1182/1182 1067/1067
f 1179/1179 1180/1180 1074/1074
f 1074/1074 1123/1123 1179/1179
f 1066/1066 1075/1075 1181/1181
f 1181/1181 1067/1067 1066/1066
f 1038/1038 1183/1183 1036/1036
f 1036/1036 1184/1184 1185/1185
f 1186/1186 1187/1187 1188/1188
f 1188/1188 1189/1189 1186/1186
f 1190/1190 1185/1185 1191/1191
f 1190/1190 1040/1040 1034/1034
f 1185/1185 1190/1190 1034/1034
f 1185/1185 1034/1034 1036/1036
f 1187/1187 1191/1191 1188/1188
f 1192/1192 1040/1040 1190/1190
f 1190/1190 1191/1191 1187/1187
f 1038/1038 1188/1188 1191/1191
f 1191/1191 1183/1183 1038/1038
f 1184/1184 1036/1036 1183/1183
f 836/836 839/839 1193/1193
f 1193/1193 1194/1194 836/836
f 1195/1195 1043/1043 1042/1042
f 1042/1042 1194/1194 1195/1195
f 1196/1196 837/837 836/836
f 1196/1196 1042/1042 837/837
f 1042/1042 1196/1196 1194/1194
f 1194/1194 1196/1196 836/836
f 1172/1172 1171/1171 1170/1170
f 968/968 957/957 965/965
f 1164/1164 1163/1163 1175/1175
f 959/959 964/964 973/973
f 973/973 970/970 959/959
f 942/942 1197/1197 949/949
f 949/949 943/943 942/942
f 1198/1198 1199/1199 953/953
f 953/953 952/952 1198/1198
f 1197/1197 1200/1200 956/956
f 956/956 949/949 1197/1197
f 956/956 1200/1200 1201/1201
f 1202/1202 1203/1203 1151/1151
f 1151/1151 1150/1150 1202/1202
f 1204/1204 1205/1205 1156/1156
f 1156/1156 1155/1155 1204/1204
f 1206/1206 1202/1202 1150/1150
f 1150/1150 1160/1160 1206/1206
f 1156/1156 1205/1205 1207/1207
f 1207/1207 1160/1160 1156/1156
f 1012/1012 1208/1208 1010/1010
f 989/989 1209/1209 990/990
f 1210/1210 1211/1211 1212/1212
f 1212/1212 1213/1213 1210/1210
f 1212/1212 1214/1214 1215/1215
f 1215/1215 1213/1213 1212/1212
f 1214/1214 1216/1216 1217/1217
f 1217/1217 1215/1215 1214/1214
f 1217/1217 1216/1216 1218/1218
f 1218/1218 1219/1219 1217/1217
f 1207/1207 1206/1206 1160/1160
f 1201/1201 1198/1198 952/952
f 952/952 956/956 1201/1201
f 933/933 932/932 1220/1220
f 1220/1220 1221/1221 933/933
f 1136/1136 1135/1135 1222/1222
f 1222/1222 1223/1223 1136/1136
f 1135/1135 1138/1138 1224/1224
f 1224/1224 1222/1222 1135/1135
f 1225/1225 1212/1212 1211/1211
f 1211/1211 1226/1226 1225/1225
f 1224/1224 1138/1138 1227/1227
f 967/967 966/966 1228/1228
f 1228/1228 1229/1229 967/967
f 1230/1230 969/969 968/968
f 968/968 1231/1231 1230/1230
f 1229/1229 1231/1231 968/968
f 968/968 967/967 1229/1229
f 1232/1232 1233/1233 970/970
f 970/970 1233/1233 1228/1228
f 1228/1228 966/966 970/970
f 972/972 971/971 1234/1234
f 1234/1234 1235/1235 972/972
f 973/973 972/972 1235/1235
f 1235/1235 1236/1236 973/973
f 1229/1229 1228/1228 1237/1237
f 1238/1238 1239/1239 1240/1240
f 1239/1239 1241/1241 1242/1242
f 1242/1242 1240/1240 1239/1239
f 1241/1241 1243/1243 1244/1244
f 1231/1231 1229/1229 1245/1245
f 1245/1245 1230/1230 1231/1231
f 1238/1238 1240/1240 1246/1246
f 1240/1240 1242/1242 1247/1247
f 1247/1247 1246/1246 1240/1240
f 1247/1247 1242/1242 1244/1244
f 1244/1244 1248/1248 1247/1247
f 1244/1244 1243/1243 1249/1249
f 1228/1228 1233/1233 1237/1237
f 1243/1243 1250/1250 1249/1249
f 1244/1244 1242/1242 1241/1241
f 1237/1237 1251/1251 1245/1245
f 1237/1237 1245/1245 1229/1229
f 1171/1171 1252/1252 1253/1253
f 1253/1253 1169/1169 1171/1171
f 1254/1254 1255/1255 1172/1172
f 1172/1172 1173/1173 1254/1254
f 1252/1252 1171/1171 1172/1172
f 1172/1172 1255/1255 1252/1252
f 1256/1256 1257/1257 1174/1174
f 1174/1174 1175/1175 1256/1256
f 1175/1175 1169/1169 1253/1253
f 1253/1253 1258/1258 1175/1175
f 1176/1176 1259/1259 1260/1260
f 1260/1260 1177/1177 1176/1176
f 1174/1174 1257/1257 1259/1259
f 1259/1259 1176/1176 1174/1174
f 1252/1252 1261/1261 1253/1253
f 1238/1238 1262/1262 1239/1239
f 1239/1239 1262/1262 1263/1263
f 1263/1263 1241/1241 1239/1239
f 1241/1241 1264/1264 1243/1243
f 1255/1255 1265/1265 1252/1252
f 1265/1265 1255/1255 1254/1254
f 1238/1238 1266/1266 1262/1262
f 1262/1262 1266/1266 1267/1267
f 1267/1267 1263/1263 1262/1262
f 1267/1267 1268/1268 1264/1264
f 1264/1264 1263/1263 1267/1267
f 1264/1264 1269/1269 1243/1243
f 1253/1253 1261/1261 1258/1258
f 1243/1243 1269/1269 1250/1250
f 1264/1264 1241/1241 1263/1263
f 1261/1261 1265/1265 1270/1270
f 1261/1261 1252/1252 1265/1265
f 1175/1175 1258/1258 1256/1256
f 1232/1232 970/970 973/973
f 973/973 1236/1236 1232/1232
f 1153/1153 1151/1151 1203/1203
f 1203/1203 1271/1271 1153/1153
f 923/923 922/922 1272/1272
f 1272/1272 1273/1273 923/923
f 929/929 927/927 1274/1274
f 1274/1274 1275/1275 929/929
f 1124/1124 1127/1127 1276/1276
f 1276/1276 1277/1277 1124/1124
f 927/927 926/926 1278/1278
f 1278/1278 1274/1274 927/927
f 1225/1225 1279/1279 1214/1214
f 1214/1214 1212/1212 1225/1225
f 926/926 935/935 1280/1280
f 1280/1280 1278/1278 926/926
f 1280/1280 935/935 1281/1281
f 1130/1130 1129/1129 1146/1146
f 1146/1146 1282/1282 1130/1130
f 1279/1279 1283/1283 1216/1216
f 1216/1216 1214/1214 1279/1279
f 1138/1138 1130/1130 1282/1282
f 1282/1282 1227/1227 1138/1138
f 1283/1283 1284/1284 1218/1218
f 1218/1218 1216/1216 1283/1283
f 933/933 1221/1221 1281/1281
f 1281/1281 935/935 933/933
f 1285/1285 1286/1286 1287/1287
f 1286/1286 1288/1288 1287/1287
f 1289/1289 1290/1290 1291/1291
f 1292/1292 1293/1293 1294/1294
f 1294/1294 1295/1295 1292/1292
f 1288/1288 1296/1296 1292/1292
f 1293/1293 1292/1292 1296/1296
f 1296/1296 1297/1297 1293/1293
f 1298/1298 1285/1285 1299/1299
f 1300/1300 1301/1301 1302/1302
f 1303/1303 1304/1304 1305/1305
f 1305/1305 1306/1306 1303/1303
f 1307/1307 1308/1308 1309/1309
f 1309/1309 1310/1310 1307/1307
f 1304/1304 1311/1311 1312/1312
f 1312/1312 1305/1305 1304/1304
f 1313/1313 1314/1314 1315/1315
f 1315/1315 1316/1316 1313/1313
f 1317/1317 1318/1318 1311/1311
f 1311/1311 1304/1304 1317/1317
f 1319/1319 1320/1320 1314/1314
f 1318/1318 1317/1317 1321/1321
f 1321/1321 1322/1322 1318/1318
f 1323/1323 1324/1324 1325/1325
f 1326/1326 1327/1327 1324/1324
f 1324/1324 1323/1323 1326/1326
f 1328/1328 1329/1329 1330/1330
f 1331/1331 1327/1327 1326/1326
f 1325/1325 1312/1312 1311/1311
f 1311/1311 1323/1323 1325/1325
f 1323/1323 1311/1311 1318/1318
f 1318/1318 1326/1326 1323/1323
f 1326/1326 1318/1318 1322/1322
f 1330/1330 1315/1315 1314/1314
f 1314/1314 1328/1328 1330/1330
f 1314/1314 1320/1320 1328/1328
f 1332/1332 1333/1333 1334/1334
f 1316/1316 1315/1315 1335/1335
f 1335/1335 1336/1336 1316/1316
f 1322/1322 1331/1331 1326/1326
f 1335/1335 1315/1315 1330/1330
f 1337/1337 1338/1338 1313/1313
f 1313/1313 1339/1339 1340/1340
f 1340/1340 1337/1337 1313/1313
f 1341/1341 1342/1342 1304/1304
f 1304/1304 1303/1303 1341/1341
f 1339/1339 1313/1313 1316/1316
f 1316/1316 1343/1343 1339/1339
f 1343/1343 1316/1316 1336/1336
f 1336/1336 1344/1344 1343/1343
f 1321/1321 1317/1317 1345/1345
f 1345/1345 1346/1346 1321/1321
f 1317/1317 1304/1304 1342/1342
f 1342/1342 1345/1345 1317/1317
f 1347/1347 1348/1348 1349/1349
f 1349/1349 1350/1350 1347/1347
f 1350/1350 1349/1349 1351/1351
f 1351/1351 1352/1352 1350/1350
f 1352/1352 1351/1351 1353/1353
f 1353/1353 1354/1354 1352/1352
f 1354/1354 1353/1353 1355/1355
f 1355/1355 1356/1356 1354/1354
f 1357/1357 1358/1358 1359/1359
f 1359/1359 1360/1360 1357/1357
f 1358/1358 1361/1361 1362/1362
f 1362/1362 1359/1359 1358/1358
f 1361/1361 1363/1363 1364/1364
f 1364/1364 1362/1362 1361/1361
f 1363/1363 1365/1365 1366/1366
f 1366/1366 1364/1364 1363/1363
f 1367/1367 1368/1368 1369/1369
f 1369/1369 1370/1370 1367/1367
f 1371/1371 1372/1372 1373/1373
f 1373/1373 1374/1374 1371/1371
f 1372/1372 1375/1375 1376/1376
f 1376/1376 1373/1373 1372/1372
f 1375/1375 1377/1377 1378/1378
f 1378/1378 1376/1376 1375/1375
f 1377/1377 1379/1379 1380/1380
f 1380/1380 1378/1378 1377/1377
f 1381/1381 1382/1382 1383/1383
f 1384/1384 1385/1385 1386/1386
f 1337/1337 1340/1340 1334/1334
f 1333/1333 1387/1387 1337/1337
f 1387/1387 1388/1388 1337/1337
f 1288/1288 1292/1292 1295/1295
f 1295/1295 1287/1287 1288/1288
f 1287/1287 1299/1299 1285/1285
f 1294/1294 1293/1293 1389/1389
f 1387/1387 1291/1291 1390/1390
f 1391/1391 1392/1392 1393/1393
f 1393/1393 1334/1334 1391/1391
f 1394/1394 1395/1395 1309/1309
f 1309/1309 1308/1308 1394/1394
f 1341/1341 1303/1303 1309/1309
f 1309/1309 1303/1303 1310/1310
f 1395/1395 1341/1341 1309/1309
f 1396/1396 1295/1295 1294/1294
f 1340/1340 1391/1391 1334/1334
f 1334/1334 1333/1333 1337/1337
f 1287/1287 1295/1295 1396/1396
f 1396/1396 1299/1299 1287/1287
f 1299/1299 1397/1397 1298/1298
f 1301/1301 1300/1300 1397/1397
f 1396/1396 1301/1301 1397/1397
f 1299/1299 1396/1396 1397/1397
f 1334/1334 1393/1393 1332/1332
f 1314/1314 1313/1313 1319/1319
f 1398/1398 1399/1399 1400/1400
f 1400/1400 1401/1401 1398/1398
f 1402/1402 1396/1396 1294/1294
f 1294/1294 1403/1403 1402/1402
f 1293/1293 1297/1297 1404/1404
f 1404/1404 1389/1389 1293/1293
f 1405/1405 1406/1406 1407/1407
f 1407/1407 1408/1408 1405/1405
f 1409/1409 1410/1410 1289/1289
f 1411/1411 1409/1409 1291/1291
f 1409/1409 1289/1289 1291/1291
f 1389/1389 1403/1403 1294/1294
f 1408/1408 1407/1407 1399/1399
f 1399/1399 1398/1398 1408/1408
f 1412/1412 1413/1413 1414/1414
f 1415/1415 1416/1416 1417/1417
f 1418/1418 1419/1419 1420/1420
f 1421/1421 1422/1422 1423/1423
f 1423/1423 1424/1424 1421/1421
f 1425/1425 1426/1426 1427/1427
f 1428/1428 1429/1429 1430/1430
f 1431/1431 1432/1432 1433/1433
f 1434/1434 1435/1435 1436/1436
f 1437/1437 1438/1438 1439/1439
f 1440/1440 1441/1441 1442/1442
f 1443/1443 1444/1444 1445/1445
f 1387/1387 1411/1411 1291/1291
f 1313/1313 1446/1446 1319/1319
f 1301/1301 1396/1396 1302/1302
f 1333/1333 1447/1447 1387/1387
f 1333/1333 1332/1332 1447/1447
f 1390/1390 1388/1388 1387/1387
f 1388/1388 1338/1338 1337/1337
f 1338/1338 1446/1446 1313/1313
f 1290/1290 1390/1390 1291/1291
f 1396/1396 1402/1402 1302/1302
f 1448/1448 1449/1449 1450/1450
f 1450/1450 1449/1449 1451/1451
f 1452/1452 1453/1453 1290/1290
f 1454/1454 1455/1455 1456/1456
f 1456/1456 1457/1457 1454/1454
f 1451/1451 1454/1454 1458/1458
f 1457/1457 1459/1459 1458/1458
f 1458/1458 1454/1454 1457/1457
f 1460/1460 1461/1461 1448/1448
f 1462/1462 1463/1463 1464/1464
f 1465/1465 1466/1466 1467/1467
f 1467/1467 1468/1468 1465/1465
f 1469/1469 1470/1470 1471/1471
f 1471/1471 1472/1472 1469/1469
f 1468/1468 1467/1467 1473/1473
f 1473/1473 1474/1474 1468/1468
f 1475/1475 1476/1476 1477/1477
f 1477/1477 1478/1478 1475/1475
f 1479/1479 1468/1468 1474/1474
f 1474/1474 1480/1480 1479/1479
f 1319/1319 1478/1478 1481/1481
f 1480/1480 1482/1482 1483/1483
f 1483/1483 1479/1479 1480/1480
f 1484/1484 1485/1485 1486/1486
f 1487/1487 1484/1484 1486/1486
f 1486/1486 1488/1488 1487/1487
f 1489/1489 1490/1490 1491/1491
f 1492/1492 1488/1488 1493/1493
f 1485/1485 1484/1484 1474/1474
f 1474/1474 1473/1473 1485/1485
f 1484/1484 1487/1487 1480/1480
f 1480/1480 1474/1474 1484/1484
f 1487/1487 1482/1482 1480/1480
f 1490/1490 1489/1489 1478/1478
f 1478/1478 1477/1477 1490/1490
f 1478/1478 1489/1489 1481/1481
f 1494/1494 1495/1495 1496/1496
f 1476/1476 1497/1497 1498/1498
f 1498/1498 1477/1477 1476/1476
f 1482/1482 1487/1487 1492/1492
f 1498/1498 1490/1490 1477/1477
f 1499/1499 1475/1475 1338/1338
f 1475/1475 1499/1499 1500/1500
f 1500/1500 1501/1501 1475/1475
f 1502/1502 1465/1465 1468/1468
f 1468/1468 1503/1503 1502/1502
f 1501/1501 1504/1504 1476/1476
f 1476/1476 1475/1475 1501/1501
f 1504/1504 1505/1505 1497/1497
f 1497/1497 1476/1476 1504/1504
f 1483/1483 1506/1506 1507/1507
f 1507/1507 1479/1479 1483/1483
f 1479/1479 1507/1507 1503/1503
f 1503/1503 1468/1468 1479/1479
f 1508/1508 1509/1509 1510/1510
f 1510/1510 1511/1511 1508/1508
f 1509/1509 1512/1512 1513/1513
f 1513/1513 1510/1510 1509/1509
f 1512/1512 1514/1514 1515/1515
f 1515/1515 1513/1513 1512/1512
f 1514/1514 1516/1516 1517/1517
f 1517/1517 1515/1515 1514/1514
f 1518/1518 1519/1519 1520/1520
f 1520/1520 1521/1521 1518/1518
f 1521/1521 1520/1520 1522/1522
f 1522/1522 1523/1523 1521/1521
f 1523/1523 1522/1522 1524/1524
f 1524/1524 1525/1525 1523/1523
f 1525/1525 1524/1524 1526/1526
f 1526/1526 1527/1527 1525/1525
f 1528/1528 1529/1529 1530/1530
f 1530/1530 1531/1531 1528/1528
f 1532/1532 1533/1533 1534/1534
f 1534/1534 1535/1535 1532/1532
f 1535/1535 1534/1534 1536/1536
f 1536/1536 1537/1537 1535/1535
f 1537/1537 1536/1536 1538/1538
f 1538/1538 1539/1539 1537/1537
f 1539/1539 1538/1538 1540/1540
f 1540/1540 1541/1541 1539/1539
f 1542/1542 1543/1543 1544/1544
f 1545/1545 1546/1546 1547/1547
f 1499/1499 1495/1495 1500/1500
f 1496/1496 1499/1499 1548/1548
f 1548/1548 1499/1499 1388/1388
f 1451/1451 1449/1449 1455/1455
f 1455/1455 1454/1454 1451/1451
f 1449/1449 1448/1448 1461/1461
f 1456/1456 1549/1549 1457/1457
f 1548/1548 1390/1390 1453/1453
f 1550/1550 1495/1495 1551/1551
f 1551/1551 1552/1552 1550/1550
f 1553/1553 1472/1472 1471/1471
f 1471/1471 1554/1554 1553/1553
f 1502/1502 1471/1471 1465/1465
f 1471/1471 1470/1470 1465/1465
f 1554/1554 1471/1471 1502/1502
f 1555/1555 1456/1456 1455/1455
f 1500/1500 1495/1495 1550/1550
f 1495/1495 1499/1499 1496/1496
f 1449/1449 1461/1461 1555/1555
f 1555/1555 1455/1455 1449/1449
f 1461/1461 1460/1460 1556/1556
f 1556/1556 1462/1462 1464/1464
f 1556/1556 1464/1464 1555/1555
f 1461/1461 1556/1556 1555/1555
f 1495/1495 1494/1494 1551/1551
f 1478/1478 1319/1319 1475/1475
f 1557/1557 1558/1558 1559/1559
f 1559/1559 1560/1560 1557/1557
f 1561/1561 1562/1562 1456/1456
f 1456/1456 1555/1555 1561/1561
f 1457/1457 1549/1549 1563/1563
f 1563/1563 1459/1459 1457/1457
f 1564/1564 1565/1565 1566/1566
f 1566/1566 1567/1567 1564/1564
f 1568/1568 1452/1452 1569/1569
f 1570/1570 1453/1453 1568/1568
f 1568/1568 1453/1453 1452/1452
f 1549/1549 1456/1456 1562/1562
f 1565/1565 1557/1557 1560/1560
f 1560/1560 1566/1566 1565/1565
f 1571/1571 1572/1572 1573/1573
f 1574/1574 1575/1575 1576/1576
f 1577/1577 1578/1578 1579/1579
f 1580/1580 1581/1581 1582/1582
f 1583/1583 1584/1584 1585/1585
f 1586/1586 1587/1587 1588/1588
f 1589/1589 1590/1590 1591/1591
f 1592/1592 1593/1593 1594/1594
f 1595/1595 1596/1596 1597/1597
f 1598/1598 1599/1599 1600/1600
f 1601/1601 1602/1602 1603/1603
f 1604/1604 1605/1605 1606/1606
f 1548/1548 1453/1453 1570/1570
f 1475/1475 1319/1319 1446/1446
f 1464/1464 1463/1463 1555/1555
f 1496/1496 1548/1548 1607/1607
f 1496/1496 1607/1607 1494/1494
f 1390/1390 1548/1548 1388/1388
f 1388/1388 1499/1499 1338/1338
f 1338/1338 1475/1475 1446/1446
f 1290/1290 1453/1453 1390/1390
f 1555/1555 1463/1463 1561/1561
f 1331/1331 1608/1608 1327/1327
f 1492/1492 1487/1487 1488/1488
f 841/841 840/840 917/917
f 917/917 1609/1609 841/841
f 828/828 831/831 1610/1610
f 1610/1610 913/913 828/828
f 928/928 929/929 1611/1611
f 1611/1611 1612/1612 928/928
f 921/921 1613/1613 1614/1614
f 1614/1614 922/922 921/921
f 1609/1609 917/917 928/928
f 928/928 1612/1612 1609/1609
f 913/913 1610/1610 1613/1613
f 1613/1613 921/921 913/913
f 1615/1615 1616/1616 1617/1617
f 1617/1617 1618/1618 1615/1615
f 938/938 1619/1619 1620/1620
f 1620/1620 939/939 938/938
f 1618/1618 1617/1617 1621/1621
f 1621/1621 1622/1622 1618/1618
f 939/939 1620/1620 1623/1623
f 1623/1623 945/945 939/939
f 965/965 1622/1622 1621/1621
f 945/945 1623/1623 957/957
f 1624/1624 1611/1611 1625/1625
f 1625/1625 1626/1626 1624/1624
f 922/922 1614/1614 1627/1627
f 1627/1627 1272/1272 922/922
f 1615/1615 1618/1618 1620/1620
f 1620/1620 1619/1619 1615/1615
f 1624/1624 1626/1626 1627/1627
f 1627/1627 1614/1614 1624/1624
f 941/941 944/944 1617/1617
f 1617/1617 1616/1616 941/941
f 929/929 1275/1275 1625/1625
f 1625/1625 1611/1611 929/929
f 1624/1624 1628/1628 1612/1612
f 1612/1612 1611/1611 1624/1624
f 1612/1612 1628/1628 1629/1629
f 1629/1629 1609/1609 1612/1612
f 1629/1629 833/833 841/841
f 841/841 1609/1609 1629/1629
f 831/831 833/833 1629/1629
f 1629/1629 1610/1610 831/831
f 1629/1629 1628/1628 1613/1613
f 1613/1613 1610/1610 1629/1629
f 1628/1628 1624/1624 1614/1614
f 1614/1614 1613/1613 1628/1628
f 1617/1617 944/944 950/950
f 950/950 1621/1621 1617/1617
f 1621/1621 950/950 961/961
f 1621/1621 961/961 965/965
f 1620/1620 1618/1618 1622/1622
f 1622/1622 1623/1623 1620/1620
f 1623/1623 1622/1622 965/965
f 965/965 957/957 1623/1623
f 1047/1047 1630/1630 1121/1121
f 1121/1121 1044/1044 1047/1047
f 1033/1033 1117/1117 1631/1631
f 1631/1631 1035/1035 1033/1033
f 1132/1132 1632/1632 1633/1633
f 1633/1633 1133/1133 1132/1132
f 1125/1125 1124/1124 1634/1634
f 1634/1634 1635/1635 1125/1125
f 1630/1630 1632/1632 1132/1132
f 1132/1132 1121/1121 1630/1630
f 1117/1117 1125/1125 1635/1635
f 1635/1635 1631/1631 1117/1117
f 1636/1636 1637/1637 1638/1638
f 1638/1638 1639/1639 1636/1636
f 1141/1141 1144/1144 1640/1640
f 1640/1640 1641/1641 1141/1141
f 1637/1637 1642/1642 1643/1643
f 1643/1643 1638/1638 1637/1637
f 1144/1144 1147/1147 1644/1644
f 1644/1644 1640/1640 1144/1144
f 1170/1170 1643/1643 1642/1642
f 1147/1147 1161/1161 1644/1644
f 1645/1645 1646/1646 1647/1647
f 1647/1647 1633/1633 1645/1645
f 1124/1124 1277/1277 1648/1648
f 1648/1648 1634/1634 1124/1124
f 1636/1636 1641/1641 1640/1640
f 1640/1640 1637/1637 1636/1636
f 1645/1645 1634/1634 1648/1648
f 1648/1648 1646/1646 1645/1645
f 1271/1271 1639/1639 1638/1638
f 1638/1638 1153/1153 1271/1271
f 1133/1133 1633/1633 1647/1647
f 1647/1647 1145/1145 1133/1133
f 1645/1645 1633/1633 1632/1632
f 1632/1632 1649/1649 1645/1645
f 1632/1632 1630/1630 1650/1650
f 1650/1650 1649/1649 1632/1632
f 1650/1650 1630/1630 1047/1047
f 1047/1047 1037/1037 1650/1650
f 1035/1035 1631/1631 1650/1650
f 1650/1650 1037/1037 1035/1035
f 1650/1650 1631/1631 1635/1635
f 1635/1635 1649/1649 1650/1650
f 1649/1649 1635/1635 1634/1634
f 1634/1634 1645/1645 1649/1649
f 1638/1638 1643/1643 1154/1154
f 1154/1154 1153/1153 1638/1638
f 1643/1643 1165/1165 1154/1154
f 1643/1643 1170/1170 1165/1165
f 1640/1640 1644/1644 1642/1642
f 1642/1642 1637/1637 1640/1640
f 1644/1644 1170/1170 1642/1642
f 1170/1170 1644/1644 1161/1161
f 1651/1651 1652/1652 1653/1653
f 1654/1654 1655/1655 1656/1656
f 1657/1657 1658/1658 1659/1659
f 1660/1660 1661/1661 1662/1662
f 1663/1663 1664/1664 1665/1665
f 1666/1666 1667/1667 1668/1668
f 1669/1669 1670/1670 1671/1671
f 1672/1672 1673/1673 1674/1674
f 1675/1675 1676/1676 1677/1677
f 1678/1678 1679/1679 1680/1680
f 1681/1681 1682/1682 1683/1683
f 1684/1684 1685/1685 1686/1686
f 1687/1687 1688/1688 1689/1689
f 1689/1689 1690/1690 1687/1687
f 1691/1691 1692/1692 1693/1693
f 1693/1693 1694/1694 1691/1691
f 1695/1695 1696/1696 1697/1697
f 1697/1697 1698/1698 1695/1695
f 1699/1699 1700/1700 1693/1693
f 1693/1693 1692/1692 1699/1699
f 1701/1701 1702/1702 1699/1699
f 1699/1699 1692/1692 1701/1701
f 1703/1703 1704/1704 1705/1705
f 1703/1703 1705/1705 1706/1706
f 1707/1707 1703/1703 1706/1706
f 1708/1708 1709/1709 1710/1710
f 1710/1710 1711/1711 1708/1708
f 1698/1698 1697/1697 1709/1709
f 1709/1709 1708/1708 1698/1698
f 1703/1703 1712/1712 1713/1713
f 1713/1713 1714/1714 1703/1703
f 1704/1704 1703/1703 1714/1714
f 1714/1714 1715/1715 1704/1704
f 1711/1711 1716/1716 1717/1717
f 1717/1717 1708/1708 1711/1711
f 1718/1718 1719/1719 1720/1720
f 1720/1720 1721/1721 1718/1718
f 1722/1722 1723/1723 1724/1724
f 1724/1724 1725/1725 1722/1722
f 1726/1726 1727/1727 1728/1728
f 1727/1727 1729/1729 1715/1715
f 1730/1730 1716/1716 1731/1731
f 1720/1720 1719/1719 1730/1730
f 1730/1730 1732/1732 1720/1720
f 1721/1721 1720/1720 1733/1733
f 1725/1725 1724/1724 1734/1734
f 1735/1735 1736/1736 1729/1729
f 1729/1729 1727/1727 1735/1735
f 1732/1732 1737/1737 1738/1738
f 1738/1738 1739/1739 1732/1732
f 1732/1732 1739/1739 1740/1740
f 1740/1740 1720/1720 1732/1732
f 1733/1733 1740/1740 1741/1741
f 1742/1742 1734/1734 1743/1743
f 1735/1735 1742/1742 1743/1743
f 1735/1735 1743/1743 1736/1736
f 1739/1739 1738/1738 1741/1741
f 1740/1740 1739/1739 1741/1741
f 1708/1708 1717/1717 1744/1744
f 1744/1744 1698/1698 1708/1708
f 1698/1698 1744/1744 1745/1745
f 1745/1745 1695/1695 1698/1698
f 1746/1746 1747/1747 1692/1692
f 1692/1692 1691/1691 1746/1746
f 1747/1747 1712/1712 1701/1701
f 1701/1701 1692/1692 1747/1747
f 1703/1703 1701/1701 1712/1712
f 1748/1748 1749/1749 1750/1750
f 1750/1750 1751/1751 1748/1748
f 1752/1752 1749/1749 1748/1748
f 1748/1748 1753/1753 1752/1752
f 1754/1754 1755/1755 1756/1756
f 1757/1757 1758/1758 1759/1759
f 1760/1760 1761/1761 1762/1762
f 1763/1763 1764/1764 1765/1765
f 1766/1766 1767/1767 1768/1768
f 1769/1769 1770/1770 1771/1771
f 1702/1702 1701/1701 1703/1703
f 1703/1703 1772/1772 1702/1702
f 1773/1773 1772/1772 1703/1703
f 1703/1703 1707/1707 1773/1773
f 1774/1774 1775/1775 1776/1776
f 1776/1776 1777/1777 1774/1774
f 1778/1778 1779/1779 1780/1780
f 1780/1780 1781/1781 1778/1778
f 1782/1782 1781/1781 1780/1780
f 1782/1782 1780/1780 1783/1783
f 1783/1783 1784/1784 1782/1782
f 1785/1785 1786/1786 1787/1787
f 1788/1788 1789/1789 1790/1790
f 1791/1791 1792/1792 1793/1793
f 1793/1793 1794/1794 1791/1791
f 1795/1795 1791/1791 1794/1794
f 1795/1795 1794/1794 1796/1796
f 1796/1796 1797/1797 1795/1795
f 1797/1797 1796/1796 1798/1798
f 1798/1798 1799/1799 1797/1797
f 1800/1800 1801/1801 1802/1802
f 1803/1803 1804/1804 1805/1805
f 1806/1806 1777/1777 1776/1776
f 1776/1776 1807/1807 1806/1806
f 1808/1808 1806/1806 1807/1807
f 1711/1711 1710/1710 1809/1809
f 1810/1810 1711/1711 1809/1809
f 1810/1810 1809/1809 1811/1811
f 1810/1810 1811/1811 1812/1812
f 1813/1813 1810/1810 1812/1812
f 1814/1814 1815/1815 1816/1816
f 1816/1816 1817/1817 1814/1814
f 1818/1818 1819/1819 1820/1820
f 1820/1820 1821/1821 1818/1818
f 1822/1822 1819/1819 1823/1823
f 1823/1823 1824/1824 1822/1822
f 1823/1823 1825/1825 1824/1824
f 1819/1819 1822/1822 1820/1820
f 1826/1826 1827/1827 1828/1828
f 1828/1828 1829/1829 1826/1826
f 1830/1830 1831/1831 1832/1832
f 1833/1833 1832/1832 1831/1831
f 1834/1834 1835/1835 1836/1836
f 1834/1834 1836/1836 1837/1837
f 1728/1728 1727/1727 1714/1714
f 1714/1714 1713/1713 1728/1728
f 1742/1742 1725/1725 1734/1734
f 1740/1740 1733/1733 1720/1720
f 1687/1687 1838/1838 1704/1704
f 1687/1687 1690/1690 1838/1838
f 1705/1705 1704/1704 1838/1838
f 1711/1711 1731/1731 1716/1716
f 1839/1839 1840/1840 1841/1841
f 1842/1842 1843/1843 1844/1844
f 1845/1845 1846/1846 1847/1847
f 1848/1848 1849/1849 1850/1850
f 1851/1851 1852/1852 1853/1853
f 1854/1854 1855/1855 1856/1856
f 1857/1857 1858/1858 1859/1859
f 1860/1860 1861/1861 1862/1862
f 1863/1863 1864/1864 1865/1865
f 1866/1866 1867/1867 1868/1868
f 1869/1869 1870/1870 1871/1871
f 1872/1872 1873/1873 1874/1874
f 1875/1875 1876/1876 1877/1877
f 1878/1878 1879/1879 1880/1880
f 1881/1881 1882/1882 1883/1883
f 1884/1884 1881/1881 1883/1883
f 1715/1715 1714/1714 1727/1727
f 1729/1729 1885/1885 1715/1715
f 1727/1727 1726/1726 1742/1742
f 1742/1742 1735/1735 1727/1727
f 1711/1711 1810/1810 1731/1731
f 1737/1737 1732/1732 1730/1730
f 1730/1730 1731/1731 1737/1737
f 1731/1731 1886/1886 1887/1887
f 1887/1887 1737/1737 1731/1731
f 1888/1888 1889/1889 1890/1890
f 1890/1890 1891/1891 1888/1888
f 1890/1890 1889/1889 1892/1892
f 1892/1892 1893/1893 1890/1890
f 1892/1892 1894/1894 1895/1895
f 1895/1895 1893/1893 1892/1892
f 1895/1895 1894/1894 1896/1896
f 1896/1896 1897/1897 1895/1895
f 1897/1897 1896/1896 1898/1898
f 1898/1898 1899/1899 1897/1897
f 1898/1898 1900/1900 1901/1901
f 1901/1901 1899/1899 1898/1898
f 1902/1902 1903/1903 1904/1904
f 1904/1904 1905/1905 1902/1902
f 1903/1903 1906/1906 1907/1907
f 1907/1907 1904/1904 1903/1903
f 1906/1906 1908/1908 1909/1909
f 1909/1909 1907/1907 1906/1906
f 1908/1908 1910/1910 1911/1911
f 1911/1911 1909/1909 1908/1908
f 1910/1910 1912/1912 1913/1913
f 1913/1913 1911/1911 1910/1910
f 1912/1912 1914/1914 1915/1915
f 1915/1915 1913/1913 1912/1912
f 1915/1915 1914/1914 1916/1916
f 1916/1916 1917/1917 1915/1915
f 1917/1917 1916/1916 1918/1918
f 1918/1918 1919/1919 1917/1917
f 1919/1919 1918/1918 1920/1920
f 1920/1920 1921/1921 1919/1919
f 1922/1922 1923/1923 1924/1924
f 1924/1924 1925/1925 1922/1922
f 1923/1923 1926/1926 1927/1927
f 1927/1927 1924/1924 1923/1923
f 1926/1926 1888/1888 1891/1891
f 1891/1891 1927/1927 1926/1926
f 1891/1891 1890/1890 1928/1928
f 1928/1928 1929/1929 1891/1891
f 1890/1890 1893/1893 1930/1930
f 1930/1930 1928/1928 1890/1890
f 1893/1893 1895/1895 1931/1931
f 1931/1931 1930/1930 1893/1893
f 1931/1931 1895/1895 1897/1897
f 1897/1897 1932/1932 1931/1931
f 1932/1932 1897/1897 1899/1899
f 1899/1899 1933/1933 1932/1932
f 1899/1899 1901/1901 1934/1934
f 1934/1934 1933/1933 1899/1899
f 1905/1905 1904/1904 1935/1935
f 1935/1935 1936/1936 1905/1905
f 1904/1904 1907/1907 1937/1937
f 1937/1937 1935/1935 1904/1904
f 1907/1907 1909/1909 1938/1938
f 1938/1938 1937/1937 1907/1907
f 1938/1938 1909/1909 1911/1911
f 1911/1911 1939/1939 1938/1938
f 1939/1939 1911/1911 1913/1913
f 1913/1913 1940/1940 1939/1939
f 1940/1940 1913/1913 1915/1915
f 1915/1915 1941/1941 1940/1940
f 1941/1941 1915/1915 1917/1917
f 1917/1917 1942/1942 1941/1941
f 1942/1942 1917/1917 1919/1919
f 1919/1919 1943/1943 1942/1942
f 1943/1943 1919/1919 1921/1921
f 1921/1921 1944/1944 1943/1943
f 1925/1925 1924/1924 1945/1945
f 1945/1945 1946/1946 1925/1925
f 1924/1924 1927/1927 1947/1947
f 1947/1947 1945/1945 1924/1924
f 1927/1927 1891/1891 1929/1929
f 1929/1929 1947/1947 1927/1927
f 1929/1929 1928/1928 1948/1948
f 1948/1948 1949/1949 1929/1929
f 1928/1928 1930/1930 1950/1950
f 1950/1950 1948/1948 1928/1928
f 1930/1930 1931/1931 1951/1951
f 1951/1951 1950/1950 1930/1930
f 1931/1931 1932/1932 1952/1952
f 1952/1952 1951/1951 1931/1931
f 1932/1932 1933/1933 1953/1953
f 1953/1953 1952/1952 1932/1932
f 1933/1933 1934/1934 1954/1954
f 1954/1954 1953/1953 1933/1933
f 1936/1936 1935/1935 1955/1955
f 1955/1955 1956/1956 1936/1936
f 1935/1935 1937/1937 1957/1957
f 1957/1957 1955/1955 1935/1935
f 1937/1937 1938/1938 1958/1958
f 1958/1958 1957/1957 1937/1937
f 1938/1938 1939/1939 1959/1959
f 1959/1959 1958/1958 1938/1938
f 1959/1959 1939/1939 1940/1940
f 1940/1940 1960/1960 1959/1959
f 1960/1960 1940/1940 1941/1941
f 1941/1941 1961/1961 1960/1960
f 1961/1961 1941/1941 1942/1942
f 1942/1942 1962/1962 1961/1961
f 1942/1942 1943/1943 1963/1963
f 1963/1963 1962/1962 1942/1942
f 1963/1963 1943/1943 1944/1944
f 1944/1944 1964/1964 1963/1963
f 1946/1946 1945/1945 1965/1965
f 1965/1965 1966/1966 1946/1946
f 1945/1945 1947/1947 1967/1967
f 1967/1967 1965/1965 1945/1945
f 1947/1947 1929/1929 1949/1949
f 1949/1949 1967/1967 1947/1947
f 1968/1968 1969/1969 1970/1970
f 1970/1970 1971/1971 1968/1968
f 1971/1971 1970/1970 1972/1972
f 1972/1972 1973/1973 1971/1971
f 1973/1973 1972/1972 1974/1974
f 1974/1974 1975/1975 1973/1973
f 1975/1975 1974/1974 1976/1976
f 1976/1976 1977/1977 1975/1975
f 1977/1977 1976/1976 1978/1978
f 1978/1978 1979/1979 1977/1977
f 1979/1979 1978/1978 1980/1980
f 1980/1980 1981/1981 1979/1979
f 1980/1980 1982/1982 1983/1983
f 1983/1983 1981/1981 1980/1980
f 1982/1982 1984/1984 1985/1985
f 1985/1985 1983/1983 1982/1982
f 1984/1984 1986/1986 1987/1987
f 1987/1987 1985/1985 1984/1984
f 1986/1986 1988/1988 1989/1989
f 1989/1989 1987/1987 1986/1986
f 1988/1988 1990/1990 1991/1991
f 1991/1991 1989/1989 1988/1988
f 1990/1990 1992/1992 1993/1993
f 1993/1993 1991/1991 1990/1990
f 1992/1992 1994/1994 1995/1995
f 1995/1995 1993/1993 1992/1992
f 1994/1994 1996/1996 1997/1997
f 1997/1997 1995/1995 1994/1994
f 1996/1996 1998/1998 1999/1999
f 1999/1999 1997/1997 1996/1996
f 1998/1998 2000/2000 2001/2001
f 2001/2001 1999/1999 1998/1998
f 2001/2001 2000/2000 2002/2002
f 2002/2002 2003/2003 2001/2001
f 2003/2003 2002/2002 1969/1969
f 1969/1969 1968/1968 2003/2003
f 1968/1968 1971/1971 2004/2004
f 2004/2004 2005/2005 1968/1968
f 2004/2004 1971/1971 1973/1973
f 1973/1973 2006/2006 2004/2004
f 1973/1973 1975/1975 2007/2007
f 2007/2007 2006/2006 1973/1973
f 1975/1975 1977/1977 2008/2008
f 2008/2008 2007/2007 1975/1975
f 1977/1977 1979/1979 2009/2009
f 2009/2009 2008/2008 1977/1977
f 2009/2009 1979/1979 1981/1981
f 1981/1981 2010/2010 2009/2009
f 2010/2010 1981/1981 1983/1983
f 1983/1983 2011/2011 2010/2010
f 2011/2011 1983/1983 1985/1985
f 1985/1985 2012/2012 2011/2011
f 2012/2012 1985/1985 1987/1987
f 1987/1987 2013/2013 2012/2012
f 1987/1987 1989/1989 2014/2014
f 2014/2014 2013/2013 1987/1987
f 2014/2014 1989/1989 1991/1991
f 1991/1991 2015/2015 2014/2014
f 2015/2015 1991/1991 1993/1993
f 1993/1993 2016/2016 2015/2015
f 2016/2016 1993/1993 1995/1995
f 1995/1995 2017/2017 2016/2016
f 1995/1995 1997/1997 2018/2018
f 2018/2018 2017/2017 1995/1995
f 2018/2018 1997/1997 1999/1999
f 1999/1999 2019/2019 2018/2018
f 1999/1999 2001/2001 2020/2020
f 2020/2020 2019/2019 1999/1999
f 2001/2001 2003/2003 2021/2021
f 2021/2021 2020/2020 2001/2001
f 2003/2003 1968/1968 2005/2005
f 2005/2005 2021/2021 2003/2003
f 1888/1888 2022/2022 2023/2023
f 2023/2023 1889/1889 1888/1888
f 1889/1889 2023/2023 2024/2024
f 2024/2024 1892/1892 1889/1889
f 1892/1892 2024/2024 2025/2025
f 2025/2025 1894/1894 1892/1892
f 2025/2025 2026/2026 1896/1896
f 1896/1896 1894/1894 2025/2025
f 2026/2026 2027/2027 1898/1898
f 1898/1898 1896/1896 2026/2026
f 2027/2027 2028/2028 1900/1900
f 1900/1900 1898/1898 2027/2027
f 1902/1902 2029/2029 2030/2030
f 2030/2030 1903/1903 1902/1902
f 1903/1903 2030/2030 2031/2031
f 2031/2031 1906/1906 1903/1903
f 2031/2031 2032/2032 1908/1908
f 1908/1908 1906/1906 2031/2031
f 2032/2032 2033/2033 1910/1910
f 1910/1910 1908/1908 2032/2032
f 2033/2033 2034/2034 1912/1912
f 1912/1912 1910/1910 2033/2033
f 2034/2034 2035/2035 1914/1914
f 1914/1914 1912/1912 2034/2034
f 2035/2035 2036/2036 1916/1916
f 1916/1916 1914/1914 2035/2035
f 2036/2036 2037/2037 1918/1918
f 1918/1918 1916/1916 2036/2036
f 2037/2037 2038/2038 1920/1920
f 1920/1920 1918/1918 2037/2037
f 1922/1922 2039/2039 2040/2040
f 2040/2040 1923/1923 1922/1922
f 1923/1923 2040/2040 2041/2041
f 2041/2041 1926/1926 1923/1923
f 1926/1926 2041/2041 2022/2022
f 2022/2022 1888/1888 1926/1926
f 2042/2042 2043/2043 2044/2044
f 2044/2044 2043/2043 2045/2045
f 2045/2045 2046/2046 2044/2044
f 2046/2046 2045/2045 2047/2047
f 2047/2047 2048/2048 2046/2046
f 2048/2048 2047/2047 2049/2049
f 2049/2049 2050/2050 2048/2048
f 2050/2050 2049/2049 2051/2051
f 2051/2051 2052/2052 2050/2050
f 2052/2052 2051/2051 2053/2053
f 2053/2053 2054/2054 2052/2052
f 2054/2054 2053/2053 2055/2055
f 2055/2055 2056/2056 2054/2054
f 2057/2057 2058/2058 2059/2059
f 2060/2060 2061/2061 2062/2062
f 2063/2063 2064/2064 2065/2065
f 2066/2066 2067/2067 2068/2068
f 2068/2068 2069/2069 2066/2066
f 2068/2068 2070/2070 2071/2071
f 2071/2071 2069/2069 2068/2068
f 2071/2071 2070/2070 2072/2072
f 2072/2072 2073/2073 2071/2071
f 2072/2072 2074/2074 2075/2075
f 2075/2075 2073/2073 2072/2072
f 2074/2074 2076/2076 2077/2077
f 2077/2077 2075/2075 2074/2074
f 2077/2077 2076/2076 2078/2078
f 2078/2078 2079/2079 2077/2077
f 2080/2080 2081/2081 2082/2082
f 2082/2082 2083/2083 2080/2080
f 2083/2083 2082/2082 2084/2084
f 2084/2084 2085/2085 2083/2083
f 2085/2085 2084/2084 2086/2086
f 2086/2086 2087/2087 2085/2085
f 2087/2087 2086/2086 2088/2088
f 2088/2088 2089/2089 2087/2087
f 2089/2089 2088/2088 2090/2090
f 2090/2090 2091/2091 2089/2089
f 2091/2091 2090/2090 2092/2092
f 2092/2092 2093/2093 2091/2091
f 2092/2092 2094/2094 2095/2095
f 2095/2095 2093/2093 2092/2092
f 2094/2094 2096/2096 2097/2097
f 2097/2097 2095/2095 2094/2094
f 2096/2096 2098/2098 2099/2099
f 2099/2099 2097/2097 2096/2096
f 2100/2100 2101/2101 2102/2102
f 2102/2102 2103/2103 2100/2100
f 2103/2103 2102/2102 2104/2104
f 2104/2104 2105/2105 2103/2103
f 2105/2105 2104/2104 2067/2067
f 2067/2067 2066/2066 2105/2105
f 2067/2067 2106/2106 2107/2107
f 2107/2107 2068/2068 2067/2067
f 2068/2068 2107/2107 2108/2108
f 2108/2108 2070/2070 2068/2068
f 2070/2070 2108/2108 2109/2109
f 2109/2109 2072/2072 2070/2070
f 2109/2109 2110/2110 2074/2074
f 2074/2074 2072/2072 2109/2109
f 2110/2110 2111/2111 2076/2076
f 2076/2076 2074/2074 2110/2110
f 2076/2076 2111/2111 2112/2112
f 2112/2112 2078/2078 2076/2076
f 2081/2081 2113/2113 2114/2114
f 2114/2114 2082/2082 2081/2081
f 2082/2082 2114/2114 2115/2115
f 2115/2115 2084/2084 2082/2082
f 2084/2084 2115/2115 2116/2116
f 2116/2116 2086/2086 2084/2084
f 2116/2116 2117/2117 2088/2088
f 2088/2088 2086/2086 2116/2116
f 2117/2117 2118/2118 2090/2090
f 2090/2090 2088/2088 2117/2117
f 2118/2118 2119/2119 2092/2092
f 2092/2092 2090/2090 2118/2118
f 2119/2119 2120/2120 2094/2094
f 2094/2094 2092/2092 2119/2119
f 2120/2120 2121/2121 2096/2096
f 2096/2096 2094/2094 2120/2120
f 2121/2121 2122/2122 2098/2098
f 2098/2098 2096/2096 2121/2121
f 2101/2101 2123/2123 2124/2124
f 2124/2124 2102/2102 2101/2101
f 2102/2102 2124/2124 2125/2125
f 2125/2125 2104/2104 2102/2102
f 2104/2104 2125/2125 2106/2106
f 2106/2106 2067/2067 2104/2104
f 2106/2106 2126/2126 2127/2127
f 2127/2127 2107/2107 2106/2106
f 2107/2107 2127/2127 2128/2128
f 2128/2128 2108/2108 2107/2107
f 2108/2108 2128/2128 2129/2129
f 2129/2129 2109/2109 2108/2108
f 2109/2109 2129/2129 2130/2130
f 2130/2130 2110/2110 2109/2109
f 2110/2110 2130/2130 2131/2131
f 2131/2131 2111/2111 2110/2110
f 2111/2111 2131/2131 2132/2132
f 2132/2132 2112/2112 2111/2111
f 2113/2113 2133/2133 2134/2134
f 2134/2134 2114/2114 2113/2113
f 2114/2114 2134/2134 2135/2135
f 2135/2135 2115/2115 2114/2114
f 2115/2115 2135/2135 2136/2136
f 2136/2136 2116/2116 2115/2115
f 2116/2116 2136/2136 2137/2137
f 2137/2137 2117/2117 2116/2116
f 2137/2137 2138/2138 2118/2118
f 2118/2118 2117/2117 2137/2137
f 2138/2138 2139/2139 2119/2119
f 2119/2119 2118/2118 2138/2138
f 2139/2139 2140/2140 2120/2120
f 2120/2120 2119/2119 2139/2139
f 2120/2120 2140/2140 2141/2141
f 2141/2141 2121/2121 2120/2120
f 2141/2141 2142/2142 2122/2122
f 2122/2122 2121/2121 2141/2141
f 2123/2123 2143/2143 2144/2144
f 2144/2144 2124/2124 2123/2123
f 2124/2124 2144/2144 2145/2145
f 2145/2145 2125/2125 2124/2124
f 2125/2125 2145/2145 2126/2126
f 2126/2126 2106/2106 2125/2125
f 2146/2146 2147/2147 2148/2148
f 2148/2148 2149/2149 2146/2146
f 2147/2147 2150/2150 2151/2151
f 2151/2151 2148/2148 2147/2147
f 2150/2150 2152/2152 2153/2153
f 2153/2153 2151/2151 2150/2150
f 2152/2152 2154/2154 2155/2155
f 2155/2155 2153/2153 2152/2152
f 2154/2154 2156/2156 2157/2157
f 2157/2157 2155/2155 2154/2154
f 2156/2156 2158/2158 2159/2159
f 2159/2159 2157/2157 2156/2156
f 2159/2159 2158/2158 2160/2160
f 2160/2160 2161/2161 2159/2159
f 2161/2161 2160/2160 2162/2162
f 2162/2162 2163/2163 2161/2161
f 2163/2163 2162/2162 2164/2164
f 2164/2164 2165/2165 2163/2163
f 2165/2165 2164/2164 2166/2166
f 2166/2166 2167/2167 2165/2165
f 2167/2167 2166/2166 2168/2168
f 2168/2168 2169/2169 2167/2167
f 2169/2169 2168/2168 2170/2170
f 2170/2170 2171/2171 2169/2169
f 2171/2171 2170/2170 2172/2172
f 2172/2172 2173/2173 2171/2171
f 2173/2173 2172/2172 2174/2174
f 2174/2174 2175/2175 2173/2173
f 2175/2175 2174/2174 2176/2176
f 2176/2176 2177/2177 2175/2175
f 2177/2177 2176/2176 2178/2178
f 2178/2178 2179/2179 2177/2177
f 2178/2178 2180/2180 2181/2181
f 2181/2181 2179/2179 2178/2178
f 2180/2180 2146/2146 2149/2149
f 2149/2149 2181/2181 2180/2180
f 2146/2146 2182/2182 2183/2183
f 2183/2183 2147/2147 2146/2146
f 2183/2183 2184/2184 2150/2150
f 2150/2150 2147/2147 2183/2183
f 2150/2150 2184/2184 2185/2185
f 2185/2185 2152/2152 2150/2150
f 2152/2152 2185/2185 2186/2186
f 2186/2186 2154/2154 2152/2152
f 2154/2154 2186/2186 2187/2187
f 2187/2187 2156/2156 2154/2154
f 2187/2187 2188/2188 2158/2158
f 2158/2158 2156/2156 2187/2187
f 2188/2188 2189/2189 2160/2160
f 2160/2160 2158/2158 2188/2188
f 2189/2189 2190/2190 2162/2162
f 2162/2162 2160/2160 2189/2189
f 2190/2190 2191/2191 2164/2164
f 2164/2164 2162/2162 2190/2190
f 2164/2164 2191/2191 2192/2192
f 2192/2192 2166/2166 2164/2164
f 2192/2192 2193/2193 2168/2168
f 2168/2168 2166/2166 2192/2192
f 2193/2193 2194/2194 2170/2170
f 2170/2170 2168/2168 2193/2193
f 2194/2194 2195/2195 2172/2172
f 2172/2172 2170/2170 2194/2194
f 2172/2172 2195/2195 2196/2196
f 2196/2196 2174/2174 2172/2172
f 2196/2196 2197/2197 2176/2176
f 2176/2176 2174/2174 2196/2196
f 2176/2176 2197/2197 2198/2198
f 2198/2198 2178/2178 2176/2176
f 2178/2178 2198/2198 2199/2199
f 2199/2199 2180/2180 2178/2178
f 2180/2180 2199/2199 2182/2182
f 2182/2182 2146/2146 2180/2180
f 2066/2066 2069/2069 2200/2200
f 2200/2200 2201/2201 2066/2066
f 2069/2069 2071/2071 2202/2202
f 2202/2202 2200/2200 2069/2069
f 2071/2071 2073/2073 2203/2203
f 2203/2203 2202/2202 2071/2071
f 2203/2203 2073/2073 2075/2075
f 2075/2075 2204/2204 2203/2203
f 2204/2204 2075/2075 2077/2077
f 2077/2077 2205/2205 2204/2204
f 2205/2205 2077/2077 2079/2079
f 2079/2079 2206/2206 2205/2205
f 2080/2080 2083/2083 2207/2207
f 2207/2207 2208/2208 2080/2080
f 2083/2083 2085/2085 2209/2209
f 2209/2209 2207/2207 2083/2083
f 2209/2209 2085/2085 2087/2087
f 2087/2087 2210/2210 2209/2209
f 2210/2210 2087/2087 2089/2089
f 2089/2089 2211/2211 2210/2210
f 2211/2211 2089/2089 2091/2091
f 2091/2091 2212/2212 2211/2211
f 2212/2212 2091/2091 2093/2093
f 2093/2093 2213/2213 2212/2212
f 2213/2213 2093/2093 2095/2095
f 2095/2095 2214/2214 2213/2213
f 2214/2214 2095/2095 2097/2097
f 2097/2097 2215/2215 2214/2214
f 2215/2215 2097/2097 2099/2099
f 2099/2099 2216/2216 2215/2215
f 2100/2100 2103/2103 2217/2217
f 2217/2217 2218/2218 2100/2100
f 2103/2103 2105/2105 2219/2219
f 2219/2219 2217/2217 2103/2103
f 2105/2105 2066/2066 2201/2201
f 2201/2201 2219/2219 2105/2105
f 2220/2220 2221/2221 2222/2222
f 2221/2221 2223/2223 2224/2224
f 2224/2224 2222/2222 2221/2221
f 2223/2223 2225/2225 2226/2226
f 2226/2226 2224/2224 2223/2223
f 2225/2225 2227/2227 2228/2228
f 2228/2228 2226/2226 2225/2225
f 2227/2227 2229/2229 2230/2230
f 2230/2230 2228/2228 2227/2227
f 2229/2229 2231/2231 2232/2232
f 2232/2232 2230/2230 2229/2229
f 2231/2231 2233/2233 2234/2234
f 2234/2234 2232/2232 2231/2231
f 2235/2235 2236/2236 2237/2237
f 2238/2238 2239/2239 2240/2240
f 2241/2241 2242/2242 2243/2243
f 2244/2244 2245/2245 2246/2246
f 2246/2246 2247/2247 2244/2244
f 2248/2248 2244/2244 2247/2247
f 2247/2247 2249/2249 2248/2248
f 2250/2250 2248/2248 2249/2249
f 2249/2249 2251/2251 2250/2250
f 2252/2252 2250/2250 2251/2251
f 2251/2251 2253/2253 2252/2252
f 2254/2254 2252/2252 2253/2253
f 2253/2253 2255/2255 2254/2254
f 2256/2256 2254/2254 2255/2255
f 2255/2255 2257/2257 2256/2256
f 2258/2258 2256/2256 2257/2257
f 2257/2257 2259/2259 2258/2258
f 2260/2260 2258/2258 2259/2259
f 2259/2259 2261/2261 2260/2260
f 2262/2262 2260/2260 2261/2261
f 2261/2261 2263/2263 2262/2262
f 2264/2264 2262/2262 2263/2263
f 2263/2263 2265/2265 2264/2264
f 2266/2266 2264/2264 2265/2265
f 2265/2265 2267/2267 2266/2266
f 2268/2268 2266/2266 2267/2267
f 2267/2267 2269/2269 2268/2268
f 2270/2270 2268/2268 2269/2269
f 2269/2269 2271/2271 2270/2270
f 2272/2272 2270/2270 2271/2271
f 2271/2271 2273/2273 2272/2272
f 2274/2274 2272/2272 2273/2273
f 2273/2273 2275/2275 2274/2274
f 2276/2276 2274/2274 2275/2275
f 2275/2275 2277/2277 2276/2276
f 2278/2278 2276/2276 2277/2277
f 2277/2277 2279/2279 2278/2278
f 2245/2245 2278/2278 2279/2279
f 2279/2279 2246/2246 2245/2245
f 2280/2280 2281/2281 2282/2282
f 2282/2282 2283/2283 2280/2280
f 2284/2284 2285/2285 2281/2281
f 2281/2281 2280/2280 2284/2284
f 2286/2286 2287/2287 2285/2285
f 2285/2285 2284/2284 2286/2286
f 2288/2288 2289/2289 2287/2287
f 2287/2287 2286/2286 2288/2288
f 2290/2290 2291/2291 2289/2289
f 2289/2289 2288/2288 2290/2290
f 2292/2292 2293/2293 2291/2291
f 2291/2291 2290/2290 2292/2292
f 2294/2294 2295/2295 2293/2293
f 2293/2293 2292/2292 2294/2294
f 2296/2296 2297/2297 2295/2295
f 2295/2295 2294/2294 2296/2296
f 2298/2298 2299/2299 2297/2297
f 2297/2297 2296/2296 2298/2298
f 2300/2300 2301/2301 2299/2299
f 2299/2299 2298/2298 2300/2300
f 2302/2302 2303/2303 2301/2301
f 2301/2301 2300/2300 2302/2302
f 2304/2304 2305/2305 2303/2303
f 2303/2303 2302/2302 2304/2304
f 2306/2306 2307/2307 2305/2305
f 2305/2305 2304/2304 2306/2306
f 2308/2308 2309/2309 2307/2307
f 2307/2307 2306/2306 2308/2308
f 2310/2310 2311/2311 2309/2309
f 2309/2309 2308/2308 2310/2310
f 2312/2312 2313/2313 2311/2311
f 2311/2311 2310/2310 2312/2312
f 2314/2314 2315/2315 2313/2313
f 2313/2313 2312/2312 2314/2314
f 2283/2283 2282/2282 2315/2315
f 2315/2315 2314/2314 2283/2283
f 2316/2316 2317/2317 2318/2318
f 2318/2318 2319/2319 2316/2316
f 2319/2319 2318/2318 2320/2320
f 2320/2320 2321/2321 2319/2319
f 2322/2322 2323/2323 2324/2324
f 2324/2324 2325/2325 2322/2322
f 2324/2324 2326/2326 2327/2327
f 2327/2327 2325/2325 2324/2324
f 2326/2326 2328/2328 2329/2329
f 2329/2329 2327/2327 2326/2326
f 2328/2328 2330/2330 2331/2331
f 2331/2331 2329/2329 2328/2328
f 2332/2332 2333/2333 2334/2334
f 2334/2334 2335/2335 2332/2332
f 2335/2335 2334/2334 2317/2317
f 2317/2317 2316/2316 2335/2335
f 2336/2336 2337/2337 2316/2316
f 2316/2316 2319/2319 2336/2336
f 2319/2319 2321/2321 2336/2336
f 2338/2338 2339/2339 2325/2325
f 2325/2325 2327/2327 2338/2338
f 2340/2340 2338/2338 2327/2327
f 2327/2327 2329/2329 2340/2340
f 2329/2329 2331/2331 2340/2340
f 2332/2332 2335/2335 2341/2341
f 2337/2337 2341/2341 2335/2335
f 2335/2335 2316/2316 2337/2337
f 2342/2342 2343/2343 2321/2321
f 2321/2321 2320/2320 2342/2342
f 2325/2325 2339/2339 2322/2322
f 2321/2321 2343/2343 2336/2336
f 2344/2344 2345/2345 2346/2346
f 2346/2346 2347/2347 2344/2344
f 2345/2345 2348/2348 2349/2349
f 2349/2349 2346/2346 2345/2345
f 2350/2350 2351/2351 2352/2352
f 2352/2352 2353/2353 2350/2350
f 2352/2352 2351/2351 2354/2354
f 2354/2354 2355/2355 2352/2352
f 2355/2355 2354/2354 2356/2356
f 2356/2356 2357/2357 2355/2355
f 2357/2357 2356/2356 2358/2358
f 2358/2358 2359/2359 2357/2357
f 2360/2360 2361/2361 2362/2362
f 2362/2362 2363/2363 2360/2360
f 2361/2361 2344/2344 2347/2347
f 2347/2347 2362/2362 2361/2361
f 2364/2364 2345/2345 2344/2344
f 2344/2344 2365/2365 2364/2364
f 2345/2345 2364/2364 2348/2348
f 2366/2366 2354/2354 2351/2351
f 2351/2351 2367/2367 2366/2366
f 2368/2368 2356/2356 2354/2354
f 2354/2354 2366/2366 2368/2368
f 2356/2356 2368/2368 2358/2358
f 2360/2360 2369/2369 2361/2361
f 2365/2365 2344/2344 2361/2361
f 2361/2361 2369/2369 2365/2365
f 2370/2370 2349/2349 2348/2348
f 2348/2348 2371/2371 2370/2370
f 2351/2351 2350/2350 2367/2367
f 2348/2348 2364/2364 2371/2371
f 2372/2372 2373/2373 2374/2374
f 2374/2374 2375/2375 2372/2372
f 2376/2376 2377/2377 2374/2374
f 2374/2374 2373/2373 2376/2376
f 2378/2378 2379/2379 2377/2377
f 2377/2377 2376/2376 2378/2378
f 2380/2380 2381/2381 2373/2373
f 2373/2373 2372/2372 2380/2380
f 2378/2378 2376/2376 2382/2382
f 2376/2376 2373/2373 2381/2381
f 2381/2381 2383/2383 2382/2382
f 2376/2376 2381/2381 2382/2382
f 2384/2384 2385/2385 2386/2386
f 2386/2386 2387/2387 2384/2384
f 2388/2388 2387/2387 2386/2386
f 2386/2386 2389/2389 2388/2388
f 2390/2390 2388/2388 2389/2389
f 2389/2389 2391/2391 2390/2390
f 2392/2392 2384/2384 2387/2387
f 2387/2387 2393/2393 2392/2392
f 2390/2390 2394/2394 2388/2388
f 2394/2394 2395/2395 2393/2393
f 2388/2388 2394/2394 2393/2393
f 2388/2388 2393/2393 2387/2387
f 2396/2396 2397/2397 2398/2398
f 2398/2398 2399/2399 2396/2396
f 2400/2400 2401/2401 2402/2402
f 2402/2402 2403/2403 2400/2400
f 2404/2404 2405/2405 2406/2406
f 2406/2406 2407/2407 2404/2404
f 2408/2408 2396/2396 2409/2409
f 2409/2409 2410/2410 2408/2408
f 2397/2397 2396/2396 2411/2411
f 2405/2405 2404/2404 2412/2412
f 2401/2401 2400/2400 2413/2413
f 2413/2413 2414/2414 2401/2401
f 2396/2396 2399/2399 2409/2409
f 2397/2397 2400/2400 2403/2403
f 2403/2403 2398/2398 2397/2397
f 2401/2401 2404/2404 2407/2407
f 2407/2407 2402/2402 2401/2401
f 2405/2405 2415/2415 2406/2406
f 2400/2400 2397/2397 2411/2411
f 2411/2411 2413/2413 2400/2400
f 2404/2404 2401/2401 2416/2416
f 2416/2416 2412/2412 2404/2404
f 2417/2417 2418/2418 2419/2419
f 2418/2418 2420/2420 2419/2419
f 2420/2420 2421/2421 2419/2419
f 2421/2421 2422/2422 2419/2419
f 2422/2422 2423/2423 2419/2419
f 2423/2423 2424/2424 2419/2419
f 2424/2424 2425/2425 2419/2419
f 2425/2425 2417/2417 2419/2419
f 2426/2426 2427/2427 2428/2428
f 2428/2428 2429/2429 2426/2426
f 2430/2430 2431/2431 2432/2432
f 2432/2432 2433/2433 2430/2430
f 2434/2434 2435/2435 2436/2436
f 2436/2436 2437/2437 2434/2434
f 2438/2438 2439/2439 2440/2440
f 2440/2440 2426/2426 2438/2438
f 2429/2429 2441/2441 2426/2426
f 2437/2437 2442/2442 2434/2434
f 2433/2433 2443/2443 2444/2444
f 2444/2444 2430/2430 2433/2433
f 2426/2426 2440/2440 2427/2427
f 2429/2429 2428/2428 2431/2431
f 2431/2431 2430/2430 2429/2429
f 2433/2433 2432/2432 2435/2435
f 2435/2435 2434/2434 2433/2433
f 2437/2437 2436/2436 2445/2445
f 2430/2430 2444/2444 2441/2441
f 2441/2441 2429/2429 2430/2430
f 2434/2434 2442/2442 2446/2446
f 2446/2446 2433/2433 2434/2434
f 2447/2447 2448/2448 2449/2449
f 2449/2449 2448/2448 2450/2450
f 2450/2450 2448/2448 2451/2451
f 2451/2451 2448/2448 2452/2452
f 2452/2452 2448/2448 2453/2453
f 2453/2453 2448/2448 2454/2454
f 2454/2454 2448/2448 2455/2455
f 2455/2455 2448/2448 2447/2447
f 2456/2456 2457/2457 2458/2458
f 2458/2458 2459/2459 2456/2456
f 2460/2460 2461/2461 2462/2462
f 2462/2462 2463/2463 2460/2460
f 2464/2464 2465/2465 2466/2466
f 2466/2466 2467/2467 2464/2464
f 2457/2457 2456/2456 2468/2468
f 2465/2465 2468/2468 2469/2469
f 2470/2470 2462/2462 2471/2471
f 2469/2469 2472/2472 2466/2466
f 2466/2466 2465/2465 2469/2469
f 2473/2473 2474/2474 2471/2471
f 2471/2471 2462/2462 2473/2473
f 2462/2462 2461/2461 2475/2475
f 2475/2475 2473/2473 2462/2462
f 2465/2465 2464/2464 2458/2458
f 2458/2458 2457/2457 2465/2465
f 2457/2457 2468/2468 2465/2465
f 2470/2470 2476/2476 2463/2463
f 2460/2460 2463/2463 2476/2476
f 2476/2476 2477/2477 2460/2460
f 2462/2462 2470/2470 2463/2463
f 2478/2478 2479/2479 2480/2480
f 2480/2480 2481/2481 2482/2482
f 2478/2478 2480/2480 2482/2482
f 2483/2483 2484/2484 2485/2485
f 2485/2485 2486/2486 2483/2483
f 2487/2487 2488/2488 2489/2489
f 2489/2489 2490/2490 2487/2487
f 2491/2491 2492/2492 2493/2493
f 2493/2493 2494/2494 2491/2491
f 2486/2486 2495/2495 2483/2483
f 2494/2494 2496/2496 2495/2495
f 2497/2497 2498/2498 2489/2489
f 2496/2496 2494/2494 2493/2493
f 2493/2493 2499/2499 2496/2496
f 2500/2500 2489/2489 2498/2498
f 2498/2498 2501/2501 2500/2500
f 2489/2489 2500/2500 2502/2502
f 2502/2502 2490/2490 2489/2489
f 2494/2494 2486/2486 2485/2485
f 2485/2485 2491/2491 2494/2494
f 2486/2486 2494/2494 2495/2495
f 2497/2497 2488/2488 2503/2503
f 2487/2487 2504/2504 2503/2503
f 2503/2503 2488/2488 2487/2487
f 2489/2489 2488/2488 2497/2497
f 2505/2505 2506/2506 2507/2507
f 2508/2508 2505/2505 2507/2507
f 2508/2508 2507/2507 2509/2509
f 2510/2510 2511/2511 2512/2512
f 2513/2513 2514/2514 2515/2515
f 2515/2515 2516/2516 2513/2513
f 2517/2517 2518/2518 2519/2519
f 2519/2519 2520/2520 2517/2517
f 2512/2512 2521/2521 2510/2510
f 2520/2520 2522/2522 2521/2521
f 2523/2523 2524/2524 2513/2513
f 2522/2522 2520/2520 2519/2519
f 2519/2519 2525/2525 2522/2522
f 2526/2526 2513/2513 2524/2524
f 2524/2524 2527/2527 2526/2526
f 2513/2513 2526/2526 2528/2528
f 2528/2528 2514/2514 2513/2513
f 2520/2520 2512/2512 2511/2511
f 2511/2511 2517/2517 2520/2520
f 2512/2512 2520/2520 2521/2521
f 2523/2523 2516/2516 2529/2529
f 2516/2516 2515/2515 2529/2529
f 2513/2513 2516/2516 2523/2523
f 2530/2530 2531/2531 2532/2532
f 2533/2533 2530/2530 2532/2532
f 2533/2533 2532/2532 2534/2534
f 2535/2535 2536/2536 2537/2537
f 2538/2538 2539/2539 2540/2540
f 2541/2541 2542/2542 2543/2543
f 2544/2544 2545/2545 2546/2546
f 2547/2547 2548/2548 2549/2549
f 2550/2550 2551/2551 2552/2552
f 2553/2553 2554/2554 2555/2555
f 2556/2556 2557/2557 2558/2558
f 2559/2559 2560/2560 2561/2561
f 2562/2562 2563/2563 2564/2564
f 2565/2565 2566/2566 2567/2567
f 2568/2568 2569/2569 2570/2570
f 2571/2571 2572/2572 2573/2573
f 2573/2573 2574/2574 2571/2571
f 2575/2575 2576/2576 2577/2577
f 2577/2577 2578/2578 2575/2575
f 2579/2579 2580/2580 2581/2581
f 2581/2581 2582/2582 2579/2579
f 2575/2575 2583/2583 2584/2584
f 2584/2584 2576/2576 2575/2575
f 2584/2584 2585/2585 2586/2586
f 2586/2586 2576/2576 2584/2584
f 2587/2587 2588/2588 2589/2589
f 2587/2587 2589/2589 2590/2590
f 2587/2587 2590/2590 2591/2591
f 2592/2592 2593/2593 2594/2594
f 2594/2594 2595/2595 2592/2592
f 2593/2593 2579/2579 2582/2582
f 2582/2582 2594/2594 2593/2593
f 2596/2596 2583/2583 2575/2575
f 2575/2575 2597/2597 2596/2596
f 2578/2578 2598/2598 2597/2597
f 2597/2597 2575/2575 2578/2578
f 2599/2599 2600/2600 2580/2580
f 2580/2580 2579/2579 2599/2599
f 2599/2599 2579/2579 2593/2593
f 2601/2601 2602/2602 2587/2587
f 2587/2587 2603/2603 2601/2601
f 2603/2603 2587/2587 2591/2591
f 2591/2591 2604/2604 2603/2603
f 2605/2605 2606/2606 2595/2595
f 2595/2595 2594/2594 2605/2605
f 2607/2607 2608/2608 2609/2609
f 2609/2609 2610/2610 2607/2607
f 2611/2611 2612/2612 2613/2613
f 2613/2613 2614/2614 2611/2611
f 2614/2614 2613/2613 2615/2615
f 2615/2615 2616/2616 2614/2614
f 2604/2604 2617/2617 2618/2618
f 2619/2619 2606/2606 2620/2620
f 2620/2620 2608/2608 2607/2607
f 2607/2607 2621/2621 2620/2620
f 2607/2607 2610/2610 2622/2622
f 2611/2611 2614/2614 2623/2623
f 2624/2624 2614/2614 2616/2616
f 2621/2621 2625/2625 2626/2626
f 2627/2627 2628/2628 2621/2621
f 2621/2621 2607/2607 2627/2627
f 2627/2627 2622/2622 2629/2629
f 2623/2623 2624/2624 2630/2630
f 2624/2624 2631/2631 2630/2630
f 2631/2631 2632/2632 2630/2630
f 2628/2628 2629/2629 2625/2625
f 2628/2628 2627/2627 2629/2629
f 2633/2633 2605/2605 2594/2594
f 2594/2594 2582/2582 2633/2633
f 2634/2634 2633/2633 2582/2582
f 2582/2582 2581/2581 2634/2634
f 2576/2576 2635/2635 2636/2636
f 2636/2636 2577/2577 2576/2576
f 2586/2586 2602/2602 2635/2635
f 2635/2635 2576/2576 2586/2586
f 2586/2586 2587/2587 2602/2602
f 2637/2637 2638/2638 2639/2639
f 2639/2639 2640/2640 2637/2637
f 2639/2639 2638/2638 2641/2641
f 2641/2641 2642/2642 2639/2639
f 2643/2643 2644/2644 2645/2645
f 2646/2646 2647/2647 2648/2648
f 2649/2649 2650/2650 2651/2651
f 2652/2652 2653/2653 2654/2654
f 2655/2655 2656/2656 2657/2657
f 2658/2658 2659/2659 2660/2660
f 2587/2587 2586/2586 2585/2585
f 2585/2585 2661/2661 2587/2587
f 2587/2587 2661/2661 2662/2662
f 2662/2662 2588/2588 2587/2587
f 2663/2663 2664/2664 2665/2665
f 2665/2665 2666/2666 2663/2663
f 2667/2667 2668/2668 2669/2669
f 2669/2669 2670/2670 2667/2667
f 2670/2670 2671/2671 2667/2667
f 2672/2672 2667/2667 2671/2671
f 2671/2671 2673/2673 2672/2672
f 2674/2674 2675/2675 2676/2676
f 2677/2677 2678/2678 2679/2679
f 2680/2680 2681/2681 2682/2682
f 2682/2682 2683/2683 2680/2680
f 2681/2681 2684/2684 2682/2682
f 2685/2685 2682/2682 2684/2684
f 2684/2684 2686/2686 2685/2685
f 2687/2687 2685/2685 2686/2686
f 2686/2686 2688/2688 2687/2687
f 2689/2689 2690/2690 2691/2691
f 2692/2692 2693/2693 2694/2694
f 2663/2663 2666/2666 2695/2695
f 2695/2695 2696/2696 2663/2663
f 2695/2695 2697/2697 2696/2696
f 2698/2698 2699/2699 2700/2700
f 2698/2698 2700/2700 2701/2701
f 2698/2698 2701/2701 2702/2702
f 2702/2702 2592/2592 2595/2595
f 2698/2698 2702/2702 2595/2595
f 2592/2592 2702/2702 2703/2703
f 2703/2703 2704/2704 2705/2705
f 2592/2592 2703/2703 2705/2705
f 2592/2592 2705/2705 2706/2706
f 2707/2707 2708/2708 2709/2709
f 2709/2709 2710/2710 2707/2707
f 2711/2711 2712/2712 2713/2713
f 2713/2713 2714/2714 2711/2711
f 2715/2715 2712/2712 2716/2716
f 2716/2716 2717/2717 2715/2715
f 2718/2718 2715/2715 2717/2717
f 2716/2716 2712/2712 2711/2711
f 2719/2719 2720/2720 2721/2721
f 2721/2721 2722/2722 2719/2719
f 2723/2723 2724/2724 2725/2725
f 2725/2725 2726/2726 2723/2723
f 2727/2727 2728/2728 2729/2729
f 2729/2729 2728/2728 2730/2730
f 2603/2603 2618/2618 2615/2615
f 2615/2615 2601/2601 2603/2603
f 2614/2614 2624/2624 2623/2623
f 2622/2622 2627/2627 2607/2607
f 2731/2731 2573/2573 2591/2591
f 2574/2574 2573/2573 2731/2731
f 2588/2588 2732/2732 2733/2733
f 2733/2733 2589/2589 2588/2588
f 2591/2591 2590/2590 2731/2731
f 2698/2698 2595/2595 2619/2619
f 2618/2618 2617/2617 2632/2632
f 2632/2632 2631/2631 2618/2618
f 2620/2620 2621/2621 2626/2626
f 2734/2734 2735/2735 2619/2619
f 2619/2619 2626/2626 2734/2734
f 2606/2606 2619/2619 2595/2595
f 2619/2619 2620/2620 2626/2626
f 2621/2621 2628/2628 2625/2625
f 2618/2618 2603/2603 2604/2604
f 2604/2604 2736/2736 2617/2617
f 2588/2588 2737/2737 2732/2732
f 2593/2593 2738/2738 2739/2739
f 2739/2739 2599/2599 2593/2593
f 2600/2600 2599/2599 2739/2739
f 2706/2706 2738/2738 2593/2593
f 2593/2593 2592/2592 2706/2706
f 2740/2740 2741/2741 2742/2742
f 2615/2615 2618/2618 2616/2616
f 2618/2618 2631/2631 2624/2624
f 2624/2624 2616/2616 2618/2618
f 1728/1728 1722/1722 1725/1725
f 1725/1725 1726/1726 1728/1728
f 1726/1726 1725/1725 1742/1742
f 2743/2743 2744/2744 2745/2745
f 2746/2746 2747/2747 2748/2748
f 2748/2748 2749/2749 2746/2746
f 2750/2750 2751/2751 2752/2752
f 2752/2752 2753/2753 2750/2750
f 2744/2744 2743/2743 2754/2754
f 2751/2751 2754/2754 2755/2755
f 2756/2756 2746/2746 2757/2757
f 2755/2755 2758/2758 2752/2752
f 2752/2752 2751/2751 2755/2755
f 2759/2759 2760/2760 2757/2757
f 2757/2757 2746/2746 2759/2759
f 2746/2746 2749/2749 2761/2761
f 2761/2761 2759/2759 2746/2746
f 2751/2751 2750/2750 2745/2745
f 2745/2745 2744/2744 2751/2751
f 2744/2744 2754/2754 2751/2751
f 2756/2756 2762/2762 2747/2747
f 2747/2747 2762/2762 2748/2748
f 2746/2746 2756/2756 2747/2747
f 2763/2763 2764/2764 2765/2765
f 2765/2765 2766/2766 2767/2767
f 2763/2763 2765/2765 2767/2767
f 2768/2768 2769/2769 2770/2770
f 2771/2771 2772/2772 2773/2773
f 2773/2773 2774/2774 2771/2771
f 2775/2775 2776/2776 2777/2777
f 2777/2777 2778/2778 2775/2775
f 2769/2769 2768/2768 2779/2779
f 2776/2776 2779/2779 2780/2780
f 2781/2781 2771/2771 2782/2782
f 2780/2780 2783/2783 2777/2777
f 2777/2777 2776/2776 2780/2780
f 2784/2784 2785/2785 2782/2782
f 2782/2782 2771/2771 2784/2784
f 2771/2771 2774/2774 2786/2786
f 2786/2786 2784/2784 2771/2771
f 2776/2776 2775/2775 2770/2770
f 2770/2770 2769/2769 2776/2776
f 2769/2769 2779/2779 2776/2776
f 2781/2781 2787/2787 2772/2772
f 2772/2772 2787/2787 2773/2773
f 2771/2771 2781/2781 2772/2772
f 2788/2788 2789/2789 2790/2790
f 2790/2790 2791/2791 2792/2792
f 2788/2788 2790/2790 2792/2792
f 2793/2793 2794/2794 2795/2795
f 2796/2796 2797/2797 2798/2798
f 2798/2798 2799/2799 2796/2796
f 2800/2800 2801/2801 2802/2802
f 2802/2802 2803/2803 2800/2800
f 2795/2795 2804/2804 2793/2793
f 2803/2803 2805/2805 2804/2804
f 2806/2806 2807/2807 2796/2796
f 2805/2805 2803/2803 2802/2802
f 2802/2802 2808/2808 2805/2805
f 2809/2809 2796/2796 2807/2807
f 2807/2807 2810/2810 2809/2809
f 2796/2796 2809/2809 2811/2811
f 2811/2811 2797/2797 2796/2796
f 2803/2803 2795/2795 2794/2794
f 2794/2794 2800/2800 2803/2803
f 2795/2795 2803/2803 2804/2804
f 2806/2806 2799/2799 2812/2812
f 2799/2799 2798/2798 2812/2812
f 2796/2796 2799/2799 2806/2806
f 2813/2813 2814/2814 2815/2815
f 2816/2816 2813/2813 2815/2815
f 2816/2816 2815/2815 2817/2817
f 2818/2818 2819/2819 2820/2820
f 2820/2820 2821/2821 2818/2818
f 2588/2588 2662/2662 2737/2737
f 2740/2740 2742/2742 2732/2732
f 2732/2732 2737/2737 2740/2740
f 2740/2740 2822/2822 2741/2741
f 2819/2819 2823/2823 2820/2820
f 2824/2824 2818/2818 2821/2821
f 1710/1710 2825/2825 2826/2826
f 2826/2826 2827/2827 2828/2828
f 1710/1710 2826/2826 2828/2828
f 1710/1710 2828/2828 1809/1809
f 1707/1707 1706/1706 2829/2829
f 2829/2829 2830/2830 1707/1707
f 2825/2825 1710/1710 1709/1709
f 1709/1709 2831/2831 2825/2825
f 2832/2832 2741/2741 2822/2822
f 2596/2596 2597/2597 2833/2833
f 2822/2822 2596/2596 2833/2833
f 2832/2832 2822/2822 2833/2833
f 2597/2597 2598/2598 2834/2834
f 2834/2834 2833/2833 2597/2597
f 2835/2835 2600/2600 2739/2739
f 2739/2739 2836/2836 2835/2835
f 2837/2837 2838/2838 1693/1693
f 1693/1693 1700/1700 2837/2837
f 1694/1694 1693/1693 2838/2838
f 2838/2838 2839/2839 1694/1694
f 2840/2840 1697/1697 1696/1696
f 1696/1696 2841/2841 2840/2840
f 2840/2840 1709/1709 1697/1697
f 1707/1707 2830/2830 2842/2842
f 1709/1709 2840/2840 2843/2843
f 2843/2843 2831/2831 1709/1709
f 2841/2841 2843/2843 2840/2840
f 2844/2844 2845/2845 2846/2846
f 2847/2847 2848/2848 2849/2849
f 2849/2849 2850/2850 2847/2847
f 1707/1707 2842/2842 1773/1773
f 2844/2844 2830/2830 2845/2845
f 2830/2830 2844/2844 2842/2842
f 2844/2844 2846/2846 2851/2851
f 2850/2850 2849/2849 2852/2852
f 2853/2853 2848/2848 2847/2847
f 2854/2854 2838/2838 2837/2837
f 2854/2854 2837/2837 2851/2851
f 2855/2855 2854/2854 2851/2851
f 2855/2855 2851/2851 2846/2846
f 2838/2838 2854/2854 2856/2856
f 2856/2856 2839/2839 2838/2838
f 2857/2857 2858/2858 2843/2843
f 2843/2843 2841/2841 2857/2857
f 2859/2859 2860/2860 2861/2861
f 2862/2862 2863/2863 2864/2864
f 2865/2865 2866/2866 2867/2867
f 2868/2868 2869/2869 2870/2870
f 2871/2871 2872/2872 2873/2873
f 2874/2874 2875/2875 2876/2876
f 2877/2877 2878/2878 2879/2879
f 2880/2880 2881/2881 2882/2882
f 2882/2882 2883/2883 2880/2880
f 2884/2884 2880/2880 2883/2883
f 2883/2883 2885/2885 2884/2884
f 2886/2886 2884/2884 2885/2885
f 2885/2885 2887/2887 2886/2886
f 2888/2888 2886/2886 2887/2887
f 2887/2887 2889/2889 2888/2888
f 2890/2890 2888/2888 2889/2889
f 2889/2889 2891/2891 2890/2890
f 2892/2892 2890/2890 2891/2891
f 2891/2891 2893/2893 2892/2892
f 2894/2894 2892/2892 2893/2893
f 2893/2893 2895/2895 2894/2894
f 2896/2896 2894/2894 2895/2895
f 2895/2895 2897/2897 2896/2896
f 2881/2881 2896/2896 2897/2897
f 2897/2897 2882/2882 2881/2881
f 2898/2898 2881/2881 2880/2880
f 2880/2880 2899/2899 2898/2898
f 2899/2899 2880/2880 2884/2884
f 2884/2884 2900/2900 2899/2899
f 2900/2900 2884/2884 2886/2886
f 2886/2886 2901/2901 2900/2900
f 2901/2901 2886/2886 2888/2888
f 2888/2888 2902/2902 2901/2901
f 2902/2902 2888/2888 2890/2890
f 2890/2890 2903/2903 2902/2902
f 2903/2903 2890/2890 2892/2892
f 2892/2892 2904/2904 2903/2903
f 2904/2904 2892/2892 2894/2894
f 2894/2894 2905/2905 2904/2904
f 2905/2905 2894/2894 2896/2896
f 2896/2896 2906/2906 2905/2905
f 2906/2906 2896/2896 2881/2881
f 2881/2881 2898/2898 2906/2906
f 2907/2907 2908/2908 2909/2909
f 2907/2907 2910/2910 2911/2911
f 2911/2911 2908/2908 2907/2907
f 2910/2910 2912/2912 2911/2911
f 2910/2910 2913/2913 2914/2914
f 2914/2914 2912/2912 2910/2910
f 2913/2913 2915/2915 2914/2914
f 2913/2913 2916/2916 2917/2917
f 2917/2917 2915/2915 2913/2913
f 2916/2916 2918/2918 2917/2917
f 2916/2916 2919/2919 2920/2920
f 2920/2920 2918/2918 2916/2916
f 2919/2919 2921/2921 2920/2920
f 2919/2919 2922/2922 2923/2923
f 2923/2923 2921/2921 2919/2919
f 2922/2922 2924/2924 2923/2923
f 2922/2922 2925/2925 2926/2926
f 2926/2926 2924/2924 2922/2922
f 2925/2925 2927/2927 2926/2926
f 2925/2925 2928/2928 2929/2929
f 2929/2929 2927/2927 2925/2925
f 2928/2928 2930/2930 2929/2929
f 2928/2928 2931/2931 2932/2932
f 2932/2932 2930/2930 2928/2928
f 2931/2931 2933/2933 2932/2932
f 2931/2931 2907/2907 2909/2909
f 2909/2909 2933/2933 2931/2931
f 2934/2934 2935/2935 2936/2936
f 2936/2936 2937/2937 2934/2934
f 2935/2935 2938/2938 2939/2939
f 2939/2939 2936/2936 2935/2935
f 2938/2938 2940/2940 2941/2941
f 2941/2941 2939/2939 2938/2938
f 2940/2940 2942/2942 2943/2943
f 2943/2943 2941/2941 2940/2940
f 2942/2942 2944/2944 2945/2945
f 2945/2945 2943/2943 2942/2942
f 2944/2944 2946/2946 2947/2947
f 2947/2947 2945/2945 2944/2944
f 2946/2946 2948/2948 2949/2949
f 2949/2949 2947/2947 2946/2946
f 2948/2948 2950/2950 2951/2951
f 2951/2951 2949/2949 2948/2948
f 2950/2950 2952/2952 2953/2953
f 2953/2953 2951/2951 2950/2950
f 2952/2952 2954/2954 2955/2955
f 2955/2955 2953/2953 2952/2952
f 2954/2954 2956/2956 2957/2957
f 2957/2957 2955/2955 2954/2954
f 2956/2956 2958/2958 2959/2959
f 2959/2959 2957/2957 2956/2956
f 2958/2958 2960/2960 2961/2961
f 2961/2961 2959/2959 2958/2958
f 2960/2960 2962/2962 2963/2963
f 2963/2963 2961/2961 2960/2960
f 2964/2964 2965/2965 2966/2966
f 2966/2966 2967/2967 2964/2964
f 2965/2965 2934/2934 2937/2937
f 2937/2937 2966/2966 2965/2965
f 2968/2968 2969/2969 2970/2970
f 2970/2970 2971/2971 2968/2968
f 2971/2971 2970/2970 2972/2972
f 2972/2972 2973/2973 2971/2971
f 2974/2974 2975/2975 2976/2976
f 2976/2976 2977/2977 2974/2974
f 2976/2976 2975/2975 2978/2978
f 2978/2978 2979/2979 2976/2976
f 2980/2980 2981/2981 2982/2982
f 2982/2982 2983/2983 2980/2980
f 2984/2984 2985/2985 2986/2986
f 2986/2986 2987/2987 2984/2984
f 2988/2988 2984/2984 2987/2987
f 2987/2987 2989/2989 2988/2988
f 2981/2981 2990/2990 2991/2991
f 2991/2991 2982/2982 2981/2981
f 2968/2968 2992/2992 2993/2993
f 2993/2993 2969/2969 2968/2968
f 2985/2985 2984/2984 2994/2994
f 2985/2985 2994/2994 2995/2995
f 2985/2985 2995/2995 2996/2996
f 2997/2997 2994/2994 2984/2984
f 2984/2984 2988/2988 2997/2997
f 2974/2974 2977/2977 2998/2998
f 2998/2998 2999/2999 2974/2974
f 2994/2994 2997/2997 2979/2979
f 2979/2979 2978/2978 2994/2994
f 2996/2996 2995/2995 2973/2973
f 2973/2973 2972/2972 2996/2996
f 2999/2999 2998/2998 2990/2990
f 2990/2990 2981/2981 2999/2999
f 2981/2981 2980/2980 2993/2993
f 2981/2981 2993/2993 2992/2992
f 2981/2981 2992/2992 2999/2999
f 2978/2978 2973/2973 2995/2995
f 2995/2995 2994/2994 2978/2978
f 2975/2975 2971/2971 2973/2973
f 2973/2973 2978/2978 2975/2975
f 2974/2974 2968/2968 2971/2971
f 2971/2971 2975/2975 2974/2974
f 2999/2999 2992/2992 2968/2968
f 2968/2968 2974/2974 2999/2999
f 2991/2991 2990/2990 3000/3000
f 2990/2990 2998/2998 3001/3001
f 3001/3001 3000/3000 2990/2990
f 3002/3002 3001/3001 2998/2998
f 2998/2998 2977/2977 3002/3002
f 3003/3003 3002/3002 2977/2977
f 2977/2977 2976/2976 3003/3003
f 3004/3004 3003/3003 2976/2976
f 2976/2976 2979/2979 3004/3004
f 3005/3005 3004/3004 2979/2979
f 2979/2979 2997/2997 3005/3005
f 3006/3006 3005/3005 2997/2997
f 2997/2997 2988/2988 3006/3006
f 2988/2988 2989/2989 3006/3006
f 3001/3001 3007/3007 3000/3000
f 3008/3008 3007/3007 3001/3001
f 3001/3001 3002/3002 3008/3008
f 3009/3009 3008/3008 3002/3002
f 3002/3002 3003/3003 3009/3009
f 3010/3010 3009/3009 3003/3003
f 3003/3003 3004/3004 3010/3010
f 3011/3011 3010/3010 3004/3004
f 3004/3004 3005/3005 3011/3011
f 3005/3005 3006/3006 3011/3011
f 3012/3012 3013/3013 2986/2986
f 2986/2986 2985/2985 3012/3012
f 3014/3014 3015/3015 2980/2980
f 2980/2980 2983/2983 3014/3014
f 3016/3016 3017/3017 3018/3018
f 3017/3017 3019/3019 3018/3018
f 3020/3020 3021/3021 3013/3013
f 3013/3013 3012/3012 3020/3020
f 3022/3022 3023/3023 3015/3015
f 3015/3015 3014/3014 3022/3022
f 3021/3021 3020/3020 3024/3024
f 3023/3023 3022/3022 3025/3025
f 3026/3026 3027/3027 3028/3028
f 3029/3029 3030/3030 3031/3031
f 3032/3032 3033/3033 3034/3034
f 3035/3035 3036/3036 3037/3037
f 3038/3038 3039/3039 3040/3040
f 3041/3041 3042/3042 3043/3043
f 3044/3044 3045/3045 3046/3046
f 3047/3047 3048/3048 3049/3049
f 3049/3049 3050/3050 3047/3047
f 3051/3051 3052/3052 3048/3048
f 3048/3048 3047/3047 3051/3051
f 3053/3053 3054/3054 3052/3052
f 3052/3052 3051/3051 3053/3053
f 3055/3055 3056/3056 3054/3054
f 3054/3054 3053/3053 3055/3055
f 3057/3057 3058/3058 3056/3056
f 3056/3056 3055/3055 3057/3057
f 3059/3059 3060/3060 3058/3058
f 3058/3058 3057/3057 3059/3059
f 3061/3061 3062/3062 3060/3060
f 3060/3060 3059/3059 3061/3061
f 3063/3063 3064/3064 3062/3062
f 3062/3062 3061/3061 3063/3063
f 3050/3050 3049/3049 3064/3064
f 3064/3064 3063/3063 3050/3050
f 3065/3065 3066/3066 3047/3047
f 3047/3047 3050/3050 3065/3065
f 3066/3066 3067/3067 3051/3051
f 3051/3051 3047/3047 3066/3066
f 3067/3067 3068/3068 3053/3053
f 3053/3053 3051/3051 3067/3067
f 3068/3068 3069/3069 3055/3055
f 3055/3055 3053/3053 3068/3068
f 3069/3069 3070/3070 3057/3057
f 3057/3057 3055/3055 3069/3069
f 3070/3070 3071/3071 3059/3059
f 3059/3059 3057/3057 3070/3070
f 3071/3071 3072/3072 3061/3061
f 3061/3061 3059/3059 3071/3071
f 3072/3072 3073/3073 3063/3063
f 3063/3063 3061/3061 3072/3072
f 3073/3073 3065/3065 3050/3050
f 3050/3050 3063/3063 3073/3073
f 3074/3074 3075/3075 3076/3076
f 3074/3074 3076/3076 3077/3077
f 3077/3077 3078/3078 3074/3074
f 3078/3078 3077/3077 3079/3079
f 3078/3078 3079/3079 3080/3080
f 3080/3080 3081/3081 3078/3078
f 3081/3081 3080/3080 3082/3082
f 3081/3081 3082/3082 3083/3083
f 3083/3083 3084/3084 3081/3081
f 3084/3084 3083/3083 3085/3085
f 3084/3084 3085/3085 3086/3086
f 3086/3086 3087/3087 3084/3084
f 3087/3087 3086/3086 3088/3088
f 3087/3087 3088/3088 3089/3089
f 3089/3089 3090/3090 3087/3087
f 3090/3090 3089/3089 3091/3091
f 3090/3090 3091/3091 3092/3092
f 3092/3092 3093/3093 3090/3090
f 3093/3093 3092/3092 3094/3094
f 3093/3093 3094/3094 3095/3095
f 3095/3095 3096/3096 3093/3093
f 3096/3096 3095/3095 3097/3097
f 3096/3096 3097/3097 3098/3098
f 3098/3098 3099/3099 3096/3096
f 3099/3099 3098/3098 3100/3100
f 3099/3099 3100/3100 3075/3075
f 3075/3075 3074/3074 3099/3099
f 3101/3101 3102/3102 3103/3103
f 3103/3103 3104/3104 3101/3101
f 3104/3104 3103/3103 3105/3105
f 3105/3105 3106/3106 3104/3104
f 3106/3106 3105/3105 3107/3107
f 3107/3107 3108/3108 3106/3106
f 3108/3108 3107/3107 3109/3109
f 3109/3109 3110/3110 3108/3108
f 3110/3110 3109/3109 3111/3111
f 3111/3111 3112/3112 3110/3110
f 3112/3112 3111/3111 3113/3113
f 3113/3113 3114/3114 3112/3112
f 3114/3114 3113/3113 3115/3115
f 3115/3115 3116/3116 3114/3114
f 3116/3116 3115/3115 3117/3117
f 3117/3117 3118/3118 3116/3116
f 3118/3118 3117/3117 3119/3119
f 3119/3119 3120/3120 3118/3118
f 3120/3120 3119/3119 3121/3121
f 3121/3121 3122/3122 3120/3120
f 3122/3122 3121/3121 3123/3123
f 3123/3123 3124/3124 3122/3122
f 3124/3124 3123/3123 3125/3125
f 3125/3125 3126/3126 3124/3124
f 3126/3126 3125/3125 3127/3127
f 3127/3127 3128/3128 3126/3126
f 3128/3128 3127/3127 3129/3129
f 3129/3129 3130/3130 3128/3128
f 3131/3131 3132/3132 3133/3133
f 3133/3133 3134/3134 3131/3131
f 3134/3134 3133/3133 3102/3102
f 3102/3102 3101/3101 3134/3134
f 3135/3135 3136/3136 3137/3137
f 3137/3137 3138/3138 3135/3135
f 3136/3136 3139/3139 3140/3140
f 3140/3140 3137/3137 3136/3136
f 3141/3141 3142/3142 3143/3143
f 3143/3143 3144/3144 3141/3141
f 3143/3143 3145/3145 3146/3146
f 3146/3146 3144/3144 3143/3143
f 3147/3147 3148/3148 3149/3149
f 3149/3149 3150/3150 3147/3147
f 3151/3151 3152/3152 3153/3153
f 3153/3153 3154/3154 3151/3151
f 3155/3155 3156/3156 3152/3152
f 3152/3152 3151/3151 3155/3155
f 3150/3150 3149/3149 3157/3157
f 3157/3157 3158/3158 3150/3150
f 3135/3135 3138/3138 3159/3159
f 3159/3159 3160/3160 3135/3135
f 3154/3154 3161/3161 3162/3162
f 3154/3154 3162/3162 3163/3163
f 3154/3154 3163/3163 3151/3151
f 3164/3164 3155/3155 3151/3151
f 3151/3151 3163/3163 3164/3164
f 3141/3141 3165/3165 3166/3166
f 3166/3166 3142/3142 3141/3141
f 3163/3163 3146/3146 3145/3145
f 3145/3145 3164/3164 3163/3163
f 3161/3161 3140/3140 3139/3139
f 3139/3139 3162/3162 3161/3161
f 3165/3165 3150/3150 3158/3158
f 3158/3158 3166/3166 3165/3165
f 3150/3150 3165/3165 3160/3160
f 3150/3150 3160/3160 3159/3159
f 3150/3150 3159/3159 3147/3147
f 3146/3146 3163/3163 3162/3162
f 3162/3162 3139/3139 3146/3146
f 3144/3144 3146/3146 3139/3139
f 3139/3139 3136/3136 3144/3144
f 3141/3141 3144/3144 3136/3136
f 3136/3136 3135/3135 3141/3141
f 3165/3165 3141/3141 3135/3135
f 3135/3135 3160/3160 3165/3165
f 3157/3157 3167/3167 3158/3158
f 3158/3158 3167/3167 3168/3168
f 3168/3168 3166/3166 3158/3158
f 3169/3169 3142/3142 3166/3166
f 3166/3166 3168/3168 3169/3169
f 3170/3170 3143/3143 3142/3142
f 3142/3142 3169/3169 3170/3170
f 3171/3171 3145/3145 3143/3143
f 3143/3143 3170/3170 3171/3171
f 3172/3172 3164/3164 3145/3145
f 3145/3145 3171/3171 3172/3172
f 3173/3173 3155/3155 3164/3164
f 3164/3164 3172/3172 3173/3173
f 3155/3155 3173/3173 3156/3156
f 3168/3168 3167/3167 3174/3174
f 3175/3175 3169/3169 3168/3168
f 3168/3168 3174/3174 3175/3175
f 3176/3176 3170/3170 3169/3169
f 3169/3169 3175/3175 3176/3176
f 3177/3177 3171/3171 3170/3170
f 3170/3170 3176/3176 3177/3177
f 3178/3178 3172/3172 3171/3171
f 3171/3171 3177/3177 3178/3178
f 3172/3172 3178/3178 3173/3173
f 3179/3179 3154/3154 3153/3153
f 3153/3153 3180/3180 3179/3179
f 3181/3181 3148/3148 3147/3147
f 3147/3147 3182/3182 3181/3181
f 3183/3183 3184/3184 3185/3185
f 3185/3185 3184/3184 3186/3186
f 3187/3187 3179/3179 3180/3180
f 3180/3180 3188/3188 3187/3187
f 3189/3189 3181/3181 3182/3182
f 3182/3182 3190/3190 3189/3189
f 3188/3188 3191/3191 3187/3187
f 3190/3190 3192/3192 3189/3189
f 3193/3193 3194/3194 3195/3195
f 3195/3195 3196/3196 3193/3193
f 3197/3197 3198/3198 3199/3199
f 3199/3199 3200/3200 3197/3197
f 3200/3200 3199/3199 3201/3201
f 3201/3201 3202/3202 3200/3200
f 3200/3200 3203/3203 3204/3204
f 3204/3204 3197/3197 3200/3200
f 3202/3202 3205/3205 3203/3203
f 3203/3203 3200/3200 3202/3202
f 3206/3206 3207/3207 3208/3208
f 3206/3206 3208/3208 3209/3209
f 3206/3206 3209/3209 3210/3210
f 3211/3211 3212/3212 3213/3213
f 3214/3214 3215/3215 3216/3216
f 3217/3217 3218/3218 3204/3204
f 3204/3204 3203/3203 3217/3217
f 3219/3219 3220/3220 3221/3221
f 3221/3221 3217/3217 3203/3203
f 3221/3221 3203/3203 3205/3205
f 3219/3219 3221/3221 3205/3205
f 3193/3193 3196/3196 3222/3222
f 3222/3222 3223/3223 3224/3224
f 3222/3222 3224/3224 3225/3225
f 3193/3193 3222/3222 3225/3225
f 3226/3226 3227/3227 3228/3228
f 3229/3229 3230/3230 3231/3231
f 3232/3232 3233/3233 3234/3234
f 3231/3231 3232/3232 3234/3234
f 3229/3229 3231/3231 3234/3234
f 3235/3235 3236/3236 3237/3237
f 3237/3237 3238/3238 3235/3235
f 3239/3239 3236/3236 3235/3235
f 3235/3235 3240/3240 3239/3239
f 3241/3241 3242/3242 3243/3243
f 3243/3243 3244/3244 3241/3241
f 3245/3245 3246/3246 3241/3241
f 3241/3241 3244/3244 3245/3245
f 3247/3247 3248/3248 3249/3249
f 3250/3250 3251/3251 3252/3252
f 3253/3253 3254/3254 3255/3255
f 3255/3255 3256/3256 3253/3253
f 3256/3256 3255/3255 3257/3257
f 3257/3257 3258/3258 3256/3256
f 3259/3259 3260/3260 3261/3261
f 3262/3262 3263/3263 3264/3264
f 3262/3262 3264/3264 3265/3265
f 3266/3266 3267/3267 3268/3268
f 3265/3265 3269/3269 3270/3270
f 3262/3262 3265/3265 3270/3270
f 3271/3271 3272/3272 3273/3273
f 3273/3273 3274/3274 3271/3271
f 3274/3274 3265/3265 3264/3264
f 3264/3264 3271/3271 3274/3274
f 3275/3275 3276/3276 3277/3277
f 3278/3278 3279/3279 3280/3280
f 3281/3281 3282/3282 3283/3283
f 3283/3283 3284/3284 3281/3281
f 3285/3285 3286/3286 3287/3287
f 3288/3288 3289/3289 3290/3290
f 3291/3291 3292/3292 3293/3293
f 3291/3291 3293/3293 3294/3294
f 3287/3287 3291/3291 3294/3294
f 3285/3285 3287/3287 3294/3294
f 3295/3295 3296/3296 3297/3297
f 3298/3298 3299/3299 3300/3300
f 3300/3300 3301/3301 3298/3298
f 3302/3302 3303/3303 3304/3304
f 3305/3305 3306/3306 3307/3307
f 3307/3307 3308/3308 3305/3305
f 3309/3309 3310/3310 3311/3311
f 3311/3311 3312/3312 3309/3309
f 3313/3313 3314/3314 3315/3315
f 3316/3316 3317/3317 3318/3318
f 3319/3319 3320/3320 3321/3321
f 3321/3321 3322/3322 3319/3319
f 3323/3323 3324/3324 3325/3325
f 3325/3325 3326/3326 3323/3323
f 3327/3327 3328/3328 3329/3329
f 3329/3329 3330/3330 3327/3327
f 3328/3328 3331/3331 3332/3332
f 3332/3332 3329/3329 3328/3328
f 3328/3328 3327/3327 3333/3333
f 3333/3333 3334/3334 3328/3328
f 3331/3331 3328/3328 3334/3334
f 3334/3334 3335/3335 3331/3331
f 3336/3336 3337/3337 3338/3338
f 3336/3336 3338/3338 3339/3339
f 3336/3336 3339/3339 3340/3340
f 3341/3341 3342/3342 3343/3343
f 3344/3344 3345/3345 3346/3346
f 3347/3347 3334/3334 3333/3333
f 3333/3333 3348/3348 3347/3347
f 3334/3334 3347/3347 3349/3349
f 3335/3335 3334/3334 3349/3349
f 3350/3350 3335/3335 3349/3349
f 3350/3350 3349/3349 3351/3351
f 3352/3352 3353/3353 3354/3354
f 3355/3355 3352/3352 3354/3354
f 3323/3323 3355/3355 3354/3354
f 3323/3323 3354/3354 3324/3324
f 3356/3356 3357/3357 3358/3358
f 3359/3359 3360/3360 3361/3361
f 3359/3359 3361/3361 3362/3362
f 3363/3363 3359/3359 3362/3362
f 3363/3363 3362/3362 3364/3364
f 3365/3365 3366/3366 3367/3367
f 3367/3367 3368/3368 3365/3365
f 3369/3369 3370/3370 3365/3365
f 3365/3365 3368/3368 3369/3369
f 3371/3371 3372/3372 3373/3373
f 3373/3373 3374/3374 3371/3371
f 3375/3375 3372/3372 3371/3371
f 3371/3371 3376/3376 3375/3375
f 3377/3377 3378/3378 3379/3379
f 3380/3380 3381/3381 3382/3382
f 3383/3383 3384/3384 3385/3385
f 3385/3385 3386/3386 3383/3383
f 3384/3384 3387/3387 3388/3388
f 3388/3388 3385/3385 3384/3384
f 3389/3389 3390/3390 3391/3391
f 3392/3392 3393/3393 3394/3394
f 3395/3395 3392/3392 3394/3394
f 3395/3395 3394/3394 3396/3396
f 3395/3395 3396/3396 3397/3397
f 3398/3398 3399/3399 3400/3400
f 3401/3401 3402/3402 3403/3403
f 3403/3403 3404/3404 3401/3401
f 3402/3402 3401/3401 3396/3396
f 3396/3396 3394/3394 3402/3402
f 3405/3405 3406/3406 3407/3407
f 3408/3408 3409/3409 3410/3410
f 3411/3411 3412/3412 3413/3413
f 3413/3413 3414/3414 3411/3411
f 3415/3415 3416/3416 3417/3417
f 3418/3418 3419/3419 3420/3420
f 3421/3421 3422/3422 3423/3423
f 3421/3421 3423/3423 3424/3424
f 3425/3425 3421/3421 3424/3424
f 3425/3425 3424/3424 3426/3426
f 3427/3427 3428/3428 3429/3429
f 3430/3430 3431/3431 3432/3432
f 3432/3432 3433/3433 3430/3430
f 3434/3434 3435/3435 3436/3436
f 3437/3437 3438/3438 3439/3439
f 3439/3439 3440/3440 3437/3437
f 3441/3441 3442/3442 3443/3443
f 3444/3444 3445/3445 3446/3446
f 3447/3447 3448/3448 3449/3449
f 3450/3450 3451/3451 3452/3452
f 3453/3453 3454/3454 3455/3455
f 3455/3455 3456/3456 3453/3453
f 3457/3457 3458/3458 3459/3459
f 3459/3459 3460/3460 3457/3457
f 3460/3460 3459/3459 3461/3461
f 3461/3461 3462/3462 3460/3460
f 3462/3462 3461/3461 3463/3463
f 3463/3463 3464/3464 3462/3462
f 3464/3464 3463/3463 3465/3465
f 3465/3465 3466/3466 3464/3464
f 3467/3467 3468/3468 3469/3469
f 3469/3469 3470/3470 3467/3467
f 3471/3471 3472/3472 3473/3473
f 3473/3473 3474/3474 3471/3471
f 3472/3472 3475/3475 3476/3476
f 3476/3476 3473/3473 3472/3472
f 3475/3475 3477/3477 3478/3478
f 3478/3478 3476/3476 3475/3475
f 3477/3477 3479/3479 3480/3480
f 3480/3480 3478/3478 3477/3477
f 3479/3479 3481/3481 3482/3482
f 3482/3482 3480/3480 3479/3479
f 3483/3483 3484/3484 3485/3485
f 3485/3485 3486/3486 3483/3483
f 3484/3484 3487/3487 3488/3488
f 3488/3488 3485/3485 3484/3484
f 3489/3489 3490/3490 3491/3491
f 3491/3491 3492/3492 3489/3489
f 3493/3493 3494/3494 3495/3495
f 3495/3495 3496/3496 3497/3497
f 3493/3493 3495/3495 3497/3497
f 3493/3493 3497/3497 3458/3458
f 3458/3458 3457/3457 3493/3493
f 3498/3498 3457/3457 3460/3460
f 3460/3460 3499/3499 3498/3498
f 3499/3499 3460/3460 3462/3462
f 3462/3462 3500/3500 3499/3499
f 3500/3500 3462/3462 3464/3464
f 3464/3464 3501/3501 3500/3500
f 3464/3464 3466/3466 3502/3502
f 3502/3502 3501/3501 3464/3464
f 3466/3466 3503/3503 3504/3504
f 3504/3504 3502/3502 3466/3466
f 3503/3503 3505/3505 3506/3506
f 3506/3506 3504/3504 3503/3503
f 3507/3507 3508/3508 3509/3509
f 3509/3509 3510/3510 3507/3507
f 3509/3509 3508/3508 3474/3474
f 3474/3474 3511/3511 3509/3509
f 3474/3474 3473/3473 3512/3512
f 3512/3512 3511/3511 3474/3474
f 3473/3473 3476/3476 3513/3513
f 3513/3513 3512/3512 3473/3473
f 3476/3476 3478/3478 3514/3514
f 3514/3514 3513/3513 3476/3476
f 3478/3478 3480/3480 3515/3515
f 3515/3515 3514/3514 3478/3478
f 3480/3480 3482/3482 3516/3516
f 3516/3516 3515/3515 3480/3480
f 3517/3517 3516/3516 3482/3482
f 3517/3517 3482/3482 3486/3486
f 3517/3517 3486/3486 3485/3485
f 3485/3485 3488/3488 3518/3518
f 3518/3518 3517/3517 3485/3485
f 3519/3519 3489/3489 3492/3492
f 3492/3492 3520/3520 3519/3519
f 3520/3520 3492/3492 3494/3494
f 3520/3520 3494/3494 3493/3493
f 3520/3520 3493/3493 3521/3521
f 3521/3521 3493/3493 3457/3457
f 3457/3457 3498/3498 3521/3521
f 3522/3522 3523/3523 3524/3524
f 3525/3525 3526/3526 3523/3523
f 3523/3523 3522/3522 3525/3525
f 3527/3527 3528/3528 3526/3526
f 3526/3526 3525/3525 3527/3527
f 3529/3529 3530/3530 3528/3528
f 3528/3528 3527/3527 3529/3529
f 3531/3531 3532/3532 3530/3530
f 3530/3530 3529/3529 3531/3531
f 3533/3533 3534/3534 3532/3532
f 3532/3532 3531/3531 3533/3533
f 3535/3535 3536/3536 3534/3534
f 3534/3534 3533/3533 3535/3535
f 3537/3537 3538/3538 3539/3539
f 3536/3536 3535/3535 3540/3540
f 3541/3541 3542/3542 3543/3543
f 3544/3544 3545/3545 3546/3546
f 3546/3546 3547/3547 3544/3544
f 3547/3547 3546/3546 3548/3548
f 3548/3548 3549/3549 3547/3547
f 3549/3549 3548/3548 3550/3550
f 3550/3550 3551/3551 3549/3549
f 3551/3551 3550/3550 3552/3552
f 3552/3552 3553/3553 3551/3551
f 3553/3553 3552/3552 3554/3554
f 3554/3554 3555/3555 3553/3553
f 3556/3556 3557/3557 3555/3555
f 3555/3555 3554/3554 3556/3556
f 3558/3558 3559/3559 3557/3557
f 3557/3557 3556/3556 3558/3558
f 3559/3559 3558/3558 3560/3560
f 3560/3560 3561/3561 3559/3559
f 3561/3561 3560/3560 3562/3562
f 3562/3562 3563/3563 3561/3561
f 3563/3563 3562/3562 3564/3564
f 3564/3564 3565/3565 3563/3563
f 3565/3565 3564/3564 3566/3566
f 3566/3566 3567/3567 3565/3565
f 3567/3567 3566/3566 3568/3568
f 3568/3568 3569/3569 3567/3567
f 3569/3569 3568/3568 3570/3570
f 3570/3570 3571/3571 3569/3569
f 3572/3572 3573/3573 3574/3574
f 3572/3572 3574/3574 3571/3571
f 3572/3572 3571/3571 3570/3570
f 3573/3573 3572/3572 3575/3575
f 3575/3575 3576/3576 3573/3573
f 3576/3576 3575/3575 3577/3577
f 3577/3577 3578/3578 3576/3576
f 3579/3579 3580/3580 3581/3581
f 3579/3579 3581/3581 3578/3578
f 3579/3579 3578/3578 3577/3577
f 3580/3580 3579/3579 3545/3545
f 3545/3545 3544/3544 3580/3580
f 3481/3481 3582/3582 3583/3583
f 3583/3583 3486/3486 3482/3482
f 3481/3481 3583/3583 3482/3482
f 3492/3492 3491/3491 3584/3584
f 3584/3584 3494/3494 3492/3492
f 3585/3585 3586/3586 3483/3483
f 3587/3587 3483/3483 3586/3586
f 3586/3586 3588/3588 3587/3587
f 3584/3584 3589/3589 3590/3590
f 3590/3590 3591/3591 3584/3584
f 3591/3591 3592/3592 3584/3584
f 3593/3593 3484/3484 3483/3483
f 3483/3483 3587/3587 3593/3593
f 3487/3487 3484/3484 3593/3593
f 3593/3593 3594/3594 3487/3487
f 3595/3595 3491/3491 3490/3490
f 3490/3490 3596/3596 3595/3595
f 3584/3584 3491/3491 3595/3595
f 3595/3595 3589/3589 3584/3584
f 3597/3597 3598/3598 3573/3573
f 3573/3573 3576/3576 3597/3597
f 3599/3599 3597/3597 3576/3576
f 3576/3576 3578/3578 3599/3599
f 3600/3600 3599/3599 3578/3578
f 3578/3578 3581/3581 3600/3600
f 3590/3590 3589/3589 3601/3601
f 3602/3602 3601/3601 3589/3589
f 3589/3589 3595/3595 3602/3602
f 3603/3603 3602/3602 3595/3595
f 3595/3595 3596/3596 3603/3603
f 3604/3604 3605/3605 3594/3594
f 3594/3594 3593/3593 3604/3604
f 3606/3606 3604/3604 3593/3593
f 3593/3593 3587/3587 3606/3606
f 3587/3587 3588/3588 3606/3606
f 3598/3598 3607/3607 3574/3574
f 3574/3574 3573/3573 3598/3598
f 3608/3608 3503/3503 3466/3466
f 3465/3465 3609/3609 3610/3610
f 3466/3466 3465/3465 3610/3610
f 3608/3608 3466/3466 3610/3610
f 3474/3474 3508/3508 3611/3611
f 3474/3474 3611/3611 3612/3612
f 3612/3612 3613/3613 3471/3471
f 3474/3474 3612/3612 3471/3471
f 3614/3614 3615/3615 3616/3616
f 3467/3467 3617/3617 3468/3468
f 3618/3618 3616/3616 3615/3615
f 3615/3615 3619/3619 3618/3618
f 3620/3620 3621/3621 3622/3622
f 3622/3622 3623/3623 3620/3620
f 3621/3621 3620/3620 3624/3624
f 3624/3624 3625/3625 3621/3621
f 3626/3626 3627/3627 3628/3628
f 3628/3628 3629/3629 3626/3626
f 3627/3627 3630/3630 3631/3631
f 3631/3631 3628/3628 3627/3627
f 3621/3621 3468/3468 3617/3617
f 3617/3617 3622/3622 3621/3621
f 3625/3625 3469/3469 3468/3468
f 3468/3468 3621/3621 3625/3625
f 3616/3616 3618/3618 3629/3629
f 3629/3629 3628/3628 3616/3616
f 3614/3614 3616/3616 3628/3628
f 3628/3628 3631/3631 3614/3614
f 3632/3632 3633/3633 3557/3557
f 3557/3557 3559/3559 3632/3632
f 3630/3630 3627/3627 3634/3634
f 3635/3635 3634/3634 3627/3627
f 3627/3627 3626/3626 3635/3635
f 3636/3636 3637/3637 3624/3624
f 3624/3624 3620/3620 3636/3636
f 3620/3620 3623/3623 3636/3636
f 3633/3633 3638/3638 3555/3555
f 3555/3555 3557/3557 3633/3633
f 3639/3639 3640/3640 3641/3641
f 3641/3641 3642/3642 3639/3639
f 3640/3640 3643/3643 3644/3644
f 3644/3644 3641/3641 3640/3640
f 3643/3643 3645/3645 3646/3646
f 3646/3646 3644/3644 3643/3643
f 3645/3645 3647/3647 3648/3648
f 3648/3648 3646/3646 3645/3645
f 3649/3649 3650/3650 3651/3651
f 3651/3651 3652/3652 3649/3649
f 3653/3653 3654/3654 3655/3655
f 3655/3655 3656/3656 3653/3653
f 3656/3656 3655/3655 3657/3657
f 3657/3657 3658/3658 3656/3656
f 3658/3658 3657/3657 3659/3659
f 3659/3659 3660/3660 3658/3658
f 3660/3660 3659/3659 3661/3661
f 3661/3661 3662/3662 3660/3660
f 3662/3662 3661/3661 3663/3663
f 3663/3663 3664/3664 3662/3662
f 3665/3665 3666/3666 3667/3667
f 3667/3667 3668/3668 3665/3665
f 3668/3668 3667/3667 3669/3669
f 3669/3669 3670/3670 3668/3668
f 3671/3671 3672/3672 3673/3673
f 3673/3673 3674/3674 3671/3671
f 3675/3675 3676/3676 3677/3677
f 3678/3678 3675/3675 3677/3677
f 3678/3678 3677/3677 3679/3679
f 3678/3678 3639/3639 3642/3642
f 3642/3642 3675/3675 3678/3678
f 3680/3680 3681/3681 3640/3640
f 3640/3640 3639/3639 3680/3680
f 3681/3681 3682/3682 3643/3643
f 3643/3643 3640/3640 3681/3681
f 3682/3682 3683/3683 3645/3645
f 3645/3645 3643/3643 3682/3682
f 3645/3645 3683/3683 3684/3684
f 3684/3684 3647/3647 3645/3645
f 3647/3647 3684/3684 3685/3685
f 3685/3685 3686/3686 3647/3647
f 3686/3686 3685/3685 3687/3687
f 3687/3687 3688/3688 3686/3686
f 3689/3689 3690/3690 3691/3691
f 3691/3691 3692/3692 3689/3689
f 3691/3691 3693/3693 3654/3654
f 3654/3654 3692/3692 3691/3691
f 3654/3654 3693/3693 3694/3694
f 3694/3694 3655/3655 3654/3654
f 3655/3655 3694/3694 3695/3695
f 3695/3695 3657/3657 3655/3655
f 3657/3657 3695/3695 3696/3696
f 3696/3696 3659/3659 3657/3657
f 3659/3659 3696/3696 3697/3697
f 3697/3697 3661/3661 3659/3659
f 3661/3661 3697/3697 3698/3698
f 3698/3698 3663/3663 3661/3661
f 3699/3699 3667/3667 3666/3666
f 3699/3699 3666/3666 3663/3663
f 3699/3699 3663/3663 3698/3698
f 3667/3667 3699/3699 3700/3700
f 3700/3700 3669/3669 3667/3667
f 3701/3701 3702/3702 3672/3672
f 3672/3672 3671/3671 3701/3701
f 3702/3702 3703/3703 3678/3678
f 3702/3702 3678/3678 3679/3679
f 3702/3702 3679/3679 3672/3672
f 3703/3703 3680/3680 3639/3639
f 3639/3639 3678/3678 3703/3703
f 3704/3704 3705/3705 3706/3706
f 3707/3707 3704/3704 3706/3706
f 3706/3706 3708/3708 3707/3707
f 3709/3709 3707/3707 3708/3708
f 3708/3708 3710/3710 3709/3709
f 3711/3711 3709/3709 3710/3710
f 3710/3710 3712/3712 3711/3711
f 3713/3713 3711/3711 3712/3712
f 3712/3712 3714/3714 3713/3713
f 3715/3715 3713/3713 3714/3714
f 3714/3714 3716/3716 3715/3715
f 3717/3717 3715/3715 3716/3716
f 3716/3716 3718/3718 3717/3717
f 3719/3719 3720/3720 3721/3721
f 3722/3722 3723/3723 3724/3724
f 3725/3725 3726/3726 3727/3727
f 3728/3728 3729/3729 3730/3730
f 3730/3730 3731/3731 3728/3728
f 3729/3729 3732/3732 3733/3733
f 3733/3733 3730/3730 3729/3729
f 3732/3732 3734/3734 3735/3735
f 3735/3735 3733/3733 3732/3732
f 3734/3734 3736/3736 3737/3737
f 3737/3737 3735/3735 3734/3734
f 3736/3736 3738/3738 3739/3739
f 3739/3739 3737/3737 3736/3736
f 3740/3740 3739/3739 3738/3738
f 3738/3738 3741/3741 3740/3740
f 3742/3742 3740/3740 3741/3741
f 3741/3741 3743/3743 3742/3742
f 3743/3743 3744/3744 3745/3745
f 3745/3745 3742/3742 3743/3743
f 3744/3744 3746/3746 3747/3747
f 3747/3747 3745/3745 3744/3744
f 3746/3746 3748/3748 3749/3749
f 3749/3749 3747/3747 3746/3746
f 3748/3748 3750/3750 3751/3751
f 3751/3751 3749/3749 3748/3748
f 3750/3750 3752/3752 3753/3753
f 3753/3753 3751/3751 3750/3750
f 3752/3752 3754/3754 3755/3755
f 3755/3755 3753/3753 3752/3752
f 3756/3756 3755/3755 3754/3754
f 3756/3756 3754/3754 3757/3757
f 3756/3756 3757/3757 3758/3758
f 3758/3758 3759/3759 3760/3760
f 3760/3760 3756/3756 3758/3758
f 3759/3759 3761/3761 3762/3762
f 3762/3762 3760/3760 3759/3759
f 3763/3763 3762/3762 3761/3761
f 3763/3763 3761/3761 3764/3764
f 3763/3763 3764/3764 3765/3765
f 3765/3765 3728/3728 3731/3731
f 3731/3731 3763/3763 3765/3765
f 3663/3663 3666/3666 3766/3766
f 3664/3664 3663/3663 3766/3766
f 3664/3664 3766/3766 3767/3767
f 3672/3672 3679/3679 3768/3768
f 3768/3768 3673/3673 3672/3672
f 3769/3769 3665/3665 3770/3770
f 3771/3771 3772/3772 3770/3770
f 3770/3770 3665/3665 3771/3771
f 3768/3768 3773/3773 3774/3774
f 3774/3774 3775/3775 3768/3768
f 3773/3773 3768/3768 3776/3776
f 3777/3777 3771/3771 3665/3665
f 3665/3665 3668/3668 3777/3777
f 3670/3670 3778/3778 3777/3777
f 3777/3777 3668/3668 3670/3670
f 3779/3779 3780/3780 3674/3674
f 3674/3674 3673/3673 3779/3779
f 3768/3768 3775/3775 3779/3779
f 3779/3779 3673/3673 3768/3768
f 3781/3781 3759/3759 3758/3758
f 3758/3758 3782/3782 3781/3781
f 3783/3783 3761/3761 3759/3759
f 3759/3759 3781/3781 3783/3783
f 3784/3784 3764/3764 3761/3761
f 3761/3761 3783/3783 3784/3784
f 3774/3774 3785/3785 3775/3775
f 3786/3786 3779/3779 3775/3775
f 3775/3775 3785/3785 3786/3786
f 3787/3787 3780/3780 3779/3779
f 3779/3779 3786/3786 3787/3787
f 3788/3788 3777/3777 3778/3778
f 3778/3778 3789/3789 3788/3788
f 3790/3790 3771/3771 3777/3777
f 3777/3777 3788/3788 3790/3790
f 3771/3771 3790/3790 3772/3772
f 3782/3782 3758/3758 3757/3757
f 3757/3757 3791/3791 3782/3782
f 3792/3792 3793/3793 3648/3648
f 3792/3792 3648/3648 3647/3647
f 3794/3794 3792/3792 3647/3647
f 3794/3794 3647/3647 3686/3686
f 3653/3653 3795/3795 3796/3796
f 3654/3654 3653/3653 3796/3796
f 3654/3654 3796/3796 3797/3797
f 3654/3654 3797/3797 3692/3692
f 3798/3798 3799/3799 3800/3800
f 3649/3649 3652/3652 3801/3801
f 3802/3802 3803/3803 3800/3800
f 3800/3800 3799/3799 3802/3802
f 3804/3804 3805/3805 3806/3806
f 3806/3806 3807/3807 3804/3804
f 3807/3807 3808/3808 3809/3809
f 3809/3809 3804/3804 3807/3807
f 3810/3810 3811/3811 3812/3812
f 3812/3812 3813/3813 3810/3810
f 3813/3813 3812/3812 3814/3814
f 3814/3814 3815/3815 3813/3813
f 3807/3807 3806/3806 3801/3801
f 3801/3801 3652/3652 3807/3807
f 3808/3808 3807/3807 3652/3652
f 3652/3652 3651/3651 3808/3808
f 3799/3799 3812/3812 3811/3811
f 3811/3811 3802/3802 3799/3799
f 3798/3798 3814/3814 3812/3812
f 3812/3812 3799/3799 3798/3798
f 3816/3816 3743/3743 3741/3741
f 3741/3741 3817/3817 3816/3816
f 3815/3815 3818/3818 3813/3813
f 3819/3819 3810/3810 3813/3813
f 3813/3813 3818/3818 3819/3819
f 3820/3820 3804/3804 3809/3809
f 3809/3809 3821/3821 3820/3820
f 3804/3804 3820/3820 3805/3805
f 3817/3817 3741/3741 3738/3738
f 3738/3738 3822/3822 3817/3817
f 3823/3823 3824/3824 3825/3825
f 3825/3825 3826/3826 3823/3823
f 3827/3827 3828/3828 3829/3829
f 3829/3829 3830/3830 3827/3827
f 3831/3831 3828/3828 3827/3827
f 3827/3827 3832/3832 3831/3831
f 3826/3826 3825/3825 3833/3833
f 3833/3833 3834/3834 3826/3826
f 3834/3834 3835/3835 3836/3836
f 3836/3836 3826/3826 3834/3834
f 3826/3826 3836/3836 3837/3837
f 3837/3837 3823/3823 3826/3826
f 3830/3830 3838/3838 3839/3839
f 3839/3839 3827/3827 3830/3830
f 3839/3839 3840/3840 3832/3832
f 3832/3832 3827/3827 3839/3839
f 3841/3841 3842/3842 3843/3843
f 3844/3844 3843/3843 3842/3842
f 3845/3845 3846/3846 3847/3847
f 3848/3848 3847/3847 3846/3846
f 3845/3845 3849/3849 3846/3846
f 3850/3850 3846/3846 3849/3849
f 3843/3843 3844/3844 3851/3851
f 3852/3852 3851/3851 3844/3844
f 3853/3853 3852/3852 3854/3854
f 3844/3844 3854/3854 3852/3852
f 3854/3854 3844/3844 3855/3855
f 3842/3842 3855/3855 3844/3844
f 3856/3856 3848/3848 3857/3857
f 3846/3846 3857/3857 3848/3848
f 3858/3858 3857/3857 3850/3850
f 3846/3846 3850/3850 3857/3857
f 3859/3859 3860/3860 3861/3861
f 3861/3861 3862/3862 3859/3859
f 3863/3863 3864/3864 3865/3865
f 3865/3865 3866/3866 3863/3863
f 3865/3865 3864/3864 3867/3867
f 3867/3867 3868/3868 3865/3865
f 3869/3869 3859/3859 3862/3862
f 3862/3862 3870/3870 3869/3869
f 3871/3871 3872/3872 3870/3870
f 3870/3870 3862/3862 3871/3871
f 3873/3873 3871/3871 3862/3862
f 3862/3862 3861/3861 3873/3873
f 3874/3874 3875/3875 3866/3866
f 3866/3866 3865/3865 3874/3874
f 3868/3868 3876/3876 3874/3874
f 3874/3874 3865/3865 3868/3868
f 3877/3877 3878/3878 3879/3879
f 3879/3879 3880/3880 3877/3877
f 3881/3881 3882/3882 3883/3883
f 3883/3883 3884/3884 3881/3881
f 3885/3885 3882/3882 3881/3881
f 3881/3881 3886/3886 3885/3885
f 3880/3880 3879/3879 3887/3887
f 3887/3887 3888/3888 3880/3880
f 3888/3888 3889/3889 3890/3890
f 3890/3890 3880/3880 3888/3888
f 3880/3880 3890/3890 3891/3891
f 3891/3891 3877/3877 3880/3880
f 3884/3884 3892/3892 3893/3893
f 3893/3893 3881/3881 3884/3884
f 3893/3893 3894/3894 3886/3886
f 3886/3886 3881/3881 3893/3893
f 3895/3895 3896/3896 3897/3897
f 3897/3897 3898/3898 3899/3899
f 3898/3898 3897/3897 3896/3896
f 3900/3900 3901/3901 3902/3902
f 3903/3903 3904/3904 3905/3905
f 3905/3905 3904/3904 3906/3906
f 3907/3907 3908/3908 3909/3909
f 3910/3910 3909/3909 3911/3911
f 3909/3909 3910/3910 3907/3907
f 3912/3912 3913/3913 3914/3914
f 3915/3915 3916/3916 3917/3917
f 3915/3915 3917/3917 3918/3918
f 3919/3919 3920/3920 3921/3921
f 3921/3921 3922/3922 3919/3919
f 3923/3923 3919/3919 3922/3922
f 3922/3922 3924/3924 3923/3923
f 3925/3925 3926/3926 3927/3927
f 3928/3928 3929/3929 3930/3930
f 3931/3931 3932/3932 3929/3929
f 3929/3929 3928/3928 3931/3931
f 3933/3933 3934/3934 3935/3935
f 3935/3935 3936/3936 3933/3933
f 3937/3937 3938/3938 3934/3934
f 3934/3934 3933/3933 3937/3937
f 3939/3939 3940/3940 3941/3941
f 3942/3942 3943/3943 3944/3944
f 3945/3945 3944/3944 3946/3946
f 3944/3944 3945/3945 3942/3942
f 3947/3947 3948/3948 3949/3949
f 3950/3950 3951/3951 3952/3952
f 3953/3953 3954/3954 3955/3955
f 3956/3956 3957/3957 3958/3958
f 3959/3959 3960/3960 3961/3961
f 3962/3962 3961/3961 3963/3963
f 3961/3961 3960/3960 3963/3963
f 3964/3964 3965/3965 3966/3966
f 3967/3967 3968/3968 3969/3969
f 3970/3970 3971/3971 3972/3972
f 3973/3973 3974/3974 3975/3975
f 3976/3976 3977/3977 3978/3978
f 3979/3979 3980/3980 3981/3981
f 3982/3982 3983/3983 3984/3984
f 3985/3985 3986/3986 3987/3987
f 3988/3988 3989/3989 3990/3990
f 3990/3990 3991/3991 3992/3992
f 3988/3988 3990/3990 3992/3992
f 3993/3993 3994/3994 3995/3995
f 3996/3996 3997/3997 3998/3998
f 3999/3999 4000/4000 4001/4001
f 4002/4002 4003/4003 4004/4004
f 4005/4005 4006/4006 4007/4007
f 4005/4005 4007/4007 4008/4008
f 4009/4009 4005/4005 4010/4010
f 4005/4005 4009/4009 4011/4011
f 4011/4011 4006/4006 4005/4005
f 4012/4012 4008/4008 4007/4007
f 4007/4007 4013/4013 4012/4012
f 4014/4014 4015/4015 4016/4016
f 4014/4014 4017/4017 4015/4015
f 4018/4018 4019/4019 4014/4014
f 4020/4020 4018/4018 4014/4014
f 4014/4014 4016/4016 4020/4020
f 4015/4015 4017/4017 4021/4021
f 4021/4021 4022/4022 4015/4015
f 4023/4023 4024/4024 4025/4025
f 4025/4025 4026/4026 4023/4023
f 4027/4027 4028/4028 4026/4026
f 4026/4026 4025/4025 4027/4027
f 4029/4029 4030/4030 4031/4031
f 4031/4031 4032/4032 4029/4029
f 4033/4033 4034/4034 4035/4035
f 4030/4030 4029/4029 4036/4036
f 4036/4036 4037/4037 4030/4030
f 4029/4029 4038/4038 4039/4039
f 4039/4039 4036/4036 4029/4029
f 4040/4040 4041/4041 4042/4042
f 4038/4038 4029/4029 4032/4032
f 4032/4032 4043/4043 4038/4038
f 4044/4044 4045/4045 4046/4046
f 4047/4047 4048/4048 4049/4049
f 4050/4050 4051/4051 4052/4052
f 4052/4052 4053/4053 4050/4050
f 4054/4054 4055/4055 4056/4056
f 4051/4051 4050/4050 4057/4057
f 4057/4057 4058/4058 4051/4051
f 4059/4059 4060/4060 4061/4061
f 4062/4062 4063/4063 4064/4064
f 4064/4064 4065/4065 4062/4062
f 4065/4065 4064/4064 4066/4066
f 4066/4066 4067/4067 4065/4065
f 4067/4067 4066/4066 4068/4068
f 4068/4068 4069/4069 4067/4067
f 4069/4069 4068/4068 4070/4070
f 4070/4070 4071/4071 4069/4069
f 4071/4071 4070/4070 4072/4072
f 4072/4072 4073/4073 4071/4071
f 4073/4073 4072/4072 4063/4063
f 4063/4063 4062/4062 4073/4073
f 4074/4074 4075/4075 4076/4076
f 4077/4077 4078/4078 4079/4079
f 4080/4080 4081/4081 4082/4082
f 4083/4083 4084/4084 4085/4085
f 4086/4086 4087/4087 4088/4088
f 4089/4089 4090/4090 4091/4091
f 4092/4092 4093/4093 4094/4094
f 4095/4095 4096/4096 4097/4097
f 4098/4098 4099/4099 4100/4100
f 4100/4100 4101/4101 4098/4098
f 4101/4101 4100/4100 4102/4102
f 4102/4102 4103/4103 4101/4101
f 4103/4103 4102/4102 4104/4104
f 4104/4104 4105/4105 4103/4103
f 4105/4105 4104/4104 4106/4106
f 4106/4106 4107/4107 4105/4105
f 4107/4107 4106/4106 4108/4108
f 4108/4108 4109/4109 4107/4107
f 4109/4109 4108/4108 4099/4099
f 4099/4099 4098/4098 4109/4109
f 4110/4110 4111/4111 4112/4112
f 4113/4113 4114/4114 4115/4115
f 4116/4116 4117/4117 4118/4118
f 4119/4119 4120/4120 4121/4121
f 4122/4122 4123/4123 4124/4124
f 4124/4124 4125/4125 4122/4122
f 4125/4125 4124/4124 4126/4126
f 4126/4126 4127/4127 4125/4125
f 4127/4127 4126/4126 4128/4128
f 4128/4128 4129/4129 4127/4127
f 4129/4129 4128/4128 4130/4130
f 4130/4130 4131/4131 4129/4129
f 4131/4131 4130/4130 4132/4132
f 4132/4132 4133/4133 4131/4131
f 4133/4133 4132/4132 4123/4123
f 4123/4123 4122/4122 4133/4133
f 4134/4134 4135/4135 4136/4136
f 4137/4137 4138/4138 4139/4139
f 4140/4140 4141/4141 4142/4142
f 4143/4143 4144/4144 4145/4145
f 4146/4146 4147/4147 4148/4148
f 4149/4149 4150/4150 4151/4151
f 4152/4152 4153/4153 4154/4154
f 4155/4155 4156/4156 4157/4157
f 4158/4158 4159/4159 4160/4160
f 4161/4161 4162/4162 4163/4163
f 4164/4164 4165/4165 4166/4166
f 4167/4167 4168/4168 4169/4169
f 4170/4170 4171/4171 4172/4172
f 4172/4172 4173/4173 4170/4170
f 4174/4174 4175/4175 4176/4176
f 4177/4177 4178/4178 4179/4179
f 4180/4180 4181/4181 4182/4182
f 4182/4182 4183/4183 4180/4180
f 4184/4184 4185/4185 4186/4186
f 4187/4187 4188/4188 4189/4189
f 4190/4190 4191/4191 4192/4192
f 4193/4193 4194/4194 4195/4195
f 4196/4196 4197/4197 4198/4198
f 4199/4199 4200/4200 4201/4201
f 4202/4202 4203/4203 4204/4204
f 4205/4205 4206/4206 4207/4207
f 4208/4208 4209/4209 4210/4210
f 4211/4211 4212/4212 4213/4213
f 4214/4214 4215/4215 4216/4216
f 4217/4217 4218/4218 4219/4219
f 4220/4220 4221/4221 4222/4222
f 4222/4222 4223/4223 4220/4220
f 4224/4224 4225/4225 4226/4226
f 4227/4227 4226/4226 4225/4225
f 4228/4228 4229/4229 4230/4230
f 4230/4230 4231/4231 4228/4228
f 4231/4231 4230/4230 4232/4232
f 4232/4232 4233/4233 4231/4231
f 4233/4233 4232/4232 4234/4234
f 4234/4234 4235/4235 4233/4233
f 4235/4235 4234/4234 4236/4236
f 4236/4236 4237/4237 4235/4235
f 4237/4237 4236/4236 4238/4238
f 4238/4238 4239/4239 4237/4237
f 4239/4239 4238/4238 4229/4229
f 4229/4229 4228/4228 4239/4239
f 4240/4240 4241/4241 4242/4242
f 4242/4242 4243/4243 4240/4240
f 4243/4243 4242/4242 4244/4244
f 4244/4244 4245/4245 4243/4243
f 4245/4245 4244/4244 4246/4246
f 4246/4246 4247/4247 4245/4245
f 4247/4247 4246/4246 4248/4248
f 4248/4248 4249/4249 4247/4247
f 4249/4249 4248/4248 4250/4250
f 4250/4250 4251/4251 4249/4249
f 4251/4251 4250/4250 4241/4241
f 4241/4241 4240/4240 4251/4251
f 4252/4252 4253/4253 4254/4254
f 4255/4255 4256/4256 4257/4257
f 4258/4258 4259/4259 4260/4260
f 4261/4261 4262/4262 4263/4263
f 4264/4264 4265/4265 4266/4266
f 4266/4266 4267/4267 4264/4264
f 4267/4267 4266/4266 4268/4268
f 4268/4268 4269/4269 4267/4267
f 4269/4269 4268/4268 4270/4270
f 4270/4270 4271/4271 4269/4269
f 4271/4271 4270/4270 4272/4272
f 4272/4272 4273/4273 4271/4271
f 4273/4273 4272/4272 4274/4274
f 4274/4274 4275/4275 4273/4273
f 4275/4275 4274/4274 4265/4265
f 4265/4265 4264/4264 4275/4275
f 4276/4276 4277/4277 4278/4278
f 4278/4278 4279/4279 4276/4276
f 4279/4279 4278/4278 4280/4280
f 4280/4280 4281/4281 4279/4279
f 4281/4281 4280/4280 4282/4282
f 4282/4282 4283/4283 4281/4281
f 4283/4283 4282/4282 4284/4284
f 4284/4284 4285/4285 4283/4283
f 4285/4285 4284/4284 4286/4286
f 4286/4286 4287/4287 4285/4285
f 4287/4287 4286/4286 4277/4277
f 4277/4277 4276/4276 4287/4287
f 4288/4288 4289/4289 4290/4290
f 4291/4291 4292/4292 4293/4293
f 4294/4294 4295/4295 4296/4296
f 4297/4297 4298/4298 4299/4299
f 4300/4300 4301/4301 4302/4302
f 4303/4303 4304/4304 4305/4305
f 4306/4306 4307/4307 4308/4308
f 4309/4309 4306/4306 4308/4308
f 4309/4309 4308/4308 4310/4310
f 4311/4311 4312/4312 4313/4313
f 4314/4314 4315/4315 4316/4316
f 4317/4317 4318/4318 4319/4319
f 4320/4320 4321/4321 4322/4322
f 4323/4323 4320/4320 4322/4322
f 4324/4324 4325/4325 4326/4326
f 4327/4327 4328/4328 4329/4329
f 4330/4330 4331/4331 4332/4332
f 4333/4333 4334/4334 4335/4335
f 4336/4336 4337/4337 4338/4338
f 4338/4338 4339/4339 4336/4336
f 4340/4340 4341/4341 4342/4342
f 4343/4343 4344/4344 4345/4345
f 4346/4346 4347/4347 4348/4348
f 4349/4349 4350/4350 4351/4351
f 4352/4352 4353/4353 4354/4354
f 4355/4355 4356/4356 4357/4357
f 4358/4358 4359/4359 4360/4360
f 4361/4361 4362/4362 4363/4363
f 4364/4364 4365/4365 4366/4366
f 4367/4367 4368/4368 4369/4369
f 4370/4370 4371/4371 4372/4372
f 4373/4373 4374/4374 4375/4375
f 4376/4376 4377/4377 4378/4378
f 4379/4379 4380/4380 4381/4381
f 4382/4382 4383/4383 4384/4384
f 4385/4385 4386/4386 4387/4387
f 4388/4388 4389/4389 4390/4390
f 4391/4391 4392/4392 4393/4393
f 4394/4394 4395/4395 4396/4396
f 4396/4396 4397/4397 4398/4398
f 4394/4394 4396/4396 4398/4398
f 4396/4396 4395/4395 4399/4399
f 4399/4399 4400/4400 4396/4396
f 4401/4401 4402/4402 4403/4403
f 4403/4403 4404/4404 4401/4401
f 4405/4405 4406/4406 4404/4404
f 4404/4404 4403/4403 4405/4405
f 4407/4407 4408/4408 4409/4409
f 4409/4409 4410/4410 4407/4407
f 4411/4411 4412/4412 4413/4413
f 4413/4413 4414/4414 4411/4411
f 4407/4407 4410/4410 4413/4413
f 4413/4413 4412/4412 4407/4407
f 4415/4415 4416/4416 4417/4417
f 4418/4418 4409/4409 4408/4408
f 4408/4408 4419/4419 4418/4418
f 4420/4420 4421/4421 4422/4422
f 4422/4422 4423/4423 4420/4420
f 4421/4421 4424/4424 4425/4425
f 4425/4425 4422/4422 4421/4421
f 4424/4424 4426/4426 4427/4427
f 4427/4427 4425/4425 4424/4424
f 4426/4426 4428/4428 4429/4429
f 4429/4429 4427/4427 4426/4426
f 4428/4428 4430/4430 4431/4431
f 4431/4431 4429/4429 4428/4428
f 4430/4430 4420/4420 4423/4423
f 4423/4423 4431/4431 4430/4430
f 4432/4432 4433/4433 4434/4434
f 4435/4435 4436/4436 4437/4437
f 4438/4438 4439/4439 4440/4440
f 4441/4441 4442/4442 4443/4443
f 4444/4444 4445/4445 4446/4446
f 4447/4447 4448/4448 4449/4449
f 4450/4450 4451/4451 4452/4452
f 4453/4453 4454/4454 4455/4455
f 4456/4456 4457/4457 4458/4458
f 4458/4458 4459/4459 4456/4456
f 4457/4457 4460/4460 4461/4461
f 4461/4461 4458/4458 4457/4457
f 4460/4460 4462/4462 4463/4463
f 4463/4463 4461/4461 4460/4460
f 4462/4462 4464/4464 4465/4465
f 4465/4465 4463/4463 4462/4462
f 4464/4464 4466/4466 4467/4467
f 4467/4467 4465/4465 4464/4464
f 4466/4466 4456/4456 4459/4459
f 4459/4459 4467/4467 4466/4466
f 4468/4468 4469/4469 4470/4470
f 4471/4471 4472/4472 4473/4473
f 4474/4474 4475/4475 4476/4476
f 4477/4477 4478/4478 4479/4479
f 4480/4480 4481/4481 4482/4482
f 4482/4482 4483/4483 4480/4480
f 4481/4481 4484/4484 4485/4485
f 4485/4485 4482/4482 4481/4481
f 4484/4484 4486/4486 4487/4487
f 4487/4487 4485/4485 4484/4484
f 4486/4486 4488/4488 4489/4489
f 4489/4489 4487/4487 4486/4486
f 4488/4488 4490/4490 4491/4491
f 4491/4491 4489/4489 4488/4488
f 4490/4490 4480/4480 4483/4483
f 4483/4483 4491/4491 4490/4490
f 4492/4492 4493/4493 4494/4494
f 4494/4494 4495/4495 4492/4492
f 4496/4496 4497/4497 4498/4498
f 4499/4499 4500/4500 4501/4501
f 4502/4502 4503/4503 4504/4504
f 4505/4505 4506/4506 4507/4507
f 4508/4508 4509/4509 4510/4510
f 4511/4511 4512/4512 4513/4513
f 4514/4514 4515/4515 4516/4516
f 4517/4517 4518/4518 4519/4519
f 4520/4520 4521/4521 4522/4522
f 4523/4523 4524/4524 4525/4525
f 4526/4526 4527/4527 4528/4528
f 4528/4528 4529/4529 4526/4526
f 4530/4530 4531/4531 4532/4532
f 4533/4533 4534/4534 4535/4535
f 4536/4536 4537/4537 4538/4538
f 4538/4538 4539/4539 4536/4536
f 4540/4540 4541/4541 4542/4542
f 4543/4543 4544/4544 4545/4545
f 4546/4546 4547/4547 4548/4548
f 4549/4549 4550/4550 4551/4551
f 4552/4552 4553/4553 4554/4554
f 4555/4555 4556/4556 4557/4557
f 4558/4558 4559/4559 4560/4560
f 4561/4561 4562/4562 4563/4563
f 4564/4564 4565/4565 4566/4566
f 4567/4567 4568/4568 4569/4569
f 4570/4570 4571/4571 4572/4572
f 4573/4573 4574/4574 4575/4575
f 4576/4576 4577/4577 4578/4578
f 4578/4578 4579/4579 4576/4576
f 4580/4580 4581/4581 4582/4582
f 4582/4582 4583/4583 4580/4580
f 4584/4584 4585/4585 4586/4586
f 4586/4586 4587/4587 4584/4584
f 4585/4585 4588/4588 4589/4589
f 4589/4589 4586/4586 4585/4585
f 4588/4588 4590/4590 4591/4591
f 4591/4591 4589/4589 4588/4588
f 4590/4590 4592/4592 4593/4593
f 4593/4593 4591/4591 4590/4590
f 4592/4592 4594/4594 4595/4595
f 4595/4595 4593/4593 4592/4592
f 4594/4594 4584/4584 4587/4587
f 4587/4587 4595/4595 4594/4594
f 4596/4596 4597/4597 4598/4598
f 4598/4598 4599/4599 4596/4596
f 4597/4597 4600/4600 4601/4601
f 4601/4601 4598/4598 4597/4597
f 4600/4600 4602/4602 4603/4603
f 4603/4603 4601/4601 4600/4600
f 4602/4602 4604/4604 4605/4605
f 4605/4605 4603/4603 4602/4602
f 4604/4604 4606/4606 4607/4607
f 4607/4607 4605/4605 4604/4604
f 4606/4606 4596/4596 4599/4599
f 4599/4599 4607/4607 4606/4606
f 4608/4608 4609/4609 4610/4610
f 4611/4611 4612/4612 4613/4613
f 4614/4614 4615/4615 4616/4616
f 4617/4617 4618/4618 4619/4619
f 4620/4620 4621/4621 4622/4622
f 4622/4622 4623/4623 4620/4620
f 4621/4621 4624/4624 4625/4625
f 4625/4625 4622/4622 4621/4621
f 4624/4624 4626/4626 4627/4627
f 4627/4627 4625/4625 4624/4624
f 4626/4626 4628/4628 4629/4629
f 4629/4629 4627/4627 4626/4626
f 4628/4628 4630/4630 4631/4631
f 4631/4631 4629/4629 4628/4628
f 4630/4630 4620/4620 4623/4623
f 4623/4623 4631/4631 4630/4630
f 4632/4632 4633/4633 4634/4634
f 4634/4634 4635/4635 4632/4632
f 4633/4633 4636/4636 4637/4637
f 4637/4637 4634/4634 4633/4633
f 4636/4636 4638/4638 4639/4639
f 4639/4639 4637/4637 4636/4636
f 4638/4638 4640/4640 4641/4641
f 4641/4641 4639/4639 4638/4638
f 4640/4640 4642/4642 4643/4643
f 4643/4643 4641/4641 4640/4640
f 4642/4642 4632/4632 4635/4635
f 4635/4635 4643/4643 4642/4642
f 4644/4644 4645/4645 4646/4646
f 4647/4647 4648/4648 4649/4649
f 4650/4650 4651/4651 4652/4652
f 4653/4653 4654/4654 4655/4655
f 4656/4656 4657/4657 4658/4658
f 4659/4659 4656/4656 4658/4658
f 4659/4659 4658/4658 4660/4660
f 4658/4658 4661/4661 4662/4662
f 4662/4662 4660/4660 4658/4658
f 4663/4663 4664/4664 4665/4665
f 4665/4665 4666/4666 4663/4663
f 4667/4667 4665/4665 4664/4664
f 4664/4664 4668/4668 4667/4667
f 4669/4669 4670/4670 4671/4671
f 4671/4671 4672/4672 4669/4669
f 4673/4673 4674/4674 4675/4675
f 4675/4675 4676/4676 4673/4673
f 4669/4669 4676/4676 4675/4675
f 4675/4675 4670/4670 4669/4669
f 4677/4677 4678/4678 4679/4679
f 4680/4680 4681/4681 4672/4672
f 4672/4672 4671/4671 4680/4680
f 4682/4682 4683/4683 4684/4684
f 4685/4685 4686/4686 4687/4687
f 4688/4688 4689/4689 4690/4690
f 4691/4691 4692/4692 4693/4693
f 4694/4694 4695/4695 4696/4696
f 4697/4697 4698/4698 4699/4699
f 4700/4700 4701/4701 4702/4702
f 4703/4703 4704/4704 4705/4705
f 4706/4706 4707/4707 4708/4708
f 4709/4709 4710/4710 4711/4711
f 4712/4712 4709/4709 4711/4711
f 4713/4713 4712/4712 4711/4711
f 4714/4714 4715/4715 4716/4716
f 4717/4717 4718/4718 4719/4719
f 4720/4720 4721/4721 4722/4722
f 4722/4722 4723/4723 4720/4720
f 4724/4724 4725/4725 4726/4726
f 4726/4726 4727/4727 4724/4724
f 4728/4728 4729/4729 4730/4730
f 4731/4731 4732/4732 4733/4733
f 4734/4734 4735/4735 4736/4736
f 4736/4736 4737/4737 4734/4734
f 4738/4738 4739/4739 4740/4740
f 4741/4741 4742/4742 4743/4743
f 4744/4744 4741/4741 4743/4743
f 4745/4745 4746/4746 4747/4747
f 4748/4748 4749/4749 4750/4750
f 4751/4751 4752/4752 4753/4753
f 4754/4754 4755/4755 4756/4756
f 4757/4757 4754/4754 4756/4756
f 4758/4758 4759/4759 4760/4760
f 4761/4761 4762/4762 4763/4763
f 4764/4764 4765/4765 4766/4766
f 4767/4767 4768/4768 4769/4769
f 4770/4770 4771/4771 4772/4772
f 4772/4772 4773/4773 4770/4770
f 4774/4774 4775/4775 4776/4776
f 4776/4776 4777/4777 4774/4774
f 4777/4777 4776/4776 4778/4778
f 4778/4778 4779/4779 4777/4777
f 4780/4780 4781/4781 4776/4776
f 4776/4776 4775/4775 4780/4780
f 4782/4782 4778/4778 4776/4776
f 4776/4776 4781/4781 4782/4782
f 4783/4783 4772/4772 4771/4771
f 4771/4771 4784/4784 4783/4783
f 4785/4785 4770/4770 4786/4786
f 4786/4786 4787/4787 4785/4785
f 4770/4770 4785/4785 4788/4788
f 4788/4788 4771/4771 4770/4770
f 4789/4789 4784/4784 4771/4771
f 4771/4771 4788/4788 4789/4789
f 4790/4790 4778/4778 4782/4782
f 4782/4782 4791/4791 4790/4790
f 4778/4778 4790/4790 4792/4792
f 4792/4792 4779/4779 4778/4778
f 4787/4787 4793/4793 4785/4785
f 4785/4785 4793/4793 4788/4788
f 4788/4788 4793/4793 4789/4789
f 4791/4791 4794/4794 4790/4790
f 4790/4790 4794/4794 4792/4792
f 4772/4772 4783/4783 4795/4795
f 4795/4795 4796/4796 4772/4772
f 4772/4772 4796/4796 4797/4797
f 4797/4797 4773/4773 4772/4772
f 4798/4798 4799/4799 4800/4800
f 4798/4798 4800/4800 4801/4801
f 4798/4798 4801/4801 4802/4802
f 4803/4803 4804/4804 4805/4805
f 4803/4803 4805/4805 4806/4806
f 4803/4803 4806/4806 4807/4807
f 4803/4803 4807/4807 4808/4808
f 4809/4809 4810/4810 4811/4811
f 4811/4811 4812/4812 4809/4809
f 4813/4813 4814/4814 4815/4815
f 4815/4815 4816/4816 4813/4813
f 4816/4816 4815/4815 4817/4817
f 4817/4817 4818/4818 4816/4816
f 4819/4819 4820/4820 4815/4815
f 4815/4815 4814/4814 4819/4819
f 4821/4821 4817/4817 4815/4815
f 4815/4815 4820/4820 4821/4821
f 4822/4822 4811/4811 4810/4810
f 4810/4810 4823/4823 4822/4822
f 4824/4824 4809/4809 4825/4825
f 4825/4825 4826/4826 4824/4824
f 4809/4809 4824/4824 4827/4827
f 4827/4827 4810/4810 4809/4809
f 4828/4828 4823/4823 4810/4810
f 4810/4810 4827/4827 4828/4828
f 4829/4829 4817/4817 4821/4821
f 4821/4821 4830/4830 4829/4829
f 4817/4817 4829/4829 4831/4831
f 4831/4831 4818/4818 4817/4817
f 4826/4826 4832/4832 4824/4824
f 4824/4824 4832/4832 4827/4827
f 4827/4827 4832/4832 4828/4828
f 4830/4830 4833/4833 4829/4829
f 4829/4829 4833/4833 4831/4831
f 4811/4811 4822/4822 4834/4834
f 4834/4834 4835/4835 4811/4811
f 4811/4811 4835/4835 4836/4836
f 4836/4836 4812/4812 4811/4811
f 4837/4837 4838/4838 4839/4839
f 4837/4837 4839/4839 4840/4840
f 4837/4837 4840/4840 4841/4841
f 4842/4842 4843/4843 4844/4844
f 4842/4842 4844/4844 4845/4845
f 4842/4842 4845/4845 4846/4846
f 4842/4842 4846/4846 4847/4847
f 4848/4848 4849/4849 4850/4850
f 4850/4850 4851/4851 4848/4848
f 4851/4851 4850/4850 4852/4852
f 4852/4852 4853/4853 4851/4851
f 4854/4854 4855/4855 4856/4856
f 4856/4856 4857/4857 4854/4854
f 4858/4858 4859/4859 4850/4850
f 4850/4850 4849/4849 4858/4858
f 4860/4860 4852/4852 4850/4850
f 4850/4850 4859/4859 4860/4860
f 4861/4861 4856/4856 4855/4855
f 4855/4855 4862/4862 4861/4861
f 4863/4863 4854/4854 4864/4864
f 4864/4864 4865/4865 4863/4863
f 4854/4854 4863/4863 4866/4866
f 4866/4866 4855/4855 4854/4854
f 4867/4867 4862/4862 4855/4855
f 4855/4855 4866/4866 4867/4867
f 4868/4868 4852/4852 4860/4860
f 4860/4860 4869/4869 4868/4868
f 4852/4852 4868/4868 4870/4870
f 4870/4870 4853/4853 4852/4852
f 4865/4865 4871/4871 4863/4863
f 4863/4863 4871/4871 4866/4866
f 4866/4866 4871/4871 4867/4867
f 4869/4869 4872/4872 4868/4868
f 4868/4868 4872/4872 4870/4870
f 4856/4856 4861/4861 4873/4873
f 4873/4873 4874/4874 4856/4856
f 4856/4856 4874/4874 4875/4875
f 4875/4875 4857/4857 4856/4856
f 4876/4876 4877/4877 4878/4878
f 4879/4879 4880/4880 4881/4881
f 4882/4882 4883/4883 4884/4884
f 4885/4885 4886/4886 4887/4887
f 4888/4888 4889/4889 4890/4890
f 4891/4891 4888/4888 4890/4890
f 4891/4891 4890/4890 4892/4892
f 4893/4893 4894/4894 4895/4895
f 4895/4895 4896/4896 4893/4893
f 4894/4894 4897/4897 4898/4898
f 4898/4898 4895/4895 4894/4894
f 4899/4899 4900/4900 4901/4901
f 4901/4901 4902/4902 4899/4899
f 4903/4903 4896/4896 4895/4895
f 4895/4895 4904/4904 4903/4903
f 4905/4905 4904/4904 4895/4895
f 4895/4895 4898/4898 4905/4905
f 4906/4906 4907/4907 4902/4902
f 4902/4902 4901/4901 4906/4906
f 4908/4908 4909/4909 4910/4910
f 4910/4910 4899/4899 4908/4908
f 4899/4899 4902/4902 4911/4911
f 4911/4911 4908/4908 4899/4899
f 4912/4912 4911/4911 4902/4902
f 4902/4902 4907/4907 4912/4912
f 4913/4913 4914/4914 4905/4905
f 4905/4905 4898/4898 4913/4913
f 4898/4898 4897/4897 4915/4915
f 4915/4915 4913/4913 4898/4898
f 4909/4909 4908/4908 4916/4916
f 4908/4908 4911/4911 4916/4916
f 4911/4911 4912/4912 4916/4916
f 4914/4914 4913/4913 4917/4917
f 4913/4913 4915/4915 4917/4917
f 4901/4901 4918/4918 4919/4919
f 4919/4919 4906/4906 4901/4901
f 4901/4901 4900/4900 4920/4920
f 4920/4920 4918/4918 4901/4901
f 4921/4921 4922/4922 4923/4923
f 4924/4924 4925/4925 4926/4926
f 4927/4927 4928/4928 4929/4929
f 4930/4930 4931/4931 4932/4932
f 4933/4933 4934/4934 4935/4935
f 4935/4935 4936/4936 4937/4937
f 4933/4933 4935/4935 4937/4937
f 4938/4938 4939/4939 4940/4940
f 4940/4940 4941/4941 4938/4938
f 4942/4942 4943/4943 4944/4944
f 4944/4944 4945/4945 4942/4942
f 4943/4943 4946/4946 4947/4947
f 4947/4947 4944/4944 4943/4943
f 4948/4948 4945/4945 4944/4944
f 4944/4944 4949/4949 4948/4948
f 4950/4950 4949/4949 4944/4944
f 4944/4944 4947/4947 4950/4950
f 4951/4951 4952/4952 4941/4941
f 4941/4941 4940/4940 4951/4951
f 4953/4953 4954/4954 4955/4955
f 4955/4955 4938/4938 4953/4953
f 4938/4938 4941/4941 4956/4956
f 4956/4956 4953/4953 4938/4938
f 4957/4957 4956/4956 4941/4941
f 4941/4941 4952/4952 4957/4957
f 4958/4958 4959/4959 4950/4950
f 4950/4950 4947/4947 4958/4958
f 4947/4947 4946/4946 4960/4960
f 4960/4960 4958/4958 4947/4947
f 4954/4954 4953/4953 4961/4961
f 4953/4953 4956/4956 4961/4961
f 4956/4956 4957/4957 4961/4961
f 4959/4959 4958/4958 4962/4962
f 4958/4958 4960/4960 4962/4962
f 4940/4940 4963/4963 4964/4964
f 4964/4964 4951/4951 4940/4940
f 4940/4940 4939/4939 4965/4965
f 4965/4965 4963/4963 4940/4940
f 4966/4966 4967/4967 4968/4968
f 4966/4966 4968/4968 4969/4969
f 4966/4966 4969/4969 4970/4970
f 4971/4971 4972/4972 4973/4973
f 4971/4971 4973/4973 4974/4974
f 4971/4971 4974/4974 4975/4975
f 4971/4971 4975/4975 4976/4976
f 4977/4977 4978/4978 4979/4979
f 4979/4979 4980/4980 4977/4977
f 4981/4981 4982/4982 4983/4983
f 4983/4983 4984/4984 4981/4981
f 4982/4982 4985/4985 4986/4986
f 4986/4986 4983/4983 4982/4982
f 4987/4987 4984/4984 4983/4983
f 4983/4983 4988/4988 4987/4987
f 4989/4989 4988/4988 4983/4983
f 4983/4983 4986/4986 4989/4989
f 4990/4990 4991/4991 4980/4980
f 4980/4980 4979/4979 4990/4990
f 4992/4992 4993/4993 4994/4994
f 4994/4994 4977/4977 4992/4992
f 4977/4977 4980/4980 4995/4995
f 4995/4995 4992/4992 4977/4977
f 4996/4996 4995/4995 4980/4980
f 4980/4980 4991/4991 4996/4996
f 4997/4997 4998/4998 4989/4989
f 4989/4989 4986/4986 4997/4997
f 4986/4986 4985/4985 4999/4999
f 4999/4999 4997/4997 4986/4986
f 4993/4993 4992/4992 5000/5000
f 4992/4992 4995/4995 5000/5000
f 4995/4995 4996/4996 5000/5000
f 4998/4998 4997/4997 5001/5001
f 4997/4997 4999/4999 5001/5001
f 4979/4979 5002/5002 5003/5003
f 5003/5003 4990/4990 4979/4979
f 4979/4979 4978/4978 5004/5004
f 5004/5004 5002/5002 4979/4979
f 5005/5005 5006/5006 5007/5007
f 5005/5005 5007/5007 5008/5008
f 5005/5005 5008/5008 5009/5009
f 5010/5010 5011/5011 5012/5012
f 5010/5010 5012/5012 5013/5013
f 5010/5010 5013/5013 5014/5014
f 5010/5010 5014/5014 5015/5015
f 5016/5016 5017/5017 5018/5018
f 5018/5018 5017/5017 5019/5019
f 5017/5017 5020/5020 5021/5021
f 5022/5022 5020/5020 5017/5017
f 5017/5017 5016/5016 5022/5022
f 5018/5018 5019/5019 5023/5023
f 5023/5023 5024/5024 5018/5018
f 5025/5025 5026/5026 5027/5027
f 5028/5028 5026/5026 5025/5025
f 5029/5029 5030/5030 5026/5026
f 5030/5030 5031/5031 5026/5026
f 5027/5027 5026/5026 5031/5031
f 5028/5028 5025/5025 5032/5032
f 5033/5033 5032/5032 5025/5025
f 5034/5034 5035/5035 5036/5036
f 5037/5037 5038/5038 5039/5039
f 5040/5040 5041/5041 5042/5042
f 5042/5042 5043/5043 5040/5040
f 5044/5044 5045/5045 5046/5046
f 5043/5043 5047/5047 5048/5048
f 5048/5048 5040/5040 5043/5043
f 5049/5049 5050/5050 5051/5051
f 5052/5052 5053/5053 5054/5054
f 5054/5054 5055/5055 5052/5052
f 5056/5056 5054/5054 5053/5053
f 5053/5053 5057/5057 5056/5056
f 5058/5058 5059/5059 5060/5060
f 5060/5060 5061/5061 5058/5058
f 5062/5062 5063/5063 5064/5064
f 5061/5061 5065/5065 5066/5066
f 5066/5066 5058/5058 5061/5061
f 5058/5058 5066/5066 5067/5067
f 5067/5067 5068/5068 5058/5058
f 5069/5069 5070/5070 5071/5071
f 5068/5068 5072/5072 5059/5059
f 5059/5059 5058/5058 5068/5068
f 5073/5073 5074/5074 5075/5075
f 5075/5075 5076/5076 5073/5073
f 5074/5074 5077/5077 5078/5078
f 5078/5078 5075/5075 5074/5074
f 5077/5077 5079/5079 5080/5080
f 5080/5080 5078/5078 5077/5077
f 5079/5079 5081/5081 5082/5082
f 5082/5082 5080/5080 5079/5079
f 5081/5081 5083/5083 5084/5084
f 5084/5084 5082/5082 5081/5081
f 5083/5083 5073/5073 5076/5076
f 5076/5076 5084/5084 5083/5083
f 5085/5085 5086/5086 5087/5087
f 5088/5088 5089/5089 5090/5090
f 5091/5091 5092/5092 5093/5093
f 5094/5094 5095/5095 5096/5096
f 5097/5097 5098/5098 5099/5099
f 5100/5100 5101/5101 5102/5102
f 5102/5102 5103/5103 5100/5100
f 5101/5101 5104/5104 5105/5105
f 5105/5105 5102/5102 5101/5101
f 5104/5104 5106/5106 5107/5107
f 5107/5107 5105/5105 5104/5104
f 5106/5106 5108/5108 5109/5109
f 5109/5109 5107/5107 5106/5106
f 5108/5108 5110/5110 5111/5111
f 5111/5111 5109/5109 5108/5108
f 5110/5110 5100/5100 5103/5103
f 5103/5103 5111/5111 5110/5110
f 5112/5112 5113/5113 5114/5114
f 5114/5114 5115/5115 5112/5112
f 5116/5116 5117/5117 5118/5118
f 5119/5119 5120/5120 5121/5121
f 5122/5122 5123/5123 5124/5124
f 5124/5124 5125/5125 5122/5122
f 5123/5123 5126/5126 5127/5127
f 5127/5127 5124/5124 5123/5123
f 5126/5126 5112/5112 5115/5115
f 5115/5115 5127/5127 5126/5126
f 5128/5128 5129/5129 5130/5130
f 5131/5131 5132/5132 5133/5133
f 5134/5134 5135/5135 5136/5136
f 5137/5137 5138/5138 5139/5139
f 5140/5140 5141/5141 5142/5142
f 5143/5143 5144/5144 5145/5145
f 5146/5146 5147/5147 5148/5148
f 5149/5149 5150/5150 5151/5151
f 5151/5151 5152/5152 5149/5149
f 5150/5150 5153/5153 5154/5154
f 5154/5154 5151/5151 5150/5150
f 5153/5153 5155/5155 5156/5156
f 5156/5156 5154/5154 5153/5153
f 5155/5155 5149/5149 5152/5152
f 5152/5152 5156/5156 5155/5155
f 5157/5157 5158/5158 5159/5159
f 5160/5160 5161/5161 5162/5162
f 5163/5163 5164/5164 5165/5165
f 5165/5165 5166/5166 5163/5163
f 5164/5164 5167/5167 5168/5168
f 5168/5168 5165/5165 5164/5164
f 5167/5167 5169/5169 5170/5170
f 5170/5170 5168/5168 5167/5167
f 5169/5169 5163/5163 5166/5166
f 5166/5166 5170/5170 5169/5169
f 5171/5171 5172/5172 5173/5173
f 5174/5174 5175/5175 5176/5176
f 5177/5177 5178/5178 5179/5179
f 5180/5180 5181/5181 5182/5182
f 5183/5183 5184/5184 5185/5185
f 5186/5186 5187/5187 5188/5188
f 5189/5189 5190/5190 5191/5191
f 5192/5192 5193/5193 5194/5194
f 5195/5195 5196/5196 5197/5197
f 5198/5198 5199/5199 5200/5200
f 5201/5201 5202/5202 5203/5203
f 5204/5204 5205/5205 5206/5206
f 5207/5207 5208/5208 5209/5209
f 5210/5210 5211/5211 5212/5212
f 5213/5213 5214/5214 5215/5215
f 5215/5215 5216/5216 5213/5213
f 5214/5214 5217/5217 5218/5218
f 5219/5219 5220/5220 5221/5221
f 5221/5221 5222/5222 5219/5219
f 5216/5216 5215/5215 5223/5223
f 5224/5224 5222/5222 5223/5223
f 5222/5222 5221/5221 5223/5223
f 5219/5219 5222/5222 5225/5225
f 5224/5224 5226/5226 5227/5227
f 5227/5227 5222/5222 5224/5224
f 5215/5215 5214/5214 5218/5218
f 5223/5223 5215/5215 5224/5224
f 5215/5215 5228/5228 5226/5226
f 5226/5226 5224/5224 5215/5215
f 5215/5215 5218/5218 5228/5228
f 5225/5225 5222/5222 5227/5227
f 5219/5219 5225/5225 5217/5217
f 5217/5217 5214/5214 5219/5219
f 5213/5213 5216/5216 5229/5229
f 5229/5229 5230/5230 5213/5213
f 5230/5230 5231/5231 5232/5232
f 5233/5233 5234/5234 5221/5221
f 5221/5221 5220/5220 5233/5233
f 5216/5216 5223/5223 5229/5229
f 5235/5235 5223/5223 5234/5234
f 5234/5234 5223/5223 5221/5221
f 5233/5233 5236/5236 5234/5234
f 5235/5235 5234/5234 5237/5237
f 5237/5237 5238/5238 5235/5235
f 5229/5229 5231/5231 5230/5230
f 5223/5223 5235/5235 5229/5229
f 5229/5229 5235/5235 5238/5238
f 5238/5238 5239/5239 5229/5229
f 5229/5229 5239/5239 5231/5231
f 5236/5236 5237/5237 5234/5234
f 5233/5233 5232/5232 5236/5236
f 5232/5232 5233/5233 5230/5230
f 5240/5240 5241/5241 5242/5242
f 5243/5243 5244/5244 5245/5245
f 5246/5246 5247/5247 5248/5248
f 5249/5249 5250/5250 5251/5251
f 5252/5252 5253/5253 5254/5254
f 5255/5255 5256/5256 5257/5257
f 5258/5258 5259/5259 5260/5260
f 5260/5260 5261/5261 5258/5258
f 5262/5262 5263/5263 5264/5264
f 5264/5264 5265/5265 5262/5262
f 5266/5266 5267/5267 5268/5268
f 5268/5268 5269/5269 5266/5266
f 5270/5270 5271/5271 5272/5272
f 5272/5272 5273/5273 5270/5270
f 5274/5274 5275/5275 5276/5276
f 5276/5276 5277/5277 5274/5274
f 5278/5278 5279/5279 5280/5280
f 5280/5280 5281/5281 5278/5278
f 5269/5269 5268/5268 5282/5282
f 5282/5282 5283/5283 5269/5269
f 5273/5273 5272/5272 5284/5284
f 5284/5284 5285/5285 5273/5273
f 5277/5277 5276/5276 5286/5286
f 5286/5286 5287/5287 5277/5277
f 5281/5281 5280/5280 5288/5288
f 5288/5288 5289/5289 5281/5281
f 5283/5283 5282/5282 5290/5290
f 5290/5290 5291/5291 5283/5283
f 5285/5285 5284/5284 5292/5292
f 5292/5292 5293/5293 5285/5285
f 5287/5287 5286/5286 5294/5294
f 5294/5294 5295/5295 5287/5287
f 5289/5289 5288/5288 5296/5296
f 5296/5296 5297/5297 5289/5289
f 5298/5298 5299/5299 5300/5300
f 5301/5301 5302/5302 5303/5303
f 5304/5304 5305/5305 5306/5306
f 5307/5307 5308/5308 5309/5309
f 5310/5310 5311/5311 5312/5312
f 5313/5313 5314/5314 5315/5315
f 5316/5316 5317/5317 5318/5318
f 5319/5319 5320/5320 5321/5321
f 5322/5322 5323/5323 5324/5324
f 5325/5325 5326/5326 5327/5327
f 5328/5328 5329/5329 5330/5330
f 5331/5331 5332/5332 5333/5333
f 5334/5334 5335/5335 5336/5336
f 5337/5337 5338/5338 5339/5339
f 5340/5340 5341/5341 5342/5342
f 5343/5343 5344/5344 5345/5345
f 5346/5346 5347/5347 5348/5348
f 5349/5349 5350/5350 5351/5351
f 5352/5352 5353/5353 5354/5354
f 5355/5355 5356/5356 5357/5357
f 5358/5358 5359/5359 5360/5360
f 5361/5361 5362/5362 5363/5363
f 5364/5364 5365/5365 5366/5366
f 5366/5366 5367/5367 5364/5364
f 5368/5368 5364/5364 5367/5367
f 5367/5367 5369/5369 5368/5368
f 5370/5370 5368/5368 5369/5369
f 5369/5369 5371/5371 5370/5370
f 5372/5372 5370/5370 5371/5371
f 5371/5371 5373/5373 5372/5372
f 5374/5374 5372/5372 5373/5373
f 5373/5373 5375/5375 5374/5374
f 5365/5365 5374/5374 5375/5375
f 5375/5375 5366/5366 5365/5365
f 5376/5376 5377/5377 5378/5378
f 5379/5379 5380/5380 5381/5381
f 5382/5382 5383/5383 5384/5384
f 5385/5385 5386/5386 5387/5387
f 5388/5388 5389/5389 5390/5390
f 5391/5391 5392/5392 5393/5393
f 5394/5394 5395/5395 5396/5396
f 5397/5397 5398/5398 5399/5399
f 5400/5400 5401/5401 5402/5402
f 5402/5402 5403/5403 5400/5400
f 5404/5404 5400/5400 5403/5403
f 5403/5403 5405/5405 5404/5404
f 5406/5406 5404/5404 5405/5405
f 5405/5405 5407/5407 5406/5406
f 5408/5408 5406/5406 5407/5407
f 5407/5407 5409/5409 5408/5408
f 5401/5401 5408/5408 5409/5409
f 5409/5409 5402/5402 5401/5401
f 5410/5410 5411/5411 5412/5412
f 5413/5413 5414/5414 5415/5415
f 5416/5416 5417/5417 5418/5418
f 5419/5419 5420/5420 5421/5421
f 5422/5422 5423/5423 5424/5424
f 5425/5425 5426/5426 5427/5427
f 5428/5428 5429/5429 5430/5430
f 5431/5431 5432/5432 5433/5433
f 5434/5434 5435/5435 5436/5436
f 5437/5437 5438/5438 5439/5439
f 5440/5440 5441/5441 5442/5442
f 5443/5443 5444/5444 5445/5445
f 5446/5446 5447/5447 5448/5448
f 5449/5449 5450/5450 5451/5451
f 5452/5452 5453/5453 5454/5454
f 5454/5454 5455/5455 5452/5452
f 5456/5456 5457/5457 5458/5458
f 5459/5459 5460/5460 5461/5461
f 5462/5462 5463/5463 5464/5464
f 5465/5465 5466/5466 5467/5467
f 5468/5468 5469/5469 5470/5470
f 5471/5471 5472/5472 5473/5473
f 5474/5474 5475/5475 5476/5476
f 5477/5477 5478/5478 5479/5479
f 5480/5480 5481/5481 5482/5482
f 5483/5483 5484/5484 5485/5485
f 5486/5486 5487/5487 5488/5488
f 5489/5489 5490/5490 5491/5491
f 5492/5492 5493/5493 5494/5494
f 5495/5495 5496/5496 5497/5497
f 5498/5498 5499/5499 5500/5500
f 5501/5501 5502/5502 5503/5503
f 5504/5504 5505/5505 5506/5506
f 5507/5507 5508/5508 5509/5509
f 5510/5510 5511/5511 5512/5512
f 5513/5513 5514/5514 5515/5515
f 5516/5516 5517/5517 5518/5518
f 5519/5519 5520/5520 5521/5521
f 5522/5522 5523/5523 5524/5524
f 5525/5525 5526/5526 5527/5527
f 5528/5528 5529/5529 5530/5530
f 5531/5531 5532/5532 5533/5533
f 5534/5534 5535/5535 5536/5536
f 5537/5537 5538/5538 5539/5539
f 5540/5540 5541/5541 5542/5542
f 5543/5543 5544/5544 5545/5545
f 5546/5546 5547/5547 5548/5548
f 5549/5549 5550/5550 5551/5551
f 5552/5552 5553/5553 5554/5554
f 5555/5555 5556/5556 5557/5557
