mtllib glider-eb29r-like.mtl
o V1_SailplaneGlider_1_LandingGear_Door_R_Vehicle_Elements_0
usemtl Vehicle_Elements
v -4.07590 -16.83976 -21.70303
v -3.56554 -17.02919 -21.70303
v -3.61137 -19.19071 -10.57172
v -4.07651 -19.01123 -10.57172
v 0.00000 -16.69630 -25.58139
v 0.00000 -17.52804 -21.70303
v -0.13813 -17.64653 -21.70303
v -0.13799 -16.84346 -25.44385
v 0.00000 -19.69783 -10.57172
v -0.13809 -19.81631 -10.57172
v 0.00000 -20.10458 -7.88719
v -0.13808 -20.20203 -8.02606
v -4.20774 -15.62812 -25.58138
v -4.20774 -16.51031 -21.70303
v -3.56554 -16.74867 -21.70303
v -3.53318 -15.90116 -25.58138
v -4.20773 -18.68009 -10.57172
v -3.61137 -18.91020 -10.57172
v -4.20773 -19.08684 -7.88719
v -3.61137 -19.31695 -7.88719
v 0.00000 -17.39089 -21.70303
v 0.00000 -16.55915 -25.58139
v 0.00000 -19.56067 -10.57172
v 0.00000 -19.96743 -7.88719
v -3.61137 -19.57642 -8.02606
v -4.07651 -19.39694 -8.02606
v -4.07732 -15.99264 -25.44415
v -3.53433 -16.21170 -25.44400
v -0.13809 -19.81631 -10.57172
v -0.13808 -20.20203 -8.02606
v -0.13799 -16.84346 -25.44385
v -0.13813 -17.64653 -21.70303
v -4.20774 -15.76527 -25.58138
v -4.20774 -15.62812 -25.58138
v -3.53318 -15.90116 -25.58138
v -3.53318 -16.03831 -25.58138
v -3.61137 -19.45410 -7.88719
v -3.61137 -19.31695 -7.88719
v -4.20773 -19.08684 -7.88719
v -4.20773 -19.22399 -7.88719
v 0.00000 -16.55915 -25.58139
v 0.00000 -16.69630 -25.58139
v 0.00000 -20.10458 -7.88719
v 0.00000 -19.96743 -7.88719
v -4.20774 -15.76527 -25.58138
v -3.53318 -16.03831 -25.58138
v -3.53433 -16.21170 -25.44400
v -4.07732 -15.99264 -25.44415
v -4.07651 -19.39694 -8.02606
v -3.61137 -19.57642 -8.02606
v -3.61137 -19.45410 -7.88719
v -4.20773 -19.22399 -7.88719
v -0.13799 -16.84346 -25.44385
v 0.00000 -16.69630 -25.58139
v 0.00000 -20.10458 -7.88719
v -0.13808 -20.20203 -8.02606
v -4.07732 -15.99264 -25.44415
v -4.07590 -16.83976 -21.70303
v -4.20774 -16.64746 -21.70303
v -4.20774 -15.76527 -25.58138
v -4.07651 -19.01123 -10.57172
v -4.20773 -18.81724 -10.57172
v -4.07651 -19.39694 -8.02606
v -4.20773 -19.22399 -7.88719
v -4.20774 -16.64746 -21.70303
v -4.20774 -16.51031 -21.70303
v -4.20774 -15.62812 -25.58138
v -4.20774 -15.76527 -25.58138
v -4.20773 -19.22399 -7.88719
v -4.20773 -19.08684 -7.88719
v -4.20773 -18.68009 -10.57172
v -4.20773 -18.81724 -10.57172
v 0.00000 -19.69783 -10.57172
v 0.00000 -19.56067 -10.57172
v 0.00000 -19.96743 -7.88719
v 0.00000 -20.10458 -7.88719
v 0.00000 -17.52804 -21.70303
v 0.00000 -17.39089 -21.70303
v 0.00000 -16.69630 -25.58139
v 0.00000 -16.55915 -25.58139
vt 0.75338 0.52776
vt 0.75338 0.52892
vt 0.77852 0.52881
vt 0.77852 0.52776
vt 0.74462 0.53697
vt 0.75338 0.53697
vt 0.75338 0.53666
vt 0.74493 0.53666
vt 0.77852 0.53697
vt 0.77852 0.53666
vt 0.78458 0.53697
vt 0.78427 0.53666
vt 0.74462 0.52747
vt 0.75338 0.52747
vt 0.75338 0.52892
vt 0.74462 0.52899
vt 0.77852 0.52747
vt 0.77852 0.52881
vt 0.78458 0.52747
vt 0.78458 0.52881
vt 0.75338 0.53697
vt 0.74462 0.53697
vt 0.77852 0.53697
vt 0.78458 0.53697
vt 0.78427 0.52881
vt 0.78427 0.52776
vt 0.74493 0.52776
vt 0.74493 0.52899
vt 0.77852 0.53666
vt 0.78427 0.53666
vt 0.74493 0.53666
vt 0.75338 0.53666
vt 0.74462 0.52747
vt 0.74462 0.52747
vt 0.74462 0.52899
vt 0.74462 0.52899
vt 0.78458 0.52881
vt 0.78458 0.52881
vt 0.78458 0.52747
vt 0.78458 0.52747
vt 0.74462 0.53697
vt 0.74462 0.53697
vt 0.78458 0.53697
vt 0.78458 0.53697
vt 0.74462 0.52747
vt 0.74462 0.52899
vt 0.74493 0.52899
vt 0.74493 0.52776
vt 0.78427 0.52776
vt 0.78427 0.52881
vt 0.78458 0.52881
vt 0.78458 0.52747
vt 0.74493 0.53666
vt 0.74462 0.53697
vt 0.78458 0.53697
vt 0.78427 0.53666
vt 0.74493 0.52776
vt 0.75338 0.52776
vt 0.75338 0.52747
vt 0.74462 0.52747
vt 0.77852 0.52776
vt 0.77852 0.52747
vt 0.78427 0.52776
vt 0.78458 0.52747
vt 0.75338 0.52747
vt 0.75338 0.52747
vt 0.74462 0.52747
vt 0.74462 0.52747
vt 0.78458 0.52747
vt 0.78458 0.52747
vt 0.77852 0.52747
vt 0.77852 0.52747
vt 0.77852 0.53697
vt 0.77852 0.53697
vt 0.78458 0.53697
vt 0.78458 0.53697
vt 0.75338 0.53697
vt 0.75338 0.53697
vt 0.74462 0.53697
vt 0.74462 0.53697
f 1/1 2/2 3/3
f 1/1 3/3 4/4
f 5/5 6/6 7/7
f 5/5 7/7 8/8
f 6/6 9/9 10/10
f 6/6 10/10 7/7
f 9/9 11/11 12/12
f 9/9 12/12 10/10
f 13/13 14/14 15/15
f 13/13 15/15 16/16
f 14/14 17/17 18/18
f 14/14 18/18 15/15
f 17/17 19/19 20/20
f 17/17 20/20 18/18
f 16/16 15/15 21/21
f 16/16 21/21 22/22
f 15/15 18/18 23/23
f 15/15 23/23 21/21
f 18/18 20/20 24/24
f 18/18 24/24 23/23
f 4/4 3/3 25/25
f 4/4 25/25 26/26
f 27/27 28/28 2/2
f 27/27 2/2 1/1
f 3/3 29/29 30/30
f 3/3 30/30 25/25
f 28/28 31/31 32/32
f 28/28 32/32 2/2
f 2/2 32/32 29/29
f 2/2 29/29 3/3
f 33/33 34/34 35/35
f 33/33 35/35 36/36
f 37/37 38/38 39/39
f 37/37 39/39 40/40
f 36/36 35/35 41/41
f 36/36 41/41 42/42
f 43/43 44/44 38/38
f 43/43 38/38 37/37
f 45/45 46/46 47/47
f 45/45 47/47 48/48
f 49/49 50/50 51/51
f 49/49 51/51 52/52
f 53/53 47/47 46/46
f 53/53 46/46 54/54
f 55/55 51/51 50/50
f 55/55 50/50 56/56
f 57/57 58/58 59/59
f 57/57 59/59 60/60
f 58/58 61/61 62/62
f 58/58 62/62 59/59
f 61/61 63/63 64/64
f 61/61 64/64 62/62
f 65/65 66/66 67/67
f 65/65 67/67 68/68
f 69/69 70/70 71/71
f 69/69 71/71 72/72
f 72/72 71/71 66/66
f 72/72 66/66 65/65
f 73/73 74/74 75/75
f 73/73 75/75 76/76
f 77/77 78/78 74/74
f 77/77 74/74 73/73
f 79/79 80/80 78/78
f 79/79 78/78 77/77
o V1_SailplaneGlider_1_LandingGear_Door_L_Vehicle_Elements_0
usemtl Vehicle_Elements
v 4.07590 -16.83976 -21.70303
v 4.07651 -19.01123 -10.57172
v 3.61137 -19.19071 -10.57172
v 3.56554 -17.02919 -21.70303
v 4.20774 -15.62812 -25.58138
v 3.53318 -15.90116 -25.58138
v 3.56554 -16.74867 -21.70303
v 4.20774 -16.51031 -21.70303
v 3.61137 -18.91020 -10.57172
v 4.20773 -18.68009 -10.57172
v 3.61137 -19.31695 -7.88719
v 4.20773 -19.08684 -7.88719
v -0.00000 -16.55915 -25.58139
v -0.00000 -17.39089 -21.70303
v -0.00000 -19.56067 -10.57172
v -0.00000 -19.96743 -7.88719
v 4.07651 -19.39694 -8.02606
v 3.61137 -19.57642 -8.02606
v 4.07732 -15.99264 -25.44415
v 3.53433 -16.21170 -25.44400
v 0.13808 -20.20203 -8.02606
v 0.13809 -19.81631 -10.57172
v 0.13813 -17.64653 -21.70303
v 0.13799 -16.84346 -25.44385
v -0.00000 -16.69630 -25.58139
v 0.13799 -16.84346 -25.44385
v 0.13813 -17.64653 -21.70303
v -0.00000 -17.52804 -21.70303
v 0.13809 -19.81631 -10.57172
v -0.00000 -19.69783 -10.57172
v 0.13808 -20.20203 -8.02606
v -0.00000 -20.10458 -7.88719
v 4.07732 -15.99264 -25.44415
v 4.20774 -15.76527 -25.58138
v 4.20774 -16.64746 -21.70303
v 4.07590 -16.83976 -21.70303
v 4.20773 -18.81724 -10.57172
v 4.07651 -19.01123 -10.57172
v 4.20773 -19.22399 -7.88719
v 4.07651 -19.39694 -8.02606
v 4.20774 -16.64746 -21.70303
v 4.20774 -15.76527 -25.58138
v 4.20774 -15.62812 -25.58138
v 4.20774 -16.51031 -21.70303
v 4.20773 -19.22399 -7.88719
v 4.20773 -18.81724 -10.57172
v 4.20773 -18.68009 -10.57172
v 4.20773 -19.08684 -7.88719
v 4.20774 -15.76527 -25.58138
v 3.53318 -16.03831 -25.58138
v 3.53318 -15.90116 -25.58138
v 4.20774 -15.62812 -25.58138
v 3.61137 -19.45410 -7.88719
v 4.20773 -19.22399 -7.88719
v 4.20773 -19.08684 -7.88719
v 3.61137 -19.31695 -7.88719
v -0.00000 -16.69630 -25.58139
v -0.00000 -16.55915 -25.58139
v -0.00000 -20.10458 -7.88719
v -0.00000 -19.96743 -7.88719
v 4.20774 -15.76527 -25.58138
v 4.07732 -15.99264 -25.44415
v 3.53433 -16.21170 -25.44400
v 3.53318 -16.03831 -25.58138
v 4.07651 -19.39694 -8.02606
v 4.20773 -19.22399 -7.88719
v 3.61137 -19.45410 -7.88719
v 3.61137 -19.57642 -8.02606
v 0.13799 -16.84346 -25.44385
v -0.00000 -16.69630 -25.58139
v -0.00000 -20.10458 -7.88719
v 0.13808 -20.20203 -8.02606
v -0.00000 -16.69630 -25.58139
v -0.00000 -17.52804 -21.70303
v -0.00000 -17.39089 -21.70303
v -0.00000 -16.55915 -25.58139
v -0.00000 -19.69783 -10.57172
v -0.00000 -19.56067 -10.57172
v -0.00000 -20.10458 -7.88719
v -0.00000 -19.96743 -7.88719
vt 0.75338 0.54617
vt 0.77852 0.54617
vt 0.77852 0.54512
vt 0.75338 0.54502
vt 0.74462 0.54647
vt 0.74462 0.54495
vt 0.75338 0.54502
vt 0.75338 0.54647
vt 0.77852 0.54512
vt 0.77852 0.54647
vt 0.78458 0.54512
vt 0.78458 0.54647
vt 0.74462 0.53697
vt 0.75338 0.53697
vt 0.77852 0.53697
vt 0.78458 0.53697
vt 0.78427 0.54617
vt 0.78427 0.54512
vt 0.74493 0.54618
vt 0.74493 0.54495
vt 0.78427 0.53728
vt 0.77852 0.53728
vt 0.75338 0.53728
vt 0.74493 0.53728
vt 0.74462 0.53697
vt 0.74493 0.53728
vt 0.75338 0.53728
vt 0.75338 0.53697
vt 0.77852 0.53728
vt 0.77852 0.53697
vt 0.78427 0.53728
vt 0.78458 0.53697
vt 0.74493 0.54618
vt 0.74462 0.54647
vt 0.75338 0.54647
vt 0.75338 0.54617
vt 0.77852 0.54647
vt 0.77852 0.54617
vt 0.78458 0.54647
vt 0.78427 0.54617
vt 0.75338 0.54647
vt 0.74462 0.54647
vt 0.74462 0.54647
vt 0.75338 0.54647
vt 0.78458 0.54647
vt 0.77852 0.54647
vt 0.77852 0.54647
vt 0.78458 0.54647
vt 0.74462 0.54647
vt 0.74462 0.54495
vt 0.74462 0.54495
vt 0.74462 0.54647
vt 0.78458 0.54512
vt 0.78458 0.54647
vt 0.78458 0.54647
vt 0.78458 0.54512
vt 0.74462 0.53697
vt 0.74462 0.53697
vt 0.78458 0.53697
vt 0.78458 0.53697
vt 0.74462 0.54647
vt 0.74493 0.54618
vt 0.74493 0.54495
vt 0.74462 0.54495
vt 0.78427 0.54617
vt 0.78458 0.54647
vt 0.78458 0.54512
vt 0.78427 0.54512
vt 0.74493 0.53728
vt 0.74462 0.53697
vt 0.78458 0.53697
vt 0.78427 0.53728
vt 0.74462 0.53697
vt 0.75338 0.53697
vt 0.75338 0.53697
vt 0.74462 0.53697
vt 0.77852 0.53697
vt 0.77852 0.53697
vt 0.78458 0.53697
vt 0.78458 0.53697
f 81/81 82/82 83/83
f 81/81 83/83 84/84
f 85/85 86/86 87/87
f 85/85 87/87 88/88
f 88/88 87/87 89/89
f 88/88 89/89 90/90
f 90/90 89/89 91/91
f 90/90 91/91 92/92
f 86/86 93/93 94/94
f 86/86 94/94 87/87
f 87/87 94/94 95/95
f 87/87 95/95 89/89
f 89/89 95/95 96/96
f 89/89 96/96 91/91
f 82/82 97/97 98/98
f 82/82 98/98 83/83
f 99/99 81/81 84/84
f 99/99 84/84 100/100
f 83/83 98/98 101/101
f 83/83 101/101 102/102
f 100/100 84/84 103/103
f 100/100 103/103 104/104
f 84/84 83/83 102/102
f 84/84 102/102 103/103
f 105/105 106/106 107/107
f 105/105 107/107 108/108
f 108/108 107/107 109/109
f 108/108 109/109 110/110
f 110/110 109/109 111/111
f 110/110 111/111 112/112
f 113/113 114/114 115/115
f 113/113 115/115 116/116
f 116/116 115/115 117/117
f 116/116 117/117 118/118
f 118/118 117/117 119/119
f 118/118 119/119 120/120
f 121/121 122/122 123/123
f 121/121 123/123 124/124
f 125/125 126/126 127/127
f 125/125 127/127 128/128
f 129/129 130/130 131/131
f 129/129 131/131 132/132
f 133/133 134/134 135/135
f 133/133 135/135 136/136
f 130/130 137/137 138/138
f 130/130 138/138 131/131
f 139/139 133/133 136/136
f 139/139 136/136 140/140
f 141/141 142/142 143/143
f 141/141 143/143 144/144
f 145/145 146/146 147/147
f 145/145 147/147 148/148
f 149/149 150/150 144/144
f 149/149 144/144 143/143
f 151/151 152/152 148/148
f 151/151 148/148 147/147
f 126/126 121/121 124/124
f 126/126 124/124 127/127
f 153/153 154/154 155/155
f 153/153 155/155 156/156
f 155/155 154/154 157/157
f 155/155 157/157 158/158
f 159/159 160/160 158/158
f 159/159 158/158 157/157
o V1_SailplaneGlider_1_LandingGear_Cable_VehiclesGeneric_0
usemtl VehiclesGeneric
v -3.75038 -12.26535 0.80998
v -3.75038 -12.44073 0.16870
v -3.75038 -12.44073 1.45126
v -3.75038 -24.36753 0.04438
v -3.75038 -24.64297 0.80999
v -3.75038 -24.36753 1.57559
v -3.28285 -24.64297 0.80999
v -3.28286 -24.36753 0.04438
v -3.28285 -24.36753 1.57559
v -3.28285 -12.26535 0.80998
v -3.28285 -12.44073 1.45126
v -3.28286 -12.44073 0.16870
v -3.98414 -13.66793 1.74504
v -3.98414 -13.00675 1.47117
v -3.98414 -14.32911 1.47117
v -3.98414 -13.66793 -0.12506
v -3.98414 -14.32911 0.14880
v -3.98414 -13.00674 0.14880
v 3.75038 -12.26535 0.80998
v 3.75038 -12.44073 1.45126
v 3.75038 -12.44073 0.16870
v 3.75038 -24.36753 0.04438
v 3.75038 -24.36753 1.57559
v 3.75038 -24.64297 0.80999
v 3.28286 -24.64297 0.80999
v 3.28286 -24.36753 1.57559
v 3.28286 -24.36753 0.04438
v 3.28286 -12.26535 0.80998
v 3.28286 -12.44073 0.16870
v 3.28286 -12.44073 1.45126
v 3.98415 -13.66793 1.74504
v 3.98415 -14.32911 1.47117
v 3.98415 -13.00675 1.47117
v 3.98415 -13.66793 -0.12506
v 3.98415 -13.00674 0.14880
v 3.98415 -14.32911 0.14880
v -3.75038 -12.91989 1.93042
v -3.75038 -12.91989 -0.31045
v -3.28286 -23.75969 -0.48583
v -3.28285 -23.75969 2.10580
v -3.75038 -23.75969 2.10580
v -3.75038 -23.75969 -0.48583
v -3.75038 -13.57442 2.10580
v -3.75038 -13.57443 -0.48583
v -3.28285 -12.91989 1.93042
v -3.28286 -12.91989 -0.31045
v -3.28285 -13.57442 2.10580
v -3.28286 -13.57443 -0.48583
v -3.98414 -12.73288 0.80999
v -3.98414 -14.60298 0.80999
v -3.75038 -24.64297 0.80999
v -3.75038 -24.36753 0.04438
v -3.28286 -24.36753 0.04438
v -3.28285 -24.64297 0.80999
v -3.75038 -23.75969 2.10580
v -3.75038 -24.36753 1.57559
v -3.28285 -24.36753 1.57559
v -3.28285 -23.75969 2.10580
v -3.75038 -23.75969 -0.48583
v -3.28286 -23.75969 -0.48583
v -3.28285 -13.57442 2.10580
v -3.75038 -13.57442 2.10580
v -3.75038 -13.57443 -0.48583
v -3.28286 -13.57443 -0.48583
v -3.75038 -24.36753 1.57559
v -3.28285 -24.36753 1.57559
v -3.75038 -12.26535 0.80998
v -3.28285 -12.26535 0.80998
v -3.28286 -12.44073 0.16870
v -3.75038 -12.44073 0.16870
v -3.28286 -12.91989 -0.31045
v -3.75038 -12.91989 -0.31045
v -3.28286 -13.57443 -0.48583
v -3.75038 -13.57443 -0.48583
v -3.75038 -12.44073 1.45126
v -3.28285 -12.44073 1.45126
v -3.28285 -12.44073 1.45126
v -3.75038 -12.44073 1.45126
v -3.75038 -12.91989 1.93042
v -3.28285 -12.91989 1.93042
v -3.98414 -13.66793 -0.12506
v -3.98414 -13.00674 0.14880
v 0.00000 -13.00674 0.14880
v 0.00000 -13.66793 -0.12507
v -3.98414 -14.32911 0.14880
v -3.98414 -13.66793 -0.12506
v 0.00000 -13.66793 -0.12507
v 0.00000 -14.32911 0.14880
v -3.98414 -14.60298 0.80999
v 0.00000 -14.60298 0.80999
v -3.98414 -14.32911 1.47117
v 0.00000 -14.32911 1.47117
v -3.98414 -13.66793 1.74504
v -3.98414 -14.32911 1.47117
v 0.00000 -14.32911 1.47117
v 0.00000 -13.66793 1.74504
v -3.98414 -13.00675 1.47117
v 0.00000 -13.00675 1.47117
v -3.98414 -12.73288 0.80999
v 0.00000 -12.73288 0.80999
v -3.98414 -12.73288 0.80999
v 0.00000 -12.73288 0.80999
v 3.75038 -12.91989 1.93042
v 3.75038 -12.91989 -0.31045
v 3.28286 -23.75969 2.10580
v 3.28286 -23.75969 -0.48583
v 3.75038 -23.75969 -0.48583
v 3.75038 -23.75969 2.10580
v 3.75038 -13.57442 2.10580
v 3.75038 -13.57443 -0.48583
v 3.28286 -12.91989 -0.31045
v 3.28286 -12.91989 1.93042
v 3.28286 -13.57443 -0.48583
v 3.28286 -13.57442 2.10580
v 3.98415 -12.73288 0.80999
v 3.98415 -14.60298 0.80999
v 3.75038 -24.64297 0.80999
v 3.28286 -24.64297 0.80999
v 3.28286 -24.36753 0.04438
v 3.75038 -24.36753 0.04438
v 3.75038 -23.75969 2.10580
v 3.28286 -23.75969 2.10580
v 3.28286 -24.36753 1.57559
v 3.75038 -24.36753 1.57559
v 3.28286 -23.75969 -0.48583
v 3.75038 -23.75969 -0.48583
v 3.75038 -13.57442 2.10580
v 3.28286 -13.57442 2.10580
v 3.28286 -13.57443 -0.48583
v 3.75038 -13.57443 -0.48583
v 3.75038 -24.36753 1.57559
v 3.28286 -24.36753 1.57559
v 3.75038 -12.26535 0.80998
v 3.75038 -12.44073 0.16870
v 3.28286 -12.44073 0.16870
v 3.28286 -12.26535 0.80998
v 3.75038 -12.91989 -0.31045
v 3.28286 -12.91989 -0.31045
v 3.75038 -13.57443 -0.48583
v 3.28286 -13.57443 -0.48583
v 3.28286 -12.44073 1.45126
v 3.75038 -12.44073 1.45126
v 3.28286 -12.44073 1.45126
v 3.28286 -12.91989 1.93042
v 3.75038 -12.91989 1.93042
v 3.75038 -12.44073 1.45126
v 3.98415 -13.66793 -0.12506
v 3.98415 -13.00674 0.14880
v 3.98415 -14.32911 0.14880
v 3.98415 -13.66793 -0.12506
v 3.98415 -14.60298 0.80999
v 3.98415 -14.32911 1.47117
v 3.98415 -13.66793 1.74504
v 3.98415 -14.32911 1.47117
v 3.98415 -13.00675 1.47117
v 3.98415 -12.73288 0.80999
v 3.98415 -12.73288 0.80999
vt 0.07359 0.82481
vt 0.06557 0.82700
vt 0.08160 0.82700
vt 0.06402 0.97607
vt 0.07359 0.97951
vt 0.08316 0.97607
vt 0.13837 0.97951
vt 0.14794 0.97607
vt 0.12880 0.97607
vt 0.13837 0.82481
vt 0.13036 0.82700
vt 0.14639 0.82700
vt 0.14377 0.80954
vt 0.13745 0.80321
vt 0.14377 0.81848
vt 0.12218 0.81848
vt 0.12850 0.82481
vt 0.12218 0.80954
vt 0.10598 0.82481
vt 0.09797 0.82700
vt 0.11400 0.82700
vt 0.11555 0.97607
vt 0.09641 0.97607
vt 0.10598 0.97951
vt 0.04120 0.97951
vt 0.05077 0.97607
vt 0.03163 0.97607
vt 0.04120 0.82481
vt 0.03318 0.82700
vt 0.04921 0.82700
vt 0.11585 0.80321
vt 0.10691 0.80321
vt 0.12218 0.80954
vt 0.10691 0.82481
vt 0.11585 0.82481
vt 0.10058 0.81848
vt 0.08759 0.83299
vt 0.05958 0.83299
vt 0.15457 0.96847
vt 0.12218 0.96847
vt 0.08978 0.96847
vt 0.05739 0.96847
vt 0.08978 0.84117
vt 0.05739 0.84117
vt 0.12437 0.83299
vt 0.15238 0.83299
vt 0.12218 0.84117
vt 0.15457 0.84117
vt 0.12850 0.80321
vt 0.13745 0.82481
vt 0.17615 0.79611
vt 0.17615 0.80610
vt 0.18200 0.80610
vt 0.18200 0.79611
vt 0.21916 0.84417
vt 0.21916 0.83939
vt 0.21331 0.83939
vt 0.21331 0.84417
vt 0.17615 0.81566
vt 0.18200 0.81566
vt 0.21331 0.96337
vt 0.21916 0.96337
vt 0.17615 0.87992
vt 0.18200 0.87992
vt 0.17615 0.78958
vt 0.18200 0.78958
vt 0.16626 0.87383
vt 0.17210 0.87383
vt 0.17210 0.86571
vt 0.16626 0.86571
vt 0.17210 0.85763
vt 0.16626 0.85763
vt 0.17210 0.85190
vt 0.16626 0.85190
vt 0.16626 0.87992
vt 0.17210 0.87992
vt 0.21331 0.97951
vt 0.21916 0.97951
vt 0.21916 0.97180
vt 0.21331 0.97180
vt 0.19755 0.97951
vt 0.20440 0.97951
vt 0.20440 0.92972
vt 0.19755 0.92972
vt 0.18328 0.87992
vt 0.17615 0.87992
vt 0.17615 0.92972
vt 0.18328 0.92972
vt 0.19214 0.87992
vt 0.19214 0.92972
vt 0.19755 0.87992
vt 0.19755 0.92972
vt 0.16962 0.97951
vt 0.17615 0.97951
vt 0.17615 0.92972
vt 0.16962 0.92972
vt 0.16068 0.97951
vt 0.16068 0.92972
vt 0.15457 0.97951
vt 0.15457 0.92972
vt 0.21331 0.97951
vt 0.21331 0.92972
vt 0.09198 0.83299
vt 0.11999 0.83299
vt 0.05739 0.96847
vt 0.02500 0.96847
vt 0.12218 0.96847
vt 0.08978 0.96847
vt 0.08978 0.84117
vt 0.12218 0.84117
vt 0.02719 0.83299
vt 0.05520 0.83299
vt 0.02500 0.84117
vt 0.05739 0.84117
vt 0.12218 0.81848
vt 0.10058 0.80954
vt 0.15457 0.87340
vt 0.16041 0.87340
vt 0.16041 0.86340
vt 0.15457 0.86340
vt 0.21916 0.84417
vt 0.22500 0.84417
vt 0.22500 0.83939
vt 0.21916 0.83939
vt 0.16041 0.85384
vt 0.15457 0.85384
vt 0.21916 0.96337
vt 0.22500 0.96337
vt 0.16041 0.78958
vt 0.15457 0.78958
vt 0.15457 0.87992
vt 0.16041 0.87992
vt 0.16041 0.85799
vt 0.16041 0.86611
vt 0.16626 0.86611
vt 0.16626 0.85799
vt 0.16041 0.87419
vt 0.16626 0.87419
vt 0.16041 0.87992
vt 0.16626 0.87992
vt 0.16626 0.85190
vt 0.16041 0.85190
vt 0.22500 0.97951
vt 0.22500 0.97180
vt 0.21916 0.97180
vt 0.21916 0.97951
vt 0.19755 0.87992
vt 0.20440 0.87992
vt 0.18328 0.97951
vt 0.17615 0.97951
vt 0.19214 0.97951
vt 0.19755 0.97951
vt 0.16962 0.87992
vt 0.17615 0.87992
vt 0.16068 0.87992
vt 0.15457 0.87992
vt 0.21331 0.87992
f 161/161 162/162 163/163
f 164/164 165/165 166/166
f 167/167 168/168 169/169
f 170/170 171/171 172/172
f 173/173 174/174 175/175
f 176/176 177/177 178/178
f 179/179 180/180 181/181
f 182/182 183/183 184/184
f 185/185 186/186 187/187
f 188/188 189/189 190/190
f 191/191 192/192 193/193
f 194/194 195/195 196/196
f 197/197 163/163 162/162
f 197/197 162/162 198/198
f 169/169 168/168 199/199
f 169/169 199/199 200/200
f 166/166 201/201 202/202
f 166/166 202/202 164/164
f 203/203 197/197 198/198
f 203/203 198/198 204/204
f 201/201 203/203 204/204
f 201/201 204/204 202/202
f 172/172 171/171 205/205
f 172/172 205/205 206/206
f 206/206 205/205 207/207
f 206/206 207/207 208/208
f 200/200 199/199 208/208
f 200/200 208/208 207/207
f 209/209 210/210 175/175
f 209/209 175/175 174/174
f 178/178 177/177 210/210
f 178/178 210/210 209/209
f 211/211 212/212 213/213
f 211/211 213/213 214/214
f 215/215 216/216 217/217
f 215/215 217/217 218/218
f 212/212 219/219 220/220
f 212/212 220/220 213/213
f 218/218 221/221 222/222
f 218/218 222/222 215/215
f 219/219 223/223 224/224
f 219/219 224/224 220/220
f 225/225 211/211 214/214
f 225/225 214/214 226/226
f 227/227 228/228 229/229
f 227/227 229/229 230/230
f 230/230 229/229 231/231
f 230/230 231/231 232/232
f 232/232 231/231 233/233
f 232/232 233/233 234/234
f 228/228 227/227 235/235
f 228/228 235/235 236/236
f 237/237 238/238 239/239
f 237/237 239/239 240/240
f 240/240 239/239 222/222
f 240/240 222/222 221/221
f 241/241 242/242 243/243
f 241/241 243/243 244/244
f 245/245 246/246 247/247
f 245/245 247/247 248/248
f 249/249 245/245 248/248
f 249/249 248/248 250/250
f 251/251 249/249 250/250
f 251/251 250/250 252/252
f 253/253 254/254 255/255
f 253/253 255/255 256/256
f 257/257 253/253 256/256
f 257/257 256/256 258/258
f 259/259 257/257 258/258
f 259/259 258/258 260/260
f 242/242 261/261 262/262
f 242/242 262/262 243/243
f 263/263 264/264 181/181
f 263/263 181/181 180/180
f 186/186 265/265 266/266
f 186/186 266/266 187/187
f 183/183 182/182 267/267
f 183/183 267/267 268/268
f 269/269 270/270 264/264
f 269/269 264/264 263/263
f 268/268 267/267 270/270
f 268/268 270/270 269/269
f 189/189 271/271 272/272
f 189/189 272/272 190/190
f 271/271 273/273 274/274
f 271/271 274/274 272/272
f 265/265 274/274 273/273
f 265/265 273/273 266/266
f 275/275 193/193 192/192
f 275/275 192/192 276/276
f 195/195 275/275 276/276
f 195/195 276/276 196/196
f 277/277 278/278 279/279
f 277/277 279/279 280/280
f 281/281 282/282 283/283
f 281/281 283/283 284/284
f 280/280 279/279 285/285
f 280/280 285/285 286/286
f 282/282 281/281 287/287
f 282/282 287/287 288/288
f 286/286 285/285 289/289
f 286/286 289/289 290/290
f 291/291 292/292 278/278
f 291/291 278/278 277/277
f 293/293 294/294 295/295
f 293/293 295/295 296/296
f 294/294 297/297 298/298
f 294/294 298/298 295/295
f 297/297 299/299 300/300
f 297/297 300/300 298/298
f 296/296 301/301 302/302
f 296/296 302/302 293/293
f 303/303 304/304 305/305
f 303/303 305/305 306/306
f 304/304 288/288 287/287
f 304/304 287/287 305/305
f 307/307 244/244 243/243
f 307/307 243/243 308/308
f 309/309 248/248 247/247
f 309/309 247/247 310/310
f 311/311 250/250 248/248
f 311/311 248/248 309/309
f 312/312 252/252 250/250
f 312/312 250/250 311/311
f 313/313 256/256 255/255
f 313/313 255/255 314/314
f 315/315 258/258 256/256
f 315/315 256/256 313/313
f 316/316 260/260 258/258
f 316/316 258/258 315/315
f 308/308 243/243 262/262
f 308/308 262/262 317/317
o V1_SailplaneGlider_1_LandingGear_VehiclesGeneric_0
usemtl VehiclesGeneric
v -3.28285 -21.71857 1.24598
v -3.28286 -21.76287 0.30791
v -3.28286 -22.27891 -0.46684
v -2.58158 -23.07451 -0.50181
v -2.58158 -23.87357 -0.41241
v -2.58158 -22.34567 -0.17668
v -2.81533 -21.76287 0.30791
v -2.81533 -21.71857 1.24598
v -2.81533 -22.27891 -0.46684
v -2.11405 -23.07451 -0.50181
v -2.11405 -22.34567 -0.17668
v -2.11405 -23.87357 -0.41241
v 3.28286 -21.71857 1.24598
v 3.28286 -22.27891 -0.46684
v 3.28286 -21.76287 0.30791
v 2.58158 -23.07451 -0.50181
v 2.58158 -22.34567 -0.17668
v 2.58158 -23.87357 -0.41241
v 2.81533 -21.76287 0.30791
v 2.81533 -22.27891 -0.46684
v 2.81533 -21.71857 1.24598
v 2.11406 -23.07451 -0.50181
v 2.11406 -23.87357 -0.41241
v 2.11406 -22.34567 -0.17668
v -3.98414 -23.22294 1.74504
v -3.98414 -22.56176 1.47117
v -3.98414 -23.88413 1.47117
v -3.98414 -23.22294 -0.12506
v -3.98414 -23.88413 0.14881
v -3.98414 -22.56176 0.14881
v 3.98415 -23.22294 1.74504
v 3.98415 -23.88413 1.47117
v 3.98415 -22.56176 1.47117
v 3.98415 -23.22294 -0.12506
v 3.98415 -22.56176 0.14881
v 3.98415 -23.88413 0.14881
v -3.28285 -32.22292 4.84104
v -2.81533 -32.22292 4.84104
v -2.81533 -23.00181 2.51843
v -3.28285 -23.00181 2.51843
v -2.81533 -32.22292 4.84104
v -2.81533 -32.56533 3.11963
v -2.81533 -24.04508 -0.68357
v -2.81533 -23.00181 2.51843
v -2.81534 -24.58285 11.45793
v -2.81533 -26.68604 12.86323
v 0.00000 -26.68604 12.86323
v 0.00000 -24.58285 11.45793
v -2.81534 -31.67057 4.01439
v -2.34781 -31.67057 4.01439
v -2.34780 -32.90773 4.84104
v -2.81533 -32.90773 4.84104
v -2.81534 -27.24075 8.66660
v -2.34781 -27.24075 8.66660
v -2.34781 -31.67057 4.01439
v -2.81534 -31.67057 4.01439
v -2.81533 -32.90773 4.84104
v -2.34780 -32.90773 4.84104
v -2.34780 -29.01917 9.85491
v -2.81533 -29.01917 9.85491
v -2.81534 -24.58285 11.45793
v -0.94523 -25.91180 10.06226
v -2.34781 -31.67057 4.01439
v -2.34781 -27.24075 8.66660
v -2.34780 -29.01917 9.85491
v -2.34780 -32.90773 4.84104
v -2.81534 -31.67057 4.01439
v -2.81533 -32.90773 4.84104
v -2.81533 -29.01917 9.85491
v -2.81534 -27.24075 8.66660
v -0.94522 -27.85260 11.35907
v -2.81533 -26.68604 12.86323
v -2.81533 -26.68604 12.86323
v -2.81534 -24.58285 11.45793
v 0.00000 -24.58285 11.45793
v 0.00000 -25.91180 10.06226
v 0.00000 -27.85260 11.35907
v 0.00000 -26.68604 12.86323
v -0.94522 -27.85260 11.35907
v -0.94523 -25.91180 10.06226
v 0.00000 -25.91180 10.06226
v 0.00000 -27.85260 11.35907
v -2.11405 -25.66616 9.45581
v -2.58158 -25.66616 9.45581
v -2.58158 -24.79630 0.82114
v -2.11405 -24.79630 0.82114
v -3.28285 -32.22292 4.84104
v -3.28285 -23.00181 2.51843
v -3.28286 -24.04508 -0.68357
v -3.28286 -32.56533 3.11963
v -3.28285 -22.17205 2.05509
v -3.28286 -23.11426 -0.82975
v -3.28286 -24.04508 -0.68357
v -2.81533 -24.04508 -0.68357
v -2.81533 -32.56533 3.11963
v -3.28286 -32.56533 3.11963
v -2.58158 -23.80377 9.97098
v -2.11405 -23.80377 9.97098
v -2.11405 -21.87893 1.26903
v -2.58158 -21.87893 1.26903
v -3.28286 -23.11426 -0.82975
v -2.81533 -23.11426 -0.82975
v -2.81533 -23.11426 -0.82975
v -3.28286 -23.11426 -0.82975
v -3.28286 -22.27891 -0.46684
v -2.81533 -22.27891 -0.46684
v -3.28286 -21.76287 0.30791
v -2.81533 -21.76287 0.30791
v -3.28285 -21.71857 1.24598
v -2.81533 -21.71857 1.24598
v -2.81533 -21.71857 1.24598
v -3.28285 -21.71857 1.24598
v -3.28285 -22.17205 2.05509
v -2.81533 -22.17205 2.05509
v -3.28286 -32.56533 3.11963
v -2.81533 -32.56533 3.11963
v -2.81533 -32.22292 4.84104
v -3.28285 -32.22292 4.84104
v -2.58158 -21.90805 0.47149
v -2.58158 -24.50391 0.07180
v -2.58158 -23.07451 -0.50181
v -2.11405 -23.07451 -0.50181
v -2.11405 -23.87357 -0.41241
v -2.58158 -23.87357 -0.41241
v -2.11405 -24.50391 0.07180
v -2.58158 -24.50391 0.07180
v -2.11405 -23.07451 -0.50181
v -2.58158 -23.07451 -0.50181
v -2.58158 -22.34567 -0.17668
v -2.11405 -22.34567 -0.17668
v -2.58158 -21.90805 0.47149
v -2.11405 -21.90805 0.47149
v -2.58158 -21.87893 1.26903
v -2.11405 -21.87893 1.26903
v -2.81533 -22.17205 2.05509
v -2.81533 -23.11426 -0.82975
v -2.58158 -24.79630 0.82114
v -2.58158 -21.87893 1.26903
v -2.58158 -23.80377 9.97098
v -2.58158 -25.66616 9.45581
v -2.11405 -21.90805 0.47149
v -2.11405 -24.50391 0.07180
v -2.11405 -21.87893 1.26903
v -2.11405 -24.79630 0.82114
v -2.11405 -23.80377 9.97098
v -2.11405 -25.66616 9.45581
v -1.88029 -23.80377 9.97098
v -2.81534 -23.80377 9.97098
v -2.81534 -24.95496 11.06714
v -1.88029 -24.95496 11.06714
v -1.88029 -26.09785 9.86687
v -1.88029 -24.94666 8.77071
v -1.88029 -23.80377 9.97098
v -1.88029 -24.95496 11.06714
v -2.81534 -24.95496 11.06714
v -2.81534 -23.80377 9.97098
v -2.81534 -24.94666 8.77071
v -2.81534 -26.09785 9.86687
v -1.88029 -24.94666 8.77071
v -1.88029 -26.09785 9.86687
v -2.81534 -26.09785 9.86687
v -2.81534 -24.94666 8.77071
v -2.81534 -23.80377 9.97098
v -1.88029 -23.80377 9.97098
v -1.88029 -24.94666 8.77071
v -2.81534 -24.94666 8.77071
v 3.28286 -32.22292 4.84104
v 3.28286 -23.00181 2.51843
v 2.81533 -23.00181 2.51843
v 2.81533 -32.22292 4.84104
v 2.81533 -32.22292 4.84104
v 2.81533 -23.00181 2.51843
v 2.81533 -24.04508 -0.68357
v 2.81533 -32.56533 3.11963
v 2.81534 -24.58285 11.45793
v 2.81533 -26.68604 12.86323
v 2.81534 -31.67057 4.01439
v 2.81533 -32.90773 4.84104
v 2.34780 -32.90773 4.84104
v 2.34781 -31.67057 4.01439
v 2.81534 -27.24075 8.66660
v 2.81534 -31.67057 4.01439
v 2.34781 -31.67057 4.01439
v 2.34781 -27.24075 8.66660
v 2.81533 -32.90773 4.84104
v 2.81533 -29.01917 9.85491
v 2.34780 -29.01917 9.85491
v 2.34780 -32.90773 4.84104
v 2.81534 -24.58285 11.45793
v 0.94524 -25.91180 10.06226
v 2.34781 -31.67057 4.01439
v 2.34780 -32.90773 4.84104
v 2.34780 -29.01917 9.85491
v 2.34781 -27.24075 8.66660
v 2.81534 -31.67057 4.01439
v 2.81534 -27.24075 8.66660
v 2.81533 -29.01917 9.85491
v 2.81533 -32.90773 4.84104
v 2.81533 -26.68604 12.86323
v 0.94522 -27.85260 11.35907
v 2.81534 -24.58285 11.45793
v 2.81533 -26.68604 12.86323
v 0.94522 -27.85260 11.35907
v 0.94524 -25.91180 10.06226
v 2.11405 -25.66616 9.45581
v 2.11406 -24.79630 0.82114
v 2.58158 -24.79630 0.82114
v 2.58158 -25.66616 9.45581
v 3.28286 -32.22292 4.84104
v 3.28286 -32.56533 3.11963
v 3.28286 -24.04508 -0.68357
v 3.28286 -23.00181 2.51843
v 3.28286 -22.17205 2.05509
v 3.28286 -23.11426 -0.82975
v 3.28286 -24.04508 -0.68357
v 3.28286 -32.56533 3.11963
v 2.81533 -32.56533 3.11963
v 2.81533 -24.04508 -0.68357
v 2.58158 -23.80377 9.97098
v 2.58158 -21.87893 1.26903
v 2.11406 -21.87893 1.26903
v 2.11405 -23.80377 9.97098
v 2.81533 -23.11426 -0.82975
v 3.28286 -23.11426 -0.82975
v 2.81533 -23.11426 -0.82975
v 2.81533 -22.27891 -0.46684
v 3.28286 -22.27891 -0.46684
v 3.28286 -23.11426 -0.82975
v 2.81533 -21.76287 0.30791
v 3.28286 -21.76287 0.30791
v 2.81533 -21.71857 1.24598
v 3.28286 -21.71857 1.24598
v 2.81533 -21.71857 1.24598
v 2.81533 -22.17205 2.05509
v 3.28286 -22.17205 2.05509
v 3.28286 -21.71857 1.24598
v 3.28286 -32.56533 3.11963
v 3.28286 -32.22292 4.84104
v 2.81533 -32.22292 4.84104
v 2.81533 -32.56533 3.11963
v 2.58158 -21.90805 0.47149
v 2.58158 -24.50391 0.07180
v 2.58158 -23.07451 -0.50181
v 2.58158 -23.87357 -0.41241
v 2.11406 -23.87357 -0.41241
v 2.11406 -23.07451 -0.50181
v 2.58158 -24.50391 0.07180
v 2.11406 -24.50391 0.07180
v 2.11406 -23.07451 -0.50181
v 2.11406 -22.34567 -0.17668
v 2.58158 -22.34567 -0.17668
v 2.58158 -23.07451 -0.50181
v 2.11406 -21.90805 0.47149
v 2.58158 -21.90805 0.47149
v 2.11406 -21.87893 1.26903
v 2.58158 -21.87893 1.26903
v 2.81533 -22.17205 2.05509
v 2.81533 -23.11426 -0.82975
v 2.58158 -21.87893 1.26903
v 2.58158 -24.79630 0.82114
v 2.58158 -23.80377 9.97098
v 2.58158 -25.66616 9.45581
v 2.11406 -24.50391 0.07180
v 2.11406 -21.90805 0.47149
v 2.11406 -24.79630 0.82114
v 2.11406 -21.87893 1.26903
v 2.11405 -25.66616 9.45581
v 2.11405 -23.80377 9.97098
v 1.88029 -23.80377 9.97098
v 1.88029 -24.95496 11.06714
v 2.81534 -24.95496 11.06714
v 2.81534 -23.80377 9.97098
v 1.88029 -26.09785 9.86687
v 1.88029 -24.95496 11.06714
v 1.88029 -23.80377 9.97098
v 1.88029 -24.94666 8.77071
v 2.81534 -24.95496 11.06714
v 2.81534 -26.09785 9.86687
v 2.81534 -24.94666 8.77071
v 2.81534 -23.80377 9.97098
v 1.88029 -24.94666 8.77071
v 2.81534 -24.94666 8.77071
v 2.81534 -26.09785 9.86687
v 1.88029 -26.09785 9.86687
v 2.81534 -23.80377 9.97098
v 2.81534 -24.94666 8.77071
v 1.88029 -24.94666 8.77071
v 1.88029 -23.80377 9.97098
v -2.34781 -27.24075 8.66660
v -0.94523 -25.91180 10.06226
v -0.94522 -27.85260 11.35907
v -2.34780 -29.01917 9.85491
v 2.34781 -27.24075 8.66660
v 2.34780 -29.01917 9.85491
v 0.94522 -27.85260 11.35907
v 0.94524 -25.91180 10.06226
v -3.51662 -33.19802 3.38170
v -3.51662 -33.39198 3.67198
v -3.51663 -33.46009 4.01439
v -3.51662 -33.19802 4.01439
v -3.51662 -32.90774 3.18774
v -3.51662 -32.90774 4.01439
v -3.51662 -32.56533 3.11963
v -3.51662 -32.56533 4.01439
v -3.51662 -32.22292 3.18774
v -3.51662 -32.22292 4.01439
v -3.51662 -31.93264 3.38170
v -3.51662 -31.93264 4.01439
v -3.51662 -31.73868 3.67198
v -3.51663 -31.67057 4.01439
v -3.51662 -32.56533 4.90915
v -3.51662 -32.22292 4.84104
v -3.51662 -33.39198 4.35680
v -3.51662 -33.19802 4.64708
v -3.51662 -31.93264 4.64708
v -3.51662 -32.90773 4.84104
v -3.51662 -31.73868 4.35680
v -3.98414 -22.28789 0.80999
v -3.98414 -24.15800 0.80999
v 3.51662 -33.19802 3.38170
v 3.51662 -33.19802 4.01439
v 3.51663 -33.46009 4.01439
v 3.51662 -33.39198 3.67198
v 3.51662 -32.90774 3.18774
v 3.51662 -32.90774 4.01439
v 3.51662 -32.56533 3.11963
v 3.51662 -32.56533 4.01439
v 3.51662 -32.22292 3.18774
v 3.51662 -32.22292 4.01439
v 3.51662 -31.93264 3.38170
v 3.51662 -31.93264 4.01439
v 3.51663 -31.73868 3.67198
v 3.51663 -31.67057 4.01439
v 3.51662 -32.22292 4.84104
v 3.51662 -32.56533 4.90915
v 3.51662 -33.19802 4.64708
v 3.51663 -33.39198 4.35680
v 3.51662 -31.93264 4.64708
v 3.51662 -32.90773 4.84104
v 3.51662 -31.73868 4.35680
v 3.98415 -22.28789 0.80999
v 3.98415 -24.15800 0.80999
v -2.11405 -24.35778 7.04237
v -2.11405 -24.02718 7.17931
v 0.00000 -24.02718 7.17931
v 0.00000 -24.35778 7.04237
v -2.11405 -23.83590 4.01966
v -2.11405 -23.50531 4.15659
v 0.00000 -23.50531 4.15659
v 0.00000 -23.83590 4.01966
v -2.11405 -24.68837 7.17931
v -2.11405 -24.35778 7.04237
v 0.00000 -24.35778 7.04237
v 0.00000 -24.68837 7.17931
v -2.11405 -24.16649 4.15659
v -2.11405 -23.83590 4.01966
v 0.00000 -23.83590 4.01966
v 0.00000 -24.16649 4.15659
v -2.11405 -24.82530 7.50990
v 0.00000 -24.82530 7.50990
v -2.11405 -24.30343 4.48718
v 0.00000 -24.30343 4.48718
v -2.11405 -24.68837 7.84049
v -2.11405 -24.82530 7.50990
v 0.00000 -24.82530 7.50990
v 0.00000 -24.68837 7.84049
v -2.11405 -24.16649 4.81777
v -2.11405 -24.30343 4.48718
v 0.00000 -24.30343 4.48718
v 0.00000 -24.16649 4.81777
v -2.11405 -24.35778 7.97742
v 0.00000 -24.35778 7.97742
v -2.11405 -24.02718 7.84049
v -2.11405 -24.35778 7.97742
v 0.00000 -24.35778 7.97742
v 0.00000 -24.02718 7.84049
v -2.11405 -23.83590 4.95471
v 0.00000 -23.83590 4.95471
v -2.11405 -23.50531 4.81777
v -2.11405 -23.83590 4.95471
v 0.00000 -23.83590 4.95471
v 0.00000 -23.50531 4.81777
v -2.11405 -23.89025 7.50990
v 0.00000 -23.89025 7.50990
v -2.11405 -23.36837 4.48718
v 0.00000 -23.36837 4.48718
v -2.11405 -23.89025 7.50990
v 0.00000 -23.89025 7.50990
v -2.11405 -23.36837 4.48718
v 0.00000 -23.36837 4.48718
v -3.98414 -23.22294 -0.12506
v -3.98414 -22.56176 0.14881
v 0.00000 -22.56176 0.14881
v 0.00000 -23.22294 -0.12506
v -3.98414 -23.88413 0.14881
v -3.98414 -23.22294 -0.12506
v 0.00000 -23.22294 -0.12506
v 0.00000 -23.88413 0.14881
v -3.98414 -24.15800 0.80999
v 0.00000 -24.15800 0.80999
v -3.98414 -23.88413 1.47117
v -3.98414 -24.15800 0.80999
v 0.00000 -24.15800 0.80999
v 0.00000 -23.88413 1.47117
v -3.98414 -23.22294 1.74504
v 0.00000 -23.22294 1.74504
v -3.98414 -22.56176 1.47117
v -3.98414 -23.22294 1.74504
v 0.00000 -23.22294 1.74504
v 0.00000 -22.56176 1.47117
v -3.98414 -22.28789 0.80999
v 0.00000 -22.28789 0.80999
v -3.98414 -22.28789 0.80999
v 0.00000 -22.28789 0.80999
v -1.04217 -32.22292 3.18774
v -3.51662 -32.22292 3.18774
v -3.51662 -31.93264 3.38170
v -1.04218 -31.93264 3.38170
v -1.04217 -32.56533 4.90915
v -3.51662 -32.56533 4.90915
v -3.51662 -32.90773 4.84104
v -1.04217 -32.90773 4.84104
v -1.04217 -32.56533 3.11963
v -3.51662 -32.56533 3.11963
v -1.04217 -32.22292 4.84104
v -3.51662 -32.22292 4.84104
v -3.51662 -32.56533 4.90915
v -1.04217 -32.56533 4.90915
v -1.04218 -33.39198 4.35680
v -3.51662 -33.39198 4.35680
v -3.51663 -33.46009 4.01439
v -1.04218 -33.46009 4.01439
v -1.04217 -32.90774 3.18774
v -3.51662 -32.90774 3.18774
v -3.51662 -32.56533 3.11963
v -1.04217 -32.56533 3.11963
v -1.04218 -33.19802 3.38170
v -3.51662 -33.19802 3.38170
v -1.04218 -31.67057 4.01439
v -3.51663 -31.67057 4.01439
v -3.51662 -31.73868 4.35680
v -1.04218 -31.73868 4.35680
v -1.04218 -33.39198 3.67198
v -3.51662 -33.39198 3.67198
v -1.04218 -31.93264 4.64708
v -3.51662 -31.93264 4.64708
v -1.04218 -31.73868 3.67198
v -3.51662 -31.73868 3.67198
v -3.51663 -31.67057 4.01439
v -1.04218 -31.67057 4.01439
v -3.51662 -33.19802 4.64708
v -1.04218 -33.19802 4.64708
v -1.04218 -33.46009 4.01439
v -3.51663 -33.46009 4.01439
v 2.11405 -24.35778 7.04237
v 2.11405 -24.02718 7.17931
v 2.11406 -23.83590 4.01966
v 2.11406 -23.50531 4.15659
v 2.11405 -24.68837 7.17931
v 2.11405 -24.35778 7.04237
v 2.11406 -24.16649 4.15659
v 2.11406 -23.83590 4.01966
v 2.11405 -24.82530 7.50990
v 2.11406 -24.30343 4.48718
v 2.11405 -24.68837 7.84049
v 2.11405 -24.82530 7.50990
v 2.11406 -24.16649 4.81777
v 2.11406 -24.30343 4.48718
v 2.11405 -24.35778 7.97742
v 2.11405 -24.02718 7.84049
v 2.11405 -24.35778 7.97742
v 2.11405 -23.83590 4.95471
v 2.11406 -23.50531 4.81777
v 2.11405 -23.83590 4.95471
v 2.11405 -23.89025 7.50990
v 2.11406 -23.36837 4.48718
v 2.11405 -23.89025 7.50990
v 2.11406 -23.36837 4.48718
v 3.98415 -23.22294 -0.12506
v 3.98415 -22.56176 0.14881
v 3.98415 -23.88413 0.14881
v 3.98415 -23.22294 -0.12506
v 3.98415 -24.15800 0.80999
v 3.98415 -23.88413 1.47117
v 3.98415 -24.15800 0.80999
v 3.98415 -23.22294 1.74504
v 3.98415 -22.56176 1.47117
v 3.98415 -23.22294 1.74504
v 3.98415 -22.28789 0.80999
v 3.98415 -22.28789 0.80999
v 1.04218 -32.22292 3.18774
v 1.04218 -31.93264 3.38170
v 3.51662 -31.93264 3.38170
v 3.51662 -32.22292 3.18774
v 1.04218 -32.56533 4.90915
v 1.04218 -32.90773 4.84104
v 3.51662 -32.90773 4.84104
v 3.51662 -32.56533 4.90915
v 1.04218 -32.56533 3.11963
v 3.51662 -32.56533 3.11963
v 1.04218 -32.22292 4.84104
v 1.04218 -32.56533 4.90915
v 3.51662 -32.56533 4.90915
v 3.51662 -32.22292 4.84104
v 1.04218 -33.39198 4.35680
v 1.04218 -33.46009 4.01439
v 3.51663 -33.46009 4.01439
v 3.51663 -33.39198 4.35680
v 1.04218 -32.90774 3.18774
v 1.04218 -32.56533 3.11963
v 3.51662 -32.56533 3.11963
v 3.51662 -32.90774 3.18774
v 1.04218 -33.19802 3.38170
v 3.51662 -33.19802 3.38170
v 1.04218 -31.67057 4.01439
v 1.04218 -31.73868 4.35680
v 3.51662 -31.73868 4.35680
v 3.51663 -31.67057 4.01439
v 1.04218 -33.39198 3.67198
v 3.51662 -33.39198 3.67198
v 1.04218 -31.93264 4.64708
v 3.51662 -31.93264 4.64708
v 1.04218 -31.73868 3.67198
v 1.04218 -31.67057 4.01439
v 3.51663 -31.67057 4.01439
v 3.51663 -31.73868 3.67198
v 1.04218 -33.19802 4.64708
v 3.51662 -33.19802 4.64708
v 1.04218 -33.46009 4.01439
v 3.51663 -33.46009 4.01439
vt 0.08387 0.82196
vt 0.07715 0.82060
vt 0.07075 0.82287
vt 0.03518 0.82601
vt 0.02963 0.82790
vt 0.04088 0.82717
vt 0.11823 0.97673
vt 0.12494 0.97537
vt 0.11183 0.97446
vt 0.13881 0.89466
vt 0.14452 0.89349
vt 0.13326 0.89276
vt 0.14945 0.97537
vt 0.13634 0.97446
vt 0.14274 0.97673
vt 0.16030 0.89466
vt 0.16600 0.89349
vt 0.15475 0.89276
vt 0.16725 0.89466
vt 0.16085 0.89693
vt 0.17396 0.89601
vt 0.11733 0.81891
vt 0.11178 0.82081
vt 0.12303 0.82008
vt 0.06034 0.79947
vt 0.05664 0.79578
vt 0.06034 0.80469
vt 0.04773 0.80469
vt 0.05142 0.80838
vt 0.04773 0.79947
vt 0.15057 0.81522
vt 0.15426 0.81891
vt 0.15057 0.81000
vt 0.16317 0.81000
vt 0.15948 0.80631
vt 0.16317 0.81522
vt 0.21264 0.81879
vt 0.20923 0.81879
vt 0.20923 0.88153
vt 0.21264 0.88153
vt 0.13166 0.89466
vt 0.11887 0.89530
vt 0.10715 0.96235
vt 0.13166 0.96402
vt 0.18068 0.97673
vt 0.19904 0.97673
vt 0.19904 0.95619
vt 0.18068 0.95619
vt 0.20602 0.91831
vt 0.20943 0.91831
vt 0.20943 0.90810
vt 0.20602 0.90810
vt 0.02500 0.94861
vt 0.02841 0.94861
vt 0.02841 0.90175
vt 0.02500 0.90175
vt 0.10715 0.90267
vt 0.10374 0.90267
vt 0.10374 0.94896
vt 0.10715 0.94896
vt 0.02500 0.97673
vt 0.03864 0.96267
vt 0.09532 0.85605
vt 0.09058 0.90267
vt 0.10615 0.90157
vt 0.10615 0.85528
vt 0.17918 0.89389
vt 0.19001 0.89466
vt 0.19001 0.84837
vt 0.17445 0.84727
vt 0.09351 0.96284
vt 0.10715 0.97673
vt 0.19001 0.82060
vt 0.17160 0.81930
vt 0.04554 0.97673
vt 0.04554 0.96267
vt 0.08661 0.96284
vt 0.08661 0.97673
vt 0.19447 0.93565
vt 0.19447 0.91964
vt 0.18757 0.91964
vt 0.18757 0.93565
vt 0.21946 0.82497
vt 0.21605 0.82497
vt 0.21605 0.87944
vt 0.21946 0.87944
vt 0.09058 0.90267
vt 0.09058 0.83330
vt 0.06607 0.83498
vt 0.07780 0.90202
vt 0.08879 0.82661
vt 0.06670 0.82813
vt 0.22159 0.97184
vt 0.22500 0.97184
vt 0.22500 0.91262
vt 0.22159 0.91262
vt 0.19683 0.78540
vt 0.19342 0.78540
vt 0.19342 0.83653
vt 0.19683 0.83653
vt 0.22159 0.97673
vt 0.22500 0.97673
vt 0.16341 0.81891
vt 0.16682 0.81891
vt 0.16682 0.81278
vt 0.16341 0.81278
vt 0.16682 0.80610
vt 0.16341 0.80610
vt 0.16682 0.80094
vt 0.16341 0.80094
vt 0.20923 0.89466
vt 0.21264 0.89466
vt 0.21264 0.88836
vt 0.20923 0.88836
vt 0.14799 0.79468
vt 0.14458 0.79468
vt 0.14458 0.80611
vt 0.14799 0.80611
vt 0.04502 0.83110
vt 0.02590 0.83234
vt 0.21605 0.89466
vt 0.21946 0.89466
vt 0.21946 0.89067
vt 0.21605 0.89067
vt 0.21946 0.88510
vt 0.21605 0.88510
vt 0.04773 0.79303
vt 0.04432 0.79303
vt 0.04432 0.79842
vt 0.04773 0.79842
vt 0.04432 0.80404
vt 0.04773 0.80404
vt 0.04432 0.80838
vt 0.04773 0.80838
vt 0.12986 0.97072
vt 0.10777 0.96919
vt 0.02500 0.83814
vt 0.04649 0.83674
vt 0.04649 0.90175
vt 0.03241 0.90101
vt 0.14866 0.88956
vt 0.12954 0.88832
vt 0.15012 0.88393
vt 0.12863 0.88252
vt 0.15012 0.81891
vt 0.13604 0.81965
vt 0.19920 0.91831
vt 0.20602 0.91831
vt 0.20602 0.90675
vt 0.19920 0.90675
vt 0.16216 0.79422
vt 0.15057 0.79422
vt 0.15057 0.80631
vt 0.16216 0.80631
vt 0.09455 0.80790
vt 0.10615 0.80790
vt 0.10615 0.79581
vt 0.09455 0.79581
vt 0.08822 0.80255
vt 0.08822 0.79113
vt 0.08140 0.79113
vt 0.08140 0.80255
vt 0.13776 0.80611
vt 0.14458 0.80611
vt 0.14458 0.79402
vt 0.13776 0.79402
vt 0.21605 0.89466
vt 0.21605 0.83191
vt 0.21264 0.83191
vt 0.21264 0.89466
vt 0.18068 0.97673
vt 0.18068 0.90736
vt 0.15617 0.90903
vt 0.16789 0.97608
vt 0.18068 0.93565
vt 0.19904 0.93565
vt 0.20943 0.90487
vt 0.20943 0.89466
vt 0.20602 0.89466
vt 0.20602 0.90487
vt 0.06607 0.94861
vt 0.06607 0.90175
vt 0.06266 0.90175
vt 0.06266 0.94861
vt 0.06607 0.90267
vt 0.06607 0.94896
vt 0.06949 0.94896
vt 0.06949 0.90267
vt 0.06607 0.97673
vt 0.05243 0.96267
vt 0.09532 0.85452
vt 0.10615 0.85528
vt 0.10615 0.80900
vt 0.09058 0.80790
vt 0.05406 0.82716
vt 0.04933 0.87378
vt 0.06489 0.87268
vt 0.06489 0.82639
vt 0.06607 0.97673
vt 0.07972 0.96284
vt 0.04649 0.90175
vt 0.06489 0.90045
vt 0.18068 0.93565
vt 0.18068 0.91964
vt 0.22159 0.97673
vt 0.22159 0.92226
vt 0.21818 0.92226
vt 0.21818 0.97673
vt 0.15617 0.89466
vt 0.14338 0.89530
vt 0.13166 0.96235
vt 0.15617 0.96402
vt 0.15437 0.97072
vt 0.13228 0.96919
vt 0.22287 0.88977
vt 0.22287 0.83055
vt 0.21946 0.83055
vt 0.21946 0.88977
vt 0.19001 0.78540
vt 0.19001 0.83653
vt 0.19342 0.83653
vt 0.19342 0.78540
vt 0.21946 0.89466
vt 0.22287 0.89466
vt 0.19788 0.93565
vt 0.19788 0.92952
vt 0.19447 0.92952
vt 0.19447 0.93565
vt 0.19788 0.92284
vt 0.19447 0.92284
vt 0.19788 0.91768
vt 0.19447 0.91768
vt 0.21264 0.81879
vt 0.21264 0.82509
vt 0.21605 0.82509
vt 0.21605 0.81879
vt 0.20706 0.80569
vt 0.20706 0.79425
vt 0.20365 0.79425
vt 0.20365 0.80569
vt 0.17014 0.88956
vt 0.15102 0.88832
vt 0.21818 0.90704
vt 0.21818 0.91103
vt 0.22159 0.91103
vt 0.22159 0.90704
vt 0.21818 0.91660
vt 0.22159 0.91660
vt 0.09058 0.79254
vt 0.09058 0.79793
vt 0.09399 0.79793
vt 0.09399 0.79254
vt 0.09058 0.80356
vt 0.09399 0.80356
vt 0.09058 0.80790
vt 0.09399 0.80790
vt 0.17888 0.90066
vt 0.15679 0.90219
vt 0.17160 0.88393
vt 0.15012 0.88252
vt 0.17160 0.81891
vt 0.15753 0.81965
vt 0.10805 0.82525
vt 0.12717 0.82401
vt 0.10715 0.83105
vt 0.12863 0.82964
vt 0.11456 0.89392
vt 0.12863 0.89466
vt 0.20365 0.80569
vt 0.20365 0.79412
vt 0.19683 0.79412
vt 0.19683 0.80569
vt 0.11951 0.80611
vt 0.11951 0.79402
vt 0.10791 0.79402
vt 0.10791 0.80611
vt 0.02500 0.79591
vt 0.02500 0.80800
vt 0.03660 0.80800
vt 0.03660 0.79591
vt 0.06848 0.80255
vt 0.07530 0.80255
vt 0.07530 0.79113
vt 0.06848 0.79113
vt 0.19920 0.89466
vt 0.19920 0.90675
vt 0.20602 0.90675
vt 0.20602 0.89466
vt 0.06034 0.81079
vt 0.04649 0.80838
vt 0.04649 0.82541
vt 0.06034 0.82639
vt 0.03885 0.82360
vt 0.03885 0.80800
vt 0.02500 0.80898
vt 0.02500 0.82601
vt 0.10670 0.81379
vt 0.10768 0.81614
vt 0.10948 0.81794
vt 0.11054 0.81635
vt 0.10670 0.81124
vt 0.11172 0.81459
vt 0.10768 0.80889
vt 0.11311 0.81251
vt 0.10948 0.80708
vt 0.11449 0.81044
vt 0.11183 0.80611
vt 0.11567 0.80867
vt 0.11438 0.80611
vt 0.11673 0.80708
vt 0.11853 0.81614
vt 0.11951 0.81379
vt 0.11183 0.81891
vt 0.11438 0.81891
vt 0.11951 0.81124
vt 0.11673 0.81794
vt 0.11853 0.80889
vt 0.05142 0.79578
vt 0.05664 0.80838
vt 0.15057 0.81379
vt 0.14673 0.81635
vt 0.14779 0.81794
vt 0.14959 0.81614
vt 0.15057 0.81124
vt 0.14555 0.81459
vt 0.14959 0.80889
vt 0.14416 0.81251
vt 0.14779 0.80708
vt 0.14278 0.81044
vt 0.14544 0.80611
vt 0.14160 0.80867
vt 0.14289 0.80611
vt 0.14054 0.80708
vt 0.13776 0.81379
vt 0.13874 0.81614
vt 0.14289 0.81891
vt 0.14544 0.81891
vt 0.13776 0.81124
vt 0.14054 0.81794
vt 0.13874 0.80889
vt 0.15426 0.80631
vt 0.15948 0.81891
vt 0.06516 0.79555
vt 0.06277 0.79555
vt 0.06277 0.81097
vt 0.06516 0.81097
vt 0.19683 0.83653
vt 0.19922 0.83653
vt 0.19922 0.82111
vt 0.19683 0.82111
vt 0.21623 0.78794
vt 0.21400 0.78794
vt 0.21400 0.80337
vt 0.21623 0.80337
vt 0.21176 0.81879
vt 0.21400 0.81879
vt 0.21400 0.80337
vt 0.21176 0.80337
vt 0.21877 0.78794
vt 0.21877 0.80337
vt 0.20923 0.81879
vt 0.20923 0.80337
vt 0.16909 0.81891
vt 0.17160 0.81891
vt 0.17160 0.80349
vt 0.16909 0.80349
vt 0.07758 0.82060
vt 0.08009 0.82060
vt 0.08009 0.80518
vt 0.07758 0.80518
vt 0.16682 0.81891
vt 0.16682 0.80349
vt 0.20415 0.80569
vt 0.20165 0.80569
vt 0.20165 0.82111
vt 0.20415 0.82111
vt 0.07530 0.82060
vt 0.07530 0.80518
vt 0.04115 0.82601
vt 0.04365 0.82601
vt 0.04365 0.81059
vt 0.04115 0.81059
vt 0.20645 0.80569
vt 0.20645 0.82111
vt 0.03885 0.82601
vt 0.03885 0.81059
vt 0.06034 0.79555
vt 0.06034 0.81097
vt 0.20165 0.83653
vt 0.20165 0.82111
vt 0.19001 0.89466
vt 0.19479 0.89466
vt 0.19479 0.86559
vt 0.19001 0.86559
vt 0.21311 0.91860
vt 0.20864 0.91860
vt 0.20864 0.94766
vt 0.21311 0.94766
vt 0.21818 0.91860
vt 0.21818 0.94766
vt 0.20469 0.83653
vt 0.19966 0.83653
vt 0.19966 0.86559
vt 0.20469 0.86559
vt 0.20923 0.83653
vt 0.20923 0.86559
vt 0.20365 0.97673
vt 0.20864 0.97673
vt 0.20864 0.94766
vt 0.20365 0.94766
vt 0.19904 0.97673
vt 0.19904 0.94766
vt 0.19966 0.89466
vt 0.19966 0.86559
vt 0.06816 0.80255
vt 0.06816 0.82060
vt 0.07065 0.82060
vt 0.07065 0.80255
vt 0.18077 0.81930
vt 0.18077 0.80125
vt 0.17884 0.80125
vt 0.17884 0.81930
vt 0.06607 0.80255
vt 0.06607 0.82060
vt 0.19695 0.89466
vt 0.19695 0.91271
vt 0.19920 0.91271
vt 0.19920 0.89466
vt 0.17388 0.81930
vt 0.17388 0.80125
vt 0.17160 0.80125
vt 0.17160 0.81930
vt 0.12675 0.80086
vt 0.12675 0.81891
vt 0.12863 0.81891
vt 0.12863 0.80086
vt 0.12436 0.80086
vt 0.12436 0.81891
vt 0.19001 0.89466
vt 0.19001 0.91271
vt 0.19198 0.91271
vt 0.19198 0.89466
vt 0.12181 0.80086
vt 0.12181 0.81891
vt 0.19442 0.89466
vt 0.19442 0.91271
vt 0.07316 0.80255
vt 0.07316 0.82060
vt 0.07530 0.82060
vt 0.07530 0.80255
vt 0.17642 0.80125
vt 0.17642 0.81930
vt 0.11951 0.80086
vt 0.11951 0.81891
vt 0.06516 0.82639
vt 0.06277 0.82639
vt 0.19683 0.80569
vt 0.19922 0.80569
vt 0.21623 0.81879
vt 0.21400 0.81879
vt 0.21176 0.78794
vt 0.21400 0.78794
vt 0.21877 0.81879
vt 0.20923 0.78794
vt 0.16909 0.78807
vt 0.17160 0.78807
vt 0.07758 0.78976
vt 0.08009 0.78976
vt 0.16682 0.78807
vt 0.20415 0.83653
vt 0.20165 0.83653
vt 0.07530 0.78976
vt 0.04115 0.79516
vt 0.04365 0.79516
vt 0.20645 0.83653
vt 0.03885 0.79516
vt 0.06034 0.82639
vt 0.20165 0.80569
vt 0.19001 0.83653
vt 0.19479 0.83653
vt 0.21311 0.97673
vt 0.20864 0.97673
vt 0.21818 0.97673
vt 0.20469 0.89466
vt 0.19966 0.89466
vt 0.20923 0.89466
vt 0.20365 0.91860
vt 0.20864 0.91860
vt 0.19904 0.91860
vt 0.19966 0.83653
vt 0.18782 0.90159
vt 0.18533 0.90159
vt 0.18533 0.91964
vt 0.18782 0.91964
vt 0.18993 0.80125
vt 0.18800 0.80125
vt 0.18800 0.81930
vt 0.18993 0.81930
vt 0.18991 0.90159
vt 0.18991 0.91964
vt 0.08834 0.82060
vt 0.09058 0.82060
vt 0.09058 0.80255
vt 0.08834 0.80255
vt 0.18304 0.80125
vt 0.18077 0.80125
vt 0.18077 0.81930
vt 0.18304 0.81930
vt 0.13052 0.80086
vt 0.12863 0.80086
vt 0.12863 0.81891
vt 0.13052 0.81891
vt 0.13291 0.80086
vt 0.13291 0.81891
vt 0.08140 0.82060
vt 0.08337 0.82060
vt 0.08337 0.80255
vt 0.08140 0.80255
vt 0.13546 0.80086
vt 0.13546 0.81891
vt 0.08580 0.82060
vt 0.08580 0.80255
vt 0.18282 0.90159
vt 0.18068 0.90159
vt 0.18068 0.91964
vt 0.18282 0.91964
vt 0.18558 0.80125
vt 0.18558 0.81930
vt 0.13776 0.80086
vt 0.13776 0.81891
f 318/318 319/319 320/320
f 321/321 322/322 323/323
f 324/324 325/325 326/326
f 327/327 328/328 329/329
f 330/330 331/331 332/332
f 333/333 334/334 335/335
f 336/336 337/337 338/338
f 339/339 340/340 341/341
f 342/342 343/343 344/344
f 345/345 346/346 347/347
f 348/348 349/349 350/350
f 351/351 352/352 353/353
f 354/354 355/355 356/356
f 354/354 356/356 357/357
f 358/358 359/359 360/360
f 358/358 360/360 361/361
f 362/362 363/363 364/364
f 362/362 364/364 365/365
f 366/366 367/367 368/368
f 366/366 368/368 369/369
f 370/370 371/371 372/372
f 370/370 372/372 373/373
f 374/374 375/375 376/376
f 374/374 376/376 377/377
f 378/378 379/379 371/371
f 378/378 371/371 370/370
f 380/380 381/381 382/382
f 380/380 382/382 383/383
f 384/384 385/385 386/386
f 384/384 386/386 387/387
f 377/377 376/376 388/388
f 377/377 388/388 389/389
f 387/387 386/386 390/390
f 387/387 390/390 391/391
f 379/379 378/378 392/392
f 379/379 392/392 393/393
f 389/389 388/388 394/394
f 389/389 394/394 395/395
f 396/396 397/397 398/398
f 396/396 398/398 399/399
f 400/400 401/401 402/402
f 400/400 402/402 403/403
f 404/404 405/405 406/406
f 404/404 406/406 407/407
f 408/408 318/318 320/320
f 408/408 320/320 409/409
f 408/408 409/409 406/406
f 408/408 406/406 405/405
f 410/410 411/411 412/412
f 410/410 412/412 413/413
f 414/414 415/415 416/416
f 414/414 416/416 417/417
f 411/411 410/410 418/418
f 411/411 418/418 419/419
f 420/420 421/421 422/422
f 420/420 422/422 423/423
f 423/423 422/422 424/424
f 423/423 424/424 425/425
f 425/425 424/424 426/426
f 425/425 426/426 427/427
f 428/428 429/429 430/430
f 428/428 430/430 431/431
f 431/431 430/430 357/357
f 431/431 357/357 356/356
f 432/432 433/433 434/434
f 432/432 434/434 435/435
f 436/436 323/323 322/322
f 436/436 322/322 437/437
f 438/438 439/439 440/440
f 438/438 440/440 441/441
f 441/441 440/440 442/442
f 441/441 442/442 443/443
f 443/443 442/442 403/403
f 443/443 403/403 402/402
f 444/444 445/445 446/446
f 444/444 446/446 447/447
f 447/447 446/446 448/448
f 447/447 448/448 449/449
f 449/449 448/448 450/450
f 449/449 450/450 451/451
f 452/452 361/361 360/360
f 452/452 360/360 453/453
f 452/452 453/453 326/326
f 452/452 326/326 325/325
f 436/436 437/437 454/454
f 436/436 454/454 455/455
f 456/456 455/455 454/454
f 456/456 454/454 457/457
f 329/329 328/328 458/458
f 329/329 458/458 459/459
f 459/459 458/458 460/460
f 459/459 460/460 461/461
f 460/460 462/462 463/463
f 460/460 463/463 461/461
f 464/464 465/465 466/466
f 464/464 466/466 467/467
f 468/468 469/469 470/470
f 468/468 470/470 471/471
f 472/472 473/473 474/474
f 472/472 474/474 475/475
f 476/476 477/477 478/478
f 476/476 478/478 479/479
f 480/480 481/481 482/482
f 480/480 482/482 483/483
f 484/484 485/485 486/486
f 484/484 486/486 487/487
f 488/488 489/489 490/490
f 488/488 490/490 491/491
f 492/492 365/365 364/364
f 492/492 364/364 493/493
f 494/494 495/495 496/496
f 494/494 496/496 497/497
f 498/498 499/499 500/500
f 498/498 500/500 501/501
f 502/502 503/503 504/504
f 502/502 504/504 505/505
f 506/506 498/498 501/501
f 506/506 501/501 507/507
f 508/508 509/509 510/510
f 508/508 510/510 511/511
f 512/512 513/513 514/514
f 512/512 514/514 515/515
f 503/503 516/516 517/517
f 503/503 517/517 504/504
f 513/513 518/518 519/519
f 513/513 519/519 514/514
f 507/507 393/393 392/392
f 507/507 392/392 506/506
f 516/516 395/395 394/394
f 516/516 394/394 517/517
f 520/520 399/399 398/398
f 520/520 398/398 521/521
f 522/522 523/523 524/524
f 522/522 524/524 525/525
f 526/526 527/527 528/528
f 526/526 528/528 529/529
f 530/530 531/531 331/331
f 530/530 331/331 330/330
f 530/530 529/529 528/528
f 530/530 528/528 531/531
f 532/532 533/533 534/534
f 532/532 534/534 535/535
f 536/536 537/537 538/538
f 536/536 538/538 539/539
f 535/535 540/540 541/541
f 535/535 541/541 532/532
f 542/542 543/543 544/544
f 542/542 544/544 545/545
f 543/543 546/546 547/547
f 543/543 547/547 544/544
f 546/546 548/548 549/549
f 546/546 549/549 547/547
f 550/550 551/551 552/552
f 550/550 552/552 553/553
f 551/551 486/486 485/485
f 551/551 485/485 552/552
f 554/554 555/555 556/556
f 554/554 556/556 557/557
f 558/558 559/559 335/335
f 558/558 335/335 334/334
f 560/560 561/561 562/562
f 560/560 562/562 563/563
f 561/561 564/564 565/565
f 561/561 565/565 562/562
f 564/564 524/524 523/523
f 564/564 523/523 565/565
f 566/566 567/567 568/568
f 566/566 568/568 569/569
f 567/567 570/570 571/571
f 567/567 571/571 568/568
f 570/570 572/572 573/573
f 570/570 573/573 571/571
f 574/574 575/575 490/490
f 574/574 490/490 489/489
f 574/574 338/338 337/337
f 574/574 337/337 575/575
f 558/558 576/576 577/577
f 558/558 577/577 559/559
f 578/578 579/579 577/577
f 578/578 577/577 576/576
f 340/340 580/580 581/581
f 340/340 581/581 341/341
f 580/580 582/582 583/583
f 580/580 583/583 581/581
f 583/583 582/582 584/584
f 583/583 584/584 585/585
f 586/586 587/587 588/588
f 586/586 588/588 589/589
f 590/590 591/591 592/592
f 590/590 592/592 593/593
f 594/594 595/595 596/596
f 594/594 596/596 597/597
f 598/598 599/599 600/600
f 598/598 600/600 601/601
f 602/602 603/603 604/604
f 602/602 604/604 605/605
f 606/606 607/607 608/608
f 606/606 608/608 609/609
f 610/610 611/611 612/612
f 610/610 612/612 613/613
f 614/614 615/615 616/616
f 614/614 616/616 617/617
f 618/618 614/614 617/617
f 618/618 617/617 619/619
f 620/620 618/618 619/619
f 620/620 619/619 621/621
f 622/622 620/620 621/621
f 622/622 621/621 623/623
f 624/624 622/622 623/623
f 624/624 623/623 625/625
f 626/626 624/624 625/625
f 626/626 625/625 627/627
f 623/623 621/621 628/628
f 623/623 628/628 629/629
f 617/617 616/616 630/630
f 617/617 630/630 631/631
f 625/625 623/623 629/629
f 625/625 629/629 632/632
f 619/619 617/617 631/631
f 619/619 631/631 633/633
f 627/627 625/625 632/632
f 627/627 632/632 634/634
f 621/621 619/619 633/633
f 621/621 633/633 628/628
f 635/635 636/636 344/344
f 635/635 344/344 343/343
f 347/347 346/346 636/636
f 347/347 636/636 635/635
f 637/637 638/638 639/639
f 637/637 639/639 640/640
f 641/641 642/642 638/638
f 641/641 638/638 637/637
f 643/643 644/644 642/642
f 643/643 642/642 641/641
f 645/645 646/646 644/644
f 645/645 644/644 643/643
f 647/647 648/648 646/646
f 647/647 646/646 645/645
f 649/649 650/650 648/648
f 649/649 648/648 647/647
f 646/646 651/651 652/652
f 646/646 652/652 644/644
f 638/638 653/653 654/654
f 638/638 654/654 639/639
f 648/648 655/655 651/651
f 648/648 651/651 646/646
f 642/642 656/656 653/653
f 642/642 653/653 638/638
f 650/650 657/657 655/655
f 650/650 655/655 648/648
f 644/644 652/652 656/656
f 644/644 656/656 642/642
f 658/658 350/350 349/349
f 658/658 349/349 659/659
f 352/352 658/658 659/659
f 352/352 659/659 353/353
f 660/660 661/661 662/662
f 660/660 662/662 663/663
f 664/664 665/665 666/666
f 664/664 666/666 667/667
f 668/668 669/669 670/670
f 668/668 670/670 671/671
f 672/672 673/673 674/674
f 672/672 674/674 675/675
f 676/676 668/668 671/671
f 676/676 671/671 677/677
f 678/678 672/672 675/675
f 678/678 675/675 679/679
f 680/680 681/681 682/682
f 680/680 682/682 683/683
f 684/684 685/685 686/686
f 684/684 686/686 687/687
f 688/688 680/680 683/683
f 688/688 683/683 689/689
f 690/690 691/691 692/692
f 690/690 692/692 693/693
f 694/694 684/684 687/687
f 694/694 687/687 695/695
f 696/696 697/697 698/698
f 696/696 698/698 699/699
f 700/700 690/690 693/693
f 700/700 693/693 701/701
f 702/702 696/696 699/699
f 702/702 699/699 703/703
f 661/661 704/704 705/705
f 661/661 705/705 662/662
f 665/665 706/706 707/707
f 665/665 707/707 666/666
f 708/708 709/709 710/710
f 708/708 710/710 711/711
f 712/712 713/713 714/714
f 712/712 714/714 715/715
f 716/716 712/712 715/715
f 716/716 715/715 717/717
f 718/718 719/719 720/720
f 718/718 720/720 721/721
f 722/722 718/718 721/721
f 722/722 721/721 723/723
f 724/724 725/725 726/726
f 724/724 726/726 727/727
f 728/728 724/724 727/727
f 728/728 727/727 729/729
f 709/709 730/730 731/731
f 709/709 731/731 710/710
f 732/732 733/733 734/734
f 732/732 734/734 735/735
f 736/736 737/737 738/738
f 736/736 738/738 739/739
f 740/740 741/741 733/733
f 740/740 733/733 732/732
f 742/742 743/743 744/744
f 742/742 744/744 745/745
f 746/746 747/747 748/748
f 746/746 748/748 749/749
f 750/750 751/751 752/752
f 750/750 752/752 753/753
f 754/754 755/755 751/751
f 754/754 751/751 750/750
f 756/756 757/757 758/758
f 756/756 758/758 759/759
f 760/760 761/761 755/755
f 760/760 755/755 754/754
f 762/762 763/763 743/743
f 762/762 743/743 742/742
f 764/764 765/765 766/766
f 764/764 766/766 767/767
f 759/759 758/758 763/763
f 759/759 763/763 762/762
f 739/739 738/738 768/768
f 739/739 768/768 769/769
f 735/735 734/734 765/765
f 735/735 765/765 764/764
f 769/769 768/768 747/747
f 769/769 747/747 746/746
f 770/770 771/771 761/761
f 770/770 761/761 760/760
f 772/772 663/663 662/662
f 772/772 662/662 773/773
f 774/774 667/667 666/666
f 774/774 666/666 775/775
f 776/776 671/671 670/670
f 776/776 670/670 777/777
f 778/778 675/675 674/674
f 778/778 674/674 779/779
f 780/780 677/677 671/671
f 780/780 671/671 776/776
f 781/781 679/679 675/675
f 781/781 675/675 778/778
f 782/782 683/683 682/682
f 782/782 682/682 783/783
f 784/784 687/687 686/686
f 784/784 686/686 785/785
f 786/786 689/689 683/683
f 786/786 683/683 782/782
f 787/787 693/693 692/692
f 787/787 692/692 788/788
f 789/789 695/695 687/687
f 789/789 687/687 784/784
f 790/790 699/699 698/698
f 790/790 698/698 791/791
f 792/792 701/701 693/693
f 792/792 693/693 787/787
f 793/793 703/703 699/699
f 793/793 699/699 790/790
f 773/773 662/662 705/705
f 773/773 705/705 794/794
f 775/775 666/666 707/707
f 775/775 707/707 795/795
f 796/796 711/711 710/710
f 796/796 710/710 797/797
f 798/798 715/715 714/714
f 798/798 714/714 799/799
f 800/800 717/717 715/715
f 800/800 715/715 798/798
f 801/801 721/721 720/720
f 801/801 720/720 802/802
f 803/803 723/723 721/721
f 803/803 721/721 801/801
f 804/804 727/727 726/726
f 804/804 726/726 805/805
f 806/806 729/729 727/727
f 806/806 727/727 804/804
f 797/797 710/710 731/731
f 797/797 731/731 807/807
f 808/808 809/809 810/810
f 808/808 810/810 811/811
f 812/812 813/813 814/814
f 812/812 814/814 815/815
f 816/816 808/808 811/811
f 816/816 811/811 817/817
f 818/818 819/819 820/820
f 818/818 820/820 821/821
f 822/822 823/823 824/824
f 822/822 824/824 825/825
f 826/826 827/827 828/828
f 826/826 828/828 829/829
f 830/830 826/826 829/829
f 830/830 829/829 831/831
f 832/832 833/833 834/834
f 832/832 834/834 835/835
f 836/836 830/830 831/831
f 836/836 831/831 837/837
f 838/838 818/818 821/821
f 838/838 821/821 839/839
f 840/840 841/841 842/842
f 840/840 842/842 843/843
f 833/833 838/838 839/839
f 833/833 839/839 834/834
f 813/813 844/844 845/845
f 813/813 845/845 814/814
f 809/809 840/840 843/843
f 809/809 843/843 810/810
f 844/844 822/822 825/825
f 844/844 825/825 845/845
f 846/846 836/836 837/837
f 846/846 837/837 847/847
o V1_SailplaneGlider_1_Wheel_F_VehiclesGeneric_0
usemtl VehiclesGeneric
v 1.04218 -32.56532 0.60579
v 1.04218 -31.26091 0.86525
v 1.04218 -32.56532 4.01439
v 1.04218 -34.97557 1.60415
v 1.04218 -33.86974 0.86525
v 1.04217 -30.15507 6.42464
v 1.04218 -31.26091 7.16353
v 1.04218 -35.71447 2.70998
v 1.04217 -29.41618 5.31881
v 1.04218 -35.97393 4.01439
v 1.04217 -29.15672 4.01439
v 1.04218 -35.71447 5.31881
v 1.04217 -29.41618 2.70997
v 1.04217 -30.15507 1.60415
v 1.04218 -32.56532 7.42300
v 1.04218 -34.97557 6.42464
v 1.04218 -33.86974 7.16353
v -1.04218 -32.56532 0.60579
v -1.04217 -32.56533 4.01439
v -1.04218 -31.26091 0.86525
v -1.04218 -34.97557 1.60415
v -1.04218 -33.86974 0.86525
v -1.04218 -30.15507 6.42464
v -1.04218 -31.26091 7.16353
v -1.04217 -35.71447 2.70998
v -1.04218 -29.41618 5.31881
v -1.04217 -35.97393 4.01439
v -1.04218 -29.15672 4.01439
v -1.04217 -35.71447 5.31881
v -1.04217 -29.41618 2.70997
v -1.04218 -30.15508 1.60415
v -1.04218 -32.56532 7.42300
v -1.04218 -34.97557 6.42464
v -1.04218 -33.86974 7.16353
v 2.06165 -28.20686 4.01439
v 2.06165 -28.53863 5.68230
v 1.88373 -29.10982 5.44571
v 1.88373 -28.82511 4.01439
v 2.06165 -36.92379 4.01439
v 2.06165 -36.59202 2.34648
v 1.88373 -36.02083 2.58307
v 1.88373 -36.30554 4.01439
v 2.06165 -29.48342 7.09629
v 1.88373 -29.92059 6.65912
v 2.06165 -36.59203 5.68231
v 1.88373 -36.02083 5.44571
v 2.06165 -30.89741 -0.01231
v 2.06165 -29.48342 0.93249
v 1.88373 -29.92060 1.36966
v 1.88373 -31.13401 0.55889
v 2.06165 -35.64723 7.09629
v 1.88373 -35.21006 6.65912
v 2.06165 -28.53863 2.34648
v 1.88373 -29.10982 2.58308
v 2.06165 -32.56533 -0.34408
v 1.88373 -32.56533 0.27418
v 2.06165 -34.23324 8.04109
v 1.88373 -33.99664 7.46990
v 2.06165 -34.23324 -0.01231
v 1.88373 -33.99664 0.55889
v 2.06165 -32.56533 8.37286
v 1.88373 -32.56533 7.75461
v 2.06165 -35.64723 0.93249
v 1.88373 -35.21006 1.36966
v 2.06165 -30.89741 8.04109
v 1.88373 -31.13401 7.46990
v 0.82855 -25.55243 4.01439
v 1.65688 -25.89078 4.01439
v 1.65688 -26.39885 1.46016
v 0.82855 -26.08626 1.33067
v 1.65688 -25.89078 4.01439
v 2.06165 -26.45884 4.01439
v 2.06165 -26.92367 1.67754
v 1.65688 -26.39885 1.46016
v 1.65688 -27.84571 -0.70522
v 0.82855 -27.60646 -0.94448
v 2.06165 -28.24739 -0.30354
v 1.65688 -27.84571 -0.70522
v 0.82855 -27.60646 -0.94448
v 1.65688 -27.84571 -0.70522
v 1.65688 -30.01109 -2.15208
v 0.82855 -29.88161 -2.46468
v 2.06165 -30.22848 -1.62726
v 1.65688 -30.01109 -2.15208
v 1.65688 -32.56533 -2.66015
v 0.82855 -32.56533 -2.99851
v 2.06165 -32.56533 -2.09209
v 1.65688 -32.56533 -2.66015
v 1.65688 -35.11956 -2.15208
v 0.82855 -35.24905 -2.46468
v 2.06165 -34.90218 -1.62726
v 1.65688 -35.11956 -2.15208
v 1.65688 -37.28494 -0.70522
v 0.82855 -37.52419 -0.94448
v 2.06165 -36.88326 -0.30354
v 1.65688 -37.28494 -0.70522
v 0.82855 -37.52419 -0.94448
v 1.65688 -37.28494 -0.70522
v 1.65688 -38.73180 1.46016
v 0.82855 -39.04440 1.33067
v 2.06165 -38.20698 1.67754
v 1.65688 -38.73180 1.46016
v 1.65688 -39.23987 4.01439
v 0.82855 -39.57822 4.01439
v 2.06165 -38.67181 4.01439
v 1.65688 -39.23987 4.01439
v 1.65688 -38.73180 6.56863
v 0.82855 -39.04440 6.69811
v 2.06165 -38.20698 6.35124
v 1.65688 -38.73180 6.56863
v 1.65688 -37.28494 8.73401
v 0.82855 -37.52420 8.97326
v 2.06165 -36.88326 8.33233
v 1.65688 -37.28494 8.73401
v 1.65688 -35.11957 10.18087
v 0.82855 -35.24905 10.49347
v 2.06165 -34.90218 9.65605
v 1.65688 -35.11957 10.18087
v 0.82855 -35.24905 10.49347
v 1.65688 -35.11957 10.18087
v 1.65688 -32.56533 10.68894
v 0.82855 -32.56533 11.02729
v 2.06165 -32.56533 10.12088
v 1.65688 -32.56533 10.68894
v 1.65688 -30.01109 10.18087
v 0.82855 -29.88160 10.49347
v 2.06165 -30.22848 9.65605
v 1.65688 -30.01109 10.18087
v 1.65688 -27.84571 8.73401
v 0.82855 -27.60646 8.97326
v 2.06165 -28.24739 8.33233
v 1.65688 -27.84571 8.73401
v 0.82855 -27.60646 8.97326
v 1.65688 -27.84571 8.73401
v 1.65688 -26.39885 6.56863
v 0.82855 -26.08625 6.69811
v 2.06165 -26.92367 6.35124
v 1.65688 -26.39885 6.56863
v 2.20191 -27.79609 2.03891
v 2.20191 -27.40315 4.01439
v 2.20191 -28.91511 7.66460
v 2.20191 -30.58984 8.78363
v 2.20191 -37.33456 2.03891
v 2.20191 -36.21554 0.36418
v 2.20191 -32.56533 9.17657
v 2.20191 -34.54081 -0.75484
v 2.20191 -34.54081 8.78362
v 2.20191 -32.56533 -1.14779
v 2.20191 -36.21554 7.66460
v 2.20191 -30.58985 -0.75484
v 2.20191 -28.91511 0.36418
v 2.20191 -37.33456 5.98987
v 2.20191 -37.72750 4.01439
v 2.20191 -27.79609 5.98987
v 1.88373 -31.13400 7.46990
v 1.97723 -31.13400 7.46990
v 1.97723 -29.92059 6.65912
v 1.88372 -29.92059 6.65912
v 1.88372 -28.82511 4.01439
v 1.97722 -28.82511 4.01439
v 1.97722 -29.10982 2.58307
v 1.88372 -29.10982 2.58307
v 1.88373 -31.13400 0.55889
v 1.97723 -31.13400 0.55889
v 1.97724 -32.56532 0.27418
v 1.88373 -32.56532 0.27418
v 1.88373 -32.56532 7.75461
v 1.97724 -32.56532 7.75461
v 1.88372 -29.10981 5.44571
v 1.97722 -29.10981 5.44571
v 1.88372 -29.92059 1.36966
v 1.97723 -29.92059 1.36966
v 1.97723 -31.13400 0.55889
v 1.88373 -31.13400 0.55889
v 1.97722 -29.10981 5.44571
v 1.88372 -29.10981 5.44571
v 1.88373 -33.99664 0.55889
v 1.97724 -33.99664 0.55889
v 1.97724 -35.21006 1.36967
v 1.88373 -35.21006 1.36967
v 1.88373 -36.30554 4.01439
v 1.97723 -36.30554 4.01439
v 1.97723 -36.02083 5.44571
v 1.88373 -36.02083 5.44571
v 1.88373 -33.99664 7.46990
v 1.97723 -33.99664 7.46990
v 1.88373 -36.02083 2.58308
v 1.97723 -36.02083 2.58308
v 1.88373 -35.21005 6.65912
v 1.97723 -35.21005 6.65912
v 1.97723 -36.02083 2.58308
v 1.88373 -36.02083 2.58308
v 1.97723 -35.21005 6.65912
v 1.88373 -35.21005 6.65912
v 1.97724 -34.97557 1.60415
v 1.04218 -34.97557 1.60415
v 1.04218 -35.71447 2.70998
v 1.97723 -35.71447 2.70998
v 1.97722 -29.41618 5.31881
v 1.04217 -29.41618 5.31881
v 1.04217 -29.15672 4.01439
v 1.97722 -29.15672 4.01439
v 1.97723 -33.86974 7.16353
v 1.04218 -33.86974 7.16353
v 1.04218 -32.56532 7.42300
v 1.97724 -32.56532 7.42300
v 1.97723 -30.15507 6.42464
v 1.04217 -30.15507 6.42464
v 1.97724 -33.86974 0.86525
v 1.04218 -33.86974 0.86525
v 1.97724 -32.56532 0.60579
v 1.04218 -32.56532 0.60579
v 1.97723 -31.26090 7.16353
v 1.04218 -31.26091 7.16353
v 1.04217 -30.15507 6.42464
v 1.97723 -30.15507 6.42464
v 1.97723 -34.97557 6.42464
v 1.04218 -34.97557 6.42464
v 1.97723 -35.71446 5.31881
v 1.04218 -35.71447 5.31881
v 1.97723 -34.97557 6.42464
v 1.97723 -31.26090 0.86525
v 1.04218 -31.26091 0.86525
v 1.97723 -30.15507 1.60415
v 1.04217 -30.15507 1.60415
v 1.04218 -31.26091 0.86525
v 1.97723 -31.26090 0.86525
v 1.97723 -35.97393 4.01439
v 1.04218 -35.97393 4.01439
v 1.97722 -29.41618 2.70997
v 1.04217 -29.41618 2.70997
v 1.97723 -35.71447 2.70998
v 1.04218 -35.71447 2.70998
v -0.82854 -39.04440 6.69811
v -0.82854 -37.52420 8.97326
v -0.82856 -27.60646 -0.94448
v -0.82855 -29.88161 -2.46468
v -0.82854 -39.57823 4.01439
v -0.82856 -26.08626 1.33067
v -0.82856 -27.60646 -0.94448
v -0.82856 -27.60646 8.97326
v -0.82856 -26.08625 6.69811
v -0.82855 -29.88161 10.49347
v -0.82856 -27.60646 8.97326
v -0.82856 -25.55243 4.01439
v -0.82854 -39.04440 1.33067
v -0.82855 -32.56533 11.02729
v -0.82854 -35.24905 -2.46468
v -0.82854 -37.52420 -0.94448
v -0.82855 -32.56533 -2.99851
v -0.82854 -35.24905 10.49347
v -0.82854 -35.24905 10.49347
v -2.06166 -28.20686 4.01439
v -1.88374 -28.82512 4.01439
v -1.88374 -29.10982 5.44571
v -2.06166 -28.53863 5.68230
v -2.06164 -36.92380 4.01439
v -1.88372 -36.30554 4.01439
v -1.88372 -36.02083 2.58307
v -2.06164 -36.59203 2.34648
v -1.88374 -29.92060 6.65912
v -2.06166 -29.48343 7.09629
v -2.06164 -36.59203 5.68231
v -1.88372 -36.02083 5.44571
v -2.06165 -30.89741 -0.01231
v -1.88373 -31.13401 0.55889
v -1.88373 -29.92060 1.36966
v -2.06165 -29.48343 0.93249
v -2.06164 -35.64723 7.09629
v -1.88372 -35.21006 6.65912
v -1.88374 -29.10982 2.58308
v -2.06166 -28.53863 2.34648
v -2.06165 -32.56533 -0.34408
v -1.88373 -32.56533 0.27418
v -2.06165 -34.23324 8.04109
v -1.88373 -33.99665 7.46990
v -2.06165 -34.23324 -0.01231
v -1.88373 -33.99665 0.55889
v -2.06165 -32.56533 8.37286
v -1.88373 -32.56533 7.75461
v -2.06164 -35.64723 0.93249
v -1.88372 -35.21006 1.36966
v -2.06165 -30.89741 8.04109
v -1.88373 -31.13401 7.46990
v -1.65689 -26.39885 1.46016
v -1.65689 -25.89078 4.01439
v -1.65689 -25.89078 4.01439
v -1.65689 -26.39885 1.46016
v -2.06166 -26.92367 1.67754
v -2.06166 -26.45885 4.01439
v -1.65689 -27.84571 -0.70522
v -1.65689 -27.84571 -0.70522
v -2.06166 -28.24739 -0.30354
v -1.65688 -30.01109 -2.15208
v -1.65689 -27.84571 -0.70522
v -1.65688 -30.01109 -2.15208
v -2.06165 -30.22848 -1.62726
v -1.65688 -32.56533 -2.66015
v -1.65688 -32.56533 -2.66015
v -2.06165 -32.56533 -2.09209
v -1.65687 -35.11957 -2.15208
v -1.65687 -35.11957 -2.15208
v -2.06164 -34.90218 -1.62726
v -1.65687 -37.28494 -0.70522
v -1.65687 -37.28494 -0.70522
v -2.06164 -36.88326 -0.30354
v -0.82854 -37.52420 -0.94448
v -1.65687 -38.73180 1.46016
v -1.65687 -37.28494 -0.70522
v -1.65687 -38.73180 1.46016
v -2.06164 -38.20698 1.67754
v -1.65687 -39.23987 4.01439
v -1.65687 -39.23987 4.01439
v -2.06164 -38.67181 4.01439
v -1.65687 -38.73180 6.56863
v -1.65687 -38.73180 6.56863
v -2.06164 -38.20698 6.35124
v -1.65687 -37.28495 8.73401
v -1.65687 -37.28495 8.73401
v -2.06164 -36.88327 8.33233
v -0.82854 -37.52420 8.97326
v -1.65687 -35.11957 10.18087
v -1.65687 -37.28495 8.73401
v -1.65687 -35.11957 10.18087
v -2.06165 -34.90218 9.65605
v -1.65688 -32.56533 10.68894
v -1.65688 -32.56533 10.68894
v -2.06165 -32.56533 10.12088
v -1.65688 -30.01109 10.18087
v -2.06165 -30.22848 9.65605
v -2.06165 -32.56533 10.12088
v -1.65689 -27.84571 8.73401
v -1.65688 -30.01109 10.18087
v -1.65689 -27.84571 8.73401
v -2.06166 -28.24739 8.33233
v -2.06165 -30.22848 9.65605
v -0.82856 -26.08625 6.69811
v -1.65689 -26.39885 6.56863
v -1.65689 -26.39885 6.56863
v -2.06166 -26.92367 6.35124
v -1.65689 -26.39885 6.56863
v -2.20192 -27.79610 2.03891
v -2.20192 -27.40315 4.01439
v -2.20191 -28.91512 7.66460
v -2.20191 -30.58985 8.78363
v -2.20190 -37.33456 2.03891
v -2.20190 -36.21554 0.36418
v -2.20191 -32.56533 9.17657
v -2.20190 -34.54081 -0.75484
v -2.20190 -34.54081 8.78362
v -2.20191 -32.56533 -1.14779
v -2.20190 -36.21554 7.66460
v -2.20191 -30.58985 -0.75484
v -2.20191 -28.91512 0.36418
v -2.20190 -37.33456 5.98987
v -2.20190 -37.72751 4.01439
v -2.20192 -27.79610 5.98987
v -1.88373 -31.13401 7.46990
v -1.88372 -29.92059 6.65912
v -1.97723 -29.92059 6.65912
v -1.97723 -31.13401 7.46990
v -1.88372 -28.82511 4.01439
v -1.88372 -29.10982 2.58307
v -1.97723 -29.10982 2.58307
v -1.97723 -28.82511 4.01439
v -1.88373 -31.13401 0.55889
v -1.88373 -32.56532 0.27418
v -1.97723 -32.56532 0.27418
v -1.97723 -31.13401 0.55889
v -1.88373 -32.56532 7.75461
v -1.97724 -32.56532 7.75461
v -1.88372 -29.10982 5.44571
v -1.97723 -29.10982 5.44571
v -1.88372 -29.92059 1.36966
v -1.88373 -31.13401 0.55889
v -1.97723 -31.13401 0.55889
v -1.97723 -29.92059 1.36966
v -1.88372 -29.10982 5.44571
v -1.97723 -29.10982 5.44571
v -1.88373 -33.99664 0.55889
v -1.88372 -35.21006 1.36967
v -1.97723 -35.21006 1.36967
v -1.97723 -33.99664 0.55889
v -1.88372 -36.30554 4.01439
v -1.88372 -36.02083 5.44571
v -1.97723 -36.02083 5.44571
v -1.97723 -36.30554 4.01439
v -1.88372 -33.99664 7.46990
v -1.97723 -33.99664 7.46990
v -1.88372 -36.02083 2.58308
v -1.97723 -36.02083 2.58308
v -1.88372 -35.21006 6.65912
v -1.97723 -35.21006 6.65912
v -1.88372 -36.02083 2.58308
v -1.97723 -36.02083 2.58308
v -1.88372 -35.21006 6.65912
v -1.97723 -35.21006 6.65912
v -1.97723 -34.97557 1.60415
v -1.97723 -35.71447 2.70998
v -1.04217 -35.71447 2.70998
v -1.04218 -34.97557 1.60415
v -1.97723 -29.41618 5.31881
v -1.97723 -29.15672 4.01439
v -1.04218 -29.15672 4.01439
v -1.04218 -29.41618 5.31881
v -1.97723 -33.86974 7.16353
v -1.97724 -32.56532 7.42300
v -1.04218 -32.56532 7.42300
v -1.04218 -33.86974 7.16353
v -1.97723 -30.15508 6.42464
v -1.97723 -29.41618 5.31881
v -1.04218 -29.41618 5.31881
v -1.04218 -30.15507 6.42464
v -1.97723 -33.86974 0.86525
v -1.04218 -33.86974 0.86525
v -1.97723 -32.56532 0.60579
v -1.04218 -32.56532 0.60579
v -1.97723 -31.26091 7.16353
v -1.04218 -31.26091 7.16353
v -1.97723 -34.97557 6.42464
v -1.04218 -34.97557 6.42464
v -1.97723 -35.71447 5.31881
v -1.97723 -34.97557 6.42464
v -1.04218 -34.97557 6.42464
v -1.04217 -35.71447 5.31881
v -1.97723 -31.26091 0.86525
v -1.04218 -31.26091 0.86525
v -1.97723 -30.15508 1.60415
v -1.97723 -31.26091 0.86525
v -1.04218 -31.26091 0.86525
v -1.04218 -30.15508 1.60415
v -1.97723 -35.97393 4.01439
v -1.04217 -35.97393 4.01439
v -1.97723 -29.41618 2.70997
v -1.04217 -29.41618 2.70997
v -1.97723 -35.71447 2.70998
v -1.04217 -35.71447 2.70998
v 1.97722 -29.15672 4.01439
v 1.97722 -29.41618 2.70997
v 1.97722 -29.10982 2.58307
v 1.97722 -28.82511 4.01439
v 1.97722 -29.41618 5.31881
v 1.97722 -29.10981 5.44571
v 1.97723 -30.15507 6.42464
v 1.97723 -29.92059 6.65912
v 1.97723 -31.26090 7.16353
v 1.97723 -31.13400 7.46990
v 1.97723 -31.26090 0.86525
v 1.97724 -32.56532 0.60579
v 1.97724 -32.56532 0.27418
v 1.97723 -31.13400 0.55889
v 1.97724 -32.56532 7.42300
v 1.97724 -32.56532 7.75461
v 1.97723 -30.15507 1.60415
v 1.97723 -29.92059 1.36966
v 1.97723 -35.97393 4.01439
v 1.97723 -35.71446 5.31881
v 1.97723 -36.02083 5.44571
v 1.97723 -36.30554 4.01439
v 1.97723 -35.71447 2.70998
v 1.97723 -36.02083 2.58308
v 1.97724 -34.97557 1.60415
v 1.97724 -35.21006 1.36967
v 1.97724 -33.86974 0.86525
v 1.97724 -33.99664 0.55889
v 1.97723 -33.86974 7.16353
v 1.97723 -33.99664 7.46990
v 1.97723 -34.97557 6.42464
v 1.97723 -35.21005 6.65912
v -1.97723 -29.15672 4.01439
v -1.97723 -28.82511 4.01439
v -1.97723 -29.10982 2.58307
v -1.97723 -29.41618 2.70997
v -1.97723 -29.41618 5.31881
v -1.97723 -29.10982 5.44571
v -1.97723 -30.15508 6.42464
v -1.97723 -29.92059 6.65912
v -1.97723 -31.26091 7.16353
v -1.97723 -31.13401 7.46990
v -1.97723 -31.26091 0.86525
v -1.97723 -31.13401 0.55889
v -1.97723 -32.56532 0.27418
v -1.97723 -32.56532 0.60579
v -1.97724 -32.56532 7.42300
v -1.97724 -32.56532 7.75461
v -1.97723 -30.15508 1.60415
v -1.97723 -29.92059 1.36966
v -1.97723 -35.97393 4.01439
v -1.97723 -36.30554 4.01439
v -1.97723 -36.02083 5.44571
v -1.97723 -35.71447 5.31881
v -1.97723 -35.71447 2.70998
v -1.97723 -36.02083 2.58308
v -1.97723 -34.97557 1.60415
v -1.97723 -35.21006 1.36967
v -1.97723 -33.86974 0.86525
v -1.97723 -33.99664 0.55889
v -1.97723 -33.86974 7.16353
v -1.97723 -33.99664 7.46990
v -1.97723 -34.97557 6.42464
v -1.97723 -35.21006 6.65912
vt 0.19166 0.92989
vt 0.18561 0.91529
vt 0.15193 0.93779
vt 0.18561 0.96030
vt 0.19166 0.94570
vt 0.11824 0.91529
vt 0.11220 0.92989
vt 0.17443 0.97148
vt 0.12942 0.90411
vt 0.15983 0.97753
vt 0.14403 0.89806
vt 0.14403 0.97753
vt 0.15983 0.89806
vt 0.17443 0.90411
vt 0.11220 0.94570
vt 0.12942 0.97148
vt 0.11824 0.96030
vt 0.14403 0.89806
vt 0.15193 0.85833
vt 0.12942 0.89201
vt 0.17444 0.89201
vt 0.15983 0.89806
vt 0.12942 0.82464
vt 0.14403 0.81860
vt 0.18561 0.88083
vt 0.11824 0.83582
vt 0.19166 0.86623
vt 0.11220 0.85042
vt 0.19166 0.85042
vt 0.11220 0.86623
vt 0.11824 0.88083
vt 0.15983 0.81860
vt 0.18561 0.83582
vt 0.17443 0.82464
vt 0.56866 0.14802
vt 0.55666 0.15300
vt 0.55921 0.15693
vt 0.56951 0.15266
vt 0.58165 0.21340
vt 0.59365 0.20842
vt 0.59096 0.20449
vt 0.58066 0.20876
vt 0.54747 0.16219
vt 0.55133 0.16482
vt 0.56866 0.21340
vt 0.56951 0.20876
vt 0.60283 0.16219
vt 0.59365 0.15300
vt 0.59096 0.15693
vt 0.59884 0.16482
vt 0.55666 0.20842
vt 0.55921 0.20449
vt 0.58165 0.14802
vt 0.58066 0.15266
vt 0.60780 0.17421
vt 0.60310 0.17513
vt 0.54747 0.19923
vt 0.55133 0.19660
vt 0.60780 0.18721
vt 0.60310 0.18629
vt 0.54250 0.18721
vt 0.54707 0.18629
vt 0.60283 0.19923
vt 0.59884 0.19660
vt 0.54250 0.17421
vt 0.54707 0.17513
vt 0.60006 0.09652
vt 0.60639 0.09602
vt 0.60639 0.07610
vt 0.60006 0.07560
vt 0.56505 0.13065
vt 0.56605 0.13491
vt 0.58425 0.13491
vt 0.58495 0.13065
vt 0.60639 0.05770
vt 0.60006 0.05627
vt 0.60106 0.14188
vt 0.60332 0.13827
vt 0.62540 0.13065
vt 0.63173 0.12850
vt 0.63173 0.11442
vt 0.62540 0.11585
vt 0.61393 0.15477
vt 0.61739 0.15235
vt 0.63173 0.09602
vt 0.62540 0.09652
vt 0.62090 0.17160
vt 0.62500 0.17075
vt 0.63173 0.07610
vt 0.62540 0.07560
vt 0.62090 0.18982
vt 0.62500 0.19067
vt 0.63173 0.05770
vt 0.62540 0.05627
vt 0.61393 0.20665
vt 0.61739 0.20907
vt 0.56204 0.04147
vt 0.55571 0.04362
vt 0.55571 0.05770
vt 0.56204 0.05627
vt 0.60106 0.21954
vt 0.60332 0.22315
vt 0.55571 0.07610
vt 0.56204 0.07560
vt 0.58425 0.22651
vt 0.58495 0.23077
vt 0.55571 0.09602
vt 0.56204 0.09652
vt 0.56605 0.22651
vt 0.56505 0.23077
vt 0.55571 0.11442
vt 0.56204 0.11585
vt 0.54924 0.21954
vt 0.54668 0.22315
vt 0.55571 0.12850
vt 0.56204 0.13065
vt 0.53637 0.20665
vt 0.53261 0.20907
vt 0.53269 0.05627
vt 0.52730 0.05770
vt 0.52500 0.07610
vt 0.53027 0.07560
vt 0.52941 0.18982
vt 0.52500 0.19067
vt 0.52500 0.09602
vt 0.53027 0.09652
vt 0.52941 0.17160
vt 0.52500 0.17075
vt 0.52730 0.11442
vt 0.53269 0.11585
vt 0.53637 0.15477
vt 0.53261 0.15235
vt 0.60006 0.13065
vt 0.60639 0.12850
vt 0.60639 0.11442
vt 0.60006 0.11585
vt 0.54924 0.14188
vt 0.54668 0.13827
vt 0.58290 0.14199
vt 0.56751 0.14199
vt 0.54242 0.15878
vt 0.53653 0.17301
vt 0.59711 0.21353
vt 0.60799 0.20264
vt 0.53653 0.18841
vt 0.61388 0.18841
vt 0.54242 0.20264
vt 0.61388 0.17301
vt 0.55330 0.21353
vt 0.60799 0.15878
vt 0.59711 0.14789
vt 0.56751 0.21943
vt 0.58290 0.21943
vt 0.55330 0.14789
vt 0.21611 0.83686
vt 0.21500 0.83686
vt 0.21500 0.85288
vt 0.21611 0.85288
vt 0.21833 0.84912
vt 0.21944 0.84912
vt 0.21944 0.83178
vt 0.21833 0.83178
vt 0.21833 0.80349
vt 0.21722 0.80349
vt 0.21722 0.81951
vt 0.21833 0.81951
vt 0.21611 0.81951
vt 0.21500 0.81951
vt 0.21833 0.86515
vt 0.21944 0.86515
vt 0.21833 0.81575
vt 0.21944 0.81575
vt 0.21944 0.80349
vt 0.21833 0.80349
vt 0.21500 0.86515
vt 0.21611 0.86515
vt 0.21833 0.83686
vt 0.21722 0.83686
vt 0.21722 0.85288
vt 0.21833 0.85288
vt 0.22167 0.84912
vt 0.22278 0.84912
vt 0.22278 0.83178
vt 0.22167 0.83178
vt 0.21611 0.80349
vt 0.21500 0.80349
vt 0.22167 0.86515
vt 0.22278 0.86515
vt 0.21611 0.79122
vt 0.21500 0.79122
vt 0.21722 0.86515
vt 0.21833 0.86515
vt 0.22278 0.81575
vt 0.22167 0.81575
vt 0.20277 0.82013
vt 0.21389 0.82013
vt 0.21389 0.80895
vt 0.20277 0.80895
vt 0.20277 0.85397
vt 0.19166 0.85397
vt 0.19166 0.86857
vt 0.20277 0.86857
vt 0.20277 0.96635
vt 0.21389 0.96635
vt 0.21389 0.95175
vt 0.20277 0.95175
vt 0.20277 0.84279
vt 0.19166 0.84279
vt 0.20277 0.83474
vt 0.21389 0.83474
vt 0.20277 0.85054
vt 0.21389 0.85054
vt 0.20277 0.93594
vt 0.21389 0.93594
vt 0.21389 0.92134
vt 0.20277 0.92134
vt 0.20277 0.97753
vt 0.21389 0.97753
vt 0.22500 0.96292
vt 0.21389 0.96292
vt 0.22500 0.97753
vt 0.20277 0.86515
vt 0.21389 0.86515
vt 0.20277 0.89898
vt 0.19166 0.89898
vt 0.19166 0.91016
vt 0.20277 0.91016
vt 0.22500 0.94712
vt 0.21389 0.94712
vt 0.20277 0.88438
vt 0.19166 0.88438
vt 0.22500 0.93251
vt 0.21389 0.93251
vt 0.57472 0.09652
vt 0.57472 0.11585
vt 0.61273 0.13065
vt 0.61273 0.11585
vt 0.57472 0.07560
vt 0.58738 0.07560
vt 0.58738 0.05627
vt 0.58738 0.13065
vt 0.58738 0.11585
vt 0.54235 0.09652
vt 0.54477 0.11585
vt 0.58738 0.09652
vt 0.57472 0.05627
vt 0.54235 0.07560
vt 0.61273 0.07560
vt 0.61273 0.05627
vt 0.61273 0.09652
vt 0.57472 0.13065
vt 0.54477 0.05627
vt 0.66835 0.21340
vt 0.66934 0.20876
vt 0.65904 0.20449
vt 0.65635 0.20842
vt 0.68134 0.14802
vt 0.68049 0.15266
vt 0.69079 0.15693
vt 0.69334 0.15300
vt 0.65116 0.19660
vt 0.64717 0.19923
vt 0.66835 0.14802
vt 0.66934 0.15266
vt 0.70253 0.19923
vt 0.69867 0.19660
vt 0.69079 0.20449
vt 0.69334 0.20842
vt 0.65635 0.15300
vt 0.65904 0.15693
vt 0.68049 0.20876
vt 0.68134 0.21340
vt 0.70750 0.18721
vt 0.70293 0.18629
vt 0.64717 0.16219
vt 0.65116 0.16482
vt 0.70750 0.17421
vt 0.70293 0.17513
vt 0.64220 0.17421
vt 0.64690 0.17513
vt 0.70253 0.16219
vt 0.69867 0.16482
vt 0.64220 0.18721
vt 0.64690 0.18629
vt 0.58105 0.07610
vt 0.58105 0.09602
vt 0.66505 0.23077
vt 0.68495 0.23077
vt 0.68395 0.22651
vt 0.66575 0.22651
vt 0.58105 0.05770
vt 0.70332 0.22315
vt 0.70076 0.21954
vt 0.60639 0.11442
vt 0.60639 0.12850
vt 0.71739 0.20907
vt 0.71363 0.20665
vt 0.60639 0.09602
vt 0.72500 0.19067
vt 0.72059 0.18982
vt 0.60639 0.07610
vt 0.72500 0.17075
vt 0.72059 0.17160
vt 0.60639 0.05770
vt 0.71739 0.15235
vt 0.71363 0.15477
vt 0.57472 0.04147
vt 0.58105 0.05770
vt 0.58105 0.04362
vt 0.70332 0.13827
vt 0.70076 0.14188
vt 0.58105 0.07610
vt 0.68495 0.13065
vt 0.68395 0.13491
vt 0.58105 0.09602
vt 0.66505 0.13065
vt 0.66575 0.13491
vt 0.58105 0.11442
vt 0.64668 0.13827
vt 0.64894 0.14188
vt 0.54924 0.04147
vt 0.55146 0.05770
vt 0.55571 0.04362
vt 0.63261 0.15235
vt 0.63607 0.15477
vt 0.54916 0.07610
vt 0.62500 0.17075
vt 0.62910 0.17160
vt 0.54916 0.09602
vt 0.55340 0.09517
vt 0.55340 0.07695
vt 0.55146 0.11442
vt 0.62500 0.19067
vt 0.63261 0.20907
vt 0.63607 0.20665
vt 0.62910 0.18982
vt 0.54924 0.13065
vt 0.55571 0.12850
vt 0.64668 0.22315
vt 0.64894 0.21954
vt 0.58105 0.11442
vt 0.68249 0.21943
vt 0.66710 0.21943
vt 0.64201 0.20264
vt 0.63612 0.18841
vt 0.69670 0.14789
vt 0.70758 0.15878
vt 0.63612 0.17301
vt 0.71347 0.17301
vt 0.64201 0.15878
vt 0.71347 0.18841
vt 0.65289 0.14789
vt 0.70758 0.20264
vt 0.69670 0.21353
vt 0.66710 0.14199
vt 0.68249 0.14199
vt 0.65289 0.21353
vt 0.21500 0.81951
vt 0.21500 0.80349
vt 0.21389 0.80349
vt 0.21389 0.81951
vt 0.21944 0.81951
vt 0.21944 0.83686
vt 0.22056 0.83686
vt 0.22056 0.81951
vt 0.21722 0.86515
vt 0.21722 0.84912
vt 0.21611 0.84912
vt 0.21611 0.86515
vt 0.21500 0.83686
vt 0.21389 0.83686
vt 0.21944 0.80349
vt 0.22056 0.80349
vt 0.21944 0.85288
vt 0.21944 0.86515
vt 0.22056 0.86515
vt 0.22056 0.85288
vt 0.21500 0.79122
vt 0.21389 0.79122
vt 0.21722 0.83178
vt 0.21722 0.81575
vt 0.21611 0.81575
vt 0.21611 0.83178
vt 0.22056 0.83178
vt 0.22056 0.84912
vt 0.22167 0.84912
vt 0.22167 0.83178
vt 0.21500 0.85288
vt 0.21389 0.85288
vt 0.22056 0.81575
vt 0.22167 0.81575
vt 0.21500 0.86515
vt 0.21389 0.86515
vt 0.21722 0.80349
vt 0.21611 0.80349
vt 0.22056 0.86515
vt 0.22167 0.86515
vt 0.20277 0.91016
vt 0.20277 0.92134
vt 0.21389 0.92134
vt 0.21389 0.91016
vt 0.20277 0.84279
vt 0.20277 0.82819
vt 0.19166 0.82819
vt 0.19166 0.84279
vt 0.19166 0.92134
vt 0.19166 0.93594
vt 0.20277 0.93594
vt 0.20277 0.92134
vt 0.19166 0.96635
vt 0.19166 0.97753
vt 0.20277 0.97753
vt 0.20277 0.96635
vt 0.20277 0.89556
vt 0.21389 0.89556
vt 0.20277 0.87975
vt 0.21389 0.87975
vt 0.19166 0.95175
vt 0.20277 0.95175
vt 0.19166 0.91016
vt 0.20277 0.91016
vt 0.22500 0.90210
vt 0.22500 0.88750
vt 0.21389 0.88750
vt 0.21389 0.90210
vt 0.20277 0.86515
vt 0.21389 0.86515
vt 0.20277 0.79778
vt 0.20277 0.78660
vt 0.19166 0.78660
vt 0.19166 0.79778
vt 0.22500 0.91791
vt 0.21389 0.91791
vt 0.20277 0.81238
vt 0.19166 0.81238
vt 0.22500 0.93251
vt 0.21389 0.93251
vt 0.10833 0.94183
vt 0.10228 0.95643
vt 0.10556 0.95862
vt 0.11220 0.94260
vt 0.10833 0.92602
vt 0.11220 0.92526
vt 0.10228 0.91142
vt 0.10556 0.90923
vt 0.09110 0.90024
vt 0.09329 0.89697
vt 0.07650 0.97366
vt 0.06069 0.97366
vt 0.05993 0.97753
vt 0.07727 0.97753
vt 0.07650 0.89420
vt 0.07727 0.89033
vt 0.09110 0.96761
vt 0.09329 0.97089
vt 0.02887 0.92602
vt 0.03491 0.91142
vt 0.03164 0.90923
vt 0.02500 0.92526
vt 0.02887 0.94183
vt 0.02500 0.94260
vt 0.03491 0.95643
vt 0.03164 0.95862
vt 0.04609 0.96761
vt 0.04390 0.97089
vt 0.06069 0.89420
vt 0.05993 0.89033
vt 0.04609 0.90024
vt 0.04390 0.89697
vt 0.09110 0.81305
vt 0.09329 0.80977
vt 0.07727 0.80313
vt 0.07650 0.80700
vt 0.10228 0.82423
vt 0.10556 0.82204
vt 0.10833 0.83883
vt 0.11220 0.83806
vt 0.10833 0.85464
vt 0.11220 0.85540
vt 0.04609 0.81305
vt 0.04390 0.80977
vt 0.03164 0.82204
vt 0.03491 0.82423
vt 0.10228 0.86924
vt 0.10556 0.87143
vt 0.06069 0.80700
vt 0.05993 0.80313
vt 0.04609 0.88042
vt 0.04390 0.88369
vt 0.05993 0.89033
vt 0.06069 0.88646
vt 0.03491 0.86924
vt 0.03164 0.87143
vt 0.02887 0.85464
vt 0.02500 0.85540
vt 0.02887 0.83883
vt 0.02500 0.83806
vt 0.09110 0.88042
vt 0.09329 0.88369
vt 0.07650 0.88646
vt 0.07727 0.89033
f 848/848 849/849 850/850
f 851/851 852/852 850/850
f 853/853 854/854 850/850
f 855/855 851/851 850/850
f 856/856 853/853 850/850
f 857/857 855/855 850/850
f 858/858 856/856 850/850
f 859/859 857/857 850/850
f 852/852 848/848 850/850
f 860/860 858/858 850/850
f 861/861 860/860 850/850
f 854/854 862/862 850/850
f 863/863 859/859 850/850
f 849/849 861/861 850/850
f 862/862 864/864 850/850
f 864/864 863/863 850/850
f 865/865 866/866 867/867
f 868/868 866/866 869/869
f 870/870 866/866 871/871
f 872/872 866/866 868/868
f 873/873 866/866 870/870
f 874/874 866/866 872/872
f 875/875 866/866 873/873
f 876/876 866/866 874/874
f 869/869 866/866 865/865
f 877/877 866/866 875/875
f 878/878 866/866 877/877
f 871/871 866/866 879/879
f 880/880 866/866 876/876
f 867/867 866/866 878/878
f 879/879 866/866 881/881
f 881/881 866/866 880/880
f 882/882 883/883 884/884
f 882/882 884/884 885/885
f 886/886 887/887 888/888
f 886/886 888/888 889/889
f 883/883 890/890 891/891
f 883/883 891/891 884/884
f 892/892 886/886 889/889
f 892/892 889/889 893/893
f 894/894 895/895 896/896
f 894/894 896/896 897/897
f 898/898 892/892 893/893
f 898/898 893/893 899/899
f 895/895 900/900 901/901
f 895/895 901/901 896/896
f 902/902 894/894 897/897
f 902/902 897/897 903/903
f 904/904 898/898 899/899
f 904/904 899/899 905/905
f 906/906 902/902 903/903
f 906/906 903/903 907/907
f 908/908 904/904 905/905
f 908/908 905/905 909/909
f 910/910 906/906 907/907
f 910/910 907/907 911/911
f 912/912 908/908 909/909
f 912/912 909/909 913/913
f 887/887 910/910 911/911
f 887/887 911/911 888/888
f 890/890 912/912 913/913
f 890/890 913/913 891/891
f 914/914 915/915 916/916
f 914/914 916/916 917/917
f 918/918 919/919 920/920
f 918/918 920/920 921/921
f 917/917 916/916 922/922
f 917/917 922/922 923/923
f 921/921 920/920 924/924
f 921/921 924/924 925/925
f 926/926 927/927 928/928
f 926/926 928/928 929/929
f 925/925 924/924 930/930
f 925/925 930/930 931/931
f 929/929 928/928 932/932
f 929/929 932/932 933/933
f 931/931 930/930 934/934
f 931/931 934/934 935/935
f 933/933 932/932 936/936
f 933/933 936/936 937/937
f 935/935 934/934 938/938
f 935/935 938/938 939/939
f 937/937 936/936 940/940
f 937/937 940/940 941/941
f 939/939 938/938 942/942
f 939/939 942/942 943/943
f 944/944 945/945 946/946
f 944/944 946/946 947/947
f 943/943 942/942 948/948
f 943/943 948/948 949/949
f 947/947 946/946 950/950
f 947/947 950/950 951/951
f 949/949 948/948 952/952
f 949/949 952/952 953/953
f 951/951 950/950 954/954
f 951/951 954/954 955/955
f 953/953 952/952 956/956
f 953/953 956/956 957/957
f 955/955 954/954 958/958
f 955/955 958/958 959/959
f 957/957 956/956 960/960
f 957/957 960/960 961/961
f 959/959 958/958 962/962
f 959/959 962/962 963/963
f 961/961 960/960 964/964
f 961/961 964/964 965/965
f 966/966 967/967 968/968
f 966/966 968/968 969/969
f 965/965 964/964 970/970
f 965/965 970/970 971/971
f 969/969 968/968 972/972
f 969/969 972/972 973/973
f 971/971 970/970 974/974
f 971/971 974/974 975/975
f 973/973 972/972 976/976
f 973/973 976/976 977/977
f 975/975 974/974 978/978
f 975/975 978/978 979/979
f 980/980 981/981 982/982
f 980/980 982/982 983/983
f 979/979 978/978 984/984
f 979/979 984/984 985/985
f 983/983 982/982 915/915
f 983/983 915/915 914/914
f 985/985 984/984 919/919
f 985/985 919/919 918/918
f 900/900 882/882 885/885
f 900/900 885/885 901/901
f 986/986 987/987 882/882
f 986/986 882/882 900/900
f 988/988 989/989 912/912
f 988/988 912/912 890/890
f 990/990 991/991 910/910
f 990/990 910/910 887/887
f 989/989 992/992 908/908
f 989/989 908/908 912/912
f 991/991 993/993 906/906
f 991/991 906/906 910/910
f 992/992 994/994 904/904
f 992/992 904/904 908/908
f 993/993 995/995 902/902
f 993/993 902/902 906/906
f 994/994 996/996 898/898
f 994/994 898/898 904/904
f 995/995 997/997 894/894
f 995/995 894/894 902/902
f 998/998 986/986 900/900
f 998/998 900/900 895/895
f 996/996 999/999 892/892
f 996/996 892/892 898/898
f 997/997 998/998 895/895
f 997/997 895/895 894/894
f 999/999 1000/1000 886/886
f 999/999 886/886 892/892
f 1001/1001 988/988 890/890
f 1001/1001 890/890 883/883
f 1000/1000 990/990 887/887
f 1000/1000 887/887 886/886
f 987/987 1001/1001 883/883
f 987/987 883/883 882/882
f 919/919 984/984 1001/1001
f 919/919 1001/1001 987/987
f 952/952 948/948 990/990
f 952/952 990/990 1000/1000
f 984/984 978/978 988/988
f 984/984 988/988 1001/1001
f 956/956 952/952 1000/1000
f 956/956 1000/1000 999/999
f 930/930 924/924 998/998
f 930/930 998/998 997/997
f 960/960 956/956 999/999
f 960/960 999/999 996/996
f 924/924 920/920 986/986
f 924/924 986/986 998/998
f 934/934 930/930 997/997
f 934/934 997/997 995/995
f 964/964 960/960 996/996
f 964/964 996/996 994/994
f 938/938 934/934 995/995
f 938/938 995/995 993/993
f 970/970 964/964 994/994
f 970/970 994/994 992/992
f 942/942 938/938 993/993
f 942/942 993/993 991/991
f 974/974 970/970 992/992
f 974/974 992/992 989/989
f 948/948 942/942 991/991
f 948/948 991/991 990/990
f 978/978 974/974 989/989
f 978/978 989/989 988/988
f 920/920 919/919 987/987
f 920/920 987/987 986/986
f 1002/1002 1003/1003 1004/1004
f 1002/1002 1004/1004 1005/1005
f 1006/1006 1007/1007 1008/1008
f 1006/1006 1008/1008 1009/1009
f 1010/1010 1011/1011 1012/1012
f 1010/1010 1012/1012 1013/1013
f 1014/1014 1015/1015 1003/1003
f 1014/1014 1003/1003 1002/1002
f 1016/1016 1017/1017 1007/1007
f 1016/1016 1007/1007 1006/1006
f 1018/1018 1019/1019 1020/1020
f 1018/1018 1020/1020 1021/1021
f 1005/1005 1004/1004 1022/1022
f 1005/1005 1022/1022 1023/1023
f 1009/1009 1008/1008 1019/1019
f 1009/1009 1019/1019 1018/1018
f 1024/1024 1025/1025 1026/1026
f 1024/1024 1026/1026 1027/1027
f 1028/1028 1029/1029 1030/1030
f 1028/1028 1030/1030 1031/1031
f 1032/1032 1033/1033 1015/1015
f 1032/1032 1015/1015 1014/1014
f 1013/1013 1012/1012 1025/1025
f 1013/1013 1025/1025 1024/1024
f 1034/1034 1035/1035 1029/1029
f 1034/1034 1029/1029 1028/1028
f 1036/1036 1037/1037 1033/1033
f 1036/1036 1033/1033 1032/1032
f 1027/1027 1026/1026 1038/1038
f 1027/1027 1038/1038 1039/1039
f 1031/1031 1030/1030 1040/1040
f 1031/1031 1040/1040 1041/1041
f 1042/1042 1043/1043 1044/1044
f 1042/1042 1044/1044 1045/1045
f 1046/1046 1047/1047 1048/1048
f 1046/1046 1048/1048 1049/1049
f 1050/1050 1051/1051 1052/1052
f 1050/1050 1052/1052 1053/1053
f 1054/1054 1055/1055 1047/1047
f 1054/1054 1047/1047 1046/1046
f 1056/1056 1057/1057 1043/1043
f 1056/1056 1043/1043 1042/1042
f 1058/1058 1059/1059 1057/1057
f 1058/1058 1057/1057 1056/1056
f 1060/1060 1061/1061 1062/1062
f 1060/1060 1062/1062 1063/1063
f 1064/1064 1065/1065 1051/1051
f 1064/1064 1051/1051 1050/1050
f 1066/1066 1067/1067 1065/1065
f 1066/1066 1065/1065 1068/1068
f 1069/1069 1070/1070 1059/1059
f 1069/1069 1059/1059 1058/1058
f 1053/1053 1052/1052 1061/1061
f 1053/1053 1061/1061 1060/1060
f 1071/1071 1072/1072 1073/1073
f 1071/1071 1073/1073 1074/1074
f 1075/1075 1076/1076 1067/1067
f 1075/1075 1067/1067 1066/1066
f 1077/1077 1078/1078 1072/1072
f 1077/1077 1072/1072 1071/1071
f 1049/1049 1048/1048 1078/1078
f 1049/1049 1078/1078 1077/1077
f 1079/1079 1080/1080 1076/1076
f 1079/1079 1076/1076 1075/1075
f 1081/1081 955/955 959/959
f 1081/1081 959/959 1082/1082
f 1083/1083 926/926 929/929
f 1083/1083 929/929 1084/1084
f 1085/1085 951/951 955/955
f 1085/1085 955/955 1081/1081
f 1086/1086 917/917 923/923
f 1086/1086 923/923 1087/1087
f 1088/1088 980/980 983/983
f 1088/1088 983/983 1089/1089
f 1090/1090 973/973 977/977
f 1090/1090 977/977 1091/1091
f 1092/1092 914/914 917/917
f 1092/1092 917/917 1086/1086
f 1089/1089 983/983 914/914
f 1089/1089 914/914 1092/1092
f 1093/1093 947/947 951/951
f 1093/1093 951/951 1085/1085
f 1094/1094 969/969 973/973
f 1094/1094 973/973 1090/1090
f 1095/1095 937/937 941/941
f 1095/1095 941/941 1096/1096
f 1084/1084 929/929 933/933
f 1084/1084 933/933 1097/1097
f 1082/1082 959/959 963/963
f 1082/1082 963/963 1098/1098
f 1097/1097 933/933 937/937
f 1097/1097 937/937 1095/1095
f 1099/1099 966/966 969/969
f 1099/1099 969/969 1094/1094
f 1100/1100 1101/1101 1102/1102
f 1100/1100 1102/1102 1103/1103
f 1104/1104 1105/1105 1106/1106
f 1104/1104 1106/1106 1107/1107
f 1103/1103 1102/1102 1108/1108
f 1103/1103 1108/1108 1109/1109
f 1110/1110 1111/1111 1105/1105
f 1110/1110 1105/1105 1104/1104
f 1112/1112 1113/1113 1114/1114
f 1112/1112 1114/1114 1115/1115
f 1116/1116 1117/1117 1111/1111
f 1116/1116 1111/1111 1110/1110
f 1115/1115 1114/1114 1118/1118
f 1115/1115 1118/1118 1119/1119
f 1120/1120 1121/1121 1113/1113
f 1120/1120 1113/1113 1112/1112
f 1122/1122 1123/1123 1117/1117
f 1122/1122 1117/1117 1116/1116
f 1124/1124 1125/1125 1121/1121
f 1124/1124 1121/1121 1120/1120
f 1126/1126 1127/1127 1123/1123
f 1126/1126 1123/1123 1122/1122
f 1128/1128 1129/1129 1125/1125
f 1128/1128 1125/1125 1124/1124
f 1130/1130 1131/1131 1127/1127
f 1130/1130 1127/1127 1126/1126
f 1107/1107 1106/1106 1129/1129
f 1107/1107 1129/1129 1128/1128
f 1109/1109 1108/1108 1131/1131
f 1109/1109 1131/1131 1130/1130
f 1092/1092 1086/1086 1132/1132
f 1092/1092 1132/1132 1133/1133
f 1134/1134 1135/1135 1136/1136
f 1134/1134 1136/1136 1137/1137
f 1086/1086 1087/1087 1138/1138
f 1086/1086 1138/1138 1132/1132
f 1135/1135 1139/1139 1140/1140
f 1135/1135 1140/1140 1136/1136
f 1083/1083 1084/1084 1141/1141
f 1083/1083 1141/1141 1142/1142
f 1139/1139 1143/1143 1144/1144
f 1139/1139 1144/1144 1140/1140
f 1084/1084 1097/1097 1145/1145
f 1084/1084 1145/1145 1141/1141
f 1143/1143 1146/1146 1147/1147
f 1143/1143 1147/1147 1144/1144
f 1097/1097 1095/1095 1148/1148
f 1097/1097 1148/1148 1145/1145
f 1146/1146 1149/1149 1150/1150
f 1146/1146 1150/1150 1147/1147
f 1095/1095 1096/1096 1151/1151
f 1095/1095 1151/1151 1148/1148
f 1149/1149 1152/1152 1153/1153
f 1149/1149 1153/1153 1150/1150
f 1154/1154 1093/1093 1155/1155
f 1154/1154 1155/1155 1156/1156
f 1152/1152 1157/1157 1158/1158
f 1152/1152 1158/1158 1153/1153
f 1093/1093 1085/1085 1159/1159
f 1093/1093 1159/1159 1155/1155
f 1157/1157 1160/1160 1161/1161
f 1157/1157 1161/1161 1158/1158
f 1085/1085 1081/1081 1162/1162
f 1085/1085 1162/1162 1159/1159
f 1160/1160 1163/1163 1164/1164
f 1160/1160 1164/1164 1161/1161
f 1081/1081 1082/1082 1165/1165
f 1081/1081 1165/1165 1162/1162
f 1163/1163 1166/1166 1167/1167
f 1163/1163 1167/1167 1164/1164
f 1168/1168 1099/1099 1169/1169
f 1168/1168 1169/1169 1170/1170
f 1166/1166 1171/1171 1172/1172
f 1166/1166 1172/1172 1167/1167
f 1099/1099 1094/1094 1173/1173
f 1099/1099 1173/1173 1169/1169
f 1171/1171 1174/1174 1175/1175
f 1171/1171 1175/1175 1172/1172
f 1094/1094 1090/1090 1176/1176
f 1094/1094 1176/1176 1173/1173
f 1173/1173 1176/1176 1177/1177
f 1173/1173 1177/1177 1178/1178
f 1090/1090 1091/1091 1179/1179
f 1090/1090 1179/1179 1176/1176
f 1180/1180 1181/1181 1182/1182
f 1180/1180 1182/1182 1183/1183
f 1091/1091 1184/1184 1185/1185
f 1091/1091 1185/1185 1179/1179
f 1181/1181 1186/1186 1187/1187
f 1181/1181 1187/1187 1182/1182
f 1089/1089 1092/1092 1133/1133
f 1089/1089 1133/1133 1188/1188
f 1186/1186 1134/1134 1137/1137
f 1186/1186 1137/1137 1187/1187
f 1119/1119 1118/1118 1101/1101
f 1119/1119 1101/1101 1100/1100
f 1189/1189 1119/1119 1100/1100
f 1189/1189 1100/1100 1190/1190
f 1191/1191 1109/1109 1130/1130
f 1191/1191 1130/1130 1192/1192
f 1193/1193 1107/1107 1128/1128
f 1193/1193 1128/1128 1194/1194
f 1192/1192 1130/1130 1126/1126
f 1192/1192 1126/1126 1195/1195
f 1194/1194 1128/1128 1124/1124
f 1194/1194 1124/1124 1196/1196
f 1195/1195 1126/1126 1122/1122
f 1195/1195 1122/1122 1197/1197
f 1196/1196 1124/1124 1120/1120
f 1196/1196 1120/1120 1198/1198
f 1197/1197 1122/1122 1116/1116
f 1197/1197 1116/1116 1199/1199
f 1198/1198 1120/1120 1112/1112
f 1198/1198 1112/1112 1200/1200
f 1201/1201 1115/1115 1119/1119
f 1201/1201 1119/1119 1189/1189
f 1199/1199 1116/1116 1110/1110
f 1199/1199 1110/1110 1202/1202
f 1200/1200 1112/1112 1115/1115
f 1200/1200 1115/1115 1201/1201
f 1202/1202 1110/1110 1104/1104
f 1202/1202 1104/1104 1203/1203
f 1204/1204 1103/1103 1109/1109
f 1204/1204 1109/1109 1191/1191
f 1203/1203 1104/1104 1107/1107
f 1203/1203 1107/1107 1193/1193
f 1190/1190 1100/1100 1103/1103
f 1190/1190 1103/1103 1204/1204
f 1137/1137 1190/1190 1204/1204
f 1137/1137 1204/1204 1187/1187
f 1161/1161 1203/1203 1193/1193
f 1161/1161 1193/1193 1158/1158
f 1187/1187 1204/1204 1191/1191
f 1187/1187 1191/1191 1182/1182
f 1164/1164 1202/1202 1203/1203
f 1164/1164 1203/1203 1161/1161
f 1144/1144 1200/1200 1201/1201
f 1144/1144 1201/1201 1140/1140
f 1167/1167 1199/1199 1202/1202
f 1167/1167 1202/1202 1164/1164
f 1140/1140 1201/1201 1189/1189
f 1140/1140 1189/1189 1136/1136
f 1147/1147 1198/1198 1200/1200
f 1147/1147 1200/1200 1144/1144
f 1172/1172 1197/1197 1199/1199
f 1172/1172 1199/1199 1167/1167
f 1150/1150 1196/1196 1198/1198
f 1150/1150 1198/1198 1147/1147
f 1175/1175 1195/1195 1197/1197
f 1175/1175 1197/1197 1172/1172
f 1153/1153 1194/1194 1196/1196
f 1153/1153 1196/1196 1150/1150
f 1183/1183 1192/1192 1195/1195
f 1183/1183 1195/1195 1175/1175
f 1158/1158 1193/1193 1194/1194
f 1158/1158 1194/1194 1153/1153
f 1182/1182 1191/1191 1192/1192
f 1182/1182 1192/1192 1183/1183
f 1136/1136 1189/1189 1190/1190
f 1136/1136 1190/1190 1137/1137
f 1205/1205 1206/1206 1207/1207
f 1205/1205 1207/1207 1208/1208
f 1209/1209 1210/1210 1211/1211
f 1209/1209 1211/1211 1212/1212
f 1213/1213 1214/1214 1215/1215
f 1213/1213 1215/1215 1216/1216
f 1217/1217 1205/1205 1208/1208
f 1217/1217 1208/1208 1218/1218
f 1219/1219 1209/1209 1212/1212
f 1219/1219 1212/1212 1220/1220
f 1221/1221 1222/1222 1223/1223
f 1221/1221 1223/1223 1224/1224
f 1206/1206 1225/1225 1226/1226
f 1206/1206 1226/1226 1207/1207
f 1210/1210 1221/1221 1224/1224
f 1210/1210 1224/1224 1211/1211
f 1227/1227 1228/1228 1229/1229
f 1227/1227 1229/1229 1230/1230
f 1231/1231 1232/1232 1233/1233
f 1231/1231 1233/1233 1234/1234
f 1235/1235 1217/1217 1218/1218
f 1235/1235 1218/1218 1236/1236
f 1214/1214 1227/1227 1230/1230
f 1214/1214 1230/1230 1215/1215
f 1237/1237 1231/1231 1234/1234
f 1237/1237 1234/1234 1238/1238
f 1239/1239 1235/1235 1236/1236
f 1239/1239 1236/1236 1240/1240
f 1228/1228 1241/1241 1242/1242
f 1228/1228 1242/1242 1229/1229
f 1232/1232 1243/1243 1244/1244
f 1232/1232 1244/1244 1233/1233
f 1245/1245 1246/1246 1247/1247
f 1245/1245 1247/1247 1248/1248
f 1249/1249 1250/1250 1251/1251
f 1249/1249 1251/1251 1252/1252
f 1253/1253 1254/1254 1255/1255
f 1253/1253 1255/1255 1256/1256
f 1257/1257 1258/1258 1259/1259
f 1257/1257 1259/1259 1260/1260
f 1261/1261 1245/1245 1248/1248
f 1261/1261 1248/1248 1262/1262
f 1263/1263 1261/1261 1262/1262
f 1263/1263 1262/1262 1264/1264
f 1265/1265 1257/1257 1260/1260
f 1265/1265 1260/1260 1266/1266
f 1267/1267 1253/1253 1256/1256
f 1267/1267 1256/1256 1268/1268
f 1269/1269 1270/1270 1271/1271
f 1269/1269 1271/1271 1272/1272
f 1273/1273 1263/1263 1264/1264
f 1273/1273 1264/1264 1274/1274
f 1254/1254 1265/1265 1266/1266
f 1254/1254 1266/1266 1255/1255
f 1275/1275 1276/1276 1277/1277
f 1275/1275 1277/1277 1278/1278
f 1279/1279 1269/1269 1272/1272
f 1279/1279 1272/1272 1280/1280
f 1281/1281 1275/1275 1278/1278
f 1281/1281 1278/1278 1282/1282
f 1250/1250 1281/1281 1282/1282
f 1250/1250 1282/1282 1251/1251
f 1283/1283 1279/1279 1280/1280
f 1283/1283 1280/1280 1284/1284
f 1154/1154 944/944 947/947
f 1154/1154 947/947 1093/1093
f 1285/1285 1286/1286 1287/1287
f 1285/1285 1287/1287 1288/1288
f 1289/1289 1285/1285 1288/1288
f 1289/1289 1288/1288 1290/1290
f 1291/1291 1289/1289 1290/1290
f 1291/1291 1290/1290 1292/1292
f 1293/1293 1291/1291 1292/1292
f 1293/1293 1292/1292 1294/1294
f 1295/1295 1296/1296 1297/1297
f 1295/1295 1297/1297 1298/1298
f 1299/1299 1293/1293 1294/1294
f 1299/1299 1294/1294 1300/1300
f 1301/1301 1295/1295 1298/1298
f 1301/1301 1298/1298 1302/1302
f 1286/1286 1301/1301 1302/1302
f 1286/1286 1302/1302 1287/1287
f 1303/1303 1304/1304 1305/1305
f 1303/1303 1305/1305 1306/1306
f 1307/1307 1303/1303 1306/1306
f 1307/1307 1306/1306 1308/1308
f 1309/1309 1307/1307 1308/1308
f 1309/1309 1308/1308 1310/1310
f 1311/1311 1309/1309 1310/1310
f 1311/1311 1310/1310 1312/1312
f 1313/1313 1299/1299 1300/1300
f 1313/1313 1300/1300 1314/1314
f 1296/1296 1311/1311 1312/1312
f 1296/1296 1312/1312 1297/1297
f 1315/1315 1313/1313 1314/1314
f 1315/1315 1314/1314 1316/1316
f 1304/1304 1315/1315 1316/1316
f 1304/1304 1316/1316 1305/1305
f 1317/1317 1318/1318 1319/1319
f 1317/1317 1319/1319 1320/1320
f 1321/1321 1322/1322 1318/1318
f 1321/1321 1318/1318 1317/1317
f 1323/1323 1324/1324 1322/1322
f 1323/1323 1322/1322 1321/1321
f 1325/1325 1326/1326 1324/1324
f 1325/1325 1324/1324 1323/1323
f 1327/1327 1328/1328 1329/1329
f 1327/1327 1329/1329 1330/1330
f 1331/1331 1332/1332 1326/1326
f 1331/1331 1326/1326 1325/1325
f 1333/1333 1334/1334 1328/1328
f 1333/1333 1328/1328 1327/1327
f 1320/1320 1319/1319 1334/1334
f 1320/1320 1334/1334 1333/1333
f 1335/1335 1336/1336 1337/1337
f 1335/1335 1337/1337 1338/1338
f 1339/1339 1340/1340 1336/1336
f 1339/1339 1336/1336 1335/1335
f 1341/1341 1342/1342 1340/1340
f 1341/1341 1340/1340 1339/1339
f 1343/1343 1344/1344 1342/1342
f 1343/1343 1342/1342 1341/1341
f 1345/1345 1346/1346 1332/1332
f 1345/1345 1332/1332 1331/1331
f 1330/1330 1329/1329 1344/1344
f 1330/1330 1344/1344 1343/1343
f 1347/1347 1348/1348 1346/1346
f 1347/1347 1346/1346 1345/1345
f 1338/1338 1337/1337 1348/1348
f 1338/1338 1348/1348 1347/1347
o V1_SailplaneGlider_1_Aileron_L_Vehicle_Elements_0
usemtl Vehicle_Elements
v 324.72006 9.27194 26.09956
v 324.72006 5.02122 26.95181
v 324.72006 5.76426 25.93225
v 208.19709 14.95473 19.29300
v 208.19709 14.95474 20.90268
v 208.19709 20.20215 19.70481
v 324.72006 5.76426 25.93225
v 324.72006 2.72445 25.78723
v 208.19709 10.17422 18.91783
v 208.19709 14.95473 19.29300
v 208.19709 9.70733 21.12693
v 208.19709 9.70732 19.54702
v 324.72006 2.25658 26.23325
v 324.72006 2.25658 26.83852
v 208.19709 20.20215 19.70481
v 208.19709 14.95474 20.90268
v 324.72006 5.02122 26.95181
v 324.72006 9.27194 26.09956
v 208.19709 20.20215 19.70481
v 324.72006 9.27194 26.09956
v 208.19709 9.84400 19.15927
v 324.72006 2.39362 25.90862
v 208.19709 10.16944 21.71411
v 208.19709 9.84275 21.50226
v 324.72006 2.39273 27.15201
v 324.72006 2.72142 27.24691
v 208.19709 9.70733 21.12693
v 324.72006 2.25658 26.83852
v 324.72006 2.72142 27.24691
v 324.72006 2.72445 25.78723
v 208.19709 10.17422 18.91783
v 208.19709 10.16944 21.71411
v 324.72006 2.39273 27.15201
v 324.72006 2.39362 25.90862
v 324.72006 2.25658 26.83852
v 324.72006 2.25658 26.23325
v 208.19709 9.84400 19.15927
v 208.19709 9.84275 21.50226
v 208.19709 9.70732 19.54702
v 208.19709 9.70733 21.12693
vt 0.94901 0.81943
vt 0.94901 0.82531
vt 0.94901 0.82428
vt 0.78788 0.81157
vt 0.78788 0.81157
vt 0.78788 0.80432
vt 0.94901 0.82428
vt 0.94901 0.82848
vt 0.78788 0.81818
vt 0.78788 0.81157
vt 0.78788 0.81883
vt 0.78788 0.81883
vt 0.94901 0.82913
vt 0.94901 0.82913
vt 0.78788 0.71807
vt 0.78788 0.72533
vt 0.94901 0.73907
vt 0.94901 0.73319
vt 0.78788 0.80432
vt 0.94901 0.81943
vt 0.78788 0.81864
vt 0.94901 0.82894
vt 0.78788 0.73195
vt 0.78788 0.73240
vt 0.94901 0.74270
vt 0.94901 0.74225
vt 0.78788 0.73259
vt 0.94901 0.74289
vt 0.94901 0.82849
vt 0.94901 0.82848
vt 0.78788 0.81818
vt 0.78788 0.81819
vt 0.94901 0.82894
vt 0.94901 0.82894
vt 0.94901 0.82913
vt 0.94901 0.82913
vt 0.78788 0.81864
vt 0.78788 0.81864
vt 0.78788 0.81883
vt 0.78788 0.81883
f 1349/1349 1350/1350 1351/1351
f 1352/1352 1353/1353 1354/1354
f 1355/1355 1356/1356 1357/1357
f 1355/1355 1357/1357 1358/1358
f 1359/1359 1360/1360 1361/1361
f 1359/1359 1361/1361 1362/1362
f 1363/1363 1364/1364 1365/1365
f 1363/1363 1365/1365 1366/1366
f 1358/1358 1367/1367 1368/1368
f 1358/1358 1368/1368 1355/1355
f 1360/1360 1369/1369 1370/1370
f 1360/1360 1370/1370 1361/1361
f 1369/1369 1357/1357 1356/1356
f 1369/1369 1356/1356 1370/1370
f 1371/1371 1372/1372 1373/1373
f 1371/1371 1373/1373 1374/1374
f 1372/1372 1375/1375 1376/1376
f 1372/1372 1376/1376 1373/1373
f 1365/1365 1364/1364 1371/1371
f 1365/1365 1371/1371 1374/1374
f 1351/1351 1350/1350 1377/1377
f 1351/1351 1377/1377 1378/1378
f 1353/1353 1352/1352 1379/1379
f 1353/1353 1379/1379 1380/1380
f 1377/1377 1381/1381 1382/1382
f 1377/1377 1382/1382 1378/1378
f 1381/1381 1383/1383 1384/1384
f 1381/1381 1384/1384 1382/1382
f 1379/1379 1385/1385 1386/1386
f 1379/1379 1386/1386 1380/1380
f 1385/1385 1387/1387 1388/1388
f 1385/1385 1388/1388 1386/1386
o V1_SailplaneGlider_1_Aileron_R_Vehicle_Elements_0
usemtl Vehicle_Elements
v -324.72004 9.27194 26.09956
v -324.72004 5.76426 25.93225
v -324.72004 5.02122 26.95181
v -208.19708 14.95473 19.29298
v -208.19708 20.20215 19.70481
v -208.19708 14.95474 20.90268
v -324.72004 5.76426 25.93225
v -208.19708 14.95473 19.29298
v -208.19708 10.17422 18.91783
v -324.72004 2.72445 25.78723
v -208.19708 9.70733 21.12693
v -324.72004 2.25658 26.83852
v -324.72004 2.25658 26.23325
v -208.19708 9.70732 19.54702
v -208.19708 20.20215 19.70481
v -324.72004 9.27194 26.09956
v -324.72004 5.02122 26.95181
v -208.19708 14.95474 20.90268
v -324.72004 9.27194 26.09956
v -208.19708 20.20215 19.70481
v -324.72004 2.39362 25.90862
v -208.19708 9.84400 19.15927
v -208.19708 10.16944 21.71411
v -324.72004 2.72142 27.24693
v -324.72004 2.39273 27.15201
v -208.19708 9.84275 21.50226
v -324.72004 2.25658 26.83852
v -208.19708 9.70733 21.12693
v -324.72004 2.72445 25.78723
v -324.72004 2.72142 27.24693
v -208.19708 10.16944 21.71411
v -208.19708 10.17422 18.91783
v -324.72004 2.39362 25.90862
v -324.72004 2.39273 27.15201
v -324.72004 2.25658 26.23325
v -324.72004 2.25658 26.83852
v -208.19708 9.84275 21.50226
v -208.19708 9.84400 19.15927
v -208.19708 9.70733 21.12693
v -208.19708 9.70732 19.54702
vt 0.05099 0.81943
vt 0.05099 0.82428
vt 0.05099 0.82531
vt 0.21212 0.81157
vt 0.21212 0.80432
vt 0.21212 0.81157
vt 0.05099 0.82428
vt 0.21212 0.81157
vt 0.21212 0.81818
vt 0.05099 0.82848
vt 0.21212 0.81883
vt 0.05099 0.82913
vt 0.05099 0.82913
vt 0.21212 0.81883
vt 0.21212 0.71807
vt 0.05099 0.73319
vt 0.05099 0.73907
vt 0.21212 0.72533
vt 0.05099 0.81943
vt 0.21212 0.80432
vt 0.05099 0.82894
vt 0.21212 0.81864
vt 0.21212 0.73195
vt 0.05099 0.74225
vt 0.05099 0.74270
vt 0.21212 0.73240
vt 0.05099 0.74289
vt 0.21212 0.73259
vt 0.05099 0.82848
vt 0.05099 0.82849
vt 0.21212 0.81819
vt 0.21212 0.81818
vt 0.05099 0.82894
vt 0.05099 0.82894
vt 0.05099 0.82913
vt 0.05099 0.82913
vt 0.21212 0.81864
vt 0.21212 0.81864
vt 0.21212 0.81883
vt 0.21212 0.81883
f 1389/1389 1390/1390 1391/1391
f 1392/1392 1393/1393 1394/1394
f 1395/1395 1396/1396 1397/1397
f 1395/1395 1397/1397 1398/1398
f 1399/1399 1400/1400 1401/1401
f 1399/1399 1401/1401 1402/1402
f 1403/1403 1404/1404 1405/1405
f 1403/1403 1405/1405 1406/1406
f 1396/1396 1395/1395 1407/1407
f 1396/1396 1407/1407 1408/1408
f 1402/1402 1401/1401 1409/1409
f 1402/1402 1409/1409 1410/1410
f 1410/1410 1409/1409 1398/1398
f 1410/1410 1398/1398 1397/1397
f 1411/1411 1412/1412 1413/1413
f 1411/1411 1413/1413 1414/1414
f 1414/1414 1413/1413 1415/1415
f 1414/1414 1415/1415 1416/1416
f 1405/1405 1412/1412 1411/1411
f 1405/1405 1411/1411 1406/1406
f 1390/1390 1417/1417 1418/1418
f 1390/1390 1418/1418 1391/1391
f 1394/1394 1419/1419 1420/1420
f 1394/1394 1420/1420 1392/1392
f 1418/1418 1417/1417 1421/1421
f 1418/1418 1421/1421 1422/1422
f 1422/1422 1421/1421 1423/1423
f 1422/1422 1423/1423 1424/1424
f 1420/1420 1419/1419 1425/1425
f 1420/1420 1425/1425 1426/1426
f 1426/1426 1425/1425 1427/1427
f 1426/1426 1427/1427 1428/1428
o V1_SailplaneGlider_1_Body_Vehicle_Elements_0
usemtl Vehicle_Elements
v -2.41843 -102.19919 -8.89065
v -0.73925 -104.01931 -10.60870
v -1.42559 -102.19919 -8.10829
v -7.81061 34.84688 11.06605
v -9.54862 34.84688 7.31433
v -7.92409 33.88673 10.91407
v -11.20231 -13.80040 7.00080
v -11.53216 -13.36519 5.68468
v -12.01203 -22.86126 4.58058
v -1.45331 -104.01931 -11.92929
v -3.45884 -102.19919 -11.63861
v -3.26119 -102.19919 -12.87518
v -1.14970 -104.01931 -12.73932
v -1.25889 -104.01931 -11.18828
v -3.72322 -99.97460 -7.27117
v -5.01441 -96.20688 -5.03396
v -6.00466 -95.73769 -6.09120
v -10.47693 -83.10525 -7.16831
v -10.32923 -83.10525 -6.65006
v -10.55799 -82.25285 -6.96210
v -10.97797 -83.10525 -10.63661
v -10.69659 -81.43215 -7.00704
v 0.00000 -104.01931 -13.35981
v -0.61428 -102.19919 -15.07975
v 0.00000 -102.19919 -15.10777
v -5.79179 -4.39244 17.29478
v -6.30099 -10.08800 16.86556
v -5.77102 -9.98786 17.50237
v -6.76856 23.07538 14.01165
v -5.68243 10.89632 16.44745
v -6.04382 23.21373 14.89144
v -5.76503 56.84396 12.27065
v -6.66859 45.76369 11.90648
v -5.95656 45.76369 12.79046
v -9.82555 -19.61524 10.69963
v -9.27068 -21.70101 11.95896
v -9.15561 -19.83486 12.29350
v -10.80892 -22.28114 8.26978
v -7.85045 -18.15465 14.77348
v -8.34524 -19.23118 13.80880
v -7.21084 -21.10666 15.73872
v -7.25539 -15.66592 15.71059
v -6.09845 35.15270 13.63393
v -11.11583 -0.00000 6.13024
v -10.56858 10.60879 7.11574
v -11.52280 -0.00000 4.72567
v -11.36770 -7.69111 6.21892
v -11.53216 -13.36519 5.68468
v -12.33185 -12.31007 2.49394
v -10.59152 -18.14091 8.83392
v -12.91836 -27.14738 0.38663
v -12.76811 -25.21666 1.13326
v -12.78461 -23.14550 0.94722
v -12.43637 -23.64782 2.66836
v -13.31041 -23.44138 -4.52563
v 2.41843 -102.19919 -8.89065
v 1.42559 -102.19919 -8.10829
v 0.73925 -104.01931 -10.60870
v 7.81061 34.84688 11.06605
v 7.92409 33.88673 10.91407
v 9.54862 34.84688 7.31433
v 11.20231 -13.80040 7.00080
v 12.01203 -22.86126 4.58058
v 11.53216 -13.36519 5.68468
v 1.45331 -104.01931 -11.92929
v 3.26119 -102.19919 -12.87518
v 3.45884 -102.19919 -11.63861
v 1.25889 -104.01931 -11.18828
v 1.14970 -104.01931 -12.73932
v 3.72322 -99.97460 -7.27117
v 6.00466 -95.73769 -6.09120
v 5.01441 -96.20688 -5.03396
v 10.47693 -83.10525 -7.16831
v 10.55799 -82.25285 -6.96210
v 10.32923 -83.10525 -6.65006
v 10.97797 -83.10525 -10.63661
v 10.69659 -81.43215 -7.00704
v 0.61428 -102.19919 -15.07975
v 5.79179 -4.39244 17.29478
v 5.77102 -9.98786 17.50237
v 6.30099 -10.08800 16.86556
v 6.76856 23.07538 14.01165
v 6.04382 23.21373 14.89144
v 5.68243 10.89632 16.44745
v 5.76503 56.84396 12.27065
v 5.95656 45.76369 12.79046
v 6.66859 45.76369 11.90648
v 9.82555 -19.61524 10.69963
v 9.15561 -19.83486 12.29350
v 9.27068 -21.70101 11.95896
v 10.80892 -22.28114 8.26978
v 7.85045 -18.15465 14.77348
v 7.21084 -21.10666 15.73872
v 8.34524 -19.23118 13.80880
v 7.25539 -15.66592 15.71059
v 6.09845 35.15270 13.63393
v 11.11583 -0.00000 6.13024
v 11.52280 -0.00000 4.72567
v 10.56858 10.60879 7.11574
v 11.20231 -13.80040 7.00080
v 11.53216 -13.36519 5.68468
v 11.36770 -7.69111 6.21892
v 12.33185 -12.31007 2.49394
v 10.59152 -18.14091 8.83392
v 12.91836 -27.14738 0.38663
v 12.78461 -23.14550 0.94722
v 12.76811 -25.21666 1.13326
v 12.43637 -23.64782 2.66836
v 13.31041 -23.44138 -4.52563
v -1.88869 170.63453 4.77313
v -2.02791 166.80983 4.48278
v -2.04237 170.86689 6.22967
v -2.61505 137.85751 10.57987
v -2.12688 142.76690 11.48822
v -2.57178 146.58275 11.13591
v -2.02791 166.80983 4.48278
v -1.88869 170.63453 4.77313
v -1.65966 168.28879 4.13190
v -2.76888 146.25664 2.92258
v -3.55285 146.31617 4.55454
v -2.51518 153.28312 3.45597
v 1.88869 170.63453 4.77313
v 2.04237 170.86689 6.22967
v 2.02791 166.80983 4.48278
v 2.61505 137.85751 10.57987
v 2.57178 146.58275 11.13591
v 2.12688 142.76690 11.48822
v 2.02791 166.80983 4.48278
v 1.65966 168.28879 4.13190
v 1.88869 170.63453 4.77313
v 2.76888 146.25664 2.92258
v 2.51518 153.28312 3.45597
v 3.55285 146.31617 4.55454
v -324.72006 -0.50804 27.67992
v -208.19711 -3.06704 23.28058
v -208.19711 2.63092 22.81639
v -324.72006 2.25659 27.30659
v -346.46153 0.23522 28.47911
v -350.29824 -7.34716 27.79774
v -350.03828 -7.74215 27.49649
v -350.03801 -8.84399 27.62679
v -350.03837 -7.41867 28.18872
v -349.77762 -8.63806 28.03434
v -349.12788 -8.38880 28.37540
v -349.12753 -9.52343 27.90298
v -349.97599 3.67953 27.68747
v -350.09060 3.69290 27.90260
v -349.89333 6.91064 27.83102
v -350.09060 3.69290 27.90260
v -349.93091 3.83972 28.06376
v -349.89333 6.91064 27.83102
v -9.15561 -19.83486 12.29350
v -8.34524 -19.23118 13.80880
v -12.36661 -18.09183 12.73966
v 324.72006 -0.50804 27.67992
v 208.19711 2.63092 22.81639
v 208.19711 -3.06704 23.28058
v 324.72006 2.25659 27.30659
v 346.46153 0.23522 28.47911
v 350.29824 -7.34716 27.79774
v 350.03801 -8.84399 27.62679
v 350.03828 -7.74215 27.49649
v 350.03837 -7.41867 28.18872
v 349.12788 -8.38880 28.37540
v 349.77762 -8.63806 28.03434
v 349.12753 -9.52343 27.90298
v 349.97599 3.67953 27.68747
v 349.89333 6.91064 27.83102
v 350.09060 3.69290 27.90260
v 350.09060 3.69290 27.90260
v 349.89333 6.91064 27.83102
v 349.93091 3.83972 28.06376
v 9.15561 -19.83486 12.29350
v 12.36661 -18.09183 12.73966
v 8.34524 -19.23118 13.80880
v -324.72006 9.27195 26.09956
v -324.72006 5.02122 26.95184
v -324.72006 5.76427 25.93225
v -208.19711 14.95474 19.29300
v -208.19711 14.95475 20.90268
v -208.19711 20.20215 19.70481
v 324.72006 9.27195 26.09956
v 324.72006 5.76427 25.93225
v 324.72006 5.02122 26.95184
v 208.19711 14.95474 19.29300
v 208.19711 20.20215 19.70481
v 208.19711 14.95475 20.90268
v -60.32256 159.89644 18.58759
v -60.31159 158.81459 18.68468
v -60.76786 160.20217 18.77548
v 60.32256 159.89644 18.58759
v 60.76786 160.20217 18.77548
v 60.31159 158.81459 18.68468
v -61.08140 172.68853 20.16855
v -60.97871 172.69698 19.93372
v -61.24967 172.67350 20.03881
v 61.08140 172.68853 20.16855
v 61.24967 172.67350 20.03881
v 60.97871 172.69698 19.93372
v -5.09499 -99.97460 -11.48066
v -7.41008 -95.25034 -11.25188
v -6.94690 -95.25034 -13.86574
v -4.72114 -99.97460 -13.40266
v -3.33077 -89.82926 0.57769
v -3.06004 -93.33593 -1.29400
v 0.00000 -93.70551 -0.70320
v 0.00000 -90.34496 1.10417
v -6.42001 -88.20267 -1.22685
v -5.85737 -92.23780 -3.04923
v -2.62577 -96.88895 -3.49701
v -5.01441 -96.20688 -5.03396
v -12.12820 -67.97676 -13.67587
v -10.29388 -67.97676 -16.99814
v -9.05466 -83.10525 -16.89932
v -10.48816 -83.10525 -14.24085
v -9.08988 -89.28803 -14.15165
v -7.65355 -89.28801 -16.51221
v -5.74856 -95.25034 -15.88396
v -7.06970 -95.25034 -8.46688
v -9.08490 -89.28803 -7.76424
v -9.55042 -89.28803 -10.96347
v -10.97797 -83.10525 -10.63661
v -3.17587 -102.19919 -10.06848
v -3.76630 -95.25034 -17.38293
v -2.45747 -99.97460 -15.94366
v -3.87489 -99.97460 -14.84061
v -5.96511 -83.10525 -19.23640
v -5.03556 -89.28801 -18.52693
v -2.91599 -83.10525 -20.24872
v 0.00000 -83.10525 -20.65888
v 0.00000 -89.28801 -19.65799
v -2.45121 -89.28801 -19.39355
v -1.77763 -95.25034 -17.95600
v 0.00000 -95.25034 -18.21195
v 0.00000 -99.97460 -16.51935
v -1.09280 -99.97460 -16.36775
v -13.15511 -38.28651 -1.13054
v -13.60930 -38.28651 -6.70414
v -13.39263 -53.13164 -8.41161
v -12.89086 -53.13164 -3.15247
v -12.66647 -67.97676 -9.63051
v -12.14794 -67.97676 -5.17439
v -12.96527 -23.44138 -8.71750
v -10.95346 -23.44138 -12.60752
v -11.09435 -38.28650 -14.92029
v -13.25967 -38.28651 -10.91148
v -10.87889 -53.13164 -16.39245
v -12.99609 -53.13164 -12.49017
v -6.98759 -67.97676 -19.75082
v -7.20327 -53.13164 -19.58817
v -7.32164 -38.28651 -18.18888
v -7.29726 -23.44138 -15.94215
v -3.45436 -67.97676 -21.16442
v 0.00000 -67.97676 -21.62041
v -3.56219 -53.13164 -20.96483
v -6.98759 -67.97676 -19.75082
v -7.20327 -53.13164 -19.58817
v -3.62139 -38.28651 -19.65262
v -7.32164 -38.28651 -18.18888
v 0.00000 -104.01931 -10.38364
v 0.00000 -102.19919 -7.78100
v -5.09499 -99.97460 -11.48066
v -4.72114 -99.97460 -13.40266
v -5.85737 -92.23780 -3.04923
v -7.57793 -91.02779 -4.98336
v -12.89633 -12.31007 -2.53026
v -12.59836 -12.31007 -6.69874
v -10.76397 -12.31006 -10.55283
v -7.21099 -12.31006 -13.78952
v -12.33185 -12.31007 2.49394
v -12.15555 0.00000 0.00000
v -12.13152 0.00000 -4.26607
v -10.47714 0.00000 -7.92941
v -7.00476 0.00000 -11.02924
v -3.46295 0.00000 -12.56559
v -7.00476 0.00000 -11.02924
v -6.82640 10.60879 -8.58787
v -3.37377 10.60879 -10.15048
v -11.53710 10.60879 2.37287
v -11.76682 10.60879 -2.04892
v -10.25100 10.60879 -5.58971
v -6.82640 10.60879 -8.58787
v -6.60790 23.07719 -5.78369
v -3.26452 23.07719 -7.36699
v -10.61248 23.07719 5.19610
v -11.15444 23.07719 0.52147
v -9.79702 23.07719 -2.81213
v -6.60790 23.07719 -5.78369
v -6.36776 34.84688 -3.47331
v -3.14446 34.84688 -5.01372
v -10.39789 34.84688 2.58307
v -9.23574 34.84688 -0.69061
v -6.36776 34.84688 -3.47331
v -8.66958 45.76368 0.46540
v -6.02743 45.76369 -2.08655
v -8.69222 45.76368 8.33127
v -6.02743 45.76369 -2.08655
v -2.97429 45.76369 -3.58750
v -9.64320 45.76368 3.62558
v -8.00709 56.84396 1.26760
v -5.67396 56.84396 -1.22785
v -8.06343 56.84396 8.63504
v -5.67396 56.84396 -1.22785
v -2.79855 56.84396 -2.65436
v -9.02769 56.84396 4.12925
v -3.75420 56.84396 13.92072
v -3.82734 46.02866 14.47553
v -3.82734 35.41837 15.32360
v -3.82733 23.47345 16.54309
v -3.82733 11.11207 17.81948
v -3.82732 2.02594 18.61156
v -5.59205 1.81453 17.26711
v -3.82732 -4.17718 18.85456
v -3.82732 -9.74235 19.06356
v -5.77102 -9.98786 17.50237
v -5.63490 -20.80221 17.67477
v -3.83254 -20.57264 19.13479
v 0.00000 -9.54417 20.29197
v -2.02784 -9.61771 19.85629
v -2.03514 -20.44137 19.96959
v 0.00000 -20.37161 20.41316
v -3.82732 -9.74235 19.06356
v -3.83254 -20.57264 19.13479
v 0.00000 -3.98408 20.06810
v 0.00000 2.21546 19.81670
v -2.02784 2.14625 19.37667
v -2.02784 -4.05532 19.62954
v -3.82732 2.02594 18.61156
v -3.82732 -4.17718 18.85456
v 0.00000 11.30807 19.06597
v -2.02784 11.24041 18.63566
v -3.82733 11.11207 17.81948
v 0.00000 23.68447 17.88504
v -2.02785 23.60818 17.39989
v -3.82733 23.47345 16.54309
v 0.00000 35.63950 16.72982
v -2.02785 35.55428 16.18780
v -3.82734 35.41837 15.32360
v 0.00000 46.27625 15.96056
v -2.02785 46.17787 15.42447
v -3.82734 46.02866 14.47553
v 0.00000 56.84396 15.40735
v -1.98395 56.84396 14.87550
v -3.75420 56.84396 13.92072
v -6.30099 -10.08800 16.86556
v -6.78006 -13.11558 16.23221
v -2.63601 -102.19919 -14.00735
v -1.56744 -102.19919 -14.80955
v -0.64692 -104.01931 -13.18590
v -3.87489 -99.97460 -14.84061
v -13.39263 -53.13164 -8.41161
v -12.66647 -67.97676 -9.63051
v -13.60930 -38.28651 -6.70414
v -2.45747 -99.97460 -15.94366
v -2.07288 -99.97460 -5.85057
v 0.00000 -99.97460 -5.35497
v -1.09280 -99.97460 -16.36775
v 0.00000 -99.97460 -16.51935
v -4.85896 -99.97460 -9.31797
v -3.72322 -99.97460 -7.27117
v -6.42001 -88.20267 -1.22685
v -8.79524 -85.77636 -3.91867
v -4.85896 -99.97460 -9.31797
v -2.07288 -99.97460 -5.85057
v -3.72322 -99.97460 -7.27117
v -9.08490 -89.28803 -7.76424
v -10.07162 -83.76098 -6.15452
v 0.00000 -99.97460 -5.35497
v 0.00000 -97.12550 -2.96395
v -5.03556 -89.28801 -18.52693
v -3.76630 -95.25034 -17.38293
v 0.00000 45.76369 -4.23818
v 0.00000 56.84396 -3.23163
v 0.00000 34.84688 -5.70383
v 0.00000 23.07719 -8.10000
v 0.00000 10.60879 -10.86282
v 0.00000 0.00000 -13.25162
v 0.00000 -8.43170 -15.10133
v -3.53319 -8.43171 -14.44334
v -3.61137 -26.12591 -17.85914
v 0.00000 -26.12591 -18.50961
v 0.00000 -38.28651 -20.26607
v 0.00000 -53.13164 -21.49120
v -5.96511 -83.10525 -19.23640
v -2.45747 -99.97460 -15.94366
v -9.35847 23.07719 9.17244
v -2.02784 -9.61771 19.85629
v -3.82732 -9.74235 19.06356
v -12.89633 -12.31007 -2.53026
v -4.20774 -8.43171 -14.17029
v -4.20774 -12.31006 -15.05248
v -4.20773 -23.44138 -17.22228
v -7.29726 -23.44138 -15.94215
v -7.21099 -12.31006 -13.78952
v -4.20773 -26.12591 -17.62902
v 5.09499 -99.97460 -11.48066
v 4.72114 -99.97460 -13.40266
v 6.94690 -95.25034 -13.86574
v 7.41008 -95.25034 -11.25188
v 3.33077 -89.82926 0.57769
v 3.06004 -93.33593 -1.29400
v 6.42001 -88.20267 -1.22685
v 5.85737 -92.23780 -3.04923
v 2.62577 -96.88895 -3.49701
v 5.01441 -96.20688 -5.03396
v 12.12820 -67.97676 -13.67587
v 10.48816 -83.10525 -14.24085
v 9.05466 -83.10525 -16.89932
v 10.29388 -67.97676 -16.99814
v 5.74856 -95.25034 -15.88396
v 7.65355 -89.28801 -16.51221
v 9.08988 -89.28803 -14.15165
v 7.06970 -95.25034 -8.46688
v 9.55042 -89.28803 -10.96347
v 9.08490 -89.28803 -7.76424
v 10.97797 -83.10525 -10.63661
v 3.17587 -102.19919 -10.06848
v 3.87489 -99.97460 -14.84061
v 2.45747 -99.97460 -15.94366
v 3.76630 -95.25034 -17.38293
v 5.96511 -83.10525 -19.23640
v 5.03556 -89.28801 -18.52693
v 2.91599 -83.10525 -20.24872
v 2.45121 -89.28801 -19.39355
v 1.77763 -95.25034 -17.95600
v 1.09280 -99.97460 -16.36775
v 13.15511 -38.28651 -1.13054
v 12.89086 -53.13164 -3.15247
v 13.39263 -53.13164 -8.41161
v 13.60930 -38.28651 -6.70414
v 12.14794 -67.97676 -5.17439
v 12.66647 -67.97676 -9.63051
v 12.96527 -23.44138 -8.71750
v 13.25967 -38.28651 -10.91148
v 11.09435 -38.28650 -14.92029
v 10.95346 -23.44138 -12.60752
v 12.99609 -53.13164 -12.49017
v 10.87889 -53.13164 -16.39245
v 6.98759 -67.97676 -19.75082
v 7.20327 -53.13164 -19.58817
v 7.32164 -38.28651 -18.18888
v 7.29726 -23.44138 -15.94215
v 3.45436 -67.97676 -21.16442
v 3.56219 -53.13164 -20.96483
v 7.20327 -53.13164 -19.58817
v 6.98759 -67.97676 -19.75082
v 3.62139 -38.28651 -19.65262
v 7.32164 -38.28651 -18.18888
v 4.72114 -99.97460 -13.40266
v 5.09499 -99.97460 -11.48066
v 7.57793 -91.02779 -4.98336
v 5.85737 -92.23780 -3.04923
v 12.59836 -12.31007 -6.69874
v 12.89633 -12.31007 -2.53026
v 13.31041 -23.44138 -4.52563
v 7.21099 -12.31006 -13.78952
v 10.76397 -12.31006 -10.55283
v 12.33185 -12.31007 2.49394
v 12.13152 0.00000 -4.26607
v 12.15555 0.00000 0.00000
v 7.00476 0.00000 -11.02924
v 10.47714 0.00000 -7.92941
v 3.46295 0.00000 -12.56559
v 3.37377 10.60879 -10.15048
v 6.82640 10.60879 -8.58787
v 7.00476 0.00000 -11.02924
v 11.76682 10.60879 -2.04892
v 11.53710 10.60879 2.37287
v 6.82640 10.60879 -8.58787
v 10.25100 10.60879 -5.58971
v 3.26452 23.07719 -7.36699
v 6.60790 23.07719 -5.78369
v 11.15444 23.07719 0.52147
v 10.61248 23.07719 5.19610
v 6.60790 23.07719 -5.78369
v 9.79702 23.07719 -2.81213
v 3.14446 34.84688 -5.01372
v 6.36776 34.84688 -3.47331
v 10.39789 34.84688 2.58307
v 6.36776 34.84688 -3.47331
v 9.23574 34.84688 -0.69061
v 6.02743 45.76369 -2.08655
v 8.66958 45.76368 0.46540
v 8.69222 45.76368 8.33127
v 2.97429 45.76369 -3.58750
v 6.02743 45.76369 -2.08655
v 9.64320 45.76368 3.62558
v 5.67396 56.84396 -1.22785
v 8.00709 56.84396 1.26760
v 8.06343 56.84396 8.63504
v 2.79855 56.84396 -2.65436
v 5.67396 56.84396 -1.22785
v 9.02769 56.84396 4.12925
v 3.75420 56.84396 13.92072
v 3.82734 46.02866 14.47553
v 3.82734 35.41837 15.32360
v 3.82733 23.47345 16.54309
v 3.82733 11.11207 17.81948
v 3.82732 2.02594 18.61156
v 5.59205 1.81453 17.26711
v 3.82732 -4.17718 18.85456
v 3.82732 -9.74235 19.06356
v 3.83254 -20.57264 19.13479
v 5.63490 -20.80221 17.67477
v 5.77102 -9.98786 17.50237
v 2.03514 -20.44137 19.96959
v 2.02784 -9.61771 19.85629
v 3.83254 -20.57264 19.13479
v 3.82732 -9.74235 19.06356
v 2.02784 -4.05532 19.62954
v 2.02784 2.14625 19.37667
v 3.82732 -4.17718 18.85456
v 3.82732 2.02594 18.61156
v 2.02784 11.24041 18.63566
v 3.82733 11.11207 17.81948
v 2.02785 23.60818 17.39989
v 3.82733 23.47345 16.54309
v 2.02785 35.55428 16.18780
v 3.82734 35.41837 15.32360
v 2.02785 46.17787 15.42447
v 3.82734 46.02866 14.47553
v 1.98395 56.84396 14.87550
v 3.75420 56.84396 13.92072
v 6.78006 -13.11558 16.23221
v 6.30099 -10.08800 16.86556
v 2.63601 -102.19919 -14.00735
v 0.64692 -104.01931 -13.18590
v 1.56744 -102.19919 -14.80955
v 3.87489 -99.97460 -14.84061
v 13.39263 -53.13164 -8.41161
v 12.66647 -67.97676 -9.63051
v 13.60930 -38.28651 -6.70414
v 2.45747 -99.97460 -15.94366
v 2.07288 -99.97460 -5.85057
v 1.09280 -99.97460 -16.36775
v 4.85896 -99.97460 -9.31797
v 3.72322 -99.97460 -7.27117
v 7.57793 -91.02779 -4.98336
v 8.79524 -85.77636 -3.91867
v 6.42001 -88.20267 -1.22685
v 5.85737 -92.23780 -3.04923
v 4.85896 -99.97460 -9.31797
v 2.07288 -99.97460 -5.85057
v 3.72322 -99.97460 -7.27117
v 9.08490 -89.28803 -7.76424
v 10.07162 -83.76098 -6.15452
v 5.03556 -89.28801 -18.52693
v 3.76630 -95.25034 -17.38293
v 3.53319 -8.43171 -14.44334
v 3.61137 -26.12591 -17.85914
v 5.96511 -83.10525 -19.23640
v 2.45747 -99.97460 -15.94366
v 9.35847 23.07719 9.17244
v 2.02784 -9.61771 19.85629
v 3.82732 -9.74235 19.06356
v 12.89633 -12.31007 -2.53026
v 4.20774 -8.43171 -14.17029
v 4.20774 -12.31006 -15.05248
v 7.21099 -12.31006 -13.78952
v 7.29726 -23.44138 -15.94215
v 4.20773 -23.44138 -17.22228
v 4.20773 -26.12591 -17.62902
v -7.21084 -21.10666 15.73872
v -9.27068 -21.70101 11.95896
v -8.42443 -21.68191 11.56174
v -6.43910 -21.09422 15.21097
v -2.03514 -20.44137 19.96959
v -3.83254 -20.57264 19.13479
v -3.33692 -20.57866 18.34194
v -1.73870 -20.45010 19.08280
v -3.83254 -20.57264 19.13479
v -5.63490 -20.80221 17.67477
v -4.97394 -20.80515 17.01341
v -3.33692 -20.57866 18.34194
v 0.00000 -20.37161 20.41316
v 0.00000 -20.38858 19.45677
v -13.15511 -38.28651 -1.13054
v -12.89086 -53.13164 -3.15247
v -11.96094 -53.09198 -3.24164
v -12.22351 -38.27932 -1.21047
v -6.42001 -88.20267 -1.22685
v -3.33077 -89.82926 0.57769
v -2.92045 -89.41543 -0.15351
v -5.72717 -87.87507 -1.76254
v -8.79524 -85.77636 -3.91867
v -6.42001 -88.20267 -1.22685
v -5.72717 -87.87507 -1.76254
v -7.96537 -85.51561 -4.26161
v -10.32923 -83.10525 -6.65006
v -10.07162 -83.76098 -6.15452
v -9.19641 -83.53445 -6.39321
v -9.48037 -82.91285 -6.87729
v -10.55799 -82.25285 -6.96210
v -9.66223 -82.11242 -7.19051
v -10.69659 -81.43215 -7.00704
v -9.77780 -81.31185 -7.13220
v -12.14794 -67.97676 -5.17439
v -11.22250 -67.89442 -5.27972
v 0.00000 -90.34496 1.10417
v 0.00000 -89.87590 0.27316
v -10.80892 -22.28114 8.26978
v -9.93025 -22.27992 7.95005
v -11.16985 -22.45518 7.16303
v -12.01203 -22.86126 4.58058
v -11.10808 -22.87279 4.34177
v -10.28360 -22.45778 6.86757
v -12.76811 -25.21666 1.13326
v -12.91836 -27.14738 0.38663
v -11.98747 -27.15879 0.29924
v -11.84892 -25.22470 0.96207
v -12.43637 -23.64782 2.66836
v -11.50788 -23.66851 2.47720
v 7.21084 -21.10666 15.73872
v 6.43910 -21.09422 15.21097
v 8.42443 -21.68191 11.56174
v 9.27068 -21.70101 11.95896
v 2.03514 -20.44137 19.96959
v 1.73870 -20.45010 19.08280
v 3.33692 -20.57866 18.34194
v 3.83254 -20.57264 19.13479
v 3.83254 -20.57264 19.13479
v 3.33692 -20.57866 18.34194
v 4.97394 -20.80515 17.01341
v 5.63490 -20.80221 17.67477
v 13.15511 -38.28651 -1.13054
v 12.22351 -38.27932 -1.21047
v 11.96094 -53.09198 -3.24164
v 12.89086 -53.13164 -3.15247
v 6.42001 -88.20267 -1.22685
v 5.72717 -87.87507 -1.76254
v 2.92045 -89.41543 -0.15351
v 3.33077 -89.82926 0.57769
v 8.79524 -85.77636 -3.91867
v 7.96537 -85.51561 -4.26161
v 5.72717 -87.87507 -1.76254
v 6.42001 -88.20267 -1.22685
v 10.32923 -83.10525 -6.65006
v 9.48037 -82.91285 -6.87729
v 9.19641 -83.53445 -6.39321
v 10.07162 -83.76098 -6.15452
v 10.55799 -82.25285 -6.96210
v 9.66223 -82.11242 -7.19051
v 10.69659 -81.43215 -7.00704
v 9.77780 -81.31185 -7.13220
v 12.14794 -67.97676 -5.17439
v 11.22250 -67.89442 -5.27972
v 9.93025 -22.27992 7.95005
v 10.80892 -22.28114 8.26978
v 11.16985 -22.45518 7.16303
v 10.28360 -22.45778 6.86757
v 11.10808 -22.87279 4.34177
v 12.01203 -22.86126 4.58058
v 12.76811 -25.21666 1.13326
v 11.84892 -25.22470 0.96207
v 11.98747 -27.15879 0.29924
v 12.91836 -27.14738 0.38663
v 12.43637 -23.64782 2.66836
v 11.50788 -23.66851 2.47720
v 0.58158 169.96978 63.77488
v 0.96557 170.85088 63.62373
v 0.00000 170.85088 63.62373
v 0.00000 169.54447 63.84782
v 1.13426 173.15758 63.22802
v 1.27970 179.77942 62.09206
v 0.00000 179.77942 62.09206
v 0.00000 173.15758 63.22802
v 0.96557 170.85088 63.62373
v 0.00000 170.85088 63.62373
v -0.58158 169.96978 63.77488
v -0.96557 170.85088 63.62373
v -1.13426 173.15758 63.22802
v 0.00000 173.15758 63.22802
v 0.00000 179.77942 62.09206
v -1.27970 179.77942 62.09206
v -0.96557 170.85088 63.62373
v 0.00000 170.85088 63.62373
v -1.95047 172.30078 15.21692
v 0.00000 172.30074 15.21692
v 0.00000 171.90715 12.74980
v -1.98577 171.90717 12.74980
v -2.02302 171.50535 10.23127
v 0.00000 171.50531 10.23127
v 0.00000 171.28784 8.86807
v -2.04084 171.28784 8.86807
v 0.00000 171.72117 11.58439
v -2.00320 171.72117 11.58439
v -1.88869 170.63453 4.77313
v -2.04237 170.86689 6.22967
v 0.00000 170.86689 6.22967
v 0.00000 170.63453 4.77313
v -1.17063 170.46184 3.69074
v -1.88869 170.63453 4.77313
v 0.00000 170.63453 4.77313
v 0.00000 170.39697 3.28440
v -1.27970 179.77942 62.09206
v 0.00000 179.77942 62.09206
v 0.00000 172.69437 17.68402
v -1.91517 172.69439 17.68402
v 1.95047 172.30078 15.21692
v 1.98577 171.90717 12.74980
v 0.00000 171.90715 12.74980
v 0.00000 172.30074 15.21692
v 2.02302 171.50535 10.23127
v 2.04084 171.28784 8.86807
v 0.00000 171.28784 8.86807
v 0.00000 171.50531 10.23127
v 2.00320 171.72117 11.58439
v 0.00000 171.72117 11.58439
v 1.88869 170.63453 4.77313
v 0.00000 170.63453 4.77313
v 0.00000 170.86689 6.22967
v 2.04237 170.86689 6.22967
v 1.17063 170.46184 3.69074
v 1.88869 170.63453 4.77313
v 1.27970 179.77942 62.09206
v 1.91517 172.69439 17.68402
v 0.00000 172.69437 17.68402
v 0.00000 179.77942 62.09206
v -4.07327 137.85751 4.08364
v -3.07214 137.85751 2.39121
v -3.69127 137.85751 9.60431
v -4.32018 137.85751 8.23411
v -4.57812 137.85751 6.32627
v 0.00000 137.85751 11.58566
v -1.27969 137.85751 11.32333
v -2.61505 137.85751 10.57987
v 0.00000 140.14065 12.09457
v -1.27969 140.80096 11.83225
v -1.59524 137.85751 1.37430
v 0.00000 137.85751 1.10116
v -3.07214 137.85751 2.39121
v -3.73153 146.47978 8.59373
v -3.25871 146.53511 9.95956
v -2.00320 171.72117 11.58439
v -2.02302 171.50535 10.23127
v -2.76888 146.25664 2.92258
v -2.51518 153.28312 3.45597
v -1.41752 151.39630 2.27359
v -1.48644 146.21241 1.88888
v -1.98577 171.90717 12.74980
v -3.92794 146.42404 6.82544
v -2.04084 171.28784 8.86807
v 0.00000 146.19576 1.58163
v 0.00000 151.32935 1.94280
v -2.12688 142.76690 11.48822
v 1.41752 151.39630 2.27359
v 0.93510 153.70264 0.45017
v 1.61961 155.26033 0.45017
v 2.17472 151.86129 3.00283
v 0.00000 151.32935 1.94280
v 0.00000 153.13249 0.45017
v 1.87016 157.38812 0.45017
v 2.51518 153.28312 3.45597
v 1.87016 161.90891 0.45017
v 1.52262 163.85499 0.45017
v 1.65966 168.28879 4.13190
v 0.93511 165.27963 0.45017
v 1.18827 168.97864 3.57996
v 0.00000 165.80109 0.45017
v 0.00000 168.97329 3.18421
v -1.17063 170.46184 3.69074
v -1.18827 168.97864 3.57996
v 0.00000 170.39697 3.28440
v 0.00000 168.97329 3.18421
v 3.07214 137.85751 2.39121
v 4.07327 137.85751 4.08364
v 4.32018 137.85751 8.23411
v 3.69127 137.85751 9.60431
v 4.57812 137.85751 6.32627
v 1.27969 137.85751 11.32333
v 2.61505 137.85751 10.57987
v 1.27969 140.80096 11.83225
v 1.59524 137.85751 1.37430
v 3.07214 137.85751 2.39121
v 3.73153 146.47978 8.59373
v 2.02302 171.50535 10.23127
v 2.00320 171.72117 11.58439
v 3.25871 146.53511 9.95956
v 2.76888 146.25664 2.92258
v 1.48644 146.21241 1.88888
v 1.41752 151.39630 2.27359
v 1.98577 171.90717 12.74980
v 3.92794 146.42404 6.82544
v 2.04084 171.28784 8.86807
v 2.12688 142.76690 11.48822
v -1.41752 151.39630 2.27359
v -2.17472 151.86132 3.00281
v -1.61961 155.26033 0.45017
v -0.93510 153.70264 0.45017
v -1.87016 157.38812 0.45017
v -1.87016 161.90891 0.45017
v -1.52262 163.85499 0.45017
v -1.65966 168.28879 4.13190
v -0.93511 165.27963 0.45017
v -1.18827 168.97864 3.57996
v 1.17063 170.46184 3.69074
v 1.18827 168.97864 3.57996
v -1.12511 143.94665 13.86697
v 0.00000 143.34470 14.12929
v 0.00000 145.85770 16.62609
v -1.05400 146.45608 16.36374
v 0.00000 169.54447 63.84782
v -0.58158 169.96978 63.77488
v -1.27969 140.80096 11.83225
v 0.00000 140.14065 12.09457
v -0.96557 170.85088 63.62373
v -1.13426 173.15758 63.22802
v -2.20495 151.47466 16.03609
v -1.74969 148.17666 16.09448
v -2.23508 149.42092 13.31705
v -1.86089 145.64286 13.42578
v -2.57178 146.58275 11.13591
v -2.12688 142.76690 11.48822
v -1.86089 145.64286 13.42578
v -2.12688 142.76690 11.48822
v -1.74969 148.17666 16.09448
v -0.96557 170.85088 63.62373
v -1.98577 171.90717 12.74980
v -1.95047 172.30078 15.21692
v -1.91517 172.69439 17.68402
v -1.27970 179.77942 62.09206
v 1.12511 143.94665 13.86697
v 1.05400 146.45608 16.36374
v 0.58158 169.96978 63.77488
v 1.27969 140.80096 11.83225
v 0.96557 170.85088 63.62373
v 1.74969 148.17666 16.09448
v 2.20495 151.47466 16.03609
v 1.13426 173.15758 63.22802
v 1.86089 145.64286 13.42578
v 2.23508 149.42092 13.31705
v 2.12688 142.76690 11.48822
v 2.57178 146.58275 11.13591
v 2.12688 142.76690 11.48822
v 1.86089 145.64286 13.42578
v 1.74969 148.17666 16.09448
v 0.96557 170.85088 63.62373
v 1.98577 171.90717 12.74980
v 1.95047 172.30078 15.21692
v 1.91517 172.69439 17.68402
v 1.27970 179.77942 62.09206
v -0.75066 153.86398 0.45017
v -1.39154 155.32235 0.45017
v -1.39154 155.32235 0.91769
v -0.75066 153.86398 0.91769
v -0.75007 165.11517 0.45017
v 0.00000 165.53344 0.45017
v 0.00000 165.53344 0.91769
v -0.75007 165.11517 0.91769
v -1.63640 161.88818 0.45017
v -1.29692 163.78914 0.45017
v -1.29692 163.78914 0.91769
v -1.63640 161.88818 0.91769
v 0.00000 153.40629 0.45017
v 0.00000 153.40629 0.91769
v -1.63639 157.40185 0.45017
v -1.63639 157.40185 0.91769
v 0.75066 153.86398 0.45017
v 0.75066 153.86398 0.91769
v 1.39154 155.32235 0.91769
v 1.39154 155.32235 0.45017
v 0.75007 165.11517 0.45017
v 0.75007 165.11517 0.91769
v 1.63640 161.88818 0.45017
v 1.63640 161.88818 0.91769
v 1.29692 163.78914 0.91769
v 1.29692 163.78914 0.45017
v 1.63639 157.40185 0.91769
v 1.63639 157.40185 0.45017
v -0.75066 153.86398 0.45017
v 0.00000 153.40629 0.45017
v 0.00000 153.13249 0.45017
v -0.93510 153.70264 0.45017
v -1.39154 155.32235 0.45017
v -1.61961 155.26033 0.45017
v -1.63639 157.40185 0.45017
v -1.87016 157.38812 0.45017
v 0.00000 165.53344 0.45017
v -0.75007 165.11517 0.45017
v -0.93511 165.27963 0.45017
v 0.00000 165.80109 0.45017
v -1.29692 163.78914 0.45017
v -1.52262 163.85499 0.45017
v -1.63640 161.88818 0.45017
v -1.87016 161.90891 0.45017
v 0.75066 153.86398 0.45017
v 0.93510 153.70264 0.45017
v 1.39154 155.32235 0.45017
v 1.61961 155.26033 0.45017
v 1.63639 157.40185 0.45017
v 1.87016 157.38812 0.45017
v 0.93511 165.27963 0.45017
v 0.75007 165.11517 0.45017
v 1.52262 163.85499 0.45017
v 1.29692 163.78914 0.45017
v 1.87016 161.90891 0.45017
v 1.63640 161.88818 0.45017
v -28.11259 18.48010 11.30454
v -208.19711 14.95474 19.29300
v -208.19711 20.20215 19.70481
v -28.11259 25.20769 12.17412
v -324.72006 -8.58965 25.37159
v -324.72006 -6.79721 25.33304
v -208.19711 -7.36538 17.57987
v -208.19711 -10.75498 17.72462
v -28.11258 -12.62433 9.94587
v -28.11258 -7.67614 9.70492
v -28.11258 -18.06041 12.05890
v -208.19711 -16.68382 19.70481
v -208.19711 -14.76496 18.50841
v -28.11258 -16.19617 10.92051
v -324.72006 -12.08853 26.09956
v -324.72006 -10.44835 25.59096
v -324.72006 -12.08853 26.09956
v -208.19711 -16.68382 19.70481
v -208.19711 -16.21847 20.39938
v -324.72006 -11.56441 26.58558
v -28.11258 -18.06041 12.05890
v -28.11258 -17.72725 12.91950
v -208.19711 -14.91548 21.31851
v -324.72006 -10.26942 27.15321
v -28.11258 -16.87553 13.81906
v -208.19711 -13.24020 22.07491
v -324.72006 -8.49227 27.55648
v -28.11258 -15.11184 14.64110
v -208.19711 -11.05303 22.79327
v -324.72006 -6.48609 27.76209
v -28.11258 -13.01309 15.32520
v -208.19711 -8.12129 23.26339
v -324.72006 -3.80959 27.84671
v -28.11258 -10.08135 15.98491
v -28.11258 -4.31927 16.13773
v -28.11258 1.81265 15.66136
v -208.19711 14.95475 20.90268
v -28.11259 18.48010 13.58413
v -28.11259 25.20769 12.17412
v -208.19711 20.20215 19.70481
v -28.11259 10.89621 14.58475
v -208.19711 9.70734 21.79247
v -324.72006 5.02122 26.95184
v -346.46153 4.14686 27.91101
v -324.72006 9.27195 26.09956
v -346.46153 7.23253 27.33009
v -346.46153 -3.00508 28.70191
v -346.46153 -5.63397 28.68920
v -346.46153 -7.60637 28.57925
v -346.46153 -9.40253 28.24189
v -346.46153 -10.69604 27.73984
v -346.46153 -11.23111 27.29272
v -346.46153 -9.83713 26.94125
v -346.46153 -8.23932 26.79841
v -346.46153 -11.23111 27.29272
v -346.46153 -6.59893 26.78686
v -346.46153 3.94119 27.19243
v -346.46153 7.23253 27.33009
v -324.72006 9.27195 26.09956
v -324.72006 5.76427 25.93225
v -349.12909 -3.19926 27.13165
v -349.12900 0.45272 27.26651
v -347.91949 0.54211 27.14126
v -347.91949 -3.23168 26.97498
v -346.46153 -3.18136 26.88255
v -346.46153 0.64985 27.05476
v -324.72006 2.25659 25.76493
v -324.72004 -2.49665 25.49585
v -208.19711 9.70732 18.88118
v -208.19711 -0.74874 17.94987
v -28.11258 -0.00001 9.71177
v -28.11259 10.60189 10.46345
v -350.23288 0.27806 27.95330
v -349.99799 0.30298 28.29789
v -19.45367 -10.13293 15.79336
v -19.45367 -4.35610 15.95309
v -19.45366 -16.97359 13.62172
v -19.45366 -15.18433 14.44548
v -19.45367 -16.35303 10.53526
v -19.45367 -18.12396 11.81749
v -19.45367 -12.76092 9.37121
v -19.45367 1.81366 15.48658
v -19.45367 -7.68432 9.14866
v -19.45366 -17.74883 12.72265
v -19.45367 -13.06467 15.12866
v -19.45368 10.65262 9.89914
v -19.45367 -0.00000 9.14957
v -19.45367 10.89626 14.64875
v -19.45368 19.07202 13.39316
v -19.45367 -18.12396 11.81749
v -19.45368 25.93535 11.89509
v -19.45368 25.93535 11.89509
v -19.45368 18.87083 10.89844
v -15.48130 19.51207 10.50635
v -15.90102 10.70497 9.31097
v -10.71225 -10.12140 16.00840
v -11.14781 -13.07103 15.30086
v -6.78006 -13.11558 16.23221
v -6.30099 -10.08800 16.86556
v -10.42339 -4.38679 16.36376
v -5.79179 -4.39244 17.29478
v -10.30165 10.89631 15.36448
v -10.35708 1.81450 16.17092
v -5.59205 1.81453 17.26711
v -5.68243 10.89632 16.44745
v -12.82231 -18.58428 11.28144
v -9.82555 -19.61524 10.69963
v -11.95414 -17.23630 13.74420
v -7.85045 -18.15465 14.77348
v -11.53005 -15.43090 14.59473
v -7.25539 -15.66592 15.71059
v -10.88250 21.17434 13.63870
v -6.76856 23.07538 14.01165
v -11.70751 29.06687 11.39280
v -12.36796 20.56087 9.95670
v -14.97043 26.98168 11.69178
v -15.37423 -15.30490 14.37570
v -15.23209 -13.06778 15.09457
v -14.73920 10.89629 14.78751
v -14.74580 19.86502 13.48889
v -15.53292 -17.00614 13.53885
v -16.08469 -0.00000 8.51867
v -16.12403 -7.68745 8.52190
v -15.67849 -17.78007 12.61191
v -15.84837 -18.29730 11.56832
v -14.94596 -4.37134 15.93158
v -14.84753 1.81409 15.57968
v -16.10295 -12.90020 8.86381
v -16.00923 -16.53803 10.22179
v -15.84837 -18.29730 11.56832
v -15.07144 -10.12720 15.73453
v -14.97043 26.98168 11.69178
v -349.12706 -10.06015 27.43901
v -347.91949 -10.76672 27.37273
v -347.91949 -10.23091 27.81724
v -347.91949 -6.19674 26.89789
v -347.91949 3.81894 27.30612
v -347.91949 7.09577 27.47096
v -347.91949 -7.80893 26.92038
v -347.91949 -10.76672 27.37273
v -347.91949 -9.38924 27.03178
v -347.91949 -9.02402 28.31488
v -347.91949 -7.21423 28.62400
v -347.91949 -5.29417 28.74324
v -347.91949 -2.95113 28.75925
v -347.91949 0.28506 28.53271
v -347.91949 4.08823 27.97535
v -347.91949 7.09577 27.47096
v -349.12797 -7.12992 27.10058
v -349.12840 -5.51953 27.07819
v -349.12788 0.32637 28.49539
v -349.12831 3.99637 28.09375
v -349.12797 -2.89211 28.71857
v -349.12806 -4.68773 28.68319
v -349.12808 -6.53652 28.59212
v -349.12889 3.71753 27.47314
v -349.12884 6.98233 27.65218
v -349.12884 6.98233 27.65218
v -349.12775 -8.69588 27.18132
v -350.23288 0.27806 27.95330
v -350.03875 0.32142 27.54346
v -350.29824 -5.70118 27.92459
v -350.29755 -3.93937 27.98322
v -350.03857 -4.60205 27.42178
v -350.03837 -6.20965 27.41650
v -349.12706 -10.06015 27.43901
v -350.03801 -8.84399 27.62679
v -350.29824 -7.34716 27.79774
v -350.29824 -5.70118 27.92459
v -350.03837 -5.81241 28.33581
v -350.29755 -3.93937 27.98322
v -350.03806 -4.01871 28.43829
v -350.29508 -2.88533 27.98701
v -350.03699 -2.86510 28.45399
v -350.29508 -2.88533 27.98701
v -350.03875 -3.05410 27.44548
v -11.70751 29.06687 11.39280
v -13.40868 -0.00000 7.54081
v -13.46032 -7.68996 7.54039
v -13.10596 10.67634 8.39195
v -13.42237 -13.23247 7.97776
v -13.17866 -17.02691 9.68292
v -7.92409 33.88673 10.91407
v -9.35847 23.07719 9.17244
v -7.92409 33.88673 10.91407
v -10.56858 10.60879 7.11574
v -11.11583 -0.00000 6.13024
v -11.36770 -7.69111 6.21892
v -12.82231 -18.58428 11.28144
v -11.20231 -13.80040 7.00080
v -10.59152 -18.14091 8.83392
v -9.82555 -19.61524 10.69963
v 28.11259 18.48010 11.30454
v 28.11259 25.20769 12.17412
v 208.19711 20.20215 19.70481
v 208.19711 14.95474 19.29300
v 324.72006 -8.58965 25.37159
v 208.19711 -10.75498 17.72462
v 208.19711 -7.36538 17.57987
v 324.72006 -6.79721 25.33304
v 28.11258 -12.62433 9.94587
v 28.11258 -7.67614 9.70492
v 28.11258 -18.06041 12.05890
v 28.11258 -16.19617 10.92051
v 208.19711 -14.76496 18.50841
v 208.19711 -16.68382 19.70481
v 324.72006 -12.08853 26.09956
v 324.72006 -10.44835 25.59096
v 324.72006 -12.08853 26.09956
v 324.72006 -11.56441 26.58558
v 208.19711 -16.21847 20.39938
v 208.19711 -16.68382 19.70481
v 28.11258 -17.72725 12.91950
v 28.11258 -18.06041 12.05890
v 324.72006 -10.26942 27.15321
v 208.19711 -14.91548 21.31851
v 28.11258 -16.87553 13.81906
v 324.72006 -8.49227 27.55648
v 208.19711 -13.24020 22.07491
v 28.11258 -15.11184 14.64110
v 324.72006 -6.48609 27.76209
v 208.19711 -11.05303 22.79327
v 28.11258 -13.01309 15.32520
v 324.72006 -3.80959 27.84671
v 208.19711 -8.12129 23.26339
v 28.11258 -10.08135 15.98491
v 28.11258 -4.31927 16.13773
v 28.11258 1.81265 15.66136
v 208.19711 14.95475 20.90268
v 208.19711 20.20215 19.70481
v 28.11259 25.20769 12.17412
v 28.11259 18.48010 13.58413
v 208.19711 9.70734 21.79247
v 28.11259 10.89621 14.58475
v 346.46153 4.14686 27.91101
v 324.72006 5.02122 26.95184
v 346.46153 7.23253 27.33009
v 324.72006 9.27195 26.09956
v 346.46153 -3.00508 28.70191
v 346.46153 -5.63397 28.68920
v 346.46153 -7.60637 28.57925
v 346.46153 -9.40253 28.24189
v 346.46153 -10.69604 27.73984
v 346.46153 -11.23111 27.29272
v 346.46153 -9.83713 26.94125
v 346.46153 -8.23932 26.79841
v 346.46153 -11.23111 27.29272
v 346.46153 -6.59893 26.78686
v 346.46153 3.94119 27.19243
v 324.72006 5.76427 25.93225
v 324.72006 9.27195 26.09956
v 346.46153 7.23253 27.33009
v 349.12909 -3.19926 27.13165
v 347.91949 -3.23168 26.97498
v 347.91949 0.54211 27.14126
v 349.12900 0.45272 27.26651
v 346.46153 -3.18136 26.88255
v 324.72004 -2.49665 25.49585
v 324.72006 2.25659 25.76493
v 346.46153 0.64985 27.05476
v 208.19711 -0.74874 17.94987
v 208.19711 9.70732 18.88118
v 28.11258 -0.00001 9.71177
v 28.11259 10.60189 10.46345
v 349.99799 0.30298 28.29789
v 350.23288 0.27806 27.95330
v 19.45367 -4.35610 15.95309
v 19.45367 -10.13293 15.79336
v 19.45366 -15.18433 14.44548
v 19.45366 -16.97359 13.62172
v 19.45367 -18.12396 11.81749
v 19.45367 -16.35303 10.53526
v 19.45367 -12.76092 9.37121
v 19.45367 1.81366 15.48658
v 19.45367 -7.68432 9.14866
v 19.45366 -17.74883 12.72265
v 19.45367 -13.06467 15.12866
v 19.45367 -0.00000 9.14957
v 19.45368 10.65262 9.89914
v 19.45367 10.89626 14.64875
v 19.45368 19.07202 13.39316
v 19.45367 -18.12396 11.81749
v 19.45368 25.93535 11.89509
v 19.45368 18.87083 10.89844
v 19.45368 25.93535 11.89509
v 15.48130 19.51207 10.50635
v 15.90102 10.70497 9.31097
v 10.71225 -10.12140 16.00840
v 6.30099 -10.08800 16.86556
v 6.78006 -13.11558 16.23221
v 11.14781 -13.07103 15.30086
v 10.42339 -4.38679 16.36376
v 5.79179 -4.39244 17.29478
v 10.30165 10.89631 15.36448
v 5.68243 10.89632 16.44745
v 5.59205 1.81453 17.26711
v 10.35708 1.81450 16.17092
v 9.82555 -19.61524 10.69963
v 12.82231 -18.58428 11.28144
v 11.95414 -17.23630 13.74420
v 7.85045 -18.15465 14.77348
v 11.53005 -15.43090 14.59473
v 7.25539 -15.66592 15.71059
v 10.88250 21.17434 13.63870
v 6.76856 23.07538 14.01165
v 11.70751 29.06687 11.39280
v 14.97043 26.98168 11.69178
v 12.36796 20.56087 9.95670
v 15.23209 -13.06778 15.09457
v 15.37423 -15.30490 14.37570
v 14.74580 19.86502 13.48889
v 14.73920 10.89629 14.78751
v 15.53292 -17.00614 13.53885
v 16.12403 -7.68745 8.52190
v 16.08469 -0.00000 8.51867
v 15.67849 -17.78007 12.61191
v 15.84837 -18.29730 11.56832
v 14.84753 1.81409 15.57968
v 14.94596 -4.37134 15.93158
v 16.00923 -16.53803 10.22179
v 16.10295 -12.90020 8.86381
v 15.84837 -18.29730 11.56832
v 15.07144 -10.12720 15.73453
v 14.97043 26.98168 11.69178
v 349.12706 -10.06015 27.43901
v 347.91949 -10.23091 27.81724
v 347.91949 -10.76672 27.37273
v 347.91949 -6.19674 26.89789
v 347.91949 3.81894 27.30612
v 347.91949 7.09577 27.47096
v 347.91949 -7.80893 26.92038
v 347.91949 -10.76672 27.37273
v 347.91949 -9.38924 27.03178
v 347.91949 -9.02402 28.31488
v 347.91949 -7.21423 28.62400
v 347.91949 -5.29417 28.74324
v 347.91949 -2.95113 28.75925
v 347.91949 0.28506 28.53271
v 347.91949 4.08823 27.97535
v 347.91949 7.09577 27.47096
v 349.12797 -7.12992 27.10058
v 349.12840 -5.51953 27.07819
v 349.12788 0.32637 28.49539
v 349.12831 3.99637 28.09375
v 349.12797 -2.89211 28.71857
v 349.12806 -4.68773 28.68319
v 349.12808 -6.53652 28.59212
v 349.12889 3.71753 27.47314
v 349.12884 6.98233 27.65218
v 349.12884 6.98233 27.65218
v 349.12775 -8.69588 27.18132
v 350.23288 0.27806 27.95330
v 350.03875 0.32142 27.54346
v 350.29824 -5.70118 27.92459
v 350.03837 -6.20965 27.41650
v 350.03857 -4.60205 27.42178
v 350.29755 -3.93937 27.98322
v 349.12706 -10.06015 27.43901
v 350.03801 -8.84399 27.62679
v 350.29824 -7.34716 27.79774
v 350.29824 -5.70118 27.92459
v 350.03837 -5.81241 28.33581
v 350.29755 -3.93937 27.98322
v 350.03806 -4.01871 28.43829
v 350.29508 -2.88533 27.98701
v 350.03699 -2.86510 28.45399
v 350.29508 -2.88533 27.98701
v 350.03875 -3.05410 27.44548
v 11.70751 29.06687 11.39280
v 13.46032 -7.68996 7.54039
v 13.40868 -0.00000 7.54081
v 13.10596 10.67634 8.39195
v 13.17866 -17.02691 9.68292
v 13.42237 -13.23247 7.97776
v 7.92409 33.88673 10.91407
v 9.35847 23.07719 9.17244
v 7.92409 33.88673 10.91407
v 208.19711 9.70734 21.79247
v 324.72006 2.25659 27.30659
v 324.72006 2.25659 25.76493
v 208.19711 9.70732 18.88118
v 10.56858 10.60879 7.11574
v 11.36770 -7.69111 6.21892
v 11.11583 -0.00000 6.13024
v 12.82231 -18.58428 11.28144
v 10.59152 -18.14091 8.83392
v 11.20231 -13.80040 7.00080
v 9.82555 -19.61524 10.69963
v -208.19711 9.70734 21.79247
v -208.19711 9.70732 18.88118
v -324.72006 2.25659 25.76493
v -324.72006 2.25659 27.30659
v -324.72006 2.25659 27.30659
v -324.72006 2.25659 25.76493
v -208.19711 9.70732 18.88118
v -208.19711 9.70734 21.79247
v 324.72006 2.25659 25.76493
v 324.72006 2.25659 27.30659
v 208.19711 9.70734 21.79247
v 208.19711 9.70732 18.88118
v -60.68388 161.80288 20.12267
v -60.81463 165.33857 20.19713
v -61.27099 165.70496 19.95781
v -61.16320 162.19904 19.86559
v -60.41646 160.18623 20.06172
v -59.27214 159.75336 20.20416
v -59.36631 161.41663 20.28798
v -57.98722 164.84419 20.43454
v -1.99950 162.06166 20.43454
v -1.87776 173.11190 20.30098
v -57.98722 170.06509 20.30098
v -57.98722 172.96477 20.16748
v -6.21474 177.58710 20.16748
v -59.34596 172.84342 20.16746
v -59.41884 169.98722 20.26308
v -59.47198 165.01262 20.36364
v -61.45436 165.88173 19.55076
v -61.21063 169.88975 20.09880
v -61.38988 169.88005 19.83438
v -60.72171 169.93108 20.21156
v -61.08140 172.68853 20.16855
v -60.62493 172.72928 20.16753
v -57.98722 156.99992 19.73994
v -57.98722 157.73064 20.08814
v -59.27214 158.30177 20.06449
v -59.27214 157.55363 19.73994
v -1.88809 172.99589 19.57412
v -57.98722 170.06509 19.57412
v -57.98722 172.96477 19.93372
v -6.21474 177.58710 19.93372
v -57.98722 159.55274 20.24362
v -57.98722 161.23349 20.34817
v -57.98722 156.65801 19.13287
v -59.27214 157.21171 19.13287
v -57.98722 156.65801 19.13287
v -57.98722 157.17054 18.62108
v -2.14231 152.98611 18.62108
v -2.06573 152.30683 19.13287
v -60.46362 158.52470 19.17005
v -59.27214 157.72330 18.62313
v -59.27214 157.21171 19.13287
v -59.27214 159.40206 18.44639
v -57.98722 159.06737 18.34500
v -59.93877 158.98023 20.04572
v -60.95438 160.53236 19.78484
v -60.32139 158.74817 19.74050
v -2.12571 154.71452 18.34377
v -59.27215 165.48196 19.01650
v -59.27215 169.99522 19.58097
v -57.98722 165.41820 18.99418
v -61.45436 165.88173 19.55076
v -61.38988 169.88005 19.83438
v -61.06692 169.89755 19.65661
v -61.11018 165.71020 19.25410
v -60.48078 165.58139 19.09582
v -60.54297 169.93469 19.60344
v -1.99392 164.52281 18.97862
v -57.98722 161.52948 18.57585
v -2.09268 157.20110 18.48197
v -59.27215 172.85005 19.93372
v -61.24967 172.67350 20.03881
v -60.97871 172.69698 19.93372
v -60.53665 172.73720 19.93071
v -60.39490 161.90641 18.75526
v -59.27215 161.69545 18.63160
v -61.18521 160.59868 19.24741
v -61.36252 162.33505 19.33226
v -61.01336 162.19518 18.94453
v -57.98722 172.96477 20.16748
v -57.98722 172.96477 19.93372
v -59.27215 172.85005 19.93372
v -59.34596 172.84342 20.16746
v -61.36252 162.33505 19.33226
v -61.18521 160.59868 19.24741
v -60.46362 158.52470 19.17005
v -61.24967 172.67350 20.03881
v -2.06573 152.30683 19.13287
v -2.04943 152.55041 19.73994
v -2.10150 153.15705 20.08814
v -2.08485 155.40597 20.24337
v -2.05623 157.57752 20.35111
v 60.68388 161.80288 20.12267
v 61.16320 162.19904 19.86559
v 61.27099 165.70496 19.95781
v 60.81463 165.33857 20.19713
v 60.41646 160.18623 20.06172
v 59.36631 161.41663 20.28798
v 59.27214 159.75336 20.20416
v 57.98722 164.84419 20.43454
v 57.98722 170.06509 20.30098
v 1.87776 173.11190 20.30098
v 1.99950 162.06166 20.43454
v 57.98722 172.96477 20.16748
v 6.21474 177.58710 20.16748
v 59.34596 172.84342 20.16746
v 59.41884 169.98722 20.26308
v 59.47198 165.01262 20.36364
v 61.45436 165.88173 19.55076
v 61.38988 169.88005 19.83438
v 61.21063 169.88975 20.09880
v 60.72171 169.93108 20.21156
v 61.08140 172.68853 20.16855
v 60.62493 172.72928 20.16753
v 57.98722 156.99992 19.73994
v 59.27214 157.55363 19.73994
v 59.27214 158.30177 20.06449
v 57.98722 157.73064 20.08814
v 1.88809 172.99589 19.57412
v 6.21474 177.58710 19.93372
v 57.98722 172.96477 19.93372
v 57.98722 170.06509 19.57412
v 57.98722 159.55274 20.24362
v 57.98722 161.23349 20.34817
v 57.98722 156.65801 19.13287
v 59.27214 157.21171 19.13287
v 57.98722 156.65801 19.13287
v 2.06573 152.30683 19.13287
v 2.14231 152.98611 18.62108
v 57.98722 157.17054 18.62108
v 60.46362 158.52470 19.17005
v 59.27214 157.21171 19.13287
v 59.27214 157.72330 18.62313
v 57.98722 159.06737 18.34500
v 59.27214 159.40206 18.44639
v 59.93877 158.98023 20.04572
v 60.32139 158.74817 19.74050
v 60.95438 160.53236 19.78484
v 2.12571 154.71452 18.34377
v 59.27215 165.48196 19.01650
v 57.98722 165.41820 18.99418
v 59.27215 169.99522 19.58097
v 61.45436 165.88173 19.55076
v 61.11018 165.71020 19.25410
v 61.06692 169.89755 19.65661
v 61.38988 169.88005 19.83438
v 60.48078 165.58139 19.09582
v 60.54297 169.93469 19.60344
v 1.99392 164.52281 18.97862
v 2.09268 157.20110 18.48197
v 57.98722 161.52948 18.57585
v 59.27215 172.85005 19.93372
v 60.97871 172.69698 19.93372
v 61.24967 172.67350 20.03881
v 60.53665 172.73720 19.93071
v 59.27215 161.69545 18.63160
v 60.39490 161.90641 18.75526
v 61.18521 160.59868 19.24741
v 61.01336 162.19518 18.94453
v 61.36252 162.33505 19.33226
v -6.21474 177.58710 20.16748
v -6.21474 177.58710 19.93372
v 61.36252 162.33505 19.33226
v 61.18521 160.59868 19.24741
v 60.46362 158.52470 19.17005
v 61.24967 172.67350 20.03881
v 2.06573 152.30683 19.13287
v 2.04943 152.55041 19.73994
v 2.10150 153.15705 20.08814
v 2.08485 155.40597 20.24337
v 2.05623 157.57752 20.35111
v -1.87776 173.11190 20.30098
v -1.88809 172.99589 19.57412
v -6.21474 177.58710 19.93372
v -6.21474 177.58710 20.16748
v 1.87776 173.11190 20.30098
v 6.21474 177.58710 20.16748
v 6.21474 177.58710 19.93372
v 1.88809 172.99589 19.57412
v -60.53665 172.73720 19.93071
v -60.62493 172.72928 20.16753
v 6.21474 177.58710 20.16748
v 57.98722 172.96477 20.16748
v 57.98722 172.96477 19.93372
v 6.21474 177.58710 19.93372
v 59.34596 172.84342 20.16746
v 59.27215 172.85005 19.93372
v 60.62493 172.72928 20.16753
v 60.53665 172.73720 19.93071
v 0.00000 -26.12591 -18.50961
v -3.61137 -26.12591 -17.85914
v -3.61137 -26.12591 -17.39160
v 0.00000 -26.12591 -18.04208
v -4.20773 -26.12591 -17.62902
v -4.20773 -26.12591 -17.16149
v -4.20773 -26.12591 -17.62902
v -4.20773 -23.44138 -17.22228
v -4.20773 -23.44138 -16.75474
v -4.20773 -26.12591 -17.16149
v -3.53319 -8.43171 -14.44334
v 0.00000 -8.43170 -15.10133
v 0.00000 -8.43170 -14.63379
v -3.53319 -8.43171 -13.97582
v -4.20774 -12.31006 -15.05248
v -4.20774 -12.31006 -14.58497
v -4.20774 -8.43171 -14.17029
v -4.20774 -8.43171 -13.70278
v -4.20774 -8.43171 -14.17029
v -4.20774 -8.43171 -13.70278
v 3.61137 -26.12591 -17.39160
v 3.61137 -26.12591 -17.85914
v 4.20773 -26.12591 -17.16149
v 4.20773 -26.12591 -17.62902
v 4.20773 -26.12591 -17.62902
v 4.20773 -26.12591 -17.16149
v 4.20773 -23.44138 -16.75474
v 4.20773 -23.44138 -17.22228
v 3.53319 -8.43171 -14.44334
v 3.53319 -8.43171 -13.97582
v 4.20774 -12.31006 -14.58497
v 4.20774 -12.31006 -15.05248
v 4.20774 -8.43171 -14.17029
v 4.20774 -8.43171 -13.70278
v 4.20774 -8.43171 -13.70278
v 4.20774 -8.43171 -14.17029
vt 0.96715 0.25819
vt 0.97103 0.25439
vt 0.96538 0.25594
vt 0.64689 0.42023
vt 0.64689 0.42870
vt 0.64906 0.42057
vt 0.75675 0.42941
vt 0.75576 0.43238
vt 0.77721 0.43487
vt 0.97401 0.25601
vt 0.97335 0.26054
vt 0.97615 0.26009
vt 0.97584 0.25532
vt 0.97234 0.25557
vt 0.95135 0.46164
vt 0.94284 0.45658
vt 0.94178 0.45897
vt 0.91326 0.46140
vt 0.91326 0.46023
vt 0.91133 0.46094
vt 0.91326 0.46924
vt 0.90948 0.46104
vt 0.97724 0.25273
vt 0.98112 0.25411
vt 0.98119 0.25273
vt 0.73550 0.40616
vt 0.74836 0.40713
vt 0.74814 0.40569
vt 0.67347 0.41357
vt 0.70098 0.40807
vt 0.67316 0.41159
vt 0.59721 0.41751
vt 0.62224 0.41833
vt 0.62224 0.41633
vt 0.76988 0.42105
vt 0.77459 0.41821
vt 0.77037 0.41745
vt 0.77590 0.42654
vt 0.76658 0.41185
vt 0.76901 0.41403
vt 0.77325 0.40967
vt 0.76096 0.40974
vt 0.64620 0.41443
vt 0.72558 0.43137
vt 0.70162 0.42915
vt 0.72558 0.43454
vt 0.74295 0.43117
vt 0.75576 0.43238
vt 0.75338 0.43958
vt 0.76655 0.42527
vt 0.78689 0.44434
vt 0.78253 0.44266
vt 0.77785 0.44308
vt 0.77898 0.43919
vt 0.77852 0.45544
vt 0.96715 0.24726
vt 0.96538 0.24951
vt 0.97103 0.25106
vt 0.64689 0.08522
vt 0.64906 0.08488
vt 0.64689 0.07675
vt 0.75675 0.07604
vt 0.77721 0.07058
vt 0.75576 0.07307
vt 0.97401 0.24944
vt 0.97615 0.24536
vt 0.97335 0.24491
vt 0.97234 0.24988
vt 0.97584 0.25013
vt 0.95135 0.04381
vt 0.94178 0.04648
vt 0.94284 0.04887
vt 0.91326 0.04405
vt 0.91133 0.04451
vt 0.91326 0.04522
vt 0.91326 0.03621
vt 0.90948 0.04441
vt 0.98112 0.25134
vt 0.73550 0.09929
vt 0.74814 0.09976
vt 0.74836 0.09832
vt 0.67347 0.09188
vt 0.67316 0.09386
vt 0.70098 0.09738
vt 0.59721 0.08794
vt 0.62224 0.08912
vt 0.62224 0.08712
vt 0.76988 0.08440
vt 0.77037 0.08800
vt 0.77459 0.08724
vt 0.77590 0.07891
vt 0.76658 0.09360
vt 0.77325 0.09578
vt 0.76901 0.09142
vt 0.76096 0.09571
vt 0.64620 0.09102
vt 0.72558 0.07408
vt 0.72558 0.07091
vt 0.70162 0.07630
vt 0.75675 0.07604
vt 0.75576 0.07307
vt 0.74295 0.07428
vt 0.75338 0.06587
vt 0.76655 0.08018
vt 0.78689 0.06111
vt 0.77785 0.06237
vt 0.78253 0.06279
vt 0.77898 0.06626
vt 0.77852 0.05001
vt 0.34024 0.43444
vt 0.34888 0.43509
vt 0.33972 0.43115
vt 0.41426 0.42132
vt 0.40318 0.41927
vt 0.39456 0.42007
vt 0.34888 0.53239
vt 0.34024 0.53270
vt 0.34554 0.53322
vt 0.39530 0.43862
vt 0.39516 0.43493
vt 0.37943 0.43741
vt 0.34024 0.07101
vt 0.33972 0.07430
vt 0.34888 0.07036
vt 0.41426 0.08413
vt 0.39456 0.08538
vt 0.40318 0.08618
vt 0.34888 0.54155
vt 0.34554 0.54072
vt 0.34024 0.54123
vt 0.39530 0.06683
vt 0.37943 0.06804
vt 0.39516 0.07052
vt 0.05099 0.74671
vt 0.21212 0.75025
vt 0.21212 0.74237
vt 0.05099 0.74289
vt 0.02093 0.74568
vt 0.01563 0.84241
vt 0.01599 0.84296
vt 0.01599 0.84448
vt 0.01598 0.75627
vt 0.01635 0.75795
vt 0.01724 0.75761
vt 0.01724 0.75918
vt 0.01607 0.82716
vt 0.01591 0.82715
vt 0.01619 0.82270
vt 0.01591 0.74090
vt 0.01613 0.74070
vt 0.01619 0.73645
vt 0.48734 0.77344
vt 0.48846 0.77260
vt 0.48290 0.77103
vt 0.94901 0.74671
vt 0.78788 0.74237
vt 0.78788 0.75025
vt 0.94901 0.74289
vt 0.97907 0.74568
vt 0.98437 0.84241
vt 0.98401 0.84448
vt 0.98402 0.84296
vt 0.98402 0.75627
vt 0.98276 0.75761
vt 0.98365 0.75795
vt 0.98276 0.75918
vt 0.98393 0.82716
vt 0.98381 0.82270
vt 0.98409 0.82715
vt 0.98409 0.74090
vt 0.98381 0.73645
vt 0.98387 0.74070
vt 0.51266 0.77344
vt 0.51710 0.77103
vt 0.51154 0.77260
vt 0.05099 0.81943
vt 0.05099 0.82531
vt 0.05099 0.82428
vt 0.21212 0.81157
vt 0.21212 0.81157
vt 0.21212 0.80432
vt 0.94901 0.81943
vt 0.94901 0.82428
vt 0.94901 0.82531
vt 0.78788 0.81157
vt 0.78788 0.80432
vt 0.78788 0.81157
vt 0.05558 0.29017
vt 0.05802 0.29014
vt 0.05488 0.29117
vt 0.05558 0.01772
vt 0.05488 0.01671
vt 0.05802 0.01774
vt 0.02669 0.29188
vt 0.02667 0.29165
vt 0.02672 0.29226
vt 0.02669 0.01600
vt 0.02672 0.01562
vt 0.02667 0.01624
vt 0.95135 0.47114
vt 0.94068 0.47063
vt 0.94068 0.47653
vt 0.95135 0.47548
vt 0.92844 0.26025
vt 0.93636 0.25964
vt 0.93719 0.25273
vt 0.92960 0.25273
vt 0.92477 0.26722
vt 0.93388 0.26595
vt 0.94438 0.25866
vt 0.94284 0.26405
vt 0.87909 0.47610
vt 0.87909 0.48360
vt 0.91326 0.48338
vt 0.91326 0.47738
vt 0.92722 0.47717
vt 0.92722 0.48251
vt 0.94068 0.48109
vt 0.94068 0.46434
vt 0.92722 0.46275
vt 0.92722 0.46998
vt 0.91326 0.46924
vt 0.96981 0.25990
vt 0.94068 0.48447
vt 0.95135 0.48122
vt 0.95135 0.47873
vt 0.91326 0.48866
vt 0.92722 0.48706
vt 0.91326 0.53038
vt 0.91326 0.53697
vt 0.92722 0.53697
vt 0.92722 0.53143
vt 0.94068 0.53295
vt 0.94068 0.53697
vt 0.95135 0.53697
vt 0.95135 0.53450
vt 0.81204 0.44777
vt 0.81204 0.46036
vt 0.84557 0.46421
vt 0.84557 0.45234
vt 0.87909 0.46696
vt 0.87909 0.45690
vt 0.77852 0.46490
vt 0.77852 0.47369
vt 0.81204 0.47891
vt 0.81204 0.46986
vt 0.84557 0.48224
vt 0.84557 0.47342
vt 0.87909 0.48982
vt 0.84557 0.48945
vt 0.81204 0.48629
vt 0.77852 0.48122
vt 0.87909 0.52917
vt 0.87909 0.53697
vt 0.84557 0.52892
vt 0.87909 0.52119
vt 0.84557 0.52070
vt 0.81204 0.52879
vt 0.81204 0.52043
vt 0.97052 0.25273
vt 0.96464 0.25273
vt 0.97300 0.26423
vt 0.97734 0.26339
vt 0.93388 0.45210
vt 0.93115 0.45647
vt 0.75338 0.45093
vt 0.75338 0.46034
vt 0.75338 0.46905
vt 0.75338 0.47636
vt 0.75338 0.43958
vt 0.72558 0.44522
vt 0.72558 0.45485
vt 0.72558 0.46312
vt 0.72558 0.47012
vt 0.72558 0.52915
vt 0.72558 0.52115
vt 0.70162 0.52155
vt 0.70162 0.52935
vt 0.70162 0.43986
vt 0.70162 0.44984
vt 0.70162 0.45784
vt 0.70162 0.46461
vt 0.67347 0.52205
vt 0.67347 0.52960
vt 0.67347 0.43348
vt 0.67347 0.44404
vt 0.67347 0.45157
vt 0.67347 0.45828
vt 0.64689 0.52259
vt 0.64689 0.52987
vt 0.64689 0.43938
vt 0.64689 0.44678
vt 0.64689 0.45306
vt 0.62224 0.44417
vt 0.62224 0.44993
vt 0.62224 0.42640
vt 0.62224 0.52336
vt 0.62224 0.53025
vt 0.62224 0.43703
vt 0.59721 0.44235
vt 0.59721 0.44799
vt 0.59721 0.42572
vt 0.59721 0.52416
vt 0.59721 0.53065
vt 0.59721 0.43589
vt 0.59721 0.41378
vt 0.62164 0.41253
vt 0.64560 0.41061
vt 0.67257 0.40786
vt 0.70049 0.40498
vt 0.72101 0.40319
vt 0.72148 0.40622
vt 0.73501 0.40264
vt 0.74758 0.40217
vt 0.74814 0.40569
vt 0.77256 0.40530
vt 0.77204 0.40201
vt 0.74713 0.25273
vt 0.74730 0.25730
vt 0.77174 0.25732
vt 0.77159 0.25273
vt 0.74758 0.26137
vt 0.77204 0.26138
vt 0.73458 0.25273
vt 0.72058 0.25273
vt 0.72074 0.25730
vt 0.73474 0.25730
vt 0.72101 0.26137
vt 0.73501 0.26137
vt 0.70005 0.25273
vt 0.70020 0.25730
vt 0.70049 0.26137
vt 0.67210 0.25273
vt 0.67227 0.25730
vt 0.67257 0.26137
vt 0.64510 0.25273
vt 0.64529 0.25730
vt 0.64560 0.26137
vt 0.62108 0.25273
vt 0.62130 0.25730
vt 0.62164 0.26137
vt 0.59721 0.25273
vt 0.59721 0.25721
vt 0.59721 0.26120
vt 0.74836 0.40713
vt 0.75520 0.40856
vt 0.97870 0.25868
vt 0.98051 0.25627
vt 0.97685 0.25419
vt 0.98058 0.26148
vt 0.84557 0.46421
vt 0.87909 0.46696
vt 0.81204 0.46036
vt 0.98307 0.25827
vt 0.96028 0.25741
vt 0.95916 0.25273
vt 0.98403 0.25519
vt 0.98437 0.25273
vt 0.96811 0.26370
vt 0.96349 0.26113
vt 0.92477 0.44799
vt 0.91929 0.45407
vt 0.95135 0.46626
vt 0.95135 0.25741
vt 0.95135 0.26113
vt 0.92722 0.46275
vt 0.91474 0.45912
vt 0.95135 0.25273
vt 0.94492 0.25273
vt 0.92722 0.52560
vt 0.94068 0.52846
vt 0.62224 0.53697
vt 0.59721 0.53697
vt 0.64689 0.53697
vt 0.67347 0.53697
vt 0.70162 0.53697
vt 0.72558 0.53697
vt 0.74462 0.53697
vt 0.74462 0.52899
vt 0.78458 0.52881
vt 0.78458 0.53697
vt 0.81204 0.53697
vt 0.84557 0.53697
vt 0.91326 0.52350
vt 0.95135 0.53142
vt 0.67347 0.42450
vt 0.74730 0.25730
vt 0.74758 0.26137
vt 0.75338 0.45093
vt 0.74462 0.52747
vt 0.75338 0.52747
vt 0.77852 0.52747
vt 0.77852 0.52049
vt 0.75338 0.52068
vt 0.78458 0.52747
vt 0.95135 0.03431
vt 0.95135 0.02997
vt 0.94068 0.02892
vt 0.94068 0.03482
vt 0.92844 0.24520
vt 0.93636 0.24582
vt 0.92477 0.23823
vt 0.93388 0.23950
vt 0.94438 0.24680
vt 0.94284 0.24140
vt 0.87909 0.02935
vt 0.91326 0.02807
vt 0.91326 0.02207
vt 0.87909 0.02185
vt 0.94068 0.02436
vt 0.92722 0.02295
vt 0.92722 0.02828
vt 0.94068 0.04111
vt 0.92722 0.03548
vt 0.92722 0.04270
vt 0.91326 0.03621
vt 0.96981 0.24555
vt 0.95135 0.02672
vt 0.95135 0.02423
vt 0.94068 0.02098
vt 0.91326 0.01679
vt 0.92722 0.01840
vt 0.91326 0.54355
vt 0.92722 0.54250
vt 0.94068 0.54098
vt 0.95135 0.53944
vt 0.81204 0.05768
vt 0.84557 0.05311
vt 0.84557 0.04124
vt 0.81204 0.04509
vt 0.87909 0.04855
vt 0.87909 0.03849
vt 0.77852 0.04055
vt 0.81204 0.03559
vt 0.81204 0.02654
vt 0.77852 0.03176
vt 0.84557 0.03203
vt 0.84557 0.02322
vt 0.87909 0.01563
vt 0.84557 0.01600
vt 0.81204 0.01916
vt 0.77852 0.02423
vt 0.87909 0.54477
vt 0.84557 0.54501
vt 0.84557 0.55324
vt 0.87909 0.55275
vt 0.81204 0.54515
vt 0.81204 0.55350
vt 0.97734 0.24206
vt 0.97300 0.24122
vt 0.93115 0.04898
vt 0.93388 0.05335
vt 0.75338 0.04511
vt 0.75338 0.05452
vt 0.77852 0.05001
vt 0.75338 0.02909
vt 0.75338 0.03640
vt 0.75338 0.06587
vt 0.72558 0.05060
vt 0.72558 0.06023
vt 0.72558 0.03533
vt 0.72558 0.04233
vt 0.72558 0.54479
vt 0.70162 0.54459
vt 0.70162 0.55238
vt 0.72558 0.55279
vt 0.70162 0.05561
vt 0.70162 0.06559
vt 0.70162 0.04084
vt 0.70162 0.04761
vt 0.67347 0.54434
vt 0.67347 0.55189
vt 0.67347 0.06141
vt 0.67347 0.07197
vt 0.67347 0.04717
vt 0.67347 0.05388
vt 0.64689 0.54407
vt 0.64689 0.55135
vt 0.64689 0.06607
vt 0.64689 0.05239
vt 0.64689 0.05867
vt 0.62224 0.05552
vt 0.62224 0.06129
vt 0.62224 0.07905
vt 0.62224 0.54369
vt 0.62224 0.55058
vt 0.62224 0.06842
vt 0.59721 0.05746
vt 0.59721 0.06310
vt 0.59721 0.07973
vt 0.59721 0.54329
vt 0.59721 0.54978
vt 0.59721 0.06956
vt 0.59721 0.09167
vt 0.62164 0.09292
vt 0.64560 0.09484
vt 0.67257 0.09759
vt 0.70049 0.10048
vt 0.72101 0.10226
vt 0.72148 0.09923
vt 0.73501 0.10281
vt 0.74758 0.10328
vt 0.77204 0.10345
vt 0.77256 0.10015
vt 0.74814 0.09976
vt 0.77174 0.24813
vt 0.74730 0.24815
vt 0.77204 0.24407
vt 0.74758 0.24408
vt 0.73474 0.24815
vt 0.72074 0.24815
vt 0.73501 0.24408
vt 0.72101 0.24408
vt 0.70020 0.24815
vt 0.70049 0.24408
vt 0.67227 0.24815
vt 0.67257 0.24408
vt 0.64529 0.24815
vt 0.64560 0.24408
vt 0.62130 0.24815
vt 0.62164 0.24408
vt 0.59721 0.24825
vt 0.59721 0.24425
vt 0.75520 0.09689
vt 0.74836 0.09832
vt 0.97870 0.24677
vt 0.97685 0.25126
vt 0.98051 0.24919
vt 0.98058 0.24397
vt 0.84557 0.04124
vt 0.87909 0.03849
vt 0.81204 0.04509
vt 0.98307 0.24718
vt 0.96028 0.24804
vt 0.98403 0.25026
vt 0.96811 0.24175
vt 0.96349 0.24432
vt 0.93115 0.04898
vt 0.91929 0.05138
vt 0.92477 0.05746
vt 0.93388 0.05335
vt 0.95135 0.03919
vt 0.95135 0.24804
vt 0.95135 0.24432
vt 0.92722 0.04270
vt 0.91474 0.04634
vt 0.92722 0.54834
vt 0.94068 0.54547
vt 0.74462 0.54495
vt 0.78458 0.54512
vt 0.91326 0.55044
vt 0.95135 0.54252
vt 0.67347 0.08095
vt 0.74730 0.24815
vt 0.74758 0.24408
vt 0.75338 0.05452
vt 0.74462 0.54647
vt 0.75338 0.54647
vt 0.75338 0.55325
vt 0.77852 0.55345
vt 0.77852 0.54647
vt 0.78458 0.54647
vt 0.77325 0.40967
vt 0.77459 0.41821
vt 0.77455 0.41911
vt 0.77322 0.41087
vt 0.77174 0.25732
vt 0.77204 0.26138
vt 0.77205 0.26026
vt 0.77176 0.25665
vt 0.77204 0.40201
vt 0.77256 0.40530
vt 0.77257 0.40680
vt 0.77205 0.40380
vt 0.77159 0.25273
vt 0.77162 0.25273
vt 0.81204 0.44777
vt 0.84557 0.45234
vt 0.84548 0.45254
vt 0.81203 0.44795
vt 0.92477 0.26722
vt 0.92844 0.26025
vt 0.92751 0.25932
vt 0.92403 0.26566
vt 0.91929 0.45407
vt 0.92477 0.44799
vt 0.92403 0.44920
vt 0.91870 0.45484
vt 0.91326 0.46023
vt 0.91474 0.45912
vt 0.91422 0.45965
vt 0.91282 0.46075
vt 0.91133 0.46094
vt 0.91101 0.46145
vt 0.90948 0.46104
vt 0.90921 0.46132
vt 0.87909 0.45690
vt 0.87890 0.45714
vt 0.92960 0.25273
vt 0.92854 0.25273
vt 0.77590 0.42654
vt 0.77590 0.42726
vt 0.77629 0.42904
vt 0.77721 0.43487
vt 0.77723 0.43541
vt 0.77630 0.42971
vt 0.78253 0.44266
vt 0.78689 0.44434
vt 0.78691 0.44454
vt 0.78255 0.44304
vt 0.77898 0.43919
vt 0.77903 0.43962
vt 0.77325 0.09578
vt 0.77322 0.09458
vt 0.77455 0.08634
vt 0.77459 0.08724
vt 0.77174 0.24813
vt 0.77176 0.24880
vt 0.77205 0.24519
vt 0.77204 0.24407
vt 0.77204 0.10345
vt 0.77205 0.10165
vt 0.77257 0.09865
vt 0.77256 0.10015
vt 0.81204 0.05768
vt 0.81203 0.05750
vt 0.84548 0.05291
vt 0.84557 0.05311
vt 0.92477 0.23823
vt 0.92403 0.23979
vt 0.92751 0.24613
vt 0.92844 0.24520
vt 0.91929 0.05138
vt 0.91870 0.05061
vt 0.92403 0.05625
vt 0.92477 0.05746
vt 0.91326 0.04522
vt 0.91282 0.04470
vt 0.91422 0.04580
vt 0.91474 0.04634
vt 0.91133 0.04451
vt 0.91101 0.04400
vt 0.90948 0.04441
vt 0.90921 0.04413
vt 0.87909 0.04855
vt 0.87890 0.04831
vt 0.77590 0.07819
vt 0.77590 0.07891
vt 0.77629 0.07641
vt 0.77630 0.07574
vt 0.77723 0.07004
vt 0.77721 0.07058
vt 0.78253 0.06279
vt 0.78255 0.06241
vt 0.78691 0.06091
vt 0.78689 0.06111
vt 0.77898 0.06626
vt 0.77903 0.06583
vt 0.34175 0.25141
vt 0.33976 0.25054
vt 0.33976 0.25273
vt 0.34271 0.25273
vt 0.33455 0.20302
vt 0.31959 0.20045
vt 0.31959 0.20045
vt 0.33455 0.20302
vt 0.33976 0.20391
vt 0.33976 0.20391
vt 0.34175 0.25404
vt 0.33976 0.25491
vt 0.33455 0.30243
vt 0.33455 0.30243
vt 0.31959 0.30500
vt 0.31959 0.30500
vt 0.33976 0.30154
vt 0.33976 0.30154
vt 0.33648 0.41085
vt 0.33648 0.41085
vt 0.33737 0.41642
vt 0.33737 0.41642
vt 0.33828 0.42211
vt 0.33828 0.42211
vt 0.33877 0.42519
vt 0.33877 0.42519
vt 0.33779 0.41906
vt 0.33779 0.41906
vt 0.34024 0.43444
vt 0.33972 0.43115
vt 0.33972 0.43115
vt 0.34024 0.43444
vt 0.34063 0.53433
vt 0.34024 0.53270
vt 0.34024 0.53697
vt 0.34078 0.53697
vt 0.31959 0.30500
vt 0.31959 0.30500
vt 0.33559 0.40528
vt 0.33559 0.40528
vt 0.33648 0.09460
vt 0.33737 0.08903
vt 0.33737 0.08903
vt 0.33648 0.09460
vt 0.33828 0.08334
vt 0.33877 0.08026
vt 0.33877 0.08026
vt 0.33828 0.08334
vt 0.33779 0.08639
vt 0.33779 0.08639
vt 0.34024 0.07101
vt 0.34024 0.07101
vt 0.33972 0.07430
vt 0.33972 0.07430
vt 0.34063 0.53961
vt 0.34024 0.54123
vt 0.31959 0.20045
vt 0.33559 0.10017
vt 0.33559 0.10017
vt 0.31959 0.20045
vt 0.41426 0.43599
vt 0.41426 0.43982
vt 0.41426 0.42353
vt 0.41426 0.42662
vt 0.41426 0.43093
vt 0.41426 0.25273
vt 0.41426 0.25562
vt 0.41426 0.25863
vt 0.40911 0.25273
vt 0.40762 0.25562
vt 0.41426 0.53337
vt 0.41426 0.53697
vt 0.41426 0.53003
vt 0.39479 0.42581
vt 0.39467 0.42273
vt 0.33779 0.41906
vt 0.33828 0.42211
vt 0.39530 0.53072
vt 0.37943 0.53129
vt 0.38369 0.53377
vt 0.39540 0.53361
vt 0.33737 0.41642
vt 0.39492 0.42980
vt 0.33877 0.42519
vt 0.39543 0.53697
vt 0.38384 0.53697
vt 0.40318 0.25753
vt 0.38369 0.54017
vt 0.37848 0.53908
vt 0.37496 0.54063
vt 0.38238 0.54184
vt 0.38384 0.53697
vt 0.37977 0.53697
vt 0.37016 0.54119
vt 0.37943 0.54265
vt 0.35995 0.54119
vt 0.35555 0.54041
vt 0.34554 0.54072
vt 0.35234 0.53908
vt 0.34398 0.53965
vt 0.35116 0.53697
vt 0.34400 0.53697
vt 0.34063 0.53433
vt 0.34398 0.53429
vt 0.34078 0.53697
vt 0.34400 0.53697
vt 0.41426 0.06563
vt 0.41426 0.06946
vt 0.41426 0.07883
vt 0.41426 0.08192
vt 0.41426 0.07452
vt 0.41426 0.24984
vt 0.41426 0.24682
vt 0.40762 0.24984
vt 0.41426 0.54057
vt 0.41426 0.54391
vt 0.39479 0.07964
vt 0.33828 0.08334
vt 0.33779 0.08639
vt 0.39467 0.08273
vt 0.39530 0.54322
vt 0.39540 0.54033
vt 0.38369 0.54017
vt 0.33737 0.08903
vt 0.39492 0.07565
vt 0.33877 0.08026
vt 0.40318 0.24792
vt 0.38369 0.53377
vt 0.38238 0.53210
vt 0.37496 0.53331
vt 0.37848 0.53486
vt 0.37016 0.53275
vt 0.35995 0.53275
vt 0.35555 0.53353
vt 0.34554 0.53322
vt 0.35234 0.53486
vt 0.34398 0.53429
vt 0.34063 0.53961
vt 0.34398 0.53965
vt 0.40051 0.25527
vt 0.40187 0.25273
vt 0.39620 0.25273
vt 0.39485 0.25511
vt 0.34271 0.25273
vt 0.34175 0.25404
vt 0.40762 0.25562
vt 0.40911 0.25273
vt 0.33976 0.30154
vt 0.33455 0.30243
vt 0.38351 0.40900
vt 0.39096 0.40887
vt 0.38815 0.41514
vt 0.39668 0.41490
vt 0.39456 0.42007
vt 0.40318 0.41927
vt 0.39668 0.25693
vt 0.40318 0.25753
vt 0.39096 0.25668
vt 0.33976 0.25491
vt 0.33737 0.41642
vt 0.33648 0.41085
vt 0.33559 0.40528
vt 0.31959 0.30500
vt 0.40051 0.25018
vt 0.39485 0.25035
vt 0.34175 0.25141
vt 0.40762 0.24984
vt 0.33976 0.20391
vt 0.39096 0.09658
vt 0.38351 0.09645
vt 0.33455 0.20302
vt 0.39668 0.09055
vt 0.38815 0.09031
vt 0.40318 0.08618
vt 0.39456 0.08538
vt 0.40318 0.24792
vt 0.39668 0.24852
vt 0.39096 0.24877
vt 0.33976 0.25054
vt 0.33737 0.08903
vt 0.33648 0.09460
vt 0.33559 0.10017
vt 0.31959 0.20045
vt 0.37812 0.53527
vt 0.37482 0.53383
vt 0.37482 0.53383
vt 0.37812 0.53527
vt 0.35271 0.53527
vt 0.35176 0.53697
vt 0.35176 0.53697
vt 0.35271 0.53527
vt 0.36000 0.53327
vt 0.35570 0.53404
vt 0.35570 0.53404
vt 0.36000 0.53327
vt 0.37915 0.53697
vt 0.37915 0.53697
vt 0.37013 0.53327
vt 0.37013 0.53327
vt 0.37812 0.53866
vt 0.37812 0.53866
vt 0.37482 0.54011
vt 0.37482 0.54011
vt 0.35271 0.53866
vt 0.35271 0.53866
vt 0.36000 0.54066
vt 0.36000 0.54066
vt 0.35570 0.53990
vt 0.35570 0.53990
vt 0.37013 0.54066
vt 0.37013 0.54066
vt 0.37812 0.53527
vt 0.37915 0.53697
vt 0.37977 0.53697
vt 0.37848 0.53486
vt 0.37482 0.53383
vt 0.37496 0.53331
vt 0.37013 0.53327
vt 0.37016 0.53275
vt 0.35176 0.53697
vt 0.35271 0.53527
vt 0.35234 0.53486
vt 0.35116 0.53697
vt 0.35570 0.53404
vt 0.35555 0.53353
vt 0.36000 0.53327
vt 0.35995 0.53275
vt 0.37812 0.53866
vt 0.37848 0.53908
vt 0.37482 0.54011
vt 0.37496 0.54063
vt 0.37013 0.54066
vt 0.37016 0.54119
vt 0.35234 0.53908
vt 0.35271 0.53866
vt 0.35555 0.54041
vt 0.35570 0.53990
vt 0.35995 0.54119
vt 0.36000 0.54066
vt 0.46113 0.80670
vt 0.21212 0.81157
vt 0.21212 0.80432
vt 0.46113 0.79740
vt 0.05099 0.84413
vt 0.05099 0.84165
vt 0.21212 0.84244
vt 0.21212 0.84712
vt 0.46113 0.84971
vt 0.46113 0.84287
vt 0.46113 0.85722
vt 0.21212 0.85532
vt 0.21212 0.85267
vt 0.46113 0.85465
vt 0.05099 0.84897
vt 0.05099 0.84670
vt 0.05099 0.76272
vt 0.21212 0.76908
vt 0.21212 0.76844
vt 0.05099 0.76200
vt 0.46113 0.77098
vt 0.46113 0.77052
vt 0.21212 0.76663
vt 0.05099 0.76021
vt 0.46113 0.76934
vt 0.21212 0.76432
vt 0.05099 0.75775
vt 0.46113 0.76691
vt 0.21212 0.76129
vt 0.05099 0.75498
vt 0.46113 0.76400
vt 0.21212 0.75724
vt 0.05099 0.75128
vt 0.46113 0.75995
vt 0.46113 0.75198
vt 0.46113 0.74350
vt 0.21212 0.72533
vt 0.46113 0.72046
vt 0.46113 0.71115
vt 0.21212 0.71807
vt 0.46113 0.73094
vt 0.21212 0.73259
vt 0.05099 0.73907
vt 0.02093 0.74028
vt 0.05099 0.73319
vt 0.02093 0.73601
vt 0.02093 0.75016
vt 0.02093 0.75380
vt 0.02093 0.75653
vt 0.02093 0.75901
vt 0.02093 0.76080
vt 0.02093 0.76154
vt 0.02093 0.84585
vt 0.02093 0.84364
vt 0.02093 0.84778
vt 0.02093 0.84138
vt 0.02093 0.82680
vt 0.02093 0.82225
vt 0.05099 0.81943
vt 0.05099 0.82428
vt 0.01724 0.83668
vt 0.01724 0.83163
vt 0.01891 0.83150
vt 0.01891 0.83672
vt 0.02093 0.83665
vt 0.02093 0.83135
vt 0.05099 0.82913
vt 0.05099 0.83570
vt 0.21212 0.81883
vt 0.21212 0.83329
vt 0.46113 0.83225
vt 0.46113 0.81759
vt 0.01572 0.74562
vt 0.01604 0.74559
vt 0.47310 0.76002
vt 0.47310 0.75203
vt 0.47310 0.76948
vt 0.47310 0.76701
vt 0.47310 0.85486
vt 0.47310 0.85731
vt 0.47310 0.84990
vt 0.47310 0.74350
vt 0.47310 0.84288
vt 0.47310 0.77055
vt 0.47310 0.76407
vt 0.47310 0.81752
vt 0.47310 0.83225
vt 0.47310 0.73094
vt 0.47310 0.71964
vt 0.47310 0.77107
vt 0.47310 0.71015
vt 0.47310 0.79639
vt 0.47310 0.80616
vt 0.47859 0.80527
vt 0.47801 0.81745
vt 0.48519 0.76000
vt 0.48459 0.76408
vt 0.49062 0.76414
vt 0.49129 0.75996
vt 0.48559 0.75208
vt 0.49199 0.75208
vt 0.48576 0.73094
vt 0.48568 0.74350
vt 0.49227 0.74350
vt 0.49214 0.73094
vt 0.48227 0.77171
vt 0.48641 0.77313
vt 0.48347 0.76984
vt 0.48914 0.77111
vt 0.48406 0.76735
vt 0.48997 0.76767
vt 0.48495 0.71673
vt 0.49064 0.71410
vt 0.48381 0.79206
vt 0.48290 0.80382
vt 0.47930 0.79494
vt 0.47874 0.76717
vt 0.47894 0.76408
vt 0.47962 0.73094
vt 0.47961 0.71854
vt 0.47852 0.76952
vt 0.47776 0.83225
vt 0.47770 0.84288
vt 0.47832 0.77059
vt 0.47809 0.77131
vt 0.47933 0.75205
vt 0.47947 0.74350
vt 0.47773 0.85009
vt 0.47786 0.85512
vt 0.47809 0.85755
vt 0.47916 0.76001
vt 0.47930 0.70870
vt 0.01724 0.75992
vt 0.01891 0.76090
vt 0.01891 0.76016
vt 0.01891 0.84082
vt 0.01891 0.82697
vt 0.01891 0.82244
vt 0.01891 0.84305
vt 0.01891 0.84714
vt 0.01891 0.84523
vt 0.01891 0.75849
vt 0.01891 0.75598
vt 0.01891 0.75333
vt 0.01891 0.75009
vt 0.01891 0.74562
vt 0.01891 0.74036
vt 0.01891 0.73620
vt 0.01724 0.84211
vt 0.01724 0.83988
vt 0.01724 0.74556
vt 0.01724 0.74048
vt 0.01724 0.75001
vt 0.01724 0.75249
vt 0.01724 0.75505
vt 0.01724 0.82711
vt 0.01724 0.82260
vt 0.01724 0.73635
vt 0.01724 0.84428
vt 0.01572 0.83187
vt 0.01598 0.83181
vt 0.01563 0.84014
vt 0.01563 0.83770
vt 0.01598 0.83862
vt 0.01598 0.84084
vt 0.01725 0.84616
vt 0.01599 0.75824
vt 0.01563 0.75617
vt 0.01563 0.75389
vt 0.01598 0.75405
vt 0.01563 0.75146
vt 0.01599 0.75157
vt 0.01563 0.75000
vt 0.01599 0.74997
vt 0.01563 0.83624
vt 0.01598 0.83648
vt 0.48381 0.70582
vt 0.48146 0.83225
vt 0.48139 0.84289
vt 0.48188 0.81749
vt 0.48144 0.85055
vt 0.48178 0.85580
vt 0.48904 0.78540
vt 0.48706 0.80034
vt 0.48904 0.69915
vt 0.48539 0.81758
vt 0.48463 0.83225
vt 0.48428 0.84289
vt 0.48227 0.85795
vt 0.48451 0.85133
vt 0.48535 0.85734
vt 0.48641 0.85938
vt 0.53887 0.80670
vt 0.53887 0.79740
vt 0.78788 0.80432
vt 0.78788 0.81157
vt 0.94901 0.84413
vt 0.78788 0.84712
vt 0.78788 0.84244
vt 0.94901 0.84165
vt 0.53887 0.84971
vt 0.53887 0.84287
vt 0.53887 0.85722
vt 0.53887 0.85465
vt 0.78788 0.85267
vt 0.78788 0.85532
vt 0.94901 0.84897
vt 0.94901 0.84670
vt 0.94901 0.76272
vt 0.94901 0.76200
vt 0.78788 0.76844
vt 0.78788 0.76908
vt 0.53887 0.77052
vt 0.53887 0.77098
vt 0.94901 0.76021
vt 0.78788 0.76663
vt 0.53887 0.76934
vt 0.94901 0.75775
vt 0.78788 0.76432
vt 0.53887 0.76691
vt 0.94901 0.75498
vt 0.78788 0.76129
vt 0.53887 0.76400
vt 0.94901 0.75128
vt 0.78788 0.75724
vt 0.53887 0.75995
vt 0.53887 0.75198
vt 0.53887 0.74350
vt 0.78788 0.72533
vt 0.78788 0.71807
vt 0.53887 0.71115
vt 0.53887 0.72046
vt 0.78788 0.73259
vt 0.53887 0.73094
vt 0.97907 0.74028
vt 0.94901 0.73907
vt 0.97907 0.73601
vt 0.94901 0.73319
vt 0.97907 0.75016
vt 0.97907 0.75380
vt 0.97907 0.75653
vt 0.97907 0.75901
vt 0.97907 0.76080
vt 0.97907 0.76154
vt 0.97907 0.84585
vt 0.97907 0.84364
vt 0.97907 0.84778
vt 0.97907 0.84138
vt 0.97907 0.82680
vt 0.94901 0.82428
vt 0.94901 0.81943
vt 0.97907 0.82225
vt 0.98276 0.83668
vt 0.98109 0.83672
vt 0.98109 0.83150
vt 0.98276 0.83163
vt 0.97907 0.83665
vt 0.94901 0.83570
vt 0.94901 0.82913
vt 0.97907 0.83135
vt 0.78788 0.83329
vt 0.78788 0.81883
vt 0.53887 0.83225
vt 0.53887 0.81759
vt 0.98396 0.74559
vt 0.98428 0.74562
vt 0.52690 0.75203
vt 0.52690 0.76002
vt 0.52690 0.76701
vt 0.52690 0.76948
vt 0.52690 0.85731
vt 0.52690 0.85486
vt 0.52690 0.84990
vt 0.52690 0.74350
vt 0.52690 0.84288
vt 0.52690 0.77055
vt 0.52690 0.76407
vt 0.52690 0.83225
vt 0.52690 0.81752
vt 0.52690 0.73094
vt 0.52690 0.71964
vt 0.52690 0.77107
vt 0.52690 0.71015
vt 0.52690 0.80616
vt 0.52690 0.79639
vt 0.52141 0.80527
vt 0.52199 0.81745
vt 0.51481 0.76000
vt 0.50871 0.75996
vt 0.50938 0.76414
vt 0.51541 0.76408
vt 0.51441 0.75208
vt 0.50801 0.75208
vt 0.51424 0.73094
vt 0.50786 0.73094
vt 0.50773 0.74350
vt 0.51432 0.74350
vt 0.51359 0.77313
vt 0.51773 0.77171
vt 0.51653 0.76984
vt 0.51086 0.77111
vt 0.51594 0.76735
vt 0.51003 0.76767
vt 0.51505 0.71673
vt 0.50936 0.71410
vt 0.51619 0.79206
vt 0.52070 0.79494
vt 0.51710 0.80382
vt 0.52106 0.76408
vt 0.52126 0.76717
vt 0.52039 0.71854
vt 0.52038 0.73094
vt 0.52148 0.76952
vt 0.52230 0.84288
vt 0.52224 0.83225
vt 0.52168 0.77059
vt 0.52191 0.77131
vt 0.52053 0.74350
vt 0.52067 0.75205
vt 0.52214 0.85512
vt 0.52227 0.85009
vt 0.52191 0.85755
vt 0.52084 0.76001
vt 0.52070 0.70870
vt 0.98276 0.75992
vt 0.98109 0.76016
vt 0.98109 0.76090
vt 0.98109 0.84082
vt 0.98109 0.82697
vt 0.98109 0.82244
vt 0.98109 0.84305
vt 0.98109 0.84714
vt 0.98109 0.84523
vt 0.98109 0.75849
vt 0.98109 0.75598
vt 0.98109 0.75333
vt 0.98109 0.75009
vt 0.98109 0.74562
vt 0.98109 0.74036
vt 0.98109 0.73620
vt 0.98276 0.84211
vt 0.98276 0.83988
vt 0.98276 0.74556
vt 0.98276 0.74048
vt 0.98276 0.75001
vt 0.98276 0.75249
vt 0.98276 0.75505
vt 0.98276 0.82711
vt 0.98276 0.82260
vt 0.98276 0.73635
vt 0.98276 0.84428
vt 0.98428 0.83187
vt 0.98402 0.83181
vt 0.98437 0.84014
vt 0.98402 0.84084
vt 0.98402 0.83862
vt 0.98437 0.83770
vt 0.98276 0.84616
vt 0.98401 0.75824
vt 0.98437 0.75617
vt 0.98437 0.75389
vt 0.98402 0.75405
vt 0.98437 0.75146
vt 0.98401 0.75157
vt 0.98437 0.75000
vt 0.98401 0.74997
vt 0.98437 0.83624
vt 0.98402 0.83648
vt 0.51619 0.70582
vt 0.51861 0.84289
vt 0.51854 0.83225
vt 0.51812 0.81749
vt 0.51822 0.85580
vt 0.51856 0.85055
vt 0.51096 0.78540
vt 0.51294 0.80034
vt 0.51096 0.69915
vt 0.78788 0.81883
vt 0.94901 0.82913
vt 0.94901 0.82913
vt 0.78788 0.81883
vt 0.51461 0.81758
vt 0.51572 0.84289
vt 0.51537 0.83225
vt 0.51773 0.85795
vt 0.51465 0.85734
vt 0.51549 0.85133
vt 0.51359 0.85938
vt 0.21212 0.81883
vt 0.21212 0.81883
vt 0.05099 0.82913
vt 0.05099 0.82913
vt 0.05099 0.82913
vt 0.05099 0.82913
vt 0.21212 0.81883
vt 0.21212 0.81883
vt 0.94901 0.82913
vt 0.94901 0.82913
vt 0.78788 0.81883
vt 0.78788 0.81883
vt 0.12398 0.29098
vt 0.11600 0.29128
vt 0.11517 0.29231
vt 0.12309 0.29207
vt 0.12764 0.29038
vt 0.12861 0.28779
vt 0.12486 0.28801
vt 0.11712 0.28489
vt 0.12340 0.15846
vt 0.09845 0.15818
vt 0.10533 0.28489
vt 0.09878 0.28489
vt 0.08834 0.16798
vt 0.09905 0.28796
vt 0.10550 0.28813
vt 0.11674 0.28825
vt 0.11477 0.29272
vt 0.10572 0.29217
vt 0.10574 0.29258
vt 0.10563 0.29107
vt 0.09940 0.29188
vt 0.09931 0.29085
vt 0.13483 0.28489
vt 0.13318 0.28489
vt 0.13189 0.28779
vt 0.13358 0.28779
vt 0.02599 0.15821
vt 0.03261 0.28489
vt 0.02606 0.28489
vt 0.01562 0.16798
vt 0.12907 0.28489
vt 0.12527 0.28489
vt 0.13560 0.28489
vt 0.13435 0.28779
vt 0.06289 0.28489
vt 0.06173 0.28489
vt 0.07118 0.15878
vt 0.07271 0.15861
vt 0.05867 0.29049
vt 0.06048 0.28779
vt 0.06164 0.28779
vt 0.05669 0.28779
vt 0.05745 0.28489
vt 0.13036 0.28930
vt 0.12685 0.29159
vt 0.13088 0.29016
vt 0.06728 0.15874
vt 0.04296 0.28779
vt 0.03277 0.28779
vt 0.04311 0.28489
vt 0.04206 0.29272
vt 0.03303 0.29258
vt 0.03299 0.29185
vt 0.04245 0.29195
vt 0.04274 0.29052
vt 0.03291 0.29066
vt 0.04513 0.15845
vt 0.05189 0.28489
vt 0.06166 0.15867
vt 0.02632 0.28779
vt 0.02672 0.29226
vt 0.02667 0.29165
vt 0.02658 0.29065
vt 0.05104 0.29033
vt 0.05151 0.28779
vt 0.05399 0.29211
vt 0.05007 0.29252
vt 0.05038 0.29173
vt 0.02606 0.28489
vt 0.02606 0.28489
vt 0.02632 0.28779
vt 0.02634 0.28796
vt 0.12278 0.29252
vt 0.12670 0.29211
vt 0.13139 0.29049
vt 0.09944 0.29226
vt 0.14543 0.15861
vt 0.14488 0.15857
vt 0.14351 0.15869
vt 0.13843 0.15865
vt 0.13353 0.15859
vt 0.12398 0.01690
vt 0.12309 0.01582
vt 0.11517 0.01558
vt 0.11600 0.01661
vt 0.12764 0.01751
vt 0.12486 0.01988
vt 0.12861 0.02009
vt 0.11712 0.02299
vt 0.10533 0.02299
vt 0.09845 0.14970
vt 0.12340 0.14943
vt 0.09878 0.02299
vt 0.08834 0.13991
vt 0.09905 0.01992
vt 0.10550 0.01976
vt 0.11674 0.01964
vt 0.11477 0.01516
vt 0.10574 0.01531
vt 0.10572 0.01571
vt 0.10563 0.01682
vt 0.09940 0.01600
vt 0.09931 0.01704
vt 0.13483 0.02299
vt 0.13358 0.02009
vt 0.13189 0.02009
vt 0.13318 0.02299
vt 0.02599 0.14968
vt 0.01562 0.13991
vt 0.02606 0.02299
vt 0.03261 0.02299
vt 0.12907 0.02299
vt 0.12527 0.02299
vt 0.13560 0.02299
vt 0.13435 0.02009
vt 0.06289 0.02299
vt 0.07271 0.14928
vt 0.07118 0.14910
vt 0.06173 0.02299
vt 0.05867 0.01740
vt 0.06164 0.02009
vt 0.06048 0.02009
vt 0.05745 0.02299
vt 0.05669 0.02009
vt 0.13036 0.01859
vt 0.13088 0.01772
vt 0.12685 0.01629
vt 0.06728 0.14914
vt 0.04296 0.02009
vt 0.04311 0.02299
vt 0.03277 0.02009
vt 0.04206 0.01516
vt 0.04245 0.01594
vt 0.03299 0.01604
vt 0.03303 0.01531
vt 0.04274 0.01736
vt 0.03291 0.01722
vt 0.04513 0.14944
vt 0.06166 0.14922
vt 0.05189 0.02299
vt 0.02632 0.02009
vt 0.02667 0.01624
vt 0.02672 0.01562
vt 0.02658 0.01724
vt 0.05151 0.02009
vt 0.05104 0.01756
vt 0.05399 0.01577
vt 0.05038 0.01616
vt 0.05007 0.01537
vt 0.01562 0.16798
vt 0.01562 0.16798
vt 0.12278 0.01537
vt 0.12670 0.01577
vt 0.13139 0.01740
vt 0.09944 0.01562
vt 0.14543 0.14928
vt 0.14488 0.14931
vt 0.14351 0.14920
vt 0.13843 0.14923
vt 0.13353 0.14930
vt 0.02573 0.15818
vt 0.02599 0.15821
vt 0.01562 0.16798
vt 0.01562 0.16798
vt 0.02573 0.14970
vt 0.01562 0.13991
vt 0.01562 0.13991
vt 0.02599 0.14968
vt 0.02658 0.29065
vt 0.02660 0.29085
vt 0.01562 0.13991
vt 0.02606 0.02299
vt 0.02606 0.02299
vt 0.01562 0.13991
vt 0.02634 0.01992
vt 0.02632 0.02009
vt 0.02660 0.01704
vt 0.02658 0.01724
vt 0.78458 0.53697
vt 0.78458 0.52881
vt 0.78458 0.52881
vt 0.78458 0.53697
vt 0.78458 0.52747
vt 0.78458 0.52747
vt 0.78458 0.52747
vt 0.77852 0.52747
vt 0.77852 0.52747
vt 0.78458 0.52747
vt 0.74462 0.52899
vt 0.74462 0.53697
vt 0.74462 0.53697
vt 0.74462 0.52899
vt 0.75338 0.52747
vt 0.75338 0.52747
vt 0.74462 0.52747
vt 0.74462 0.52747
vt 0.74462 0.52747
vt 0.74462 0.52747
vt 0.78458 0.54512
vt 0.78458 0.54512
vt 0.78458 0.54647
vt 0.78458 0.54647
vt 0.78458 0.54647
vt 0.78458 0.54647
vt 0.77852 0.54647
vt 0.77852 0.54647
vt 0.74462 0.54495
vt 0.74462 0.54495
vt 0.75338 0.54647
vt 0.75338 0.54647
vt 0.74462 0.54647
vt 0.74462 0.54647
vt 0.74462 0.54647
vt 0.74462 0.54647
f 1429/1429 1430/1430 1431/1431
f 1432/1432 1433/1433 1434/1434
f 1435/1435 1436/1436 1437/1437
f 1438/1438 1439/1439 1440/1440
f 1438/1438 1441/1441 1442/1442
f 1443/1443 1444/1444 1445/1445
f 1446/1446 1447/1447 1448/1448
f 1449/1449 1446/1446 1450/1450
f 1448/1448 1450/1450 1446/1446
f 1451/1451 1452/1452 1453/1453
f 1454/1454 1455/1455 1456/1456
f 1457/1457 1458/1458 1459/1459
f 1460/1460 1461/1461 1462/1462
f 1463/1463 1464/1464 1465/1465
f 1463/1463 1466/1466 1464/1464
f 1467/1467 1468/1468 1469/1469
f 1467/1467 1469/1469 1470/1470
f 1471/1471 1432/1432 1434/1434
f 1472/1472 1473/1473 1474/1474
f 1435/1435 1475/1475 1476/1476
f 1476/1476 1475/1475 1477/1477
f 1466/1466 1463/1463 1478/1478
f 1479/1479 1480/1480 1481/1481
f 1481/1481 1480/1480 1482/1482
f 1482/1482 1437/1437 1481/1481
f 1483/1483 1479/1479 1481/1481
f 1484/1484 1485/1485 1486/1486
f 1487/1487 1488/1488 1489/1489
f 1490/1490 1491/1491 1492/1492
f 1493/1493 1494/1494 1495/1495
f 1493/1493 1496/1496 1497/1497
f 1498/1498 1499/1499 1500/1500
f 1501/1501 1502/1502 1503/1503
f 1504/1504 1505/1505 1501/1501
f 1502/1502 1501/1501 1505/1505
f 1451/1451 1453/1453 1506/1506
f 1507/1507 1508/1508 1509/1509
f 1510/1510 1511/1511 1512/1512
f 1513/1513 1514/1514 1515/1515
f 1516/1516 1517/1517 1518/1518
f 1516/1516 1518/1518 1519/1519
f 1520/1520 1521/1521 1522/1522
f 1520/1520 1523/1523 1521/1521
f 1524/1524 1488/1488 1487/1487
f 1525/1525 1526/1526 1527/1527
f 1528/1528 1529/1529 1530/1530
f 1529/1529 1531/1531 1530/1530
f 1519/1519 1532/1532 1516/1516
f 1533/1533 1534/1534 1535/1535
f 1534/1534 1536/1536 1535/1535
f 1536/1536 1534/1534 1491/1491
f 1537/1537 1534/1534 1533/1533
f 1538/1538 1539/1539 1540/1540
f 1541/1541 1542/1542 1543/1543
f 1544/1544 1545/1545 1546/1546
f 1547/1547 1548/1548 1549/1549
f 1550/1550 1551/1551 1552/1552
f 1553/1553 1554/1554 1555/1555
f 1556/1556 1557/1557 1558/1558
f 1559/1559 1560/1560 1561/1561
f 1562/1562 1563/1563 1564/1564
f 1565/1565 1566/1566 1562/1562
f 1567/1567 1568/1568 1569/1569
f 1570/1570 1571/1571 1572/1572
f 1572/1572 1571/1571 1573/1573
f 1574/1574 1575/1575 1576/1576
f 1577/1577 1578/1578 1579/1579
f 1580/1580 1581/1581 1582/1582
f 1583/1583 1584/1584 1585/1585
f 1586/1586 1583/1583 1587/1587
f 1588/1588 1589/1589 1590/1590
f 1591/1591 1592/1592 1593/1593
f 1592/1592 1594/1594 1593/1593
f 1595/1595 1596/1596 1597/1597
f 1598/1598 1599/1599 1600/1600
f 1601/1601 1602/1602 1603/1603
f 1604/1604 1605/1605 1606/1606
f 1607/1607 1608/1608 1609/1609
f 1610/1610 1611/1611 1612/1612
f 1613/1613 1614/1614 1615/1615
f 1616/1616 1617/1617 1618/1618
f 1619/1619 1620/1620 1621/1621
f 1622/1622 1623/1623 1624/1624
f 1625/1625 1626/1626 1627/1627
f 1628/1628 1629/1629 1630/1630
f 1628/1628 1630/1630 1631/1631
f 1632/1632 1633/1633 1634/1634
f 1632/1632 1634/1634 1635/1635
f 1636/1636 1637/1637 1633/1633
f 1636/1636 1633/1633 1632/1632
f 1638/1638 1633/1633 1637/1637
f 1638/1638 1637/1637 1639/1639
f 1640/1640 1641/1641 1642/1642
f 1640/1640 1642/1642 1643/1643
f 1630/1630 1644/1644 1645/1645
f 1630/1630 1645/1645 1646/1646
f 1647/1647 1648/1648 1649/1649
f 1647/1647 1649/1649 1629/1629
f 1643/1643 1644/1644 1649/1649
f 1643/1643 1649/1649 1650/1650
f 1651/1651 1442/1442 1430/1430
f 1651/1651 1430/1430 1429/1429
f 1439/1439 1438/1438 1442/1442
f 1439/1439 1442/1442 1651/1651
f 1646/1646 1652/1652 1653/1653
f 1646/1646 1653/1653 1654/1654
f 1655/1655 1656/1656 1645/1645
f 1655/1655 1645/1645 1642/1642
f 1657/1657 1658/1658 1659/1659
f 1657/1657 1659/1659 1660/1660
f 1661/1661 1662/1662 1663/1663
f 1661/1661 1663/1663 1664/1664
f 1665/1665 1666/1666 1667/1667
f 1665/1665 1667/1667 1668/1668
f 1668/1668 1667/1667 1669/1669
f 1668/1668 1669/1669 1670/1670
f 1671/1671 1672/1672 1673/1673
f 1671/1671 1673/1673 1674/1674
f 1674/1674 1673/1673 1675/1675
f 1674/1674 1675/1675 1676/1676
f 1676/1676 1675/1675 1641/1641
f 1676/1676 1641/1641 1640/1640
f 1641/1641 1677/1677 1655/1655
f 1641/1641 1655/1655 1642/1642
f 1675/1675 1678/1678 1677/1677
f 1675/1675 1677/1677 1641/1641
f 1673/1673 1679/1679 1678/1678
f 1673/1673 1678/1678 1675/1675
f 1680/1680 1679/1679 1673/1673
f 1680/1680 1673/1673 1672/1672
f 1657/1657 1681/1681 1682/1682
f 1657/1657 1682/1682 1658/1658
f 1683/1683 1681/1681 1684/1684
f 1683/1683 1684/1684 1685/1685
f 1686/1686 1683/1683 1685/1685
f 1686/1686 1685/1685 1687/1687
f 1431/1431 1430/1430 1688/1688
f 1431/1431 1688/1688 1689/1689
f 1440/1440 1439/1439 1690/1690
f 1440/1440 1690/1690 1691/1691
f 1444/1444 1692/1692 1693/1693
f 1444/1444 1693/1693 1445/1445
f 1671/1671 1483/1483 1694/1694
f 1671/1671 1694/1694 1695/1695
f 1680/1680 1672/1672 1696/1696
f 1680/1680 1696/1696 1697/1697
f 1698/1698 1481/1481 1437/1437
f 1698/1698 1437/1437 1436/1436
f 1695/1695 1694/1694 1699/1699
f 1695/1695 1699/1699 1700/1700
f 1697/1697 1696/1696 1701/1701
f 1697/1697 1701/1701 1702/1702
f 1694/1694 1477/1477 1474/1474
f 1694/1694 1474/1474 1699/1699
f 1703/1703 1704/1704 1705/1705
f 1703/1703 1705/1705 1706/1706
f 1700/1700 1699/1699 1707/1707
f 1700/1700 1707/1707 1708/1708
f 1702/1702 1701/1701 1709/1709
f 1702/1702 1709/1709 1710/1710
f 1699/1699 1474/1474 1473/1473
f 1699/1699 1473/1473 1707/1707
f 1706/1706 1705/1705 1711/1711
f 1706/1706 1711/1711 1712/1712
f 1708/1708 1707/1707 1713/1713
f 1708/1708 1713/1713 1714/1714
f 1710/1710 1709/1709 1715/1715
f 1710/1710 1715/1715 1716/1716
f 1712/1712 1711/1711 1717/1717
f 1712/1712 1717/1717 1718/1718
f 1714/1714 1713/1713 1433/1433
f 1714/1714 1433/1433 1719/1719
f 1716/1716 1715/1715 1720/1720
f 1716/1716 1720/1720 1721/1721
f 1721/1721 1720/1720 1722/1722
f 1721/1721 1722/1722 1723/1723
f 1433/1433 1432/1432 1461/1461
f 1433/1433 1461/1461 1724/1724
f 1718/1718 1717/1717 1725/1725
f 1718/1718 1725/1725 1726/1726
f 1719/1719 1433/1433 1724/1724
f 1719/1719 1724/1724 1727/1727
f 1723/1723 1722/1722 1728/1728
f 1723/1723 1728/1728 1729/1729
f 1724/1724 1461/1461 1460/1460
f 1724/1724 1460/1460 1730/1730
f 1726/1726 1725/1725 1731/1731
f 1726/1726 1731/1731 1732/1732
f 1727/1727 1724/1724 1730/1730
f 1727/1727 1730/1730 1733/1733
f 1734/1734 1460/1460 1462/1462
f 1734/1734 1462/1462 1735/1735
f 1735/1735 1462/1462 1471/1471
f 1735/1735 1471/1471 1736/1736
f 1736/1736 1471/1471 1459/1459
f 1736/1736 1459/1459 1737/1737
f 1738/1738 1737/1737 1459/1459
f 1738/1738 1459/1459 1458/1458
f 1739/1739 1738/1738 1458/1458
f 1739/1739 1458/1458 1740/1740
f 1741/1741 1739/1739 1740/1740
f 1741/1741 1740/1740 1454/1454
f 1742/1742 1743/1743 1744/1744
f 1742/1742 1744/1744 1745/1745
f 1746/1746 1747/1747 1748/1748
f 1746/1746 1748/1748 1749/1749
f 1747/1747 1750/1750 1751/1751
f 1747/1747 1751/1751 1748/1748
f 1752/1752 1753/1753 1754/1754
f 1752/1752 1754/1754 1755/1755
f 1755/1755 1754/1754 1756/1756
f 1755/1755 1756/1756 1757/1757
f 1753/1753 1758/1758 1759/1759
f 1753/1753 1759/1759 1754/1754
f 1754/1754 1759/1759 1760/1760
f 1754/1754 1760/1760 1756/1756
f 1758/1758 1761/1761 1762/1762
f 1758/1758 1762/1762 1759/1759
f 1759/1759 1762/1762 1763/1763
f 1759/1759 1763/1763 1760/1760
f 1764/1764 1765/1765 1762/1762
f 1764/1764 1762/1762 1761/1761
f 1765/1765 1766/1766 1763/1763
f 1765/1765 1763/1763 1762/1762
f 1767/1767 1768/1768 1765/1765
f 1767/1767 1765/1765 1764/1764
f 1768/1768 1769/1769 1766/1766
f 1768/1768 1766/1766 1765/1765
f 1770/1770 1771/1771 1768/1768
f 1770/1770 1768/1768 1767/1767
f 1771/1771 1772/1772 1769/1769
f 1771/1771 1769/1769 1768/1768
f 1743/1743 1773/1773 1774/1774
f 1743/1743 1774/1774 1744/1744
f 1774/1774 1470/1470 1469/1469
f 1774/1774 1469/1469 1744/1744
f 1468/1468 1465/1465 1464/1464
f 1468/1468 1464/1464 1469/1469
f 1775/1775 1776/1776 1777/1777
f 1775/1775 1777/1777 1441/1441
f 1722/1722 1727/1727 1733/1733
f 1722/1722 1733/1733 1728/1728
f 1720/1720 1719/1719 1727/1727
f 1720/1720 1727/1727 1722/1722
f 1715/1715 1714/1714 1719/1719
f 1715/1715 1719/1719 1720/1720
f 1709/1709 1708/1708 1714/1714
f 1709/1709 1714/1714 1715/1715
f 1701/1701 1700/1700 1708/1708
f 1701/1701 1708/1708 1709/1709
f 1696/1696 1695/1695 1700/1700
f 1696/1696 1700/1700 1701/1701
f 1672/1672 1671/1671 1695/1695
f 1672/1672 1695/1695 1696/1696
f 1775/1775 1440/1440 1691/1691
f 1775/1775 1691/1691 1778/1778
f 1779/1779 1676/1676 1640/1640
f 1779/1779 1640/1640 1780/1780
f 1781/1781 1674/1674 1676/1676
f 1781/1781 1676/1676 1779/1779
f 1483/1483 1671/1671 1674/1674
f 1483/1483 1674/1674 1781/1781
f 1642/1642 1645/1645 1644/1644
f 1642/1642 1644/1644 1643/1643
f 1629/1629 1649/1649 1644/1644
f 1629/1629 1644/1644 1630/1630
f 1780/1780 1640/1640 1643/1643
f 1780/1780 1643/1643 1650/1650
f 1441/1441 1438/1438 1440/1440
f 1441/1441 1440/1440 1775/1775
f 1778/1778 1782/1782 1776/1776
f 1778/1778 1776/1776 1775/1775
f 1783/1783 1431/1431 1689/1689
f 1783/1783 1689/1689 1784/1784
f 1785/1785 1786/1786 1453/1453
f 1785/1785 1453/1453 1452/1452
f 1690/1690 1439/1439 1651/1651
f 1690/1690 1651/1651 1787/1787
f 1787/1787 1651/1651 1429/1429
f 1787/1787 1429/1429 1788/1788
f 1788/1788 1429/1429 1431/1431
f 1788/1788 1431/1431 1783/1783
f 1430/1430 1442/1442 1441/1441
f 1430/1430 1441/1441 1777/1777
f 1777/1777 1451/1451 1688/1688
f 1777/1777 1688/1688 1430/1430
f 1693/1693 1692/1692 1789/1789
f 1693/1693 1789/1789 1790/1790
f 1445/1445 1647/1647 1791/1791
f 1445/1445 1791/1791 1443/1443
f 1791/1791 1647/1647 1629/1629
f 1791/1791 1629/1629 1628/1628
f 1631/1631 1630/1630 1646/1646
f 1631/1631 1646/1646 1654/1654
f 1645/1645 1656/1656 1652/1652
f 1645/1645 1652/1652 1646/1646
f 1660/1660 1659/1659 1662/1662
f 1660/1660 1662/1662 1661/1661
f 1792/1792 1638/1638 1639/1639
f 1792/1792 1639/1639 1793/1793
f 1693/1693 1648/1648 1647/1647
f 1693/1693 1647/1647 1445/1445
f 1794/1794 1693/1693 1790/1790
f 1794/1794 1790/1790 1795/1795
f 1670/1670 1669/1669 1449/1449
f 1670/1670 1449/1449 1450/1450
f 1795/1795 1447/1447 1446/1446
f 1795/1795 1446/1446 1794/1794
f 1794/1794 1446/1446 1449/1449
f 1794/1794 1449/1449 1649/1649
f 1796/1796 1797/1797 1638/1638
f 1796/1796 1638/1638 1792/1792
f 1798/1798 1660/1660 1661/1661
f 1798/1798 1661/1661 1799/1799
f 1782/1782 1785/1785 1452/1452
f 1782/1782 1452/1452 1776/1776
f 1800/1800 1726/1726 1732/1732
f 1800/1800 1732/1732 1801/1801
f 1802/1802 1718/1718 1726/1726
f 1802/1802 1726/1726 1800/1800
f 1803/1803 1712/1712 1718/1718
f 1803/1803 1718/1718 1802/1802
f 1804/1804 1706/1706 1712/1712
f 1804/1804 1712/1712 1803/1803
f 1805/1805 1703/1703 1706/1706
f 1805/1805 1706/1706 1804/1804
f 1805/1805 1806/1806 1807/1807
f 1805/1805 1807/1807 1703/1703
f 1808/1808 1809/1809 1810/1810
f 1808/1808 1810/1810 1686/1686
f 1810/1810 1811/1811 1683/1683
f 1810/1810 1683/1683 1686/1686
f 1811/1811 1682/1682 1681/1681
f 1811/1811 1681/1681 1683/1683
f 1812/1812 1684/1684 1681/1681
f 1812/1812 1681/1681 1657/1657
f 1799/1799 1661/1661 1664/1664
f 1799/1799 1664/1664 1813/1813
f 1812/1812 1657/1657 1660/1660
f 1812/1812 1660/1660 1798/1798
f 1797/1797 1634/1634 1633/1633
f 1797/1797 1633/1633 1638/1638
f 1452/1452 1451/1451 1777/1777
f 1452/1452 1777/1777 1776/1776
f 1432/1432 1471/1471 1462/1462
f 1432/1432 1462/1462 1461/1461
f 1713/1713 1707/1707 1473/1473
f 1713/1713 1473/1473 1814/1814
f 1435/1435 1437/1437 1466/1466
f 1435/1435 1466/1466 1478/1478
f 1459/1459 1471/1471 1434/1434
f 1459/1459 1434/1434 1457/1457
f 1433/1433 1713/1713 1814/1814
f 1433/1433 1814/1814 1434/1434
f 1477/1477 1475/1475 1472/1472
f 1477/1477 1472/1472 1474/1474
f 1815/1815 1755/1755 1757/1757
f 1815/1815 1757/1757 1816/1816
f 1746/1746 1752/1752 1755/1755
f 1746/1746 1755/1755 1815/1815
f 1742/1742 1741/1741 1454/1454
f 1742/1742 1454/1454 1456/1456
f 1479/1479 1483/1483 1666/1666
f 1479/1479 1666/1666 1665/1665
f 1483/1483 1481/1481 1698/1698
f 1483/1483 1698/1698 1817/1817
f 1807/1807 1818/1818 1704/1704
f 1807/1807 1704/1704 1703/1703
f 1819/1819 1820/1820 1821/1821
f 1819/1819 1821/1821 1822/1822
f 1820/1820 1823/1823 1687/1687
f 1820/1820 1687/1687 1821/1821
f 1704/1704 1818/1818 1819/1819
f 1704/1704 1819/1819 1822/1822
f 1687/1687 1823/1823 1808/1808
f 1687/1687 1808/1808 1686/1686
f 1824/1824 1825/1825 1826/1826
f 1824/1824 1826/1826 1827/1827
f 1828/1828 1635/1635 1634/1634
f 1828/1828 1634/1634 1829/1829
f 1830/1830 1828/1828 1829/1829
f 1830/1830 1829/1829 1831/1831
f 1832/1832 1833/1833 1831/1831
f 1832/1832 1831/1831 1829/1829
f 1834/1834 1835/1835 1836/1836
f 1834/1834 1836/1836 1837/1837
f 1826/1826 1838/1838 1839/1839
f 1826/1826 1839/1839 1840/1840
f 1841/1841 1827/1827 1842/1842
f 1841/1841 1842/1842 1843/1843
f 1835/1835 1844/1844 1842/1842
f 1835/1835 1842/1842 1840/1840
f 1845/1845 1484/1484 1486/1486
f 1845/1845 1486/1486 1496/1496
f 1495/1495 1845/1845 1496/1496
f 1495/1495 1496/1496 1493/1493
f 1838/1838 1846/1846 1847/1847
f 1838/1838 1847/1847 1848/1848
f 1849/1849 1836/1836 1839/1839
f 1849/1849 1839/1839 1850/1850
f 1851/1851 1852/1852 1659/1659
f 1851/1851 1659/1659 1658/1658
f 1853/1853 1854/1854 1663/1663
f 1853/1853 1663/1663 1662/1662
f 1855/1855 1856/1856 1857/1857
f 1855/1855 1857/1857 1858/1858
f 1856/1856 1859/1859 1860/1860
f 1856/1856 1860/1860 1857/1857
f 1861/1861 1862/1862 1863/1863
f 1861/1861 1863/1863 1864/1864
f 1862/1862 1865/1865 1866/1866
f 1862/1862 1866/1866 1863/1863
f 1865/1865 1834/1834 1837/1837
f 1865/1865 1837/1837 1866/1866
f 1837/1837 1836/1836 1849/1849
f 1837/1837 1849/1849 1867/1867
f 1866/1866 1837/1837 1867/1867
f 1866/1866 1867/1867 1868/1868
f 1863/1863 1866/1866 1868/1868
f 1863/1863 1868/1868 1869/1869
f 1870/1870 1864/1864 1863/1863
f 1870/1870 1863/1863 1869/1869
f 1851/1851 1658/1658 1682/1682
f 1851/1851 1682/1682 1871/1871
f 1872/1872 1873/1873 1874/1874
f 1872/1872 1874/1874 1871/1871
f 1875/1875 1876/1876 1873/1873
f 1875/1875 1873/1873 1872/1872
f 1485/1485 1689/1689 1688/1688
f 1485/1485 1688/1688 1486/1486
f 1494/1494 1877/1877 1878/1878
f 1494/1494 1878/1878 1495/1495
f 1500/1500 1499/1499 1879/1879
f 1500/1500 1879/1879 1880/1880
f 1861/1861 1881/1881 1882/1882
f 1861/1861 1882/1882 1883/1883
f 1870/1870 1884/1884 1885/1885
f 1870/1870 1885/1885 1864/1864
f 1886/1886 1492/1492 1491/1491
f 1886/1886 1491/1491 1534/1534
f 1881/1881 1887/1887 1888/1888
f 1881/1881 1888/1888 1882/1882
f 1884/1884 1889/1889 1890/1890
f 1884/1884 1890/1890 1885/1885
f 1882/1882 1888/1888 1526/1526
f 1882/1882 1526/1526 1531/1531
f 1891/1891 1892/1892 1893/1893
f 1891/1891 1893/1893 1894/1894
f 1887/1887 1895/1895 1896/1896
f 1887/1887 1896/1896 1888/1888
f 1889/1889 1897/1897 1898/1898
f 1889/1889 1898/1898 1890/1890
f 1888/1888 1896/1896 1527/1527
f 1888/1888 1527/1527 1526/1526
f 1892/1892 1899/1899 1900/1900
f 1892/1892 1900/1900 1893/1893
f 1895/1895 1901/1901 1902/1902
f 1895/1895 1902/1902 1896/1896
f 1897/1897 1903/1903 1904/1904
f 1897/1897 1904/1904 1898/1898
f 1899/1899 1905/1905 1906/1906
f 1899/1899 1906/1906 1900/1900
f 1901/1901 1907/1907 1489/1489
f 1901/1901 1489/1489 1902/1902
f 1903/1903 1908/1908 1909/1909
f 1903/1903 1909/1909 1904/1904
f 1908/1908 1910/1910 1911/1911
f 1908/1908 1911/1911 1909/1909
f 1489/1489 1912/1912 1515/1515
f 1489/1489 1515/1515 1487/1487
f 1905/1905 1913/1913 1914/1914
f 1905/1905 1914/1914 1906/1906
f 1907/1907 1915/1915 1912/1912
f 1907/1907 1912/1912 1489/1489
f 1910/1910 1916/1916 1917/1917
f 1910/1910 1917/1917 1911/1911
f 1912/1912 1918/1918 1513/1513
f 1912/1912 1513/1513 1515/1515
f 1913/1913 1919/1919 1920/1920
f 1913/1913 1920/1920 1914/1914
f 1915/1915 1921/1921 1918/1918
f 1915/1915 1918/1918 1912/1912
f 1922/1922 1923/1923 1514/1514
f 1922/1922 1514/1514 1513/1513
f 1923/1923 1924/1924 1524/1524
f 1923/1923 1524/1524 1514/1514
f 1924/1924 1925/1925 1511/1511
f 1924/1924 1511/1511 1524/1524
f 1926/1926 1512/1512 1511/1511
f 1926/1926 1511/1511 1925/1925
f 1927/1927 1928/1928 1512/1512
f 1927/1927 1512/1512 1926/1926
f 1929/1929 1507/1507 1928/1928
f 1929/1929 1928/1928 1927/1927
f 1930/1930 1931/1931 1932/1932
f 1930/1930 1932/1932 1933/1933
f 1746/1746 1749/1749 1934/1934
f 1746/1746 1934/1934 1935/1935
f 1935/1935 1934/1934 1936/1936
f 1935/1935 1936/1936 1937/1937
f 1752/1752 1938/1938 1939/1939
f 1752/1752 1939/1939 1753/1753
f 1938/1938 1940/1940 1941/1941
f 1938/1938 1941/1941 1939/1939
f 1753/1753 1939/1939 1942/1942
f 1753/1753 1942/1942 1758/1758
f 1939/1939 1941/1941 1943/1943
f 1939/1939 1943/1943 1942/1942
f 1758/1758 1942/1942 1944/1944
f 1758/1758 1944/1944 1761/1761
f 1942/1942 1943/1943 1945/1945
f 1942/1942 1945/1945 1944/1944
f 1764/1764 1761/1761 1944/1944
f 1764/1764 1944/1944 1946/1946
f 1946/1946 1944/1944 1945/1945
f 1946/1946 1945/1945 1947/1947
f 1767/1767 1764/1764 1946/1946
f 1767/1767 1946/1946 1948/1948
f 1948/1948 1946/1946 1947/1947
f 1948/1948 1947/1947 1949/1949
f 1770/1770 1767/1767 1948/1948
f 1770/1770 1948/1948 1950/1950
f 1950/1950 1948/1948 1949/1949
f 1950/1950 1949/1949 1951/1951
f 1933/1933 1932/1932 1952/1952
f 1933/1933 1952/1952 1953/1953
f 1952/1952 1932/1932 1521/1521
f 1952/1952 1521/1521 1523/1523
f 1522/1522 1521/1521 1518/1518
f 1522/1522 1518/1518 1517/1517
f 1954/1954 1497/1497 1955/1955
f 1954/1954 1955/1955 1956/1956
f 1911/1911 1917/1917 1921/1921
f 1911/1911 1921/1921 1915/1915
f 1909/1909 1911/1911 1915/1915
f 1909/1909 1915/1915 1907/1907
f 1904/1904 1909/1909 1907/1907
f 1904/1904 1907/1907 1901/1901
f 1898/1898 1904/1904 1901/1901
f 1898/1898 1901/1901 1895/1895
f 1890/1890 1898/1898 1895/1895
f 1890/1890 1895/1895 1887/1887
f 1885/1885 1890/1890 1887/1887
f 1885/1885 1887/1887 1881/1881
f 1864/1864 1885/1885 1881/1881
f 1864/1864 1881/1881 1861/1861
f 1954/1954 1957/1957 1877/1877
f 1954/1954 1877/1877 1494/1494
f 1958/1958 1959/1959 1834/1834
f 1958/1958 1834/1834 1865/1865
f 1960/1960 1958/1958 1865/1865
f 1960/1960 1865/1865 1862/1862
f 1883/1883 1960/1960 1862/1862
f 1883/1883 1862/1862 1861/1861
f 1836/1836 1835/1835 1840/1840
f 1836/1836 1840/1840 1839/1839
f 1827/1827 1826/1826 1840/1840
f 1827/1827 1840/1840 1842/1842
f 1959/1959 1844/1844 1835/1835
f 1959/1959 1835/1835 1834/1834
f 1497/1497 1954/1954 1494/1494
f 1497/1497 1494/1494 1493/1493
f 1957/1957 1954/1954 1956/1956
f 1957/1957 1956/1956 1961/1961
f 1962/1962 1784/1784 1689/1689
f 1962/1962 1689/1689 1485/1485
f 1963/1963 1506/1506 1453/1453
f 1963/1963 1453/1453 1786/1786
f 1878/1878 1964/1964 1845/1845
f 1878/1878 1845/1845 1495/1495
f 1964/1964 1965/1965 1484/1484
f 1964/1964 1484/1484 1845/1845
f 1965/1965 1962/1962 1485/1485
f 1965/1965 1485/1485 1484/1484
f 1486/1486 1955/1955 1497/1497
f 1486/1486 1497/1497 1496/1496
f 1955/1955 1486/1486 1688/1688
f 1955/1955 1688/1688 1451/1451
f 1966/1966 1967/1967 1968/1968
f 1966/1966 1968/1968 1969/1969
f 1499/1499 1498/1498 1970/1970
f 1499/1499 1970/1970 1841/1841
f 1970/1970 1824/1824 1827/1827
f 1970/1970 1827/1827 1841/1841
f 1825/1825 1846/1846 1838/1838
f 1825/1825 1838/1838 1826/1826
f 1839/1839 1838/1838 1848/1848
f 1839/1839 1848/1848 1850/1850
f 1852/1852 1853/1853 1662/1662
f 1852/1852 1662/1662 1659/1659
f 1971/1971 1972/1972 1833/1833
f 1971/1971 1833/1833 1832/1832
f 1879/1879 1499/1499 1841/1841
f 1879/1879 1841/1841 1843/1843
f 1973/1973 1974/1974 1967/1967
f 1973/1973 1967/1967 1966/1966
f 1859/1859 1505/1505 1504/1504
f 1859/1859 1504/1504 1860/1860
f 1974/1974 1973/1973 1501/1501
f 1974/1974 1501/1501 1503/1503
f 1973/1973 1842/1842 1504/1504
f 1973/1973 1504/1504 1501/1501
f 1796/1796 1971/1971 1832/1832
f 1796/1796 1832/1832 1797/1797
f 1975/1975 1976/1976 1853/1853
f 1975/1975 1853/1853 1852/1852
f 1961/1961 1956/1956 1506/1506
f 1961/1961 1506/1506 1963/1963
f 1800/1800 1801/1801 1919/1919
f 1800/1800 1919/1919 1913/1913
f 1802/1802 1800/1800 1913/1913
f 1802/1802 1913/1913 1905/1905
f 1803/1803 1802/1802 1905/1905
f 1803/1803 1905/1905 1899/1899
f 1804/1804 1803/1803 1899/1899
f 1804/1804 1899/1899 1892/1892
f 1805/1805 1804/1804 1892/1892
f 1805/1805 1892/1892 1891/1891
f 1805/1805 1891/1891 1977/1977
f 1805/1805 1977/1977 1806/1806
f 1978/1978 1875/1875 1810/1810
f 1978/1978 1810/1810 1809/1809
f 1810/1810 1875/1875 1872/1872
f 1810/1810 1872/1872 1811/1811
f 1811/1811 1872/1872 1871/1871
f 1811/1811 1871/1871 1682/1682
f 1979/1979 1851/1851 1871/1871
f 1979/1979 1871/1871 1874/1874
f 1976/1976 1980/1980 1854/1854
f 1976/1976 1854/1854 1853/1853
f 1979/1979 1975/1975 1852/1852
f 1979/1979 1852/1852 1851/1851
f 1797/1797 1832/1832 1829/1829
f 1797/1797 1829/1829 1634/1634
f 1506/1506 1956/1956 1955/1955
f 1506/1506 1955/1955 1451/1451
f 1487/1487 1515/1515 1514/1514
f 1487/1487 1514/1514 1524/1524
f 1902/1902 1981/1981 1527/1527
f 1902/1902 1527/1527 1896/1896
f 1490/1490 1532/1532 1519/1519
f 1490/1490 1519/1519 1491/1491
f 1511/1511 1510/1510 1488/1488
f 1511/1511 1488/1488 1524/1524
f 1489/1489 1488/1488 1981/1981
f 1489/1489 1981/1981 1902/1902
f 1531/1531 1526/1526 1525/1525
f 1531/1531 1525/1525 1530/1530
f 1982/1982 1983/1983 1940/1940
f 1982/1982 1940/1940 1938/1938
f 1746/1746 1982/1982 1938/1938
f 1746/1746 1938/1938 1752/1752
f 1930/1930 1508/1508 1507/1507
f 1930/1930 1507/1507 1929/1929
f 1533/1533 1855/1855 1858/1858
f 1533/1533 1858/1858 1537/1537
f 1537/1537 1984/1984 1886/1886
f 1537/1537 1886/1886 1534/1534
f 1977/1977 1891/1891 1894/1894
f 1977/1977 1894/1894 1985/1985
f 1986/1986 1987/1987 1988/1988
f 1986/1986 1988/1988 1989/1989
f 1989/1989 1988/1988 1876/1876
f 1989/1989 1876/1876 1990/1990
f 1894/1894 1987/1987 1986/1986
f 1894/1894 1986/1986 1985/1985
f 1876/1876 1875/1875 1978/1978
f 1876/1876 1978/1978 1990/1990
f 1991/1991 1992/1992 1993/1993
f 1991/1991 1993/1993 1994/1994
f 1995/1995 1996/1996 1997/1997
f 1995/1995 1997/1997 1998/1998
f 1999/1999 2000/2000 2001/2001
f 1999/1999 2001/2001 2002/2002
f 2003/2003 1995/1995 1998/1998
f 2003/2003 1998/1998 2004/2004
f 2000/2000 1991/1991 1994/1994
f 2000/2000 1994/1994 2001/2001
f 2005/2005 2006/2006 2007/2007
f 2005/2005 2007/2007 2008/2008
f 2009/2009 2010/2010 2011/2011
f 2009/2009 2011/2011 2012/2012
f 2013/2013 2014/2014 2015/2015
f 2013/2013 2015/2015 2016/2016
f 2017/2017 2018/2018 2019/2019
f 2017/2017 2019/2019 2020/2020
f 2021/2021 2017/2017 2020/2020
f 2021/2021 2020/2020 2022/2022
f 2023/2023 2021/2021 2022/2022
f 2023/2023 2022/2022 2024/2024
f 2025/2025 2023/2023 2024/2024
f 2025/2025 2024/2024 2026/2026
f 2018/2018 2013/2013 2016/2016
f 2018/2018 2016/2016 2019/2019
f 2010/2010 2027/2027 2028/2028
f 2010/2010 2028/2028 2011/2011
f 1992/1992 2029/2029 2030/2030
f 1992/1992 2030/2030 1993/1993
f 2031/2031 2032/2032 2033/2033
f 2031/2031 2033/2033 2034/2034
f 2035/2035 2036/2036 2037/2037
f 2035/2035 2037/2037 2038/2038
f 2039/2039 2035/2035 2038/2038
f 2039/2039 2038/2038 2040/2040
f 2036/2036 2005/2005 2008/2008
f 2036/2036 2008/2008 2037/2037
f 2032/2032 2039/2039 2040/2040
f 2032/2032 2040/2040 2033/2033
f 2029/2029 2031/2031 2034/2034
f 2029/2029 2034/2034 2030/2030
f 2025/2025 2026/2026 2007/2007
f 2025/2025 2007/2007 2006/2006
f 2041/2041 2042/2042 2043/2043
f 2041/2041 2043/2043 2044/2044
f 2045/2045 2046/2046 2047/2047
f 2045/2045 2047/2047 2048/2048
f 2049/2049 2050/2050 2051/2051
f 2049/2049 2051/2051 2052/2052
f 2003/2003 2004/2004 2046/2046
f 2003/2003 2046/2046 2045/2045
f 2052/2052 2051/2051 2042/2042
f 2052/2052 2042/2042 2041/2041
f 2053/2053 2054/2054 2055/2055
f 2053/2053 2055/2055 2056/2056
f 2057/2057 2058/2058 2059/2059
f 2057/2057 2059/2059 2060/2060
f 2061/2061 2062/2062 2063/2063
f 2061/2061 2063/2063 2064/2064
f 2065/2065 2066/2066 2067/2067
f 2065/2065 2067/2067 2068/2068
f 2069/2069 2070/2070 2066/2066
f 2069/2069 2066/2066 2065/2065
f 2071/2071 2072/2072 2070/2070
f 2071/2071 2070/2070 2069/2069
f 2073/2073 2074/2074 2072/2072
f 2073/2073 2072/2072 2071/2071
f 2068/2068 2067/2067 2062/2062
f 2068/2068 2062/2062 2061/2061
f 2060/2060 2059/2059 2028/2028
f 2060/2060 2028/2028 2027/2027
f 2044/2044 2043/2043 2075/2075
f 2044/2044 2075/2075 2076/2076
f 2077/2077 2078/2078 2079/2079
f 2077/2077 2079/2079 2080/2080
f 2081/2081 2082/2082 2083/2083
f 2081/2081 2083/2083 2084/2084
f 2085/2085 2086/2086 2082/2082
f 2085/2085 2082/2082 2081/2081
f 2084/2084 2083/2083 2054/2054
f 2084/2084 2054/2054 2053/2053
f 2080/2080 2079/2079 2086/2086
f 2080/2080 2086/2086 2085/2085
f 2076/2076 2075/2075 2078/2078
f 2076/2076 2078/2078 2077/2077
f 2073/2073 2056/2056 2055/2055
f 2073/2073 2055/2055 2074/2074
f 2087/2087 2088/2088 2089/2089
f 2087/2087 2089/2089 2090/2090
f 2091/2091 2092/2092 2093/2093
f 2091/2091 2093/2093 2094/2094
f 2095/2095 2091/2091 2094/2094
f 2095/2095 2094/2094 2096/2096
f 2097/2097 2090/2090 2089/2089
f 2097/2097 2089/2089 2098/2098
f 2099/2099 2100/2100 2101/2101
f 2099/2099 2101/2101 2102/2102
f 2103/2103 2104/2104 2100/2100
f 2103/2103 2100/2100 2099/2099
f 2105/2105 2106/2106 2107/2107
f 2105/2105 2107/2107 2108/2108
f 2109/2109 2110/2110 2111/2111
f 2109/2109 2111/2111 2112/2112
f 2108/2108 2107/2107 2113/2113
f 2108/2108 2113/2113 2114/2114
f 2114/2114 2113/2113 2110/2110
f 2114/2114 2110/2110 2109/2109
f 2115/2115 2116/2116 2117/2117
f 2115/2115 2117/2117 2118/2118
f 2119/2119 2120/2120 2121/2121
f 2119/2119 2121/2121 2122/2122
f 2116/2116 2112/2112 2111/2111
f 2116/2116 2111/2111 2117/2117
f 2123/2123 2124/2124 2125/2125
f 2123/2123 2125/2125 2126/2126
f 2126/2126 2125/2125 2106/2106
f 2126/2126 2106/2106 2105/2105
f 2127/2127 2128/2128 2129/2129
f 2127/2127 2129/2129 2130/2130
f 2131/2131 2132/2132 2133/2133
f 2131/2131 2133/2133 2134/2134
f 2128/2128 2135/2135 2136/2136
f 2128/2128 2136/2136 2129/2129
f 2135/2135 2131/2131 2134/2134
f 2135/2135 2134/2134 2136/2136
f 2137/2137 2138/2138 2139/2139
f 2137/2137 2139/2139 2140/2140
f 2141/2141 2122/2122 2121/2121
f 2141/2141 2121/2121 2142/2142
f 2140/2140 2139/2139 2133/2133
f 2140/2140 2133/2133 2132/2132
f 2143/2143 2144/2144 2145/2145
f 2143/2143 2145/2145 2146/2146
f 2144/2144 2127/2127 2130/2130
f 2144/2144 2130/2130 2145/2145
f 1729/1729 1728/1728 2147/2147
f 1729/1729 2147/2147 2148/2148
f 1730/1730 1460/1460 2149/2149
f 1730/1730 2149/2149 2150/2150
f 1733/1733 1730/1730 2150/2150
f 1733/1733 2150/2150 2151/2151
f 1541/1541 2149/2149 1460/1460
f 1541/1541 1460/1460 1734/1734
f 2152/2152 2153/2153 1771/1771
f 2152/2152 1771/1771 1770/1770
f 2153/2153 2154/2154 1772/1772
f 2153/2153 1772/1772 1771/1771
f 1728/1728 1733/1733 2151/2151
f 1728/1728 2151/2151 2147/2147
f 2153/2153 2152/2152 2155/2155
f 2153/2153 2155/2155 2156/2156
f 1801/1801 1732/1732 2157/2157
f 1801/1801 2157/2157 2158/2158
f 2157/2157 1732/1732 1731/1731
f 2157/2157 1731/1731 2159/2159
f 2160/2160 2161/2161 2162/2162
f 2160/2160 2162/2162 2163/2163
f 2164/2164 2165/2165 2166/2166
f 2164/2164 2166/2166 2167/2167
f 2161/2161 1543/1543 2168/2168
f 2161/2161 2168/2168 2162/2162
f 2169/2169 2160/2160 2163/2163
f 2169/2169 2163/2163 2170/2170
f 2171/2171 2167/2167 2166/2166
f 2171/2171 2166/2166 2172/2172
f 1548/1548 2169/2169 2170/2170
f 1548/1548 2170/2170 1540/1540
f 2147/2147 2151/2151 2169/2169
f 2147/2147 2169/2169 1548/1548
f 2158/2158 2157/2157 2167/2167
f 2158/2158 2167/2167 2171/2171
f 2151/2151 2150/2150 2160/2160
f 2151/2151 2160/2160 2169/2169
f 2148/2148 2147/2147 1548/1548
f 2148/2148 1548/1548 1547/1547
f 2149/2149 1541/1541 1543/1543
f 2149/2149 1543/1543 2161/2161
f 2157/2157 2159/2159 2164/2164
f 2157/2157 2164/2164 2167/2167
f 2150/2150 2149/2149 2161/2161
f 2150/2150 2161/2161 2160/2160
f 2173/2173 2154/2154 2153/2153
f 2173/2173 2153/2153 2156/2156
f 2174/2174 2175/2175 2176/2176
f 2174/2174 2176/2176 2177/2177
f 2178/2178 2179/2179 2175/2175
f 2178/2178 2175/2175 2174/2174
f 2177/2177 2176/2176 2180/2180
f 2177/2177 2180/2180 2181/2181
f 2181/2181 2180/2180 2182/2182
f 2181/2181 2182/2182 1556/1556
f 2183/2183 2184/2184 1556/1556
f 2183/2183 1556/1556 2182/2182
f 2185/2185 2186/2186 2184/2184
f 2185/2185 2184/2184 2183/2183
f 2187/2187 2188/2188 2186/2186
f 2187/2187 2186/2186 2185/2185
f 2189/2189 2190/2190 1546/1546
f 2189/2189 1546/1546 1545/1545
f 2189/2189 2191/2191 2192/2192
f 2189/2189 2192/2192 2190/2190
f 1539/1539 1549/1549 1548/1548
f 1539/1539 1548/1548 1540/1540
f 1916/1916 2193/2193 2194/2194
f 1916/1916 2194/2194 1917/1917
f 1918/1918 2195/2195 2196/2196
f 1918/1918 2196/2196 1513/1513
f 1921/1921 2197/2197 2195/2195
f 1921/1921 2195/2195 1918/1918
f 1553/1553 1922/1922 1513/1513
f 1553/1553 1513/1513 2196/2196
f 2152/2152 1770/1770 1950/1950
f 2152/2152 1950/1950 2198/2198
f 2198/2198 1950/1950 1951/1951
f 2198/2198 1951/1951 2199/2199
f 1917/1917 2194/2194 2197/2197
f 1917/1917 2197/2197 1921/1921
f 2198/2198 2200/2200 2155/2155
f 2198/2198 2155/2155 2152/2152
f 1801/1801 2158/2158 2201/2201
f 1801/1801 2201/2201 1919/1919
f 2201/2201 2202/2202 1920/1920
f 2201/2201 1920/1920 1919/1919
f 2203/2203 2204/2204 2205/2205
f 2203/2203 2205/2205 2206/2206
f 2207/2207 2208/2208 2209/2209
f 2207/2207 2209/2209 2181/2181
f 2206/2206 2205/2205 2210/2210
f 2206/2206 2210/2210 1554/1554
f 2211/2211 2212/2212 2204/2204
f 2211/2211 2204/2204 2203/2203
f 2171/2171 2172/2172 2209/2209
f 2171/2171 2209/2209 2208/2208
f 1561/1561 1551/1551 2212/2212
f 1561/1561 2212/2212 2211/2211
f 2194/2194 1561/1561 2211/2211
f 2194/2194 2211/2211 2197/2197
f 2158/2158 2171/2171 2208/2208
f 2158/2158 2208/2208 2201/2201
f 2197/2197 2211/2211 2203/2203
f 2197/2197 2203/2203 2195/2195
f 2193/2193 1559/1559 1561/1561
f 2193/2193 1561/1561 2194/2194
f 2196/2196 2206/2206 1554/1554
f 2196/2196 1554/1554 1553/1553
f 2201/2201 2208/2208 2207/2207
f 2201/2201 2207/2207 2202/2202
f 2195/2195 2203/2203 2206/2206
f 2195/2195 2206/2206 2196/2196
f 2213/2213 2200/2200 2198/2198
f 2213/2213 2198/2198 2199/2199
f 2214/2214 2215/2215 2216/2216
f 2214/2214 2216/2216 2217/2217
f 2178/2178 2214/2214 2217/2217
f 2178/2178 2217/2217 2179/2179
f 2215/2215 2165/2165 2218/2218
f 2215/2215 2218/2218 2216/2216
f 2165/2165 1544/1544 2219/2219
f 2165/2165 2219/2219 2218/2218
f 2220/2220 2219/2219 1544/1544
f 2220/2220 1544/1544 2221/2221
f 2222/2222 2220/2220 2221/2221
f 2222/2222 2221/2221 2223/2223
f 2187/2187 2222/2222 2223/2223
f 2187/2187 2223/2223 2188/2188
f 2224/2224 1558/1558 1557/1557
f 2224/2224 1557/1557 2225/2225
f 2224/2224 2225/2225 2192/2192
f 2224/2224 2192/2192 2191/2191
f 1552/1552 1551/1551 1561/1561
f 1552/1552 1561/1561 1560/1560
f 2226/2226 2227/2227 2228/2228
f 2226/2226 2228/2228 2229/2229
f 2229/2229 2228/2228 2230/2230
f 2229/2229 2230/2230 2231/2231
f 2232/2232 2233/2233 2227/2227
f 2232/2232 2227/2227 2226/2226
f 2234/2234 2235/2235 2236/2236
f 2234/2234 2236/2236 2237/2237
f 2237/2237 2236/2236 2238/2238
f 2237/2237 2238/2238 2239/2239
f 2239/2239 2238/2238 2240/2240
f 2239/2239 2240/2240 2241/2241
f 2226/2226 2242/2242 2243/2243
f 2226/2226 2243/2243 2232/2232
f 2229/2229 2244/2244 2242/2242
f 2229/2229 2242/2242 2226/2226
f 2231/2231 2245/2245 2244/2244
f 2231/2231 2244/2244 2229/2229
f 2246/2246 2240/2240 2238/2238
f 2246/2246 2238/2238 2247/2247
f 2248/2248 2247/2247 2238/2238
f 2248/2248 2238/2238 2236/2236
f 2249/2249 2248/2248 2236/2236
f 2249/2249 2236/2236 2235/2235
f 2250/2250 2251/2251 2228/2228
f 2250/2250 2228/2228 2227/2227
f 2251/2251 2252/2252 2230/2230
f 2251/2251 2230/2230 2228/2228
f 2253/2253 2250/2250 2227/2227
f 2253/2253 2227/2227 2233/2233
f 2254/2254 2255/2255 2256/2256
f 2254/2254 2256/2256 2257/2257
f 2255/2255 2258/2258 2259/2259
f 2255/2255 2259/2259 2256/2256
f 2258/2258 2260/2260 2261/2261
f 2258/2258 2261/2261 2259/2259
f 2250/2250 2253/2253 2262/2262
f 2250/2250 2262/2262 2263/2263
f 2251/2251 2250/2250 2263/2263
f 2251/2251 2263/2263 2264/2264
f 2252/2252 2251/2251 2264/2264
f 2252/2252 2264/2264 2265/2265
f 2266/2266 2267/2267 2259/2259
f 2266/2266 2259/2259 2261/2261
f 2268/2268 2256/2256 2259/2259
f 2268/2268 2259/2259 2267/2267
f 2269/2269 2257/2257 2256/2256
f 2269/2269 2256/2256 2268/2268
f 2270/2270 2271/2271 2272/2272
f 2270/2270 2272/2272 2273/2273
f 2274/2274 2275/2275 2276/2276
f 2274/2274 2276/2276 2277/2277
f 2278/2278 2279/2279 2280/2280
f 2278/2278 2280/2280 2281/2281
f 2282/2282 2270/2270 2273/2273
f 2282/2282 2273/2273 2283/2283
f 2271/2271 2284/2284 2285/2285
f 2271/2271 2285/2285 2272/2272
f 2279/2279 2274/2274 2277/2277
f 2279/2279 2277/2277 2280/2280
f 2284/2284 2278/2278 2281/2281
f 2284/2284 2281/2281 2285/2285
f 2286/2286 2287/2287 2288/2288
f 2286/2286 2288/2288 2289/2289
f 2290/2290 2291/2291 2276/2276
f 2290/2290 2276/2276 2275/2275
f 2292/2292 2293/2293 2294/2294
f 2292/2292 2294/2294 2295/2295
f 2282/2282 2283/2283 2287/2287
f 2282/2282 2287/2287 2286/2286
f 2289/2289 2288/2288 2296/2296
f 2289/2289 2296/2296 2297/2297
f 2295/2295 2294/2294 2291/2291
f 2295/2295 2291/2291 2290/2290
f 2297/2297 2296/2296 2293/2293
f 2297/2297 2293/2293 2292/2292
f 2298/2298 2299/2299 2300/2300
f 2298/2298 2300/2300 2301/2301
f 2302/2302 2298/2298 2301/2301
f 2302/2302 2301/2301 2303/2303
f 2304/2304 2302/2302 2303/2303
f 2304/2304 2303/2303 2305/2305
f 2306/2306 2307/2307 2308/2308
f 2306/2306 2308/2308 2309/2309
f 2307/2307 2310/2310 2311/2311
f 2307/2307 2311/2311 2308/2308
f 2310/2310 2312/2312 2313/2313
f 2310/2310 2313/2313 2311/2311
f 2312/2312 2304/2304 2305/2305
f 2312/2312 2305/2305 2313/2313
f 2314/2314 2315/2315 2300/2300
f 2314/2314 2300/2300 2299/2299
f 2316/2316 2317/2317 2315/2315
f 2316/2316 2315/2315 2314/2314
f 2318/2318 2319/2319 2317/2317
f 2318/2318 2317/2317 2316/2316
f 2306/2306 2309/2309 2320/2320
f 2306/2306 2320/2320 2321/2321
f 2321/2321 2320/2320 2322/2322
f 2321/2321 2322/2322 2323/2323
f 2323/2323 2322/2322 2324/2324
f 2323/2323 2324/2324 2325/2325
f 2325/2325 2324/2324 2319/2319
f 2325/2325 2319/2319 2318/2318
f 2326/2326 2327/2327 2328/2328
f 2326/2326 2328/2328 2329/2329
f 2330/2330 2331/2331 2332/2332
f 2330/2330 2332/2332 2333/2333
f 2334/2334 2333/2333 2332/2332
f 2334/2334 2332/2332 2335/2335
f 2336/2336 2337/2337 2338/2338
f 2336/2336 2338/2338 2339/2339
f 2339/2339 2338/2338 2333/2333
f 2339/2339 2333/2333 2334/2334
f 2340/2340 2341/2341 2338/2338
f 2340/2340 2338/2338 2337/2337
f 2341/2341 2330/2330 2333/2333
f 2341/2341 2333/2333 2338/2338
f 2342/2342 2343/2343 2344/2344
f 2342/2342 2344/2344 2345/2345
f 2343/2343 2346/2346 2347/2347
f 2343/2343 2347/2347 2344/2344
f 2345/2345 2344/2344 2348/2348
f 2345/2345 2348/2348 2349/2349
f 2344/2344 2347/2347 2350/2350
f 2344/2344 2350/2350 2348/2348
f 2349/2349 2348/2348 2351/2351
f 2349/2349 2351/2351 2352/2352
f 2348/2348 2350/2350 2353/2353
f 2348/2348 2353/2353 2351/2351
f 2352/2352 2351/2351 2354/2354
f 2352/2352 2354/2354 2355/2355
f 2351/2351 2353/2353 2356/2356
f 2351/2351 2356/2356 2354/2354
f 2355/2355 2354/2354 2357/2357
f 2355/2355 2357/2357 2358/2358
f 2354/2354 2356/2356 2359/2359
f 2354/2354 2359/2359 2357/2357
f 2358/2358 2357/2357 1563/1563
f 2358/2358 1563/1563 1562/1562
f 2357/2357 2359/2359 2360/2360
f 2357/2357 2360/2360 1563/1563
f 1563/1563 2360/2360 2361/2361
f 1563/1563 2361/2361 1564/1564
f 2362/2362 2363/2363 2364/2364
f 2362/2362 2364/2364 2365/2365
f 1564/1564 2361/2361 2366/2366
f 1564/1564 2366/2366 2367/2367
f 1562/1562 1564/1564 2367/2367
f 1562/1562 2367/2367 1565/1565
f 1566/1566 1565/1565 2368/2368
f 1566/1566 2368/2368 2369/2369
f 2369/2369 2368/2368 2370/2370
f 2369/2369 2370/2370 2371/2371
f 2372/2372 2358/2358 1562/1562
f 2372/2372 1562/1562 1566/1566
f 2373/2373 2355/2355 2358/2358
f 2373/2373 2358/2358 2372/2372
f 2374/2374 2352/2352 2355/2355
f 2374/2374 2355/2355 2373/2373
f 2375/2375 2349/2349 2352/2352
f 2375/2375 2352/2352 2374/2374
f 2376/2376 2345/2345 2349/2349
f 2376/2376 2349/2349 2375/2375
f 2377/2377 2342/2342 2345/2345
f 2377/2377 2345/2345 2376/2376
f 2378/2378 2379/2379 2330/2330
f 2378/2378 2330/2330 2341/2341
f 2380/2380 2378/2378 2341/2341
f 2380/2380 2341/2341 2340/2340
f 2379/2379 2381/2381 2331/2331
f 2379/2379 2331/2331 2330/2330
f 2382/2382 2383/2383 2384/2384
f 2382/2382 2384/2384 2385/2385
f 2386/2386 2387/2387 2388/2388
f 2386/2386 2388/2388 2389/2389
f 2390/2390 2391/2391 2392/2392
f 2390/2390 2392/2392 2393/2393
f 2393/2393 2392/2392 2394/2394
f 2393/2393 2394/2394 2395/2395
f 2396/2396 2395/2395 2394/2394
f 2396/2396 2394/2394 2397/2397
f 2335/2335 2332/2332 2395/2395
f 2335/2335 2395/2395 2396/2396
f 2331/2331 2393/2393 2395/2395
f 2331/2331 2395/2395 2332/2332
f 2381/2381 2390/2390 2393/2393
f 2381/2381 2393/2393 2331/2331
f 2367/2367 2366/2366 2363/2363
f 2367/2367 2363/2363 2362/2362
f 1578/1578 1577/1577 2398/2398
f 1578/1578 2398/2398 2399/2399
f 2360/2360 2359/2359 2400/2400
f 2360/2360 2400/2400 2401/2401
f 2353/2353 2350/2350 2402/2402
f 2353/2353 2402/2402 2403/2403
f 2336/2336 2339/2339 2404/2404
f 2336/2336 2404/2404 2405/2405
f 2339/2339 2334/2334 2406/2406
f 2339/2339 2406/2406 2404/2404
f 2361/2361 2360/2360 2401/2401
f 2361/2361 2401/2401 2407/2407
f 2334/2334 2335/2335 2408/2408
f 2334/2334 2408/2408 2406/2406
f 2350/2350 2347/2347 2409/2409
f 2350/2350 2409/2409 2402/2402
f 2359/2359 2356/2356 2410/2410
f 2359/2359 2410/2410 2400/2400
f 2396/2396 2397/2397 2411/2411
f 2396/2396 2411/2411 2412/2412
f 2366/2366 2361/2361 2407/2407
f 2366/2366 2407/2407 2413/2413
f 2363/2363 2366/2366 2413/2413
f 2363/2363 2413/2413 2414/2414
f 2347/2347 2346/2346 2415/2415
f 2347/2347 2415/2415 2409/2409
f 2356/2356 2353/2353 2403/2403
f 2356/2356 2403/2403 2410/2410
f 2335/2335 2396/2396 2412/2412
f 2335/2335 2412/2412 2408/2408
f 2363/2363 2414/2414 2416/2416
f 2363/2363 2416/2416 2364/2364
f 2326/2326 2329/2329 2417/2417
f 2326/2326 2417/2417 2418/2418
f 2419/2419 2420/2420 2411/2411
f 2419/2419 2411/2411 2418/2418
f 2421/2421 2422/2422 2423/2423
f 2421/2421 2423/2423 2424/2424
f 2425/2425 2421/2421 2424/2424
f 2425/2425 2424/2424 2426/2426
f 2427/2427 2428/2428 2429/2429
f 2427/2427 2429/2429 2430/2430
f 2428/2428 2425/2425 2426/2426
f 2428/2428 2426/2426 2429/2429
f 1582/1582 2431/2431 2432/2432
f 1582/1582 2432/2432 1580/1580
f 2433/2433 1582/1582 1581/1581
f 2433/2433 1581/1581 2434/2434
f 2435/2435 2433/2433 2434/2434
f 2435/2435 2434/2434 2436/2436
f 2437/2437 2427/2427 2430/2430
f 2437/2437 2430/2430 2438/2438
f 2422/2422 2435/2435 2436/2436
f 2422/2422 2436/2436 2423/2423
f 2439/2439 2440/2440 2419/2419
f 2439/2439 2419/2419 2441/2441
f 2410/2410 2403/2403 2442/2442
f 2410/2410 2442/2442 2443/2443
f 2414/2414 2413/2413 2444/2444
f 2414/2414 2444/2444 2445/2445
f 2403/2403 2402/2402 2446/2446
f 2403/2403 2446/2446 2442/2442
f 2408/2408 2412/2412 2447/2447
f 2408/2408 2447/2447 2448/2448
f 2402/2402 2409/2409 2449/2449
f 2402/2402 2449/2449 2446/2446
f 2412/2412 2411/2411 2420/2420
f 2412/2412 2420/2420 2447/2447
f 2409/2409 2415/2415 2450/2450
f 2409/2409 2450/2450 2449/2449
f 2407/2407 2401/2401 2451/2451
f 2407/2407 2451/2451 2452/2452
f 2404/2404 2406/2406 2453/2453
f 2404/2404 2453/2453 2454/2454
f 2413/2413 2407/2407 2452/2452
f 2413/2413 2452/2452 2444/2444
f 2405/2405 2404/2404 2454/2454
f 2405/2405 2454/2454 2455/2455
f 2401/2401 2400/2400 2456/2456
f 2401/2401 2456/2456 2451/2451
f 2406/2406 2408/2408 2448/2448
f 2406/2406 2448/2448 2453/2453
f 2400/2400 2410/2410 2443/2443
f 2400/2400 2443/2443 2456/2456
f 2445/2445 2457/2457 2416/2416
f 2445/2445 2416/2416 2414/2414
f 2458/2458 2459/2459 2460/2460
f 2458/2458 2460/2460 1573/1573
f 2461/2461 2389/2389 2390/2390
f 2461/2461 2390/2390 2381/2381
f 2389/2389 2388/2388 2391/2391
f 2389/2389 2391/2391 2390/2390
f 2462/2462 2463/2463 2383/2383
f 2462/2462 2383/2383 2382/2382
f 2464/2464 2461/2461 2381/2381
f 2464/2464 2381/2381 2379/2379
f 2465/2465 2466/2466 2378/2378
f 2465/2465 2378/2378 2380/2380
f 2466/2466 2464/2464 2379/2379
f 2466/2466 2379/2379 2378/2378
f 2459/2459 2377/2377 2376/2376
f 2459/2459 2376/2376 2460/2460
f 2460/2460 2376/2376 2375/2375
f 2460/2460 2375/2375 2467/2467
f 2467/2467 2375/2375 2374/2374
f 2467/2467 2374/2374 2468/2468
f 2468/2468 2374/2374 2373/2373
f 2468/2468 2373/2373 2469/2469
f 2469/2469 2373/2373 2372/2372
f 2469/2469 2372/2372 2470/2470
f 2470/2470 2372/2372 1566/1566
f 2470/2470 1566/1566 2471/2471
f 2472/2472 2369/2369 2371/2371
f 2472/2472 2371/2371 2473/2473
f 2471/2471 1566/1566 2369/2369
f 2471/2471 2369/2369 2472/2472
f 2474/2474 2475/2475 2461/2461
f 2474/2474 2461/2461 2464/2464
f 2476/2476 2471/2471 2472/2472
f 2476/2476 2472/2472 2477/2477
f 2478/2478 2470/2470 2471/2471
f 2478/2478 2471/2471 2476/2476
f 2479/2479 2469/2469 2470/2470
f 2479/2479 2470/2470 2478/2478
f 2480/2480 2468/2468 2469/2469
f 2480/2480 2469/2469 2479/2479
f 1572/1572 2467/2467 2468/2468
f 1572/1572 2468/2468 2480/2480
f 2481/2481 2482/2482 2463/2463
f 2481/2481 2463/2463 2462/2462
f 1573/1573 2460/2460 2467/2467
f 1573/1573 2467/2467 1572/1572
f 2475/2475 2386/2386 2389/2389
f 2475/2475 2389/2389 2461/2461
f 2477/2477 2472/2472 2473/2473
f 2477/2477 2473/2473 2483/2483
f 2484/2484 2474/2474 2464/2464
f 2484/2484 2464/2464 2466/2466
f 2485/2485 1575/1575 1574/1574
f 2485/2485 1574/1574 2486/2486
f 1574/1574 1576/1576 2482/2482
f 1574/1574 2482/2482 2481/2481
f 2487/2487 2488/2488 2489/2489
f 2487/2487 2489/2489 2490/2490
f 2490/2490 2489/2489 2475/2475
f 2490/2490 2475/2475 2474/2474
f 1569/1569 1568/1568 2484/2484
f 1569/1569 2484/2484 2491/2491
f 1567/1567 2487/2487 2490/2490
f 1567/1567 2490/2490 1568/1568
f 1568/1568 2490/2490 2474/2474
f 1568/1568 2474/2474 2484/2484
f 2492/2492 1571/1571 1570/1570
f 2492/2492 1570/1570 2493/2493
f 2494/2494 2493/2493 1570/1570
f 2494/2494 1570/1570 2495/2495
f 2495/2495 1570/1570 1572/1572
f 2495/2495 1572/1572 2480/2480
f 2496/2496 2494/2494 2495/2495
f 2496/2496 2495/2495 2497/2497
f 2497/2497 2495/2495 2480/2480
f 2497/2497 2480/2480 2479/2479
f 2498/2498 2496/2496 2497/2497
f 2498/2498 2497/2497 2499/2499
f 2499/2499 2497/2497 2479/2479
f 2499/2499 2479/2479 2478/2478
f 2398/2398 2498/2498 2499/2499
f 2398/2398 2499/2499 2399/2399
f 2399/2399 2499/2499 2478/2478
f 2399/2399 2478/2478 2476/2476
f 1578/1578 2399/2399 2476/2476
f 1578/1578 2476/2476 2477/2477
f 2500/2500 2485/2485 2486/2486
f 2500/2500 2486/2486 2501/2501
f 2501/2501 2486/2486 2387/2387
f 2501/2501 2387/2387 2386/2386
f 1579/1579 1578/1578 2477/2477
f 1579/1579 2477/2477 2483/2483
f 2488/2488 2500/2500 2501/2501
f 2488/2488 2501/2501 2489/2489
f 2489/2489 2501/2501 2386/2386
f 2489/2489 2386/2386 2475/2475
f 2491/2491 2484/2484 2466/2466
f 2491/2491 2466/2466 2465/2465
f 1573/1573 1571/1571 2492/2492
f 1573/1573 2492/2492 2458/2458
f 2486/2486 1574/1574 2481/2481
f 2486/2486 2481/2481 2387/2387
f 2387/2387 2481/2481 2462/2462
f 2387/2387 2462/2462 2388/2388
f 2388/2388 2462/2462 2382/2382
f 2388/2388 2382/2382 2391/2391
f 2391/2391 2382/2382 2385/2385
f 2391/2391 2385/2385 2392/2392
f 2437/2437 2502/2502 2457/2457
f 2437/2437 2457/2457 2445/2445
f 2443/2443 2442/2442 2435/2435
f 2443/2443 2435/2435 2422/2422
f 2445/2445 2444/2444 2427/2427
f 2445/2445 2427/2427 2437/2437
f 2442/2442 2446/2446 2433/2433
f 2442/2442 2433/2433 2435/2435
f 2448/2448 2447/2447 2503/2503
f 2448/2448 2503/2503 2504/2504
f 2446/2446 2449/2449 1582/1582
f 2446/2446 1582/1582 2433/2433
f 2447/2447 2420/2420 2505/2505
f 2447/2447 2505/2505 2503/2503
f 2449/2449 2450/2450 2431/2431
f 2449/2449 2431/2431 1582/1582
f 2452/2452 2451/2451 2425/2425
f 2452/2452 2425/2425 2428/2428
f 2454/2454 2453/2453 2506/2506
f 2454/2454 2506/2506 2507/2507
f 2444/2444 2452/2452 2428/2428
f 2444/2444 2428/2428 2427/2427
f 2505/2505 2420/2420 2419/2419
f 2505/2505 2419/2419 2440/2440
f 2451/2451 2456/2456 2421/2421
f 2451/2451 2421/2421 2425/2425
f 2453/2453 2448/2448 2504/2504
f 2453/2453 2504/2504 2506/2506
f 2456/2456 2443/2443 2422/2422
f 2456/2456 2422/2422 2421/2421
f 2508/2508 2509/2509 2440/2440
f 2508/2508 2440/2440 2439/2439
f 2502/2502 2437/2437 2438/2438
f 2502/2502 2438/2438 2510/2510
f 2441/2441 2419/2419 2418/2418
f 2441/2441 2418/2418 2417/2417
f 2397/2397 2326/2326 2418/2418
f 2397/2397 2418/2418 2411/2411
f 2397/2397 2394/2394 2327/2327
f 2397/2397 2327/2327 2326/2326
f 2440/2440 2509/2509 2511/2511
f 2440/2440 2511/2511 2505/2505
f 2504/2504 2503/2503 2512/2512
f 2504/2504 2512/2512 2513/2513
f 2454/2454 2507/2507 2514/2514
f 2454/2454 2514/2514 2455/2455
f 2507/2507 2506/2506 2515/2515
f 2507/2507 2515/2515 2516/2516
f 2503/2503 2505/2505 2511/2511
f 2503/2503 2511/2511 2512/2512
f 2506/2506 2504/2504 2513/2513
f 2506/2506 2513/2513 2515/2515
f 2507/2507 2516/2516 2517/2517
f 2507/2507 2517/2517 2514/2514
f 2518/2518 2519/2519 2520/2520
f 2518/2518 2520/2520 2521/2521
f 2522/2522 2523/2523 2524/2524
f 2522/2522 2524/2524 2525/2525
f 2526/2526 2527/2527 2524/2524
f 2526/2526 2524/2524 2523/2523
f 2528/2528 2529/2529 2530/2530
f 2528/2528 2530/2530 2531/2531
f 2529/2529 2526/2526 2523/2523
f 2529/2529 2523/2523 2530/2530
f 2532/2532 2531/2531 2530/2530
f 2532/2532 2530/2530 2533/2533
f 2533/2533 2530/2530 2523/2523
f 2533/2533 2523/2523 2522/2522
f 2534/2534 2535/2535 2536/2536
f 2534/2534 2536/2536 2537/2537
f 2537/2537 2536/2536 2538/2538
f 2537/2537 2538/2538 2539/2539
f 2535/2535 2540/2540 2541/2541
f 2535/2535 2541/2541 2536/2536
f 2536/2536 2541/2541 2542/2542
f 2536/2536 2542/2542 2538/2538
f 2540/2540 2543/2543 2544/2544
f 2540/2540 2544/2544 2541/2541
f 2541/2541 2544/2544 2545/2545
f 2541/2541 2545/2545 2542/2542
f 2543/2543 2546/2546 2547/2547
f 2543/2543 2547/2547 2544/2544
f 2544/2544 2547/2547 2548/2548
f 2544/2544 2548/2548 2545/2545
f 2546/2546 2549/2549 2550/2550
f 2546/2546 2550/2550 2547/2547
f 2547/2547 2550/2550 2551/2551
f 2547/2547 2551/2551 2548/2548
f 2549/2549 1583/1583 1585/1585
f 2549/2549 1585/1585 2550/2550
f 2550/2550 1585/1585 2552/2552
f 2550/2550 2552/2552 2551/2551
f 1585/1585 1584/1584 2553/2553
f 1585/1585 2553/2553 2552/2552
f 2554/2554 2555/2555 2556/2556
f 2554/2554 2556/2556 2557/2557
f 1584/1584 2558/2558 2559/2559
f 1584/1584 2559/2559 2553/2553
f 1583/1583 1586/1586 2558/2558
f 1583/1583 2558/2558 1584/1584
f 1587/1587 2560/2560 2561/2561
f 1587/1587 2561/2561 1586/1586
f 2560/2560 2562/2562 2563/2563
f 2560/2560 2563/2563 2561/2561
f 2564/2564 1587/1587 1583/1583
f 2564/2564 1583/1583 2549/2549
f 2565/2565 2564/2564 2549/2549
f 2565/2565 2549/2549 2546/2546
f 2566/2566 2565/2565 2546/2546
f 2566/2566 2546/2546 2543/2543
f 2567/2567 2566/2566 2543/2543
f 2567/2567 2543/2543 2540/2540
f 2568/2568 2567/2567 2540/2540
f 2568/2568 2540/2540 2535/2535
f 2569/2569 2568/2568 2535/2535
f 2569/2569 2535/2535 2534/2534
f 2570/2570 2533/2533 2522/2522
f 2570/2570 2522/2522 2571/2571
f 2572/2572 2532/2532 2533/2533
f 2572/2572 2533/2533 2570/2570
f 2571/2571 2522/2522 2525/2525
f 2571/2571 2525/2525 2573/2573
f 2574/2574 2575/2575 2576/2576
f 2574/2574 2576/2576 2577/2577
f 2578/2578 2579/2579 2580/2580
f 2578/2578 2580/2580 2581/2581
f 2582/2582 2583/2583 2584/2584
f 2582/2582 2584/2584 2585/2585
f 2583/2583 2586/2586 2587/2587
f 2583/2583 2587/2587 2584/2584
f 2588/2588 2589/2589 2587/2587
f 2588/2588 2587/2587 2586/2586
f 2527/2527 2588/2588 2586/2586
f 2527/2527 2586/2586 2524/2524
f 2525/2525 2524/2524 2586/2586
f 2525/2525 2586/2586 2583/2583
f 2573/2573 2525/2525 2583/2583
f 2573/2573 2583/2583 2582/2582
f 2558/2558 2554/2554 2557/2557
f 2558/2558 2557/2557 2559/2559
f 1600/1600 2590/2590 2591/2591
f 1600/1600 2591/2591 1598/1598
f 2552/2552 2592/2592 2593/2593
f 2552/2552 2593/2593 2551/2551
f 2545/2545 2594/2594 2595/2595
f 2545/2545 2595/2595 2542/2542
f 2528/2528 2596/2596 2597/2597
f 2528/2528 2597/2597 2529/2529
f 2529/2529 2597/2597 2598/2598
f 2529/2529 2598/2598 2526/2526
f 2553/2553 2599/2599 2592/2592
f 2553/2553 2592/2592 2552/2552
f 2526/2526 2598/2598 2600/2600
f 2526/2526 2600/2600 2527/2527
f 2542/2542 2595/2595 2601/2601
f 2542/2542 2601/2601 2538/2538
f 2551/2551 2593/2593 2602/2602
f 2551/2551 2602/2602 2548/2548
f 2588/2588 2603/2603 2604/2604
f 2588/2588 2604/2604 2589/2589
f 2559/2559 2605/2605 2599/2599
f 2559/2559 2599/2599 2553/2553
f 2557/2557 2606/2606 2605/2605
f 2557/2557 2605/2605 2559/2559
f 2538/2538 2601/2601 2607/2607
f 2538/2538 2607/2607 2539/2539
f 2548/2548 2602/2602 2594/2594
f 2548/2548 2594/2594 2545/2545
f 2527/2527 2600/2600 2603/2603
f 2527/2527 2603/2603 2588/2588
f 2557/2557 2556/2556 2608/2608
f 2557/2557 2608/2608 2606/2606
f 2518/2518 2609/2609 2610/2610
f 2518/2518 2610/2610 2519/2519
f 2611/2611 2609/2609 2604/2604
f 2611/2611 2604/2604 2612/2612
f 2613/2613 2614/2614 2615/2615
f 2613/2613 2615/2615 2616/2616
f 2617/2617 2618/2618 2614/2614
f 2617/2617 2614/2614 2613/2613
f 2619/2619 2620/2620 2621/2621
f 2619/2619 2621/2621 2622/2622
f 2622/2622 2621/2621 2618/2618
f 2622/2622 2618/2618 2617/2617
f 1602/1602 1601/1601 2623/2623
f 1602/1602 2623/2623 2624/2624
f 2625/2625 2626/2626 1603/1603
f 2625/2625 1603/1603 1602/1602
f 2627/2627 2628/2628 2626/2626
f 2627/2627 2626/2626 2625/2625
f 2629/2629 2630/2630 2620/2620
f 2629/2629 2620/2620 2619/2619
f 2616/2616 2615/2615 2628/2628
f 2616/2616 2628/2628 2627/2627
f 2631/2631 2632/2632 2611/2611
f 2631/2631 2611/2611 2633/2633
f 2602/2602 2634/2634 2635/2635
f 2602/2602 2635/2635 2594/2594
f 2606/2606 2636/2636 2637/2637
f 2606/2606 2637/2637 2605/2605
f 2594/2594 2635/2635 2638/2638
f 2594/2594 2638/2638 2595/2595
f 2600/2600 2639/2639 2640/2640
f 2600/2600 2640/2640 2603/2603
f 2595/2595 2638/2638 2641/2641
f 2595/2595 2641/2641 2601/2601
f 2603/2603 2640/2640 2612/2612
f 2603/2603 2612/2612 2604/2604
f 2601/2601 2641/2641 2642/2642
f 2601/2601 2642/2642 2607/2607
f 2599/2599 2643/2643 2644/2644
f 2599/2599 2644/2644 2592/2592
f 2597/2597 2645/2645 2646/2646
f 2597/2597 2646/2646 2598/2598
f 2605/2605 2637/2637 2643/2643
f 2605/2605 2643/2643 2599/2599
f 2596/2596 2647/2647 2645/2645
f 2596/2596 2645/2645 2597/2597
f 2592/2592 2644/2644 2648/2648
f 2592/2592 2648/2648 2593/2593
f 2598/2598 2646/2646 2639/2639
f 2598/2598 2639/2639 2600/2600
f 2593/2593 2648/2648 2634/2634
f 2593/2593 2634/2634 2602/2602
f 2636/2636 2606/2606 2608/2608
f 2636/2636 2608/2608 2649/2649
f 2650/2650 1594/1594 2651/2651
f 2650/2650 2651/2651 2652/2652
f 2653/2653 2573/2573 2582/2582
f 2653/2653 2582/2582 2579/2579
f 2579/2579 2582/2582 2585/2585
f 2579/2579 2585/2585 2580/2580
f 2654/2654 2574/2574 2577/2577
f 2654/2654 2577/2577 2655/2655
f 2656/2656 2571/2571 2573/2573
f 2656/2656 2573/2573 2653/2653
f 2657/2657 2572/2572 2570/2570
f 2657/2657 2570/2570 2658/2658
f 2658/2658 2570/2570 2571/2571
f 2658/2658 2571/2571 2656/2656
f 2652/2652 2651/2651 2568/2568
f 2652/2652 2568/2568 2569/2569
f 2651/2651 2659/2659 2567/2567
f 2651/2651 2567/2567 2568/2568
f 2659/2659 2660/2660 2566/2566
f 2659/2659 2566/2566 2567/2567
f 2660/2660 2661/2661 2565/2565
f 2660/2660 2565/2565 2566/2566
f 2661/2661 2662/2662 2564/2564
f 2661/2661 2564/2564 2565/2565
f 2662/2662 2663/2663 1587/1587
f 2662/2662 1587/1587 2564/2564
f 2664/2664 2665/2665 2562/2562
f 2664/2664 2562/2562 2560/2560
f 2663/2663 2664/2664 2560/2560
f 2663/2663 2560/2560 1587/1587
f 2666/2666 2656/2656 2653/2653
f 2666/2666 2653/2653 2667/2667
f 2668/2668 2669/2669 2664/2664
f 2668/2668 2664/2664 2663/2663
f 2670/2670 2668/2668 2663/2663
f 2670/2670 2663/2663 2662/2662
f 2671/2671 2670/2670 2662/2662
f 2671/2671 2662/2662 2661/2661
f 2672/2672 2671/2671 2661/2661
f 2672/2672 2661/2661 2660/2660
f 1592/1592 2672/2672 2660/2660
f 1592/1592 2660/2660 2659/2659
f 2673/2673 2654/2654 2655/2655
f 2673/2673 2655/2655 2674/2674
f 1594/1594 1592/1592 2659/2659
f 1594/1594 2659/2659 2651/2651
f 2667/2667 2653/2653 2579/2579
f 2667/2667 2579/2579 2578/2578
f 2669/2669 2675/2675 2665/2665
f 2669/2669 2665/2665 2664/2664
f 2676/2676 2658/2658 2656/2656
f 2676/2676 2656/2656 2666/2666
f 2677/2677 2678/2678 1595/1595
f 2677/2677 1595/1595 1597/1597
f 1595/1595 2673/2673 2674/2674
f 1595/1595 2674/2674 1596/1596
f 2679/2679 2680/2680 2681/2681
f 2679/2679 2681/2681 2682/2682
f 2680/2680 2666/2666 2667/2667
f 2680/2680 2667/2667 2681/2681
f 1589/1589 2683/2683 2676/2676
f 1589/1589 2676/2676 1590/1590
f 1588/1588 1590/1590 2680/2680
f 1588/1588 2680/2680 2679/2679
f 1590/1590 2676/2676 2666/2666
f 1590/1590 2666/2666 2680/2680
f 2684/2684 2685/2685 1591/1591
f 2684/2684 1591/1591 1593/1593
f 2686/2686 2687/2687 1591/1591
f 2686/2686 1591/1591 2685/2685
f 2687/2687 2672/2672 1592/1592
f 2687/2687 1592/1592 1591/1591
f 2688/2688 2689/2689 2687/2687
f 2688/2688 2687/2687 2686/2686
f 2689/2689 2671/2671 2672/2672
f 2689/2689 2672/2672 2687/2687
f 2690/2690 2691/2691 2689/2689
f 2690/2690 2689/2689 2688/2688
f 2691/2691 2670/2670 2671/2671
f 2691/2691 2671/2671 2689/2689
f 2591/2591 2590/2590 2691/2691
f 2591/2591 2691/2691 2690/2690
f 2590/2590 2668/2668 2670/2670
f 2590/2590 2670/2670 2691/2691
f 1600/1600 2669/2669 2668/2668
f 1600/1600 2668/2668 2590/2590
f 2692/2692 2693/2693 2678/2678
f 2692/2692 2678/2678 2677/2677
f 2693/2693 2578/2578 2581/2581
f 2693/2693 2581/2581 2678/2678
f 1599/1599 2675/2675 2669/2669
f 1599/1599 2669/2669 1600/1600
f 2682/2682 2681/2681 2693/2693
f 2682/2682 2693/2693 2692/2692
f 2681/2681 2667/2667 2578/2578
f 2681/2681 2578/2578 2693/2693
f 2683/2683 2657/2657 2658/2658
f 2683/2683 2658/2658 2676/2676
f 1594/1594 2650/2650 2684/2684
f 1594/1594 2684/2684 1593/1593
f 2678/2678 2581/2581 2673/2673
f 2678/2678 2673/2673 1595/1595
f 2581/2581 2580/2580 2654/2654
f 2581/2581 2654/2654 2673/2673
f 2580/2580 2585/2585 2574/2574
f 2580/2580 2574/2574 2654/2654
f 2585/2585 2584/2584 2575/2575
f 2585/2585 2575/2575 2574/2574
f 2629/2629 2636/2636 2649/2649
f 2629/2629 2649/2649 2694/2694
f 2634/2634 2616/2616 2627/2627
f 2634/2634 2627/2627 2635/2635
f 2636/2636 2629/2629 2619/2619
f 2636/2636 2619/2619 2637/2637
f 2635/2635 2627/2627 2625/2625
f 2635/2635 2625/2625 2638/2638
f 2639/2639 2695/2695 2696/2696
f 2639/2639 2696/2696 2640/2640
f 2638/2638 2625/2625 1602/1602
f 2638/2638 1602/1602 2641/2641
f 2640/2640 2696/2696 2697/2697
f 2640/2640 2697/2697 2612/2612
f 2641/2641 1602/1602 2624/2624
f 2641/2641 2624/2624 2642/2642
f 2643/2643 2622/2622 2617/2617
f 2643/2643 2617/2617 2644/2644
f 2645/2645 2698/2698 2699/2699
f 2645/2645 2699/2699 2646/2646
f 2637/2637 2619/2619 2622/2622
f 2637/2637 2622/2622 2643/2643
f 2697/2697 2633/2633 2611/2611
f 2697/2697 2611/2611 2612/2612
f 2644/2644 2617/2617 2613/2613
f 2644/2644 2613/2613 2648/2648
f 2646/2646 2699/2699 2695/2695
f 2646/2646 2695/2695 2639/2639
f 2648/2648 2613/2613 2616/2616
f 2648/2648 2616/2616 2634/2634
f 2700/2700 2631/2631 2633/2633
f 2700/2700 2633/2633 2701/2701
f 2694/2694 2702/2702 2630/2630
f 2694/2694 2630/2630 2629/2629
f 2632/2632 2610/2610 2609/2609
f 2632/2632 2609/2609 2611/2611
f 2589/2589 2604/2604 2609/2609
f 2589/2589 2609/2609 2518/2518
f 2589/2589 2518/2518 2521/2521
f 2589/2589 2521/2521 2587/2587
f 2703/2703 2704/2704 2705/2705
f 2703/2703 2705/2705 2706/2706
f 2633/2633 2697/2697 2707/2707
f 2633/2633 2707/2707 2701/2701
f 2695/2695 2708/2708 2709/2709
f 2695/2695 2709/2709 2696/2696
f 2645/2645 2647/2647 2710/2710
f 2645/2645 2710/2710 2698/2698
f 2698/2698 2711/2711 2712/2712
f 2698/2698 2712/2712 2699/2699
f 2696/2696 2709/2709 2707/2707
f 2696/2696 2707/2707 2697/2697
f 2699/2699 2712/2712 2708/2708
f 2699/2699 2708/2708 2695/2695
f 2698/2698 2710/2710 2713/2713
f 2698/2698 2713/2713 2711/2711
f 2714/2714 2715/2715 2716/2716
f 2714/2714 2716/2716 2717/2717
f 1606/1606 1605/1605 2718/2718
f 1606/1606 2718/2718 2719/2719
f 1608/1608 1607/1607 2720/2720
f 1608/1608 2720/2720 2721/2721
f 1611/1611 2722/2722 2723/2723
f 1611/1611 2723/2723 1612/1612
f 1615/1615 2724/2724 2725/2725
f 1615/1615 2725/2725 1613/1613
f 2726/2726 2727/2727 2728/2728
f 2726/2726 2728/2728 2729/2729
f 2730/2730 2731/2731 2732/2732
f 2730/2730 2732/2732 2726/2726
f 2733/2733 2734/2734 2735/2735
f 2733/2733 2735/2735 2736/2736
f 2737/2737 2736/2736 2735/2735
f 2737/2737 2735/2735 2738/2738
f 2739/2739 2740/2740 2736/2736
f 2739/2739 2736/2736 2737/2737
f 2741/2741 2733/2733 2736/2736
f 2741/2741 2736/2736 2740/2740
f 2742/2742 2728/2728 2743/2743
f 2742/2742 2743/2743 2744/2744
f 2727/2727 2741/2741 2740/2740
f 2727/2727 2740/2740 2745/2745
f 2746/2746 2743/2743 2745/2745
f 2746/2746 2745/2745 2747/2747
f 2747/2747 2745/2745 2740/2740
f 2747/2747 2740/2740 2739/2739
f 2748/2748 2749/2749 2750/2750
f 2748/2748 2750/2750 2751/2751
f 2752/2752 2753/2753 2754/2754
f 2752/2752 2754/2754 2755/2755
f 2756/2756 2757/2757 2732/2732
f 2756/2756 2732/2732 2731/2731
f 2757/2757 2733/2733 2741/2741
f 2757/2757 2741/2741 2732/2732
f 2758/2758 2748/2748 2751/2751
f 2758/2758 2751/2751 2759/2759
f 2760/2760 2761/2761 2762/2762
f 2760/2760 2762/2762 2763/2763
f 2764/2764 1617/1617 2765/2765
f 2764/2764 2765/2765 2766/2766
f 2766/2766 2765/2765 2761/2761
f 2766/2766 2761/2761 2760/2760
f 2765/2765 2767/2767 2768/2768
f 2765/2765 2768/2768 2761/2761
f 2769/2769 2730/2730 2770/2770
f 2769/2769 2770/2770 2771/2771
f 2761/2761 2768/2768 2772/2772
f 2761/2761 2772/2772 2762/2762
f 2773/2773 2774/2774 2753/2753
f 2773/2773 2753/2753 2775/2775
f 2776/2776 2777/2777 2778/2778
f 2776/2776 2778/2778 2779/2779
f 2780/2780 2781/2781 2774/2774
f 2780/2780 2774/2774 2773/2773
f 2775/2775 2753/2753 2752/2752
f 2775/2775 2752/2752 2782/2782
f 2768/2768 2783/2783 2784/2784
f 2768/2768 2784/2784 2772/2772
f 2753/2753 2774/2774 2785/2785
f 2753/2753 2785/2785 2754/2754
f 2778/2778 2777/2777 2786/2786
f 2778/2778 2786/2786 2787/2787
f 2781/2781 2778/2778 2787/2787
f 2781/2781 2787/2787 2788/2788
f 2783/2783 2775/2775 2782/2782
f 2783/2783 2782/2782 2784/2784
f 1616/1616 2789/2789 2790/2790
f 1616/1616 2790/2790 2767/2767
f 2789/2789 2780/2780 2773/2773
f 2789/2789 2773/2773 2790/2790
f 2791/2791 2792/2792 2793/2793
f 2791/2791 2793/2793 1618/1618
f 2792/2792 2776/2776 2779/2779
f 2792/2792 2779/2779 2793/2793
f 2767/2767 2790/2790 2783/2783
f 2767/2767 2783/2783 2768/2768
f 2790/2790 2773/2773 2775/2775
f 2790/2790 2775/2775 2783/2783
f 2794/2794 2795/2795 2796/2796
f 2794/2794 2796/2796 2797/2797
f 2729/2729 2728/2728 2742/2742
f 2729/2729 2742/2742 2798/2798
f 2743/2743 2728/2728 2727/2727
f 2743/2743 2727/2727 2745/2745
f 2770/2770 2729/2729 2798/2798
f 2770/2770 2798/2798 2799/2799
f 2770/2770 2799/2799 2800/2800
f 2770/2770 2800/2800 2771/2771
f 2801/2801 2744/2744 2743/2743
f 2801/2801 2743/2743 2746/2746
f 2791/2791 1618/1618 1617/1617
f 2791/2791 1617/1617 2764/2764
f 2749/2749 2756/2756 2731/2731
f 2749/2749 2731/2731 2750/2750
f 2770/2770 2730/2730 2726/2726
f 2770/2770 2726/2726 2729/2729
f 2793/2793 2779/2779 2780/2780
f 2793/2793 2780/2780 2789/2789
f 1618/1618 2793/2793 2789/2789
f 1618/1618 2789/2789 1616/1616
f 2774/2774 2781/2781 2788/2788
f 2774/2774 2788/2788 2785/2785
f 2779/2779 2778/2778 2781/2781
f 2779/2779 2781/2781 2780/2780
f 2759/2759 2751/2751 2771/2771
f 2759/2759 2771/2771 2800/2800
f 2732/2732 2741/2741 2727/2727
f 2732/2732 2727/2727 2726/2726
f 2750/2750 2731/2731 2730/2730
f 2750/2750 2730/2730 2769/2769
f 2751/2751 2750/2750 2769/2769
f 2751/2751 2769/2769 2771/2771
f 1617/1617 1616/1616 2767/2767
f 1617/1617 2767/2767 2765/2765
f 2802/2802 2803/2803 2748/2748
f 2802/2802 2748/2748 2758/2758
f 2804/2804 2805/2805 2756/2756
f 2804/2804 2756/2756 2749/2749
f 2806/2806 2734/2734 2733/2733
f 2806/2806 2733/2733 2757/2757
f 2803/2803 2804/2804 2749/2749
f 2803/2803 2749/2749 2748/2748
f 2805/2805 2806/2806 2757/2757
f 2805/2805 2757/2757 2756/2756
f 2807/2807 2808/2808 2809/2809
f 2807/2807 2809/2809 2810/2810
f 2811/2811 2807/2807 2812/2812
f 2811/2811 2812/2812 2813/2813
f 2814/2814 2815/2815 2816/2816
f 2814/2814 2816/2816 2817/2817
f 2818/2818 2819/2819 2816/2816
f 2818/2818 2816/2816 2815/2815
f 2820/2820 2818/2818 2815/2815
f 2820/2820 2815/2815 2821/2821
f 2822/2822 2821/2821 2815/2815
f 2822/2822 2815/2815 2814/2814
f 2823/2823 2824/2824 2825/2825
f 2823/2823 2825/2825 2809/2809
f 2810/2810 2826/2826 2821/2821
f 2810/2810 2821/2821 2822/2822
f 2827/2827 2828/2828 2826/2826
f 2827/2827 2826/2826 2825/2825
f 2828/2828 2820/2820 2821/2821
f 2828/2828 2821/2821 2826/2826
f 2829/2829 2830/2830 2831/2831
f 2829/2829 2831/2831 2832/2832
f 2833/2833 2834/2834 2835/2835
f 2833/2833 2835/2835 2836/2836
f 2837/2837 2813/2813 2812/2812
f 2837/2837 2812/2812 2838/2838
f 2838/2838 2812/2812 2822/2822
f 2838/2838 2822/2822 2814/2814
f 2839/2839 2840/2840 2830/2830
f 2839/2839 2830/2830 2829/2829
f 2841/2841 2842/2842 2843/2843
f 2841/2841 2843/2843 2844/2844
f 2845/2845 2846/2846 2847/2847
f 2845/2845 2847/2847 1621/1621
f 2846/2846 2841/2841 2844/2844
f 2846/2846 2844/2844 2847/2847
f 2847/2847 2844/2844 2848/2848
f 2847/2847 2848/2848 2849/2849
f 2850/2850 2851/2851 2852/2852
f 2850/2850 2852/2852 2811/2811
f 2844/2844 2843/2843 2853/2853
f 2844/2844 2853/2853 2848/2848
f 2854/2854 2855/2855 2836/2836
f 2854/2854 2836/2836 2856/2856
f 2857/2857 2858/2858 2859/2859
f 2857/2857 2859/2859 2860/2860
f 2861/2861 2854/2854 2856/2856
f 2861/2861 2856/2856 2862/2862
f 2855/2855 2863/2863 2833/2833
f 2855/2855 2833/2833 2836/2836
f 2848/2848 2853/2853 2864/2864
f 2848/2848 2864/2864 2865/2865
f 2836/2836 2835/2835 2866/2866
f 2836/2836 2866/2866 2856/2856
f 2859/2859 2867/2867 2868/2868
f 2859/2859 2868/2868 2860/2860
f 2862/2862 2869/2869 2867/2867
f 2862/2862 2867/2867 2859/2859
f 2865/2865 2864/2864 2863/2863
f 2865/2865 2863/2863 2855/2855
f 1619/1619 2849/2849 2870/2870
f 1619/1619 2870/2870 2871/2871
f 2871/2871 2870/2870 2854/2854
f 2871/2871 2854/2854 2861/2861
f 2872/2872 1620/1620 2873/2873
f 2872/2872 2873/2873 2874/2874
f 2874/2874 2873/2873 2858/2858
f 2874/2874 2858/2858 2857/2857
f 2849/2849 2848/2848 2865/2865
f 2849/2849 2865/2865 2870/2870
f 2870/2870 2865/2865 2855/2855
f 2870/2870 2855/2855 2854/2854
f 2875/2875 2876/2876 2795/2795
f 2875/2875 2795/2795 2794/2794
f 2808/2808 2877/2877 2823/2823
f 2808/2808 2823/2823 2809/2809
f 2825/2825 2826/2826 2810/2810
f 2825/2825 2810/2810 2809/2809
f 2852/2852 2878/2878 2877/2877
f 2852/2852 2877/2877 2808/2808
f 2852/2852 2851/2851 2879/2879
f 2852/2852 2879/2879 2878/2878
f 2880/2880 2827/2827 2825/2825
f 2880/2880 2825/2825 2824/2824
f 2872/2872 2845/2845 1621/1621
f 2872/2872 1621/1621 1620/1620
f 2832/2832 2831/2831 2813/2813
f 2832/2832 2813/2813 2837/2837
f 2852/2852 2808/2808 2807/2807
f 2852/2852 2807/2807 2811/2811
f 2873/2873 2871/2871 2861/2861
f 2873/2873 2861/2861 2858/2858
f 1620/1620 1619/1619 2871/2871
f 1620/1620 2871/2871 2873/2873
f 2856/2856 2866/2866 2869/2869
f 2856/2856 2869/2869 2862/2862
f 2858/2858 2861/2861 2862/2862
f 2858/2858 2862/2862 2859/2859
f 2840/2840 2879/2879 2851/2851
f 2840/2840 2851/2851 2830/2830
f 2812/2812 2807/2807 2810/2810
f 2812/2812 2810/2810 2822/2822
f 2831/2831 2850/2850 2811/2811
f 2831/2831 2811/2811 2813/2813
f 2830/2830 2851/2851 2850/2850
f 2830/2830 2850/2850 2831/2831
f 1621/1621 2847/2847 2849/2849
f 1621/1621 2849/2849 1619/1619
f 2881/2881 2839/2839 2829/2829
f 2881/2881 2829/2829 2882/2882
f 2883/2883 2832/2832 2837/2837
f 2883/2883 2837/2837 2884/2884
f 2885/2885 2838/2838 2814/2814
f 2885/2885 2814/2814 2817/2817
f 2882/2882 2829/2829 2832/2832
f 2882/2882 2832/2832 2883/2883
f 2884/2884 2837/2837 2838/2838
f 2884/2884 2838/2838 2885/2885
f 2886/2886 2887/2887 2888/2888
f 2886/2886 2888/2888 2889/2889
f 2890/2890 2891/2891 2892/2892
f 2890/2890 2892/2892 2893/2893
f 2797/2797 2796/2796 2894/2894
f 2797/2797 2894/2894 2895/2895
f 2895/2895 2894/2894 1623/1623
f 2895/2895 1623/1623 1622/1622
f 2896/2896 2897/2897 2898/2898
f 2896/2896 2898/2898 2899/2899
f 2897/2897 2900/2900 2901/2901
f 2897/2897 2901/2901 2898/2898
f 2900/2900 2902/2902 2903/2903
f 2900/2900 2903/2903 2901/2901
f 2902/2902 1625/1625 1627/1627
f 2902/2902 1627/1627 2903/2903
f 2904/2904 2905/2905 2906/2906
f 2904/2904 2906/2906 2907/2907
f 2905/2905 2908/2908 2909/2909
f 2905/2905 2909/2909 2906/2906
f 2910/2910 2911/2911 2912/2912
f 2910/2910 2912/2912 2913/2913
f 2914/2914 2915/2915 2916/2916
f 2914/2914 2916/2916 2917/2917
f 2911/2911 2918/2918 2919/2919
f 2911/2911 2919/2919 2912/2912
f 2920/2920 2914/2914 2917/2917
f 2920/2920 2917/2917 2921/2921
f 2918/2918 2922/2922 2923/2923
f 2918/2918 2923/2923 2919/2919
f 2904/2904 2907/2907 2924/2924
f 2904/2904 2924/2924 2925/2925
f 2925/2925 2924/2924 2926/2926
f 2925/2925 2926/2926 2927/2927
f 2928/2928 2929/2929 2930/2930
f 2928/2928 2930/2930 2931/2931
f 2932/2932 2933/2933 2916/2916
f 2932/2932 2916/2916 2915/2915
f 2931/2931 2930/2930 2934/2934
f 2931/2931 2934/2934 2935/2935
f 2936/2936 2937/2937 2933/2933
f 2936/2936 2933/2933 2932/2932
f 2935/2935 2934/2934 2938/2938
f 2935/2935 2938/2938 2939/2939
o V1_SailplaneGlider_1_Body_VehiclesGeneric_0
usemtl VehiclesGeneric
v -11.98747 -27.15879 0.29924
v -11.90186 -24.45269 0.63982
v -11.84892 -25.22470 0.96207
v -11.50788 -23.66851 2.47720
v -12.21537 -27.11026 -5.58708
v -9.32298 -81.31182 -14.40584
v -10.01394 -81.31182 -10.70387
v -7.45288 -81.31181 -14.40584
v -11.70635 -29.41142 -10.97890
v -9.84336 -29.41142 -10.97890
v -12.21537 -27.11026 -5.58708
v 11.98747 -27.15879 0.29924
v 11.84892 -25.22470 0.96207
v 11.90186 -24.45269 0.63982
v 11.50788 -23.66851 2.47720
v 12.21537 -27.11026 -5.58708
v 9.32298 -81.31182 -14.40584
v 7.45288 -81.31181 -14.40584
v 10.01394 -81.31182 -10.70387
v 11.70635 -29.41142 -10.97890
v 12.21537 -27.11026 -5.58708
v 9.84336 -29.41142 -10.97890
v -4.90078 -65.74160 2.01260
v -4.68265 -65.82669 2.82221
v -4.68265 -65.65651 1.20302
v 1.39002 -64.32017 -10.16949
v 2.02445 -64.30435 -10.31993
v 1.16882 -64.21492 -11.17087
v 1.39002 -64.53289 -8.14552
v 1.16882 -64.63814 -7.14414
v 2.02445 -64.54870 -7.99508
v -8.17346 -65.30178 -2.17207
v -7.89270 -65.41130 -1.13001
v -7.89270 -65.19225 -3.21415
v -3.98222 -65.30177 -2.17207
v -4.26298 -65.19225 -3.21415
v -4.26298 -65.41130 -1.13001
v 1.64459 -65.74160 2.01260
v 1.86272 -65.82669 2.82221
v 1.86272 -65.65651 1.20302
v 4.90079 -65.74160 2.01260
v 4.68266 -65.65650 1.20302
v 4.68266 -65.82668 2.82221
v 3.98223 -65.30177 -2.17207
v 4.26299 -65.41130 -1.13001
v 4.26299 -65.19224 -3.21415
v 8.17347 -65.30177 -2.17207
v 7.89271 -65.19224 -3.21415
v 7.89271 -65.41130 -1.13001
v -1.39002 -64.32017 -10.16949
v -1.16882 -64.21492 -11.17087
v -2.02445 -64.30436 -10.31993
v -1.39002 -64.53289 -8.14552
v -2.02445 -64.54870 -7.99511
v -1.16882 -64.63814 -7.14414
v -1.64458 -65.74160 2.01260
v -1.86271 -65.65651 1.20302
v -1.86271 -65.82669 2.82221
v -11.22250 -67.89442 -5.27972
v -5.37592 -67.89442 -5.27972
v -10.74093 -72.36691 -5.89721
v -11.36146 -65.10947 -4.89630
v -10.58176 -65.10947 -4.89630
v -10.58176 -65.10947 -4.89630
v -10.17612 -65.20226 -4.01355
v -5.37653 -65.10947 -4.89630
v 11.22250 -67.89442 -5.27972
v 10.74093 -72.36691 -5.89721
v 5.37592 -67.89442 -5.27972
v 11.36146 -65.10947 -4.89630
v 10.58176 -65.10947 -4.89630
v 10.58176 -65.10947 -4.89630
v 5.37653 -65.10947 -4.89630
v 10.17612 -65.20226 -4.01355
v -10.67503 -63.23937 -4.63879
v -11.45474 -63.23937 -4.63879
v -11.23430 -63.28781 -4.17792
v 10.67503 -63.23937 -4.63879
v 11.23430 -63.28781 -4.17792
v 11.45474 -63.23937 -4.63879
v 4.20773 -26.12591 -7.53044
v 4.20773 -26.82719 -7.66135
v 4.20773 -22.99612 0.74877
v 4.20773 -23.44138 -7.02929
v -4.20773 -26.12591 -7.53044
v -4.20773 -22.99612 0.74877
v -4.20773 -26.82719 -7.66135
v -4.20773 -23.44138 -7.02929
v -0.46751 -66.12753 4.78998
v 0.00000 -66.14063 4.91458
v -0.40487 -65.89505 4.81442
v 0.00000 -65.94515 3.05471
v -0.46751 -65.95824 3.17931
v -0.40487 -65.72576 3.20374
v -0.23374 -65.72487 4.83230
v -0.23374 -65.55557 3.22162
v 0.00000 -65.66257 4.83885
v 0.00000 -65.49327 3.22817
v 0.46751 -66.12753 4.78998
v 0.40487 -65.89505 4.81442
v 0.40487 -65.72576 3.20374
v 0.46751 -65.95824 3.17931
v 0.23374 -65.72487 4.83230
v 0.23374 -65.55557 3.22162
v -0.55993 -58.90052 -1.74399
v -0.48491 -59.18026 -1.75561
v -0.48491 -58.62080 -1.73235
v 0.55994 -58.90052 -1.74399
v 0.48492 -58.62080 -1.73235
v 0.48492 -59.18026 -1.75561
v 9.86200 -60.96649 0.05121
v 9.91910 -61.24415 0.01126
v 9.91910 -60.68884 0.09118
v 10.71442 -60.96649 0.05121
v 10.65732 -60.68884 0.09118
v 10.65732 -61.24415 0.01126
v 9.58350 -65.19436 -8.42223
v 9.64060 -65.47464 -8.43382
v 9.64060 -64.91410 -8.41061
v 10.43592 -65.19436 -8.42223
v 10.37882 -64.91410 -8.41061
v 10.37882 -65.47464 -8.43382
v 1.77660 -64.86212 -5.90742
v 1.88615 -64.88978 -5.64438
v 1.88615 -64.83449 -6.17044
v 2.52464 -64.86212 -5.90742
v 2.41509 -64.83449 -6.17044
v 2.41509 -64.88978 -5.64438
v -0.76391 -65.49818 -0.07985
v -0.76391 -65.54701 0.38510
v -0.70127 -65.52259 0.15262
v -1.57369 -65.54701 0.38510
v -1.57369 -65.49818 -0.07985
v -1.63632 -65.52259 0.15262
v -0.40491 -65.54701 0.38510
v -0.40491 -65.49818 -0.07985
v -0.46755 -65.52259 0.15262
v 0.40487 -65.49818 -0.07985
v 0.40487 -65.54701 0.38510
v 0.46751 -65.52259 0.15262
v 1.44933 -64.86212 -5.90742
v 1.33978 -64.83449 -6.17044
v 1.33978 -64.88978 -5.64438
v 0.70129 -64.86212 -5.90742
v 0.81084 -64.88978 -5.64438
v 0.81084 -64.83449 -6.17044
v 0.37402 -64.86212 -5.90742
v 0.26447 -64.83449 -6.17044
v 0.26447 -64.88978 -5.64438
v -0.37402 -64.86212 -5.90742
v -0.26447 -64.88978 -5.64438
v -0.26447 -64.83449 -6.17044
v -0.70129 -64.86212 -5.90742
v -0.81084 -64.83449 -6.17044
v -0.81084 -64.88978 -5.64438
v -1.44933 -64.86212 -5.90742
v -1.33978 -64.88978 -5.64438
v -1.33978 -64.83449 -6.17044
v -1.77660 -64.86212 -5.90742
v -1.88615 -64.83449 -6.17044
v -1.88615 -64.88978 -5.64438
v -2.52464 -64.86212 -5.90742
v -2.41509 -64.88978 -5.64438
v -2.41509 -64.83449 -6.17044
v 0.76391 -65.54701 0.38510
v 0.76391 -65.49818 -0.07985
v 0.70127 -65.52259 0.15262
v 1.57369 -65.49818 -0.07985
v 1.57369 -65.54701 0.38510
v 1.63632 -65.52259 0.15262
v -12.22351 -38.27932 -1.21047
v -11.96094 -53.09198 -3.24164
v -12.19664 -53.09198 -9.13729
v -12.41176 -38.27932 -7.47010
v -11.22250 -67.89442 -5.27972
v -11.49234 -67.89442 -10.07479
v -9.77780 -81.31185 -7.13220
v -10.01394 -81.31182 -10.70387
v -6.05030 -81.31181 -17.26849
v 0.00000 -81.31181 -14.40584
v 0.00000 -81.31181 -17.26849
v 0.00000 -81.31181 -10.70387
v -10.77293 -67.89442 -14.47723
v -11.63572 -53.09198 -13.86208
v -11.89687 -38.27932 -12.37893
v -11.70635 -29.41142 -10.97890
v -9.32298 -81.31182 -14.40584
v -9.77780 -81.31185 -7.13220
v 0.00000 -81.31185 -7.13220
v -9.84336 -29.41142 -10.97890
v -10.02676 -38.27932 -12.37893
v -8.62418 -38.27932 -15.24158
v -8.44078 -30.71363 -14.02995
v -9.76561 -53.09198 -13.86208
v -8.90283 -67.89442 -14.47723
v -7.50025 -67.89442 -17.33986
v -8.36303 -53.09198 -16.72474
v -7.45288 -81.31181 -14.40584
v -6.05030 -81.31181 -17.26849
v -3.03694 -20.82143 13.88048
v 0.00000 -20.82143 13.88048
v 0.00000 -20.35391 13.88048
v -3.03694 -20.35391 13.88048
v -3.73823 -20.35391 13.69256
v -3.73823 -20.82143 13.69256
v -4.25161 -20.35391 13.17917
v -4.25161 -20.82143 13.17917
v -3.73823 -20.82143 13.69256
v -3.73823 -20.35391 13.69256
v -4.43952 -20.35391 12.47789
v -4.43952 -20.82143 12.47789
v -10.28360 -22.45778 6.86757
v 0.00000 -22.45777 6.86757
v 0.00000 -17.78251 6.86757
v -10.28360 -17.78251 6.86757
v -4.97394 -16.12988 17.01341
v -6.43910 -16.41894 15.21097
v 0.00000 -16.41894 15.21097
v 0.00000 -16.12988 17.01341
v -8.42443 -17.00664 11.56174
v -9.93025 -17.60465 7.95005
v 0.00000 -17.60465 7.95005
v 0.00000 -17.00664 11.56174
v -1.73870 -15.77483 19.08280
v -3.33692 -15.90339 18.34194
v 0.00000 -15.90339 18.34194
v 0.00000 -15.71331 19.45677
v -10.28360 -17.78251 6.86757
v 0.00000 -17.78251 6.86757
v -4.43952 -20.35391 12.47789
v -4.25161 -20.35391 13.17917
v 0.00000 -20.35391 13.17917
v 0.00000 -20.35391 12.47789
v -3.73823 -20.35391 13.69256
v -3.03694 -20.35391 13.88048
v 0.00000 -20.35391 13.88048
v 0.00000 -20.35391 13.69256
v -3.73823 -20.82143 13.69256
v -4.25161 -20.82143 13.17917
v 0.00000 -20.82143 13.17917
v 0.00000 -20.82143 13.69256
v -4.43952 -20.82143 12.47789
v -4.43952 -20.82143 6.86757
v 0.00000 -20.82143 6.86757
v 0.00000 -20.82143 12.47789
v -3.03694 -20.82143 13.88048
v 0.00000 -20.82143 13.88048
v -4.43952 -20.35391 6.86757
v 0.00000 -20.35391 6.86757
v -9.93025 -22.27992 7.95005
v -10.28360 -22.45778 6.86757
v -10.28360 -17.78251 6.86757
v -9.93025 -17.60465 7.95005
v -6.43910 -21.09422 15.21097
v -8.42443 -21.68191 11.56174
v -8.42443 -17.00664 11.56174
v -6.43910 -16.41894 15.21097
v -3.33692 -20.57866 18.34194
v -4.97394 -20.80515 17.01341
v -4.97394 -16.12988 17.01341
v -3.33692 -15.90339 18.34194
v -4.97394 -20.80515 17.01341
v -4.97394 -16.12988 17.01341
v -4.43952 -20.82143 6.86757
v -4.43952 -20.35391 6.86757
v -1.73870 -20.45010 19.08280
v -1.73870 -15.77483 19.08280
v 0.00000 -20.38858 19.45677
v 0.00000 -15.71331 19.45677
v -11.10808 -22.87279 4.34177
v 0.00000 -22.87279 4.34177
v 0.00000 -22.45777 6.86757
v -10.28360 -22.45778 6.86757
v 0.00000 -24.45268 0.63982
v -11.90186 -24.45269 0.63982
v 0.00000 -27.11025 -5.58708
v -11.50788 -23.66851 2.47720
v 0.00000 -23.66851 2.47720
v 0.00000 -29.41142 -10.97890
v -8.44078 -30.71363 -14.02995
v 0.00000 -30.71363 -14.02995
v -10.77293 -67.89442 -14.47723
v -9.32298 -81.31182 -14.40584
v -7.45288 -81.31181 -14.40584
v -8.90283 -67.89442 -14.47723
v -11.89687 -38.27932 -12.37893
v -11.63572 -53.09198 -13.86208
v -9.76561 -53.09198 -13.86208
v -10.02676 -38.27932 -12.37893
v -11.70635 -29.41142 -10.97890
v -9.84336 -29.41142 -10.97890
v -8.44078 -30.71363 -14.02995
v -8.62418 -38.27932 -15.24158
v 0.00000 -38.27931 -15.24158
v 0.00000 -30.71363 -14.02995
v -8.36303 -53.09198 -16.72474
v -7.50025 -67.89442 -17.33986
v 0.00000 -67.89442 -17.33986
v 0.00000 -53.09197 -16.72474
v -6.05030 -81.31181 -17.26849
v 0.00000 -81.31181 -17.26849
v 12.22351 -38.27932 -1.21047
v 12.41176 -38.27932 -7.47010
v 12.19664 -53.09198 -9.13729
v 11.96094 -53.09198 -3.24164
v 11.49234 -67.89442 -10.07479
v 11.22250 -67.89442 -5.27972
v 10.01394 -81.31182 -10.70387
v 9.77780 -81.31185 -7.13220
v 6.05030 -81.31181 -17.26849
v 11.63572 -53.09198 -13.86208
v 10.77293 -67.89442 -14.47723
v 11.89687 -38.27932 -12.37893
v 11.70635 -29.41142 -10.97890
v 9.32298 -81.31182 -14.40584
v 9.77780 -81.31185 -7.13220
v 9.84336 -29.41142 -10.97890
v 8.44078 -30.71363 -14.02995
v 8.62418 -38.27932 -15.24158
v 10.02676 -38.27932 -12.37893
v 9.76561 -53.09198 -13.86208
v 8.36303 -53.09198 -16.72474
v 7.50025 -67.89442 -17.33986
v 8.90283 -67.89442 -14.47723
v 6.05030 -81.31181 -17.26849
v 7.45288 -81.31181 -14.40584
v 3.03694 -20.82143 13.88048
v 3.03694 -20.35391 13.88048
v 3.73823 -20.35391 13.69256
v 3.73823 -20.82143 13.69256
v 4.25161 -20.35391 13.17917
v 3.73823 -20.35391 13.69256
v 3.73823 -20.82143 13.69256
v 4.25161 -20.82143 13.17917
v 4.43952 -20.35391 12.47789
v 4.43952 -20.82143 12.47789
v 10.28360 -22.45778 6.86757
v 10.28360 -17.78251 6.86757
v 4.97394 -16.12988 17.01341
v 6.43910 -16.41894 15.21097
v 8.42443 -17.00664 11.56174
v 9.93025 -17.60465 7.95005
v 1.73870 -15.77483 19.08280
v 3.33692 -15.90339 18.34194
v 10.28360 -17.78251 6.86757
v 4.43952 -20.35391 12.47789
v 4.25161 -20.35391 13.17917
v 3.73823 -20.35391 13.69256
v 3.03694 -20.35391 13.88048
v 3.73823 -20.82143 13.69256
v 4.25161 -20.82143 13.17917
v 4.43952 -20.82143 12.47789
v 4.43952 -20.82143 6.86757
v 3.03694 -20.82143 13.88048
v 4.43952 -20.35391 6.86757
v 9.93025 -22.27992 7.95005
v 9.93025 -17.60465 7.95005
v 10.28360 -17.78251 6.86757
v 10.28360 -22.45778 6.86757
v 6.43910 -21.09422 15.21097
v 6.43910 -16.41894 15.21097
v 8.42443 -17.00664 11.56174
v 8.42443 -21.68191 11.56174
v 3.33692 -20.57866 18.34194
v 3.33692 -15.90339 18.34194
v 4.97394 -16.12988 17.01341
v 4.97394 -20.80515 17.01341
v 4.97394 -20.80515 17.01341
v 4.97394 -16.12988 17.01341
v 4.43952 -20.82143 6.86757
v 4.43952 -20.35391 6.86757
v 1.73870 -20.45010 19.08280
v 1.73870 -15.77483 19.08280
v 11.10808 -22.87279 4.34177
v 10.28360 -22.45778 6.86757
v 11.90186 -24.45269 0.63982
v 11.50788 -23.66851 2.47720
v 8.44078 -30.71363 -14.02995
v 10.77293 -67.89442 -14.47723
v 8.90283 -67.89442 -14.47723
v 7.45288 -81.31181 -14.40584
v 9.32298 -81.31182 -14.40584
v 11.89687 -38.27932 -12.37893
v 10.02676 -38.27932 -12.37893
v 9.76561 -53.09198 -13.86208
v 11.63572 -53.09198 -13.86208
v 11.70635 -29.41142 -10.97890
v 9.84336 -29.41142 -10.97890
v 8.44078 -30.71363 -14.02995
v 8.62418 -38.27932 -15.24158
v 8.36303 -53.09198 -16.72474
v 7.50025 -67.89442 -17.33986
v 6.05030 -81.31181 -17.26849
v -1.39154 155.32235 8.76445
v -1.63639 157.40185 8.76445
v -1.63640 161.88818 8.76445
v -1.29692 163.78914 8.76445
v -0.75066 153.86398 8.76445
v -0.75007 165.11517 8.76445
v 0.00000 153.40629 8.76445
v 0.00000 165.53344 8.76445
v 1.39154 155.32235 8.76445
v 1.29692 163.78914 8.76445
v 1.63640 161.88818 8.76445
v 1.63639 157.40185 8.76445
v 0.75066 153.86398 8.76445
v 0.75007 165.11517 8.76445
v -1.63639 157.40185 0.91769
v -1.63640 161.88818 0.91769
v -1.63640 161.88818 8.76445
v -1.63639 157.40185 8.76445
v -1.29692 163.78914 0.91769
v -0.75007 165.11517 0.91769
v -0.75007 165.11517 8.76445
v -1.29692 163.78914 8.76445
v -1.39154 155.32235 0.91769
v -1.39154 155.32235 8.76445
v 0.00000 153.40629 0.91769
v -0.75066 153.86398 0.91769
v -0.75066 153.86398 8.76445
v 0.00000 153.40629 8.76445
v -0.75007 165.11517 0.91769
v 0.00000 165.53344 0.91769
v 0.00000 165.53344 8.76445
v -0.75007 165.11517 8.76445
v -0.75066 153.86398 0.91769
v -0.75066 153.86398 8.76445
v 1.63639 157.40185 0.91769
v 1.63639 157.40185 8.76445
v 1.63640 161.88818 8.76445
v 1.63640 161.88818 0.91769
v 1.29692 163.78914 0.91769
v 1.29692 163.78914 8.76445
v 0.75007 165.11517 8.76445
v 0.75007 165.11517 0.91769
v 1.39154 155.32235 0.91769
v 1.39154 155.32235 8.76445
v 0.75066 153.86398 8.76445
v 0.75066 153.86398 0.91769
v 0.75007 165.11517 0.91769
v 0.75007 165.11517 8.76445
v 0.75066 153.86398 0.91769
v 0.75066 153.86398 8.76445
v -8.29447 -65.16229 -2.15742
v -7.99749 -65.27813 -1.05517
v -7.89270 -65.41130 -1.13001
v -8.17346 -65.30178 -2.17207
v -8.10229 -65.51694 -1.01943
v -7.24666 -65.60638 -0.16849
v -7.24666 -65.37390 -0.14406
v -8.10229 -65.28445 -0.99500
v -6.07784 -65.63911 0.14297
v -6.07784 -65.40663 0.16740
v -4.14723 -65.76043 3.53375
v -3.27268 -65.78495 3.76681
v -3.27268 -65.91177 3.63180
v -4.08673 -65.88899 3.41486
v -4.78745 -65.69352 2.89703
v -4.14723 -65.76043 3.53375
v -4.08673 -65.88899 3.41486
v -4.68265 -65.82669 2.82221
v -5.02178 -65.60212 2.02727
v -4.78745 -65.69352 2.89703
v -4.68265 -65.82669 2.82221
v -4.90078 -65.74160 2.01260
v -4.78745 -65.51069 1.15752
v -4.68265 -65.65651 1.20302
v 1.39002 -64.42653 -9.15751
v 2.33763 -64.42653 -9.15751
v -4.14723 -65.44377 0.52080
v -4.78745 -65.51069 1.15752
v -4.68265 -65.65651 1.20302
v -4.08673 -65.59422 0.61037
v -3.27268 -65.41928 0.28776
v -4.14723 -65.44377 0.52080
v -4.08673 -65.59422 0.61037
v -3.27268 -65.57142 0.39343
v -0.00000 -64.53289 -8.14552
v -0.00000 -64.67088 -6.83268
v -2.39813 -65.44377 0.52080
v -2.45863 -65.59422 0.61037
v -1.16882 -64.87063 -7.16858
v -0.00000 -64.90336 -6.85712
v -0.00000 -64.67088 -6.83268
v -1.16882 -64.63814 -7.14414
v -1.75791 -65.51069 1.15752
v -2.39813 -65.44377 0.52080
v -2.45863 -65.59422 0.61037
v -1.86271 -65.65651 1.20302
v -2.02445 -64.78119 -8.01954
v -2.02445 -64.54870 -7.99511
v -1.52358 -65.60211 2.02727
v -1.75791 -65.51069 1.15752
v -1.86271 -65.65651 1.20302
v -1.64458 -65.74160 2.01260
v -2.33763 -64.65901 -9.18194
v -2.02445 -64.78119 -8.01954
v -2.02445 -64.54870 -7.99511
v -2.33763 -64.42653 -9.15751
v -1.75791 -65.69352 2.89703
v -1.86271 -65.82669 2.82221
v -2.02445 -64.53684 -10.34436
v -2.02445 -64.30436 -10.31993
v -2.39813 -65.76043 3.53375
v -1.75791 -65.69352 2.89703
v -1.86271 -65.82669 2.82221
v -2.45863 -65.88898 3.41486
v -1.16882 -64.44740 -11.19530
v -1.16882 -64.21492 -11.17087
v -2.39813 -65.76043 3.53375
v -2.45863 -65.88898 3.41486
v -0.00000 -64.41467 -11.50676
v -1.16882 -64.44740 -11.19530
v -1.16882 -64.21492 -11.17087
v -0.00000 -64.18217 -11.48233
v 3.27269 -66.03006 3.86271
v 4.20774 -66.00388 3.61354
v 4.20774 -65.77139 3.63797
v 3.27269 -65.79759 3.88715
v 1.16882 -64.44740 -11.19530
v 1.16882 -64.21492 -11.17087
v 4.89225 -65.93233 2.93276
v 4.89225 -65.69985 2.95720
v 4.89225 -65.93233 2.93276
v 5.14280 -65.83459 2.00284
v 5.14280 -65.60211 2.02727
v 4.89225 -65.69985 2.95720
v -4.90902 -65.60638 -0.16849
v -4.90902 -65.37390 -0.14406
v 4.89225 -65.73685 1.07291
v 4.89225 -65.50436 1.09735
v -4.05339 -65.51694 -1.01943
v -4.05339 -65.28445 -0.99500
v 4.20774 -65.66530 0.39214
v 4.20774 -65.43281 0.41660
v -4.05339 -65.51694 -1.01943
v -3.74021 -65.39477 -2.18186
v -3.74021 -65.16229 -2.15742
v -4.05339 -65.28445 -0.99500
v 4.20774 -65.66530 0.39214
v 3.27269 -65.63910 0.14297
v 3.27269 -65.40663 0.16742
v 4.20774 -65.43281 0.41660
v -4.05339 -65.27260 -3.34426
v -4.05339 -65.04009 -3.31982
v 2.33764 -65.66530 0.39214
v 2.33764 -65.43281 0.41660
v -4.90902 -65.18315 -4.19522
v -4.90902 -64.95067 -4.17078
v 2.33764 -65.66530 0.39214
v 1.65313 -65.73685 1.07291
v 1.65313 -65.50436 1.09735
v 2.33764 -65.43281 0.41660
v -4.90902 -65.18315 -4.19522
v -6.07784 -65.15041 -4.50668
v -6.07784 -64.91792 -4.48225
v -4.90902 -64.95067 -4.17078
v 1.40259 -65.83459 2.00284
v 1.40259 -65.60211 2.02727
v -7.24666 -65.18315 -4.19522
v -7.24666 -64.95067 -4.17078
v 1.65313 -65.93233 2.93276
v 1.65313 -65.69985 2.95720
v -7.24666 -65.18315 -4.19522
v -8.10229 -65.27260 -3.34426
v -8.10229 -65.04011 -3.31982
v -7.24666 -64.95067 -4.17078
v 1.65313 -65.93233 2.93276
v 2.33764 -66.00388 3.61354
v 2.33764 -65.77139 3.63797
v 1.65313 -65.69985 2.95720
v -8.41547 -65.39477 -2.18186
v -8.41547 -65.16229 -2.15742
v -8.10229 -65.51694 -1.01943
v -8.10229 -65.28445 -0.99500
v 2.02445 -64.78119 -8.01954
v 2.33763 -64.65901 -9.18194
v 2.33763 -64.42653 -9.15751
v 2.02445 -64.54870 -7.99508
v 1.16882 -64.87063 -7.16858
v 2.02445 -64.78119 -8.01954
v 2.02445 -64.54870 -7.99508
v 1.16882 -64.63814 -7.14414
v 2.02445 -64.53684 -10.34436
v 2.02445 -64.30435 -10.31993
v -4.96952 -65.36294 -0.24828
v -6.07784 -65.39399 0.04706
v -6.07784 -65.40663 0.16740
v -4.90902 -65.37390 -0.14406
v -4.15818 -65.27813 -1.05517
v -4.05339 -65.28445 -0.99500
v -3.86121 -65.16229 -2.15742
v -3.74021 -65.16229 -2.15742
v -4.15818 -65.04643 -3.25965
v -4.05339 -65.04009 -3.31982
v -4.96952 -64.96162 -4.06656
v -4.90902 -64.95067 -4.17078
v -6.07784 -64.93059 -4.36191
v -6.07784 -64.91792 -4.48225
v -7.18615 -64.96162 -4.06656
v -7.24666 -64.95067 -4.17078
v -7.99749 -65.04643 -3.25965
v -8.10229 -65.04011 -3.31982
v -8.29447 -65.16229 -2.15742
v -8.41547 -65.16229 -2.15742
v -7.99749 -65.27813 -1.05517
v -8.10229 -65.28445 -0.99500
v -7.18615 -65.36294 -0.24828
v -7.24666 -65.37390 -0.14406
v -3.27268 -65.78495 3.76681
v -4.14723 -65.76043 3.53375
v -4.20773 -65.77139 3.63797
v -3.27268 -65.79759 3.88715
v -4.78745 -65.69352 2.89703
v -4.89224 -65.69985 2.95720
v -5.02178 -65.60212 2.02727
v -5.14279 -65.60212 2.02727
v -4.78745 -65.51069 1.15752
v -4.89224 -65.50437 1.09735
v -4.14723 -65.44377 0.52080
v -4.20773 -65.43281 0.41660
v -3.27268 -65.41928 0.28776
v -3.27268 -65.40663 0.16742
v -2.39813 -65.44377 0.52080
v -2.33763 -65.43281 0.41660
v -1.75791 -65.51069 1.15752
v -1.65312 -65.50436 1.09735
v -1.52358 -65.60211 2.02727
v -1.40257 -65.60211 2.02727
v -1.75791 -65.69352 2.89703
v -1.65312 -65.69985 2.95720
v -2.39813 -65.76043 3.53375
v -2.33763 -65.77139 3.63797
v 4.14724 -65.76043 3.53375
v 3.27269 -65.78495 3.76681
v 3.27269 -65.79759 3.88715
v 4.20774 -65.77139 3.63797
v 4.78746 -65.69352 2.89703
v 4.89225 -65.69985 2.95720
v 5.02179 -65.60211 2.02727
v 5.14280 -65.60211 2.02727
v 4.78746 -65.51069 1.15752
v 4.89225 -65.50436 1.09735
v 4.14724 -65.44377 0.52080
v 4.20774 -65.43281 0.41660
v 3.27269 -65.41928 0.28776
v 3.27269 -65.40663 0.16742
v 2.39814 -65.44377 0.52080
v 2.33764 -65.43281 0.41660
v 1.75793 -65.51069 1.15752
v 1.65313 -65.50436 1.09735
v 1.52359 -65.60211 2.02727
v 1.40259 -65.60211 2.02727
v 1.75792 -65.69352 2.89703
v 1.65313 -65.69985 2.95720
v 2.39814 -65.76043 3.53375
v 2.33764 -65.77139 3.63797
v -4.20773 -66.00388 3.61354
v -3.27268 -66.03007 3.86271
v -3.27268 -65.79759 3.88715
v -4.20773 -65.77139 3.63797
v -4.89224 -65.93233 2.93276
v -4.89224 -65.69985 2.95720
v -5.14279 -65.83459 2.00284
v -4.89224 -65.93233 2.93276
v -4.89224 -65.69985 2.95720
v -5.14279 -65.60212 2.02727
v -4.89224 -65.73686 1.07291
v -4.89224 -65.50437 1.09735
v -4.20773 -65.66530 0.39214
v -4.20773 -65.43281 0.41660
v -3.27268 -65.63911 0.14297
v -4.20773 -65.66530 0.39214
v -4.20773 -65.43281 0.41660
v -3.27268 -65.40663 0.16742
v -2.33763 -65.66530 0.39214
v -2.33763 -65.43281 0.41660
v -1.65312 -65.73686 1.07291
v -2.33763 -65.66530 0.39214
v -2.33763 -65.43281 0.41660
v -1.65312 -65.50436 1.09735
v 1.16882 -64.44740 -11.19530
v 1.16882 -64.21492 -11.17087
v -1.40257 -65.83459 2.00284
v -1.40257 -65.60211 2.02727
v -1.65312 -65.93233 2.93276
v -1.65312 -65.69985 2.95720
v -2.33763 -66.00388 3.61354
v -1.65312 -65.93233 2.93276
v -1.65312 -65.69985 2.95720
v -2.33763 -65.77139 3.63797
v -7.99749 -65.27813 -1.05517
v -7.18615 -65.36294 -0.24828
v -7.12565 -65.49147 -0.36715
v -7.89270 -65.41130 -1.13001
v 3.27269 -65.78495 3.76681
v 4.14724 -65.76043 3.53375
v 4.08674 -65.88898 3.41486
v 3.27269 -65.91177 3.63180
v -7.18615 -65.36294 -0.24828
v -6.07784 -65.39399 0.04706
v -6.07784 -65.52083 -0.08793
v -7.12565 -65.49147 -0.36715
v 4.14724 -65.76043 3.53375
v 4.78746 -65.69352 2.89703
v 4.68266 -65.82668 2.82221
v 4.08674 -65.88898 3.41486
v 4.78746 -65.69352 2.89703
v 5.02179 -65.60211 2.02727
v 4.90079 -65.74160 2.01260
v 4.68266 -65.82668 2.82221
v -4.96952 -65.36294 -0.24828
v -5.03003 -65.49147 -0.36715
v 4.78746 -65.51069 1.15752
v 4.68266 -65.65650 1.20302
v -4.96952 -65.36294 -0.24828
v -4.15818 -65.27813 -1.05517
v -4.26298 -65.41130 -1.13001
v -5.03003 -65.49147 -0.36715
v 4.78746 -65.51069 1.15752
v 4.14724 -65.44377 0.52080
v 4.08674 -65.59422 0.61037
v 4.68266 -65.65650 1.20302
v -4.15818 -65.27813 -1.05517
v -3.86121 -65.16229 -2.15742
v -3.98222 -65.30177 -2.17207
v -4.26298 -65.41130 -1.13001
v 4.14724 -65.44377 0.52080
v 3.27269 -65.41928 0.28776
v 3.27269 -65.57142 0.39343
v 4.08674 -65.59422 0.61037
v -4.15818 -65.04643 -3.25965
v -4.26298 -65.19225 -3.21415
v 2.39814 -65.44377 0.52080
v 2.45864 -65.59422 0.61037
v -4.15818 -65.04643 -3.25965
v -4.96952 -64.96162 -4.06656
v -5.03003 -65.11206 -3.97699
v -4.26298 -65.19225 -3.21415
v 2.39814 -65.44377 0.52080
v 1.75793 -65.51069 1.15752
v 1.86272 -65.65651 1.20302
v 2.45864 -65.59422 0.61037
v -4.96952 -64.96162 -4.06656
v -6.07784 -64.93059 -4.36191
v -6.07784 -65.08272 -4.25621
v -5.03003 -65.11206 -3.97699
v 1.75793 -65.51069 1.15752
v 1.52359 -65.60211 2.02727
v 1.64459 -65.74160 2.01260
v 1.86272 -65.65651 1.20302
v -7.18615 -64.96162 -4.06656
v -7.12565 -65.11206 -3.97699
v 1.75792 -65.69352 2.89703
v 1.86272 -65.82669 2.82221
v -7.18615 -64.96162 -4.06656
v -7.99749 -65.04643 -3.25965
v -7.89270 -65.19225 -3.21415
v -7.12565 -65.11206 -3.97699
v 1.75792 -65.69352 2.89703
v 2.39814 -65.76043 3.53375
v 2.45864 -65.88898 3.41486
v 1.86272 -65.82669 2.82221
v -7.99749 -65.04643 -3.25965
v -7.89270 -65.19225 -3.21415
v 2.39814 -65.76043 3.53375
v 2.45864 -65.88898 3.41486
v -7.12565 -65.49147 -0.36715
v -7.12565 -65.11206 -3.97699
v -6.07784 -65.52083 -0.08793
v -6.07784 -65.08272 -4.25621
v -5.03003 -65.49147 -0.36715
v -5.03003 -65.11206 -3.97699
v 2.45864 -65.88898 3.41486
v 2.45864 -65.59422 0.61037
v 3.27269 -65.91177 3.63180
v 3.27269 -65.57142 0.39343
v 4.08674 -65.88898 3.41486
v 4.08674 -65.59422 0.61037
v 3.86122 -65.16228 -2.15742
v 4.15819 -65.27813 -1.05517
v 4.26299 -65.41130 -1.13001
v 3.98223 -65.30177 -2.17207
v 4.05340 -65.51694 -1.01943
v 4.90903 -65.60638 -0.16849
v 4.90903 -65.37390 -0.14406
v 4.05340 -65.28445 -0.99500
v 6.07785 -65.63911 0.14297
v 6.07785 -65.40663 0.16740
v 7.24667 -65.60638 -0.16849
v 7.24667 -65.37390 -0.14406
v 8.10230 -65.51694 -1.01943
v 8.10230 -65.28445 -0.99500
v 8.10230 -65.51694 -1.01943
v 8.41548 -65.39477 -2.18186
v 8.41548 -65.16228 -2.15742
v 8.10230 -65.28445 -0.99500
v 8.10230 -65.27259 -3.34426
v 8.10230 -65.04009 -3.31982
v 7.24667 -65.18315 -4.19522
v 7.24667 -64.95066 -4.17078
v 7.24667 -65.18315 -4.19522
v 6.07785 -65.15041 -4.50668
v 6.07785 -64.91792 -4.48225
v 7.24667 -64.95066 -4.17078
v 4.90903 -65.18315 -4.19522
v 4.90903 -64.95066 -4.17078
v 4.90903 -65.18315 -4.19522
v 4.05340 -65.27259 -3.34426
v 4.05340 -65.04009 -3.31982
v 4.90903 -64.95066 -4.17078
v 3.74022 -65.39477 -2.18186
v 3.74022 -65.16228 -2.15742
v 4.05340 -65.51694 -1.01943
v 4.05340 -65.28445 -0.99500
v 7.18616 -65.36292 -0.24828
v 6.07785 -65.39399 0.04706
v 6.07785 -65.40663 0.16740
v 7.24667 -65.37390 -0.14406
v 7.99751 -65.27813 -1.05517
v 8.10230 -65.28445 -0.99500
v 8.29448 -65.16228 -2.15742
v 8.41548 -65.16228 -2.15742
v 7.99751 -65.04643 -3.25965
v 8.10230 -65.04009 -3.31982
v 7.18616 -64.96162 -4.06656
v 7.24667 -64.95066 -4.17078
v 6.07785 -64.93056 -4.36191
v 6.07785 -64.91792 -4.48225
v 4.96954 -64.96162 -4.06656
v 4.90903 -64.95066 -4.17078
v 4.15819 -65.04643 -3.25965
v 4.05340 -65.04009 -3.31982
v 3.86122 -65.16228 -2.15742
v 3.74022 -65.16228 -2.15742
v 4.15819 -65.27813 -1.05517
v 4.05340 -65.28445 -0.99500
v 4.96953 -65.36292 -0.24828
v 4.90903 -65.37390 -0.14406
v 4.15819 -65.27813 -1.05517
v 4.96953 -65.36292 -0.24828
v 5.03004 -65.49147 -0.36715
v 4.26299 -65.41130 -1.13001
v 4.96953 -65.36292 -0.24828
v 6.07785 -65.39399 0.04706
v 6.07785 -65.52081 -0.08793
v 5.03004 -65.49147 -0.36715
v 7.18616 -65.36292 -0.24828
v 7.12566 -65.49147 -0.36715
v 7.18616 -65.36292 -0.24828
v 7.99751 -65.27813 -1.05517
v 7.89271 -65.41130 -1.13001
v 7.12566 -65.49147 -0.36715
v 7.99751 -65.27813 -1.05517
v 8.29448 -65.16228 -2.15742
v 8.17347 -65.30177 -2.17207
v 7.89271 -65.41130 -1.13001
v 7.99751 -65.04643 -3.25965
v 7.89271 -65.19224 -3.21415
v 7.99751 -65.04643 -3.25965
v 7.18616 -64.96162 -4.06656
v 7.12566 -65.11206 -3.97699
v 7.89271 -65.19224 -3.21415
v 7.18616 -64.96162 -4.06656
v 6.07785 -64.93056 -4.36191
v 6.07785 -65.08272 -4.25621
v 7.12566 -65.11206 -3.97699
v 4.96954 -64.96162 -4.06656
v 5.03004 -65.11206 -3.97699
v 4.96954 -64.96162 -4.06656
v 4.15819 -65.04643 -3.25965
v 4.26299 -65.19224 -3.21415
v 5.03004 -65.11206 -3.97699
v 4.15819 -65.04643 -3.25965
v 4.26299 -65.19224 -3.21415
v 5.03004 -65.49147 -0.36715
v 5.03004 -65.11206 -3.97699
v 6.07785 -65.52081 -0.08793
v 6.07785 -65.08272 -4.25621
v 7.12566 -65.49147 -0.36715
v 7.12566 -65.11206 -3.97699
v -0.00000 -64.32017 -10.16949
v -0.00000 -64.18217 -11.48233
v -1.39002 -64.42653 -9.15751
v -2.33763 -64.42653 -9.15751
v -1.39002 -64.32017 -10.16949
v -1.39002 -64.42653 -9.15751
v -1.39002 -64.51952 -9.16729
v -1.39002 -64.41316 -10.17928
v -1.39002 -64.53289 -8.14552
v -0.00000 -64.53289 -8.14552
v -0.00000 -64.62589 -8.15531
v -1.39002 -64.62589 -8.15531
v 1.39002 -64.32017 -10.16949
v -0.00000 -64.32017 -10.16949
v -0.00000 -64.41317 -10.17928
v 1.39002 -64.41317 -10.17926
v 1.39002 -64.53289 -8.14552
v 1.39002 -64.42653 -9.15751
v 1.39002 -64.51953 -9.16729
v 1.39002 -64.62589 -8.15531
v 1.39002 -64.62589 -8.15531
v 1.39002 -64.51953 -9.16729
v -0.00000 -64.51953 -9.16729
v -0.00000 -64.62589 -8.15531
v -1.39002 -64.51952 -9.16729
v -1.39002 -64.62589 -8.15531
v -0.00000 -64.41317 -10.17928
v -1.39002 -64.41316 -10.17928
v 1.39002 -64.41317 -10.17926
v -1.39002 -64.32017 -10.16949
v -1.39002 -64.41316 -10.17928
v -1.39002 -64.53289 -8.14552
v -1.39002 -64.62589 -8.15531
v 1.39002 -64.53289 -8.14552
v 1.39002 -64.62589 -8.15531
v 1.39002 -64.32017 -10.16949
v 1.39002 -64.41317 -10.17926
v -4.08673 -65.88899 3.41486
v -4.08673 -65.59422 0.61037
v -3.27268 -65.91177 3.63180
v -3.27268 -65.57142 0.39343
v -2.45863 -65.88898 3.41486
v -2.45863 -65.59422 0.61037
v -10.25937 -76.83937 -6.51471
v 0.00000 -72.36688 -5.89721
v 0.00000 -76.83935 -6.51471
v -9.66223 -82.11242 -7.19051
v -9.77780 -81.31185 -7.13220
v 0.00000 -81.31185 -7.13220
v 0.00000 -82.11242 -7.19051
v -4.20741 -67.86442 -5.56495
v -3.35200 -67.77695 -6.39707
v 0.00000 -67.77695 -6.39707
v 0.00000 -67.86442 -5.56495
v -5.37592 -67.89442 -5.27972
v 0.00000 -67.89442 -5.27972
v -3.03890 -67.65545 -7.55314
v 0.00000 -67.65545 -7.55314
v -6.23020 -65.89654 2.59237
v -3.15191 -66.12867 4.80068
v 0.00000 -66.18923 5.37690
v 0.00000 -65.89654 2.59237
v -3.03890 -66.63204 -17.28945
v 0.00000 -66.63204 -17.28945
v -8.75645 -65.52557 -0.93739
v 0.00000 -65.52555 -0.93739
v 0.00000 -65.20225 -4.01355
v -3.03890 -57.37657 -15.95245
v -3.03890 -63.91877 -16.22432
v 0.00000 -63.91877 -16.22432
v 0.00000 -57.37657 -15.95245
v -1.63633 -54.94448 -15.85137
v -2.66309 -55.97239 -15.89408
v 0.00000 -55.97239 -15.89408
v 0.00000 -54.56823 -15.83574
v -4.20772 -65.07671 -5.20796
v 0.00000 -65.10947 -4.89630
v 0.00000 -65.07671 -5.20796
v -3.03890 -64.86493 -7.22266
v -3.35209 -64.98720 -6.05948
v 0.00000 -64.98720 -6.05948
v 0.00000 -64.86493 -7.22266
v 0.00000 -63.91877 -16.22432
v -3.03890 -63.91877 -16.22432
v 0.00000 -67.89442 -5.27972
v -5.37653 -65.10947 -4.89630
v -4.20772 -65.07671 -5.20796
v -4.20741 -67.86442 -5.56495
v -3.35209 -64.98720 -6.05948
v -3.35200 -67.77695 -6.39707
v -3.35200 -67.77695 -6.39707
v -3.35209 -64.98720 -6.05948
v -3.03890 -64.86493 -7.22266
v -3.03890 -67.65545 -7.55314
v -3.03890 -63.91877 -16.22432
v -3.03890 -66.63204 -17.28945
v -3.03890 -57.37657 -15.95245
v -3.03890 -57.27690 -16.90068
v -2.66309 -55.97239 -15.89408
v -2.66309 -55.87273 -16.84233
v -1.63633 -54.94448 -15.85137
v -1.63633 -54.84481 -16.79960
v -1.63633 -54.84481 -16.79960
v -1.63633 -54.94448 -15.85137
v 0.00000 -54.56823 -15.83574
v 0.00000 -54.46856 -16.78397
v 10.25937 -76.83937 -6.51471
v 9.66223 -82.11242 -7.19051
v 9.77780 -81.31185 -7.13220
v 4.20741 -67.86442 -5.56495
v 3.35200 -67.77695 -6.39707
v 5.37592 -67.89442 -5.27972
v 3.03890 -67.65545 -7.55314
v 6.23020 -65.89654 2.59237
v 3.15191 -66.12867 4.80068
v 3.03890 -66.63204 -17.28945
v 8.75645 -65.52557 -0.93739
v 3.03890 -57.37657 -15.95245
v 3.03890 -63.91877 -16.22432
v 1.63633 -54.94448 -15.85137
v 2.66309 -55.97239 -15.89408
v 4.20772 -65.07671 -5.20796
v 3.03890 -64.86493 -7.22266
v 3.35209 -64.98720 -6.05948
v 3.03890 -63.91877 -16.22432
v 5.37653 -65.10947 -4.89630
v 4.20741 -67.86442 -5.56495
v 4.20772 -65.07671 -5.20796
v 3.35200 -67.77695 -6.39707
v 3.35209 -64.98720 -6.05948
v 3.35200 -67.77695 -6.39707
v 3.03890 -67.65545 -7.55314
v 3.03890 -64.86493 -7.22266
v 3.35209 -64.98720 -6.05948
v 3.03890 -66.63204 -17.28945
v 3.03890 -63.91877 -16.22432
v 3.03890 -57.27690 -16.90068
v 3.03890 -57.37657 -15.95245
v 2.66309 -55.87273 -16.84233
v 2.66309 -55.97239 -15.89408
v 2.66309 -55.87273 -16.84233
v 1.63633 -54.84481 -16.79960
v 1.63633 -54.94448 -15.85137
v 2.66309 -55.97239 -15.89408
v -11.22250 -67.89442 -5.27972
v -11.00207 -67.94285 -4.81885
v -11.14103 -65.15792 -4.43543
v -11.36146 -65.10947 -4.89630
v -6.59542 -68.73234 2.69262
v -3.29510 -68.98019 5.05082
v -3.43406 -66.19778 5.45823
v -6.73438 -65.94893 3.09065
v -10.67476 -68.01772 -4.10656
v -9.22723 -68.34738 -0.97003
v -9.36619 -65.56244 -0.58661
v -10.81372 -65.23278 -3.72313
v -6.59542 -68.73234 2.69262
v -6.73438 -65.94893 3.09065
v 0.00000 -69.04591 5.67612
v 0.00000 -66.26376 6.08606
v -3.17646 -75.55257 3.74291
v 0.00000 -75.75472 4.34037
v -10.52020 -72.68335 -5.47069
v -10.20662 -72.93138 -4.83067
v -8.82764 -73.83560 -1.84184
v -6.32047 -74.85585 1.48982
v -6.32047 -74.85585 1.48982
v -9.77780 -81.31185 -7.13220
v -9.55645 -82.16435 -6.77439
v -10.03832 -77.42384 -6.12253
v -10.25937 -76.83937 -6.51471
v -9.66223 -82.11242 -7.19051
v -9.48037 -82.91285 -6.87729
v -5.72717 -87.87507 -1.76254
v -2.92045 -89.41543 -0.15351
v -2.93918 -88.47552 0.19986
v -5.77059 -86.96746 -1.48309
v -9.19641 -83.53445 -6.39321
v -7.96537 -85.51561 -4.26161
v -8.02846 -84.68217 -4.06832
v -9.27032 -82.75862 -6.27889
v -5.72717 -87.87507 -1.76254
v -5.77059 -86.96746 -1.48309
v 0.00000 -89.87590 0.27316
v 0.00000 -88.92589 0.64615
v -3.05782 -82.10551 2.08811
v -6.04553 -80.96684 0.07384
v -8.42805 -79.30089 -2.90878
v -9.73847 -77.84500 -5.55478
v -6.04553 -80.96684 0.07384
v 0.00000 -82.44261 2.62226
v -10.74093 -72.36691 -5.89721
v -10.58176 -65.10947 -4.89630
v -11.36146 -65.10947 -4.89630
v -11.45474 -63.23937 -4.63879
v -10.67503 -63.23937 -4.63879
v -11.23430 -63.28781 -4.17792
v -11.45474 -63.23937 -4.63879
v 0.00000 -64.31912 5.63441
v -3.24518 -64.25856 5.05820
v -3.52733 -64.32767 5.71574
v 0.00000 -64.39366 6.34354
v -6.82765 -64.07882 3.34816
v -9.45946 -63.69233 -0.32910
v -3.52733 -64.32767 5.71574
v -8.84972 -63.65547 -0.67988
v -10.26939 -63.33216 -3.75604
v -10.90699 -63.36268 -3.46562
v -9.45946 -63.69233 -0.32910
v -10.90699 -63.36268 -3.46562
v -6.32347 -64.02644 2.84988
v -6.82765 -64.07882 3.34816
v 0.00000 -64.39366 6.34354
v 0.00000 -66.18923 5.37690
v -3.15191 -66.12867 4.80068
v -3.24518 -64.25856 5.05820
v 0.00000 -64.31912 5.63441
v -6.23020 -65.89654 2.59237
v -8.75645 -65.52557 -0.93739
v -8.84972 -63.65547 -0.67988
v -6.32347 -64.02644 2.84988
v -6.23020 -65.89654 2.59237
v -6.32347 -64.02644 2.84988
v -10.17612 -65.20226 -4.01355
v -10.58176 -65.10947 -4.89630
v -10.67503 -63.23937 -4.63879
v -10.26939 -63.33216 -3.75604
v 11.22250 -67.89442 -5.27972
v 11.36146 -65.10947 -4.89630
v 11.14103 -65.15792 -4.43543
v 11.00207 -67.94285 -4.81885
v 6.59542 -68.73234 2.69262
v 6.73438 -65.94893 3.09065
v 3.43406 -66.19778 5.45823
v 3.29510 -68.98019 5.05082
v 10.67476 -68.01772 -4.10656
v 10.81372 -65.23278 -3.72313
v 9.36619 -65.56244 -0.58661
v 9.22723 -68.34738 -0.97003
v 6.73438 -65.94893 3.09065
v 6.59542 -68.73234 2.69262
v 3.17646 -75.55257 3.74291
v 10.52020 -72.68335 -5.47069
v 10.20662 -72.93138 -4.83067
v 8.82764 -73.83560 -1.84184
v 6.32047 -74.85585 1.48982
v 6.32047 -74.85585 1.48982
v 9.77780 -81.31185 -7.13220
v 10.25937 -76.83937 -6.51471
v 10.03832 -77.42384 -6.12253
v 9.55645 -82.16435 -6.77439
v 9.66223 -82.11242 -7.19051
v 9.48037 -82.91285 -6.87729
v 5.72717 -87.87507 -1.76254
v 5.77059 -86.96746 -1.48309
v 2.93918 -88.47552 0.19986
v 2.92045 -89.41543 -0.15351
v 9.19641 -83.53445 -6.39321
v 9.27032 -82.75862 -6.27889
v 8.02846 -84.68217 -4.06832
v 7.96537 -85.51561 -4.26161
v 5.77059 -86.96746 -1.48309
v 5.72717 -87.87507 -1.76254
v 6.04553 -80.96684 0.07384
v 3.05782 -82.10551 2.08811
v 9.73847 -77.84500 -5.55478
v 8.42805 -79.30089 -2.90878
v 6.04553 -80.96684 0.07384
v 10.74093 -72.36691 -5.89721
v 10.58176 -65.10947 -4.89630
v 10.67503 -63.23937 -4.63879
v 11.45474 -63.23937 -4.63879
v 11.36146 -65.10947 -4.89630
v 11.45474 -63.23937 -4.63879
v 11.23430 -63.28781 -4.17792
v 3.52733 -64.32767 5.71574
v 3.24518 -64.25856 5.05820
v 9.45946 -63.69233 -0.32910
v 6.82765 -64.07882 3.34816
v 6.82765 -64.07882 3.34816
v 3.52733 -64.32767 5.71574
v 8.84972 -63.65547 -0.67988
v 9.45946 -63.69233 -0.32910
v 10.90699 -63.36268 -3.46562
v 10.26939 -63.33216 -3.75604
v 10.90699 -63.36268 -3.46562
v 6.82765 -64.07882 3.34816
v 6.32347 -64.02644 2.84988
v 3.24518 -64.25856 5.05820
v 3.15191 -66.12867 4.80068
v 6.23020 -65.89654 2.59237
v 6.32347 -64.02644 2.84988
v 8.84972 -63.65547 -0.67988
v 8.75645 -65.52557 -0.93739
v 6.32347 -64.02644 2.84988
v 6.23020 -65.89654 2.59237
v 10.17612 -65.20226 -4.01355
v 10.26939 -63.33216 -3.75604
v 10.67503 -63.23937 -4.63879
v 10.58176 -65.10947 -4.89630
v 9.16581 -81.31181 -9.13341
v 9.49663 -81.31182 -8.99329
v 11.58583 -25.11129 -0.90335
v 11.25264 -25.17500 -1.05263
v 9.96448 -81.31181 -9.46313
v 9.82745 -81.31181 -9.79786
v 11.90305 -25.47714 -1.76058
v 12.04573 -25.32494 -1.40395
v 9.82745 -81.31181 -9.12986
v 11.91434 -25.17340 -1.04886
v 9.16581 -81.31181 -9.80138
v 9.02878 -81.31181 -9.46814
v 11.10995 -25.32721 -1.40928
v 11.24135 -25.47875 -1.76434
v 9.82745 -81.31181 -9.12986
v 11.91434 -25.17340 -1.04886
v 9.16581 -81.31181 -9.13341
v 11.25264 -25.17500 -1.05263
v 9.49663 -81.31181 -9.93798
v 9.16581 -81.31181 -9.80138
v 11.24135 -25.47875 -1.76434
v 11.56986 -25.54085 -1.90985
v 9.82745 -81.31181 -9.79786
v 11.90305 -25.47714 -1.76058
v 9.79291 -61.51692 -5.79207
v 10.28677 -48.23154 -3.87968
v 9.92626 -47.86133 -3.82637
v 9.40487 -61.88712 -5.84538
v 9.92626 -47.62819 -5.44603
v 9.92626 -47.86133 -3.82637
v 11.56260 -47.86133 -3.82637
v 11.56260 -47.62819 -5.44603
v 11.17456 -48.23154 -3.87968
v 10.28677 -48.23154 -3.87968
v 10.28677 -48.21156 -4.01850
v 11.17456 -48.21156 -4.01850
v 9.40487 -61.65397 -7.46501
v 9.40487 -61.88712 -5.84538
v 9.92626 -47.86133 -3.82637
v 9.92626 -47.62819 -5.44603
v 9.92626 -47.62819 -5.44603
v 11.56260 -47.62819 -5.44603
v 11.04121 -61.65397 -7.46501
v 9.40487 -61.65397 -7.46501
v 11.04121 -61.65397 -7.46501
v 11.04121 -61.88712 -5.84538
v 9.40487 -61.88712 -5.84538
v 9.40487 -61.65397 -7.46501
v 9.79291 -61.51692 -5.79207
v 9.79291 -61.49694 -5.93092
v 10.28677 -48.21156 -4.01850
v 10.28677 -48.23154 -3.87968
v 11.17456 -48.23154 -3.87968
v 10.68070 -61.51692 -5.79207
v 11.04121 -61.88712 -5.84538
v 11.56260 -47.86133 -3.82637
v 10.28677 -48.21156 -4.01850
v 9.79291 -61.49694 -5.93092
v 10.68070 -61.49694 -5.93092
v 11.17456 -48.21156 -4.01850
v 10.68070 -61.51692 -5.79207
v 11.17456 -48.23154 -3.87968
v 11.17456 -48.21156 -4.01850
v 10.68070 -61.49694 -5.93092
v 9.79291 -61.51692 -5.79207
v 10.68070 -61.51692 -5.79207
v 10.68070 -61.49694 -5.93092
v 9.79291 -61.49694 -5.93092
v 11.60773 -53.55909 -13.88150
v 9.73921 -53.55909 -13.88150
v 9.73921 -53.56880 -13.64793
v 11.60773 -53.56880 -13.64793
v 9.44943 -66.94819 -14.20393
v 10.33785 -66.94819 -14.20393
v 10.33785 -66.94236 -14.34407
v 9.44943 -66.94236 -14.34407
v 9.73921 -53.55909 -13.88150
v 8.93089 -67.42727 -14.45781
v 8.93089 -67.43699 -14.22424
v 9.73921 -53.56880 -13.64793
v 8.93089 -67.42727 -14.45781
v 10.79941 -67.42727 -14.45781
v 10.79941 -67.43699 -14.22424
v 8.93089 -67.43699 -14.22424
v 10.79941 -67.42727 -14.45781
v 11.60773 -53.55909 -13.88150
v 11.60773 -53.56880 -13.64793
v 10.79941 -67.43699 -14.22424
v 11.08919 -54.05760 -13.66824
v 10.33785 -66.94819 -14.20393
v 10.79941 -67.43699 -14.22424
v 11.60773 -53.56880 -13.64793
v 9.44943 -66.94819 -14.20393
v 10.20077 -54.05760 -13.66824
v 9.73921 -53.56880 -13.64793
v 8.93089 -67.43699 -14.22424
v 10.33785 -66.94236 -14.34407
v 11.08919 -54.05178 -13.80838
v 10.20077 -54.05178 -13.80838
v 9.44943 -66.94236 -14.34407
v 10.33785 -66.94819 -14.20393
v 11.08919 -54.05760 -13.66824
v 11.08919 -54.05178 -13.80838
v 10.33785 -66.94236 -14.34407
v 11.08919 -54.05760 -13.66824
v 10.20077 -54.05760 -13.66824
v 10.20077 -54.05178 -13.80838
v 11.08919 -54.05178 -13.80838
v 10.20077 -54.05760 -13.66824
v 9.44943 -66.94819 -14.20393
v 9.44943 -66.94236 -14.34407
v 10.20077 -54.05178 -13.80838
v 4.20774 -12.31006 -4.85466
v 4.20774 -12.31006 2.83762
v 4.20774 -8.43170 3.59573
v 4.20774 -8.43170 -4.07171
v -3.53319 -8.43171 -13.97582
v 0.00000 -8.43170 -14.63379
v 0.00000 -7.73041 -14.47428
v -3.53319 -7.73042 -13.81629
v -4.20774 -8.43171 -13.70278
v -4.20774 -7.73042 -13.54324
v -3.61137 -26.12591 -17.39160
v -4.20773 -26.12591 -17.16149
v -4.20773 -26.82719 -17.26776
v -3.61137 -26.82719 -17.49787
v 0.00000 -26.12591 -18.04208
v 0.00000 -26.82719 -18.14835
v 3.53319 -8.43171 -13.97582
v 3.53319 -7.73042 -13.81629
v 4.20774 -8.43171 -13.70278
v 4.20774 -7.73042 -13.54324
v 3.53319 -7.73042 -13.81629
v 3.53319 -8.43171 -13.97582
v 4.20774 -7.73041 -3.89359
v 4.20774 -7.73042 -13.54324
v 4.20774 -8.43171 -13.70278
v 4.20774 -7.73041 3.73281
v 3.61137 -26.12591 -17.39160
v 3.61137 -26.82719 -17.49787
v 4.20773 -26.82719 -17.26776
v 4.20773 -26.12591 -17.16149
v 4.20773 -26.12591 -17.16149
v 4.20773 -26.82719 -17.26776
v 4.20773 -23.44138 -16.75474
v 4.20774 -12.31006 -14.58497
v 3.53318 -12.31006 2.83762
v 0.00000 -12.31006 2.83762
v 0.00000 -8.43170 3.59573
v 3.53319 -8.43170 3.59573
v 4.20773 -22.99612 0.74877
v 3.53318 -22.99612 0.74877
v 4.20774 -12.31006 2.83762
v -4.20774 -12.31006 -4.85466
v -4.20774 -8.43170 -4.07171
v -4.20774 -8.43170 3.59573
v -4.20774 -12.31006 2.83762
v -4.20774 -7.73042 -13.54324
v -3.53319 -7.73042 -13.81629
v -3.53319 -7.73041 -3.89359
v -4.20774 -7.73041 -3.89359
v 0.00000 -7.73041 -14.47428
v 0.00000 -7.73041 -3.89359
v 0.00000 -7.73041 3.73281
v -3.53319 -7.73041 3.73281
v -4.20774 -7.73041 3.73281
v 4.20774 -7.73042 -13.54324
v 4.20774 -7.73041 -3.89359
v 3.53319 -7.73041 -3.89359
v 3.53319 -7.73042 -13.81629
v -4.20774 -8.43171 -13.70278
v -4.20774 -7.73042 -13.54324
v -4.20774 -7.73041 -3.89359
v -4.20774 -7.73041 3.73281
v 3.53319 -7.73041 3.73281
v 4.20774 -7.73041 3.73281
v -4.20773 -26.12591 -17.16149
v -4.20773 -26.82719 -17.26776
v -4.20773 -23.44138 -16.75474
v -4.20774 -12.31006 -14.58497
v 4.20774 -8.43170 3.59573
v 0.00000 -7.73041 3.73281
v 3.53319 -7.73041 3.73281
v 4.20773 -26.82719 -7.66135
v 3.61137 -26.82719 -7.66135
v 3.53318 -22.99612 0.74877
v 4.20773 -22.99612 0.74877
v 0.00000 -26.82719 -7.66135
v 0.00000 -22.99612 0.74877
v -4.20773 -26.82719 -7.66135
v -4.20773 -22.99612 0.74877
v -3.53318 -22.99612 0.74877
v -3.61137 -26.82719 -7.66135
v 0.00000 -22.99612 0.74877
v 4.20774 -7.73041 3.73281
v 0.00000 -26.82719 -18.14835
v 0.00000 -26.82719 -7.66135
v 3.61137 -26.82719 -7.66135
v 3.61137 -26.82719 -17.49787
v 4.20773 -26.82719 -7.66135
v 4.20773 -26.82719 -17.26776
v -3.53319 -8.43170 3.59573
v -3.53319 -7.73041 3.73281
v -4.20774 -12.31006 2.83762
v -4.20774 -8.43170 3.59573
v -3.53318 -12.31006 2.83762
v -4.20773 -22.99612 0.74877
v -3.53318 -22.99612 0.74877
v -4.20774 -7.73041 3.73281
v -3.61137 -26.82719 -17.49787
v -3.61137 -26.82719 -7.66135
v -4.20773 -26.82719 -17.26776
v -4.20773 -26.82719 -7.66135
v 2.33762 -65.09993 -4.98701
v -2.33761 -65.09993 -4.98701
v -2.33761 -64.86745 -4.96258
v 2.33762 -64.86745 -4.96258
v -2.57137 -65.12436 -4.75451
v -2.57137 -65.46859 -1.47928
v -2.57137 -65.23612 -1.45485
v -2.57137 -64.89188 -4.73008
v 2.57138 -65.46859 -1.47928
v 2.57138 -65.12436 -4.75451
v 2.57138 -64.89188 -4.73008
v 2.57138 -65.23612 -1.45485
v -2.32399 -65.23469 -1.46838
v -2.32399 -64.89331 -4.71655
v -2.33761 -64.89673 -4.68384
v -2.33761 -65.23126 -1.50108
v 2.50291 -64.87461 -4.89447
v 2.50291 -65.10708 -4.91891
v 2.50291 -65.10708 -4.91891
v 2.50291 -64.87461 -4.89447
v 2.33762 -65.26055 -1.22237
v 2.33762 -65.49303 -1.24680
v 2.50291 -65.48587 -1.31489
v 2.50291 -65.25339 -1.29045
v 2.50291 -65.25339 -1.29045
v 2.50291 -65.48587 -1.31489
v -2.50290 -65.48587 -1.31489
v -2.50290 -65.25339 -1.29045
v -2.50290 -65.25339 -1.29045
v -2.50290 -65.48587 -1.31489
v -2.33761 -65.49303 -1.24680
v -2.33761 -65.26055 -1.22237
v -2.50290 -65.10708 -4.91891
v -2.50290 -64.87461 -4.89447
v -2.50290 -64.87461 -4.89447
v -2.50290 -65.10708 -4.91891
v -2.29111 -65.23612 -1.45485
v -2.29111 -64.89188 -4.73008
v 2.29112 -65.23612 -1.45485
v 2.29112 -64.89188 -4.73008
v 2.32400 -65.23469 -1.46838
v 2.32400 -64.89331 -4.71655
v 2.33762 -65.23126 -1.50108
v 2.33762 -64.89673 -4.68384
v 2.29112 -64.89188 -4.73008
v 2.32400 -64.89331 -4.71655
v 2.50291 -64.87461 -4.89447
v 2.33762 -64.86745 -4.96258
v 2.33762 -64.89673 -4.68384
v 2.57138 -64.89188 -4.73008
v 2.32400 -65.23469 -1.46838
v 2.29112 -65.23612 -1.45485
v 2.33762 -65.26055 -1.22237
v 2.50291 -65.25339 -1.29045
v 2.33762 -65.23126 -1.50108
v 2.57138 -65.23612 -1.45485
v -2.32399 -65.23469 -1.46838
v -2.33761 -65.23126 -1.50108
v -2.57137 -65.23612 -1.45485
v -2.50290 -65.25339 -1.29045
v -2.29111 -65.23612 -1.45485
v -2.33761 -65.26055 -1.22237
v -2.32399 -64.89331 -4.71655
v -2.29111 -64.89188 -4.73008
v -2.33761 -64.86745 -4.96258
v -2.50290 -64.87461 -4.89447
v -2.33761 -64.89673 -4.68384
v -2.57137 -64.89188 -4.73008
v 11.56260 -47.62819 -5.44603
v 11.56260 -47.86133 -3.82637
v 11.04121 -61.88712 -5.84538
v 11.04121 -61.65397 -7.46501
v -10.46507 -36.51682 -11.15823
v -9.70639 -35.83736 -12.67554
v -9.55026 -49.00213 -14.05394
v -10.23333 -48.94665 -12.42786
v 0.00000 -34.89475 -14.70591
v 0.00000 -48.99359 -16.32758
v -4.09140 -49.00213 -16.26068
v -4.14136 -34.92422 -14.64327
v 0.00000 -51.33249 -16.30818
v -4.00744 -51.33971 -16.24955
v -7.32203 -51.23181 -15.63775
v -7.48067 -49.00213 -15.62476
v -9.55026 -49.00213 -14.05394
v -9.33465 -50.96612 -14.11395
v -7.58031 -35.18938 -14.07626
v -9.70639 -35.83736 -12.67554
v -9.33465 -50.96612 -14.11395
v -9.99427 -50.45979 -12.70372
v -7.57190 -32.32513 -13.08875
v -4.13636 -31.73661 -13.58081
v 0.00000 -31.68421 -13.63547
v -9.69842 -33.37609 -11.87173
v -7.53949 -25.20217 1.20808
v -4.12162 -24.39082 0.95159
v -4.13265 -29.80452 -11.73520
v -7.56339 -30.48162 -11.37294
v -9.68377 -31.75271 -10.47647
v -9.64161 -26.47925 1.83958
v -10.37879 -28.10027 2.51479
v -9.64161 -26.47925 1.83958
v -9.68377 -31.75271 -10.47647
v -10.44613 -33.28893 -9.49273
v -6.31301 -36.05818 -12.23975
v -6.32046 -49.24629 -13.58703
v -3.49163 -49.24629 -13.99761
v -3.49709 -35.88451 -12.59776
v -10.21977 -27.84607 2.87175
v -9.54479 -26.35638 2.30246
v -10.00770 -27.65030 3.01487
v -9.36793 -26.38839 2.64707
v -9.54479 -26.35638 2.30246
v -7.47734 -25.11349 1.69550
v -7.35302 -25.19200 2.07090
v -9.36793 -26.38839 2.64707
v -10.46372 -34.66364 -10.54068
v -9.69842 -33.37609 -11.87173
v 0.00000 -24.32492 0.92346
v 0.00000 -29.74227 -11.77544
v -4.08949 -24.31335 1.44381
v -4.02523 -24.41426 1.82877
v 0.00000 -24.25131 1.41733
v 0.00000 -24.35994 1.80559
v -6.33296 -21.41920 11.10510
v -7.03662 -22.26841 11.10510
v -6.95322 -22.32418 12.89404
v -6.26650 -21.52186 12.88267
v -7.18256 -23.28748 12.90538
v -7.27117 -23.28748 11.10510
v -7.03662 -24.30654 11.10508
v -6.95322 -24.25078 12.89404
v -6.33296 -25.15576 11.10510
v -6.26650 -25.05310 12.88267
v -3.58998 -24.16664 15.42322
v 0.00000 -24.19331 15.48817
v 0.00000 -23.28747 15.63425
v -3.61278 -23.28748 15.56526
v -6.68635 -24.14845 13.94337
v -6.89901 -23.28748 13.99110
v -6.00067 -24.04234 14.74936
v -6.16681 -23.28748 14.85285
v -6.05384 -24.86409 13.89564
v -6.68635 -24.14845 13.94337
v -6.05384 -24.86409 13.89564
v -5.66404 -24.56504 14.53967
v -6.00067 -24.04234 14.74936
v -6.68635 -22.42651 13.94337
v -6.05384 -21.71087 13.89564
v -6.00067 -22.53261 14.74936
v -6.68635 -22.42651 13.94337
v -6.00067 -22.53261 14.74936
v -5.66404 -22.00992 14.53967
v -6.05384 -21.71087 13.89564
v -3.58998 -22.40832 15.42322
v -4.97776 -22.48833 15.22842
v -5.06897 -23.28748 15.35828
v -6.00067 -22.53261 14.74936
v -6.16681 -23.28748 14.85285
v -3.56717 -21.65282 14.99811
v -4.88654 -21.80342 14.84286
v -5.66404 -22.00992 14.53967
v -4.97775 -24.08662 15.22842
v -4.88654 -24.77153 14.84286
v -3.56717 -24.92213 14.99811
v 0.00000 -24.97233 15.04985
v 0.00000 -22.38164 15.48817
v 0.00000 -21.60263 15.04985
v -3.62646 -20.80200 12.91107
v -3.63558 -20.65490 11.10510
v -5.16019 -20.90966 11.10508
v -5.12370 -21.04151 12.89404
v -6.33296 -21.41920 11.10510
v -6.26650 -21.52186 12.88267
v -3.59727 -21.07614 14.01495
v 0.00000 -21.00622 14.03883
v 0.00000 -20.72215 12.91675
v -5.00694 -21.28589 13.94337
v -4.88654 -21.80342 14.84286
v -3.56717 -21.65282 14.99811
v 0.00000 -21.60263 15.04985
v 0.00000 -20.56997 11.10510
v -3.58998 -22.40832 6.78696
v 0.00000 -22.38164 6.72202
v 0.00000 -23.28747 6.57593
v -3.61278 -23.28748 6.64493
v -3.58998 -24.16664 6.78696
v -4.97775 -24.08662 6.98176
v -5.06897 -23.28748 6.85190
v -6.00067 -24.04234 7.46082
v -6.16681 -23.28748 7.35734
v -3.56717 -24.92213 7.21207
v -4.88654 -24.77153 7.36732
v -5.66404 -24.56504 7.67051
v -4.97776 -22.48833 6.98176
v -4.88654 -21.80342 7.36732
v -3.56717 -21.65283 7.21207
v -6.00067 -22.53261 7.46082
v -5.66404 -22.00992 7.67051
v 0.00000 -21.60263 7.16033
v 0.00000 -24.19331 6.72204
v 0.00000 -24.97233 7.16033
v -3.62646 -25.77295 9.29911
v -3.63558 -25.92006 11.10510
v -5.16018 -25.66529 11.10510
v -5.12370 -25.53345 9.31615
v -6.33296 -25.15576 11.10510
v -6.26650 -25.05310 9.32752
v -3.59727 -25.49881 8.19523
v 0.00000 -25.56872 8.17136
v 0.00000 -25.85279 9.29343
v -5.00694 -25.28906 8.26682
v -4.88654 -24.77153 7.36732
v -3.56717 -24.92213 7.21207
v -6.05384 -24.86409 8.31455
v -5.66404 -24.56504 7.67051
v 0.00000 -24.97233 7.16033
v 0.00000 -26.00497 11.10510
v -5.12370 -25.53345 12.89404
v -3.62646 -25.77295 12.91107
v -3.59727 -25.49881 14.01495
v -5.00694 -25.28906 13.94337
v -6.05384 -24.86409 13.89564
v -6.26650 -25.05310 12.88267
v -3.56717 -24.92213 14.99811
v -4.88654 -24.77153 14.84286
v -5.66404 -24.56504 14.53967
v 0.00000 -25.85279 12.91675
v 0.00000 -25.56872 14.03883
v 0.00000 -24.97233 15.04985
v -5.12370 -21.04151 9.31615
v -3.62646 -20.80200 9.29911
v -3.59727 -21.07614 8.19523
v -5.00694 -21.28589 8.26682
v -6.05384 -21.71087 8.31455
v -6.26650 -21.52186 9.32752
v -3.56717 -21.65283 7.21207
v -4.88654 -21.80342 7.36732
v -5.66404 -22.00992 7.67051
v 0.00000 -20.72215 9.29343
v 0.00000 -21.00623 8.17136
v 0.00000 -21.60263 7.16033
v -6.95322 -24.25078 9.31615
v -7.18256 -23.28748 9.30480
v -6.95322 -22.32418 9.31615
v -6.68635 -22.42651 8.26682
v -6.89901 -23.28748 8.21909
v -6.00067 -22.53261 7.46082
v -6.16681 -23.28748 7.35734
v -6.26650 -21.52186 9.32752
v -6.05384 -21.71087 8.31455
v -6.68635 -22.42651 8.26682
v -6.05384 -21.71087 8.31455
v -6.68635 -24.14845 8.26682
v -6.05384 -24.86409 8.31455
v -6.26650 -25.05310 9.32752
v -6.00067 -24.04234 7.46082
v -5.66404 -24.56504 7.67051
v 0.00000 -35.88291 -12.59379
v 0.00000 -49.24899 -13.98690
v -8.98187 -36.93211 -10.29371
v -8.96078 -49.04954 -11.40486
v -7.98389 -49.17166 -12.39375
v -7.94690 -36.53677 -11.21019
v -6.41070 -51.39130 -14.03557
v -3.53636 -51.52342 -14.47043
v 0.00000 -51.52534 -14.46813
v -8.77379 -50.65561 -12.00638
v -8.10823 -51.09076 -12.80573
v 0.00000 -33.50581 -11.79094
v 0.00000 -31.96824 -10.38454
v -3.46515 -31.96047 -10.39018
v -3.48094 -33.50348 -11.79508
v -6.25492 -27.28889 2.09863
v -6.26127 -32.42664 -10.16746
v -3.46515 -31.96047 -10.39018
v -3.45761 -26.70902 1.94095
v -7.90224 -28.17546 2.56347
v -7.89717 -33.32991 -9.51344
v -8.94023 -29.12865 2.95368
v -8.94880 -34.23676 -8.92396
v -7.89717 -33.32991 -9.51344
v -7.90224 -28.17546 2.56347
v -10.13821 -49.19511 -11.86335
v -10.35111 -36.79037 -10.61770
v -6.31707 -26.99828 2.49989
v -7.97816 -27.89123 2.95749
v -7.97816 -27.89123 2.95749
v -6.31707 -26.99828 2.49989
v -6.44139 -26.67291 2.70292
v -8.14108 -27.59691 3.16283
v -7.97816 -27.89123 2.95749
v -8.94694 -28.79168 3.27530
v -8.95329 -28.47924 3.36862
v -8.94694 -28.79168 3.27530
v -6.28504 -33.92090 -11.48741
v -7.91597 -34.66546 -10.59742
v -8.96074 -35.43399 -9.79267
v -10.33236 -33.84772 -9.14210
v -10.34855 -35.12769 -10.07015
v -9.99707 -35.42326 -9.77769
v -9.98314 -34.20782 -8.92178
v 0.00000 -26.72291 1.94688
v 0.00000 -31.96824 -10.38454
v 0.00000 -26.41725 2.34172
v -3.48974 -26.40721 2.33742
v -3.48974 -26.40721 2.33742
v 0.00000 -26.41725 2.34172
v 0.00000 -26.06174 2.53188
v -3.55400 -26.05944 2.53088
v -3.75620 -53.27746 -15.54466
v -6.83900 -53.15715 -15.02130
v -7.09435 -52.65334 -15.41223
v -3.88858 -52.76692 -15.98384
v 0.00000 -52.76190 -16.02865
v 0.00000 -53.27502 -15.57288
v -3.75620 -53.27746 -15.54466
v 0.00000 -53.27502 -15.57288
v 0.00000 -52.86510 -15.02473
v -3.63167 -52.86505 -15.01316
v -3.63167 -52.86505 -15.01316
v 0.00000 -52.86510 -15.02473
v -6.59733 -52.73817 -14.53804
v -6.83900 -53.15715 -15.02130
v -6.59733 -52.73817 -14.53804
v -8.70436 -52.68263 -13.61387
v -9.60343 -51.52879 -12.07667
v -9.87367 -51.16465 -12.39924
v -9.03909 -52.19937 -13.93884
v -9.42791 -49.24951 -11.32224
v -9.51697 -37.00775 -10.16586
v -10.00409 -36.96827 -10.27944
v -9.84361 -49.41683 -11.49571
v -9.84361 -49.41683 -11.49571
v -10.00409 -36.96827 -10.27944
v -9.60343 -51.52879 -12.07667
v -9.24318 -51.21516 -11.87204
v -9.03909 -52.19937 -13.93884
v -7.09435 -52.65334 -15.41223
v -8.70436 -52.68263 -13.61387
v -9.03909 -52.19937 -13.93884
v -8.37123 -52.26541 -13.22429
v -8.37123 -52.26541 -13.22429
v -8.70436 -52.68263 -13.61387
v -3.78961 -25.13811 2.41119
v 0.00000 -25.11210 2.40011
v 0.00000 -24.67265 2.14418
v -3.91813 -24.71411 2.16186
v -9.49108 -34.34544 -8.84475
v -9.46498 -29.23202 3.00444
v -9.93774 -29.07563 2.94436
v -9.98314 -34.20782 -8.92178
v -10.27114 -28.69064 2.77339
v -9.93774 -29.07563 2.94436
v -9.49108 -34.34544 -8.84475
v -9.98314 -34.20782 -8.92178
v -9.99707 -35.42326 -9.77769
v -9.50317 -35.53160 -9.67973
v 4.13265 -29.80452 -11.73520
v 7.56339 -30.48162 -11.37294
v 7.57190 -32.32513 -13.08875
v 4.13636 -31.73661 -13.58081
v -8.94023 -29.12865 2.95368
v -8.94880 -34.23676 -8.92396
v -3.91813 -24.71411 2.16186
v 0.00000 -24.67265 2.14418
v -7.14583 -25.45452 2.38807
v -6.89720 -25.83370 2.61827
v -7.14583 -25.45452 2.38807
v -6.64858 -26.26228 2.73279
v -3.66110 -25.61147 2.54484
v 0.00000 -25.60092 2.54033
v -8.76844 -26.92016 3.13947
v -9.09555 -26.60256 2.93745
v -9.09555 -26.60256 2.93745
v -9.89870 -27.95811 3.24436
v -9.63413 -28.26916 3.42554
v -9.36793 -26.38839 2.64707
v -10.00770 -27.65030 3.01487
v -9.26801 -28.44512 3.45220
v -8.42740 -27.26241 3.21906
v -9.83620 -28.72314 3.29925
v -10.12773 -28.37595 3.12449
v -9.83620 -28.72314 3.29925
v -10.12773 -28.37595 3.12449
v -9.89870 -27.95811 3.24436
v -9.93774 -29.07563 2.94436
v -9.46498 -29.23202 3.00444
v -9.41726 -28.87612 3.33795
v -8.94023 -29.12865 2.95368
v 10.46507 -36.51682 -11.15823
v 10.23333 -48.94665 -12.42786
v 9.55026 -49.00213 -14.05394
v 9.70639 -35.83736 -12.67554
v 4.14136 -34.92422 -14.64327
v 4.09140 -49.00213 -16.26068
v 4.00744 -51.33971 -16.24955
v 7.32203 -51.23181 -15.63775
v 7.48067 -49.00213 -15.62476
v 9.55026 -49.00213 -14.05394
v 9.33465 -50.96612 -14.11395
v 7.58031 -35.18938 -14.07626
v 9.70639 -35.83736 -12.67554
v 9.33465 -50.96612 -14.11395
v 9.99427 -50.45979 -12.70372
v 9.69842 -33.37609 -11.87173
v 7.53949 -25.20217 1.20808
v 7.56339 -30.48162 -11.37294
v 4.13265 -29.80452 -11.73520
v 4.12162 -24.39082 0.95159
v 9.64161 -26.47925 1.83958
v 9.68377 -31.75271 -10.47647
v 10.37879 -28.10027 2.51479
v 10.44613 -33.28893 -9.49273
v 9.68377 -31.75271 -10.47647
v 9.64161 -26.47925 1.83958
v 6.31301 -36.05818 -12.23975
v 3.49709 -35.88451 -12.59776
v 3.49163 -49.24629 -13.99761
v 6.32046 -49.24629 -13.58703
v 9.54479 -26.35638 2.30246
v 10.21977 -27.84607 2.87175
v 9.36793 -26.38839 2.64707
v 10.00770 -27.65030 3.01487
v 9.54479 -26.35638 2.30246
v 7.47734 -25.11349 1.69550
v 7.35302 -25.19200 2.07090
v 9.36793 -26.38839 2.64707
v 10.46372 -34.66364 -10.54068
v 9.69842 -33.37609 -11.87173
v 4.08949 -24.31335 1.44381
v 4.02523 -24.41426 1.82877
v 6.33296 -21.41920 11.10510
v 6.26650 -21.52186 12.88267
v 6.95322 -22.32418 12.89404
v 7.03662 -22.26841 11.10510
v 7.18256 -23.28748 12.90538
v 6.95322 -24.25078 12.89404
v 7.03662 -24.30654 11.10508
v 7.27117 -23.28748 11.10510
v 6.26650 -25.05310 12.88267
v 6.33296 -25.15576 11.10510
v 3.58998 -24.16664 15.42322
v 3.61278 -23.28748 15.56526
v 6.89901 -23.28748 13.99110
v 6.68635 -24.14845 13.94337
v 6.16681 -23.28748 14.85285
v 6.00067 -24.04234 14.74936
v 6.05384 -24.86409 13.89564
v 6.68635 -24.14845 13.94337
v 6.00067 -24.04234 14.74936
v 5.66404 -24.56504 14.53967
v 6.05384 -24.86409 13.89564
v 6.68635 -22.42651 13.94337
v 6.05384 -21.71087 13.89564
v 6.00067 -22.53261 14.74936
v 6.68635 -22.42651 13.94337
v 6.05384 -21.71087 13.89564
v 5.66404 -22.00992 14.53967
v 6.00067 -22.53261 14.74936
v 5.06897 -23.28748 15.35828
v 4.97776 -22.48833 15.22842
v 3.58998 -22.40832 15.42322
v 6.16681 -23.28748 14.85285
v 6.00067 -22.53261 14.74936
v 4.88654 -21.80342 14.84286
v 3.56717 -21.65282 14.99811
v 5.66404 -22.00992 14.53967
v 4.97775 -24.08662 15.22842
v 3.56717 -24.92213 14.99811
v 4.88654 -24.77153 14.84286
v 3.62646 -20.80200 12.91107
v 5.12370 -21.04151 12.89404
v 5.16019 -20.90966 11.10508
v 3.63558 -20.65490 11.10510
v 6.26650 -21.52186 12.88267
v 6.33296 -21.41920 11.10510
v 3.59727 -21.07614 14.01495
v 5.00694 -21.28589 13.94337
v 3.56717 -21.65282 14.99811
v 4.88654 -21.80342 14.84286
v 3.58998 -22.40832 6.78696
v 3.61278 -23.28748 6.64493
v 5.06897 -23.28748 6.85190
v 4.97775 -24.08662 6.98176
v 3.58998 -24.16664 6.78696
v 6.16681 -23.28748 7.35734
v 6.00067 -24.04234 7.46082
v 4.88654 -24.77153 7.36732
v 3.56717 -24.92213 7.21207
v 5.66404 -24.56504 7.67051
v 4.97776 -22.48833 6.98176
v 3.56717 -21.65283 7.21207
v 4.88654 -21.80342 7.36732
v 6.00067 -22.53261 7.46082
v 5.66404 -22.00992 7.67051
v 3.62646 -25.77295 9.29911
v 5.12370 -25.53345 9.31615
v 5.16018 -25.66529 11.10510
v 3.63558 -25.92006 11.10510
v 6.26650 -25.05310 9.32752
v 6.33296 -25.15576 11.10510
v 3.59727 -25.49881 8.19523
v 5.00694 -25.28906 8.26682
v 3.56717 -24.92213 7.21207
v 4.88654 -24.77153 7.36732
v 6.05384 -24.86409 8.31455
v 5.66404 -24.56504 7.67051
v 5.12370 -25.53345 12.89404
v 3.62646 -25.77295 12.91107
v 5.00694 -25.28906 13.94337
v 3.59727 -25.49881 14.01495
v 6.26650 -25.05310 12.88267
v 6.05384 -24.86409 13.89564
v 4.88654 -24.77153 14.84286
v 3.56717 -24.92213 14.99811
v 5.66404 -24.56504 14.53967
v 5.12370 -21.04151 9.31615
v 3.62646 -20.80200 9.29911
v 5.00694 -21.28589 8.26682
v 3.59727 -21.07614 8.19523
v 6.26650 -21.52186 9.32752
v 6.05384 -21.71087 8.31455
v 4.88654 -21.80342 7.36732
v 3.56717 -21.65283 7.21207
v 5.66404 -22.00992 7.67051
v 6.95322 -24.25078 9.31615
v 7.18256 -23.28748 9.30480
v 6.89901 -23.28748 8.21909
v 6.68635 -22.42651 8.26682
v 6.95322 -22.32418 9.31615
v 6.16681 -23.28748 7.35734
v 6.00067 -22.53261 7.46082
v 6.05384 -21.71087 8.31455
v 6.26650 -21.52186 9.32752
v 6.68635 -22.42651 8.26682
v 6.05384 -21.71087 8.31455
v 6.68635 -24.14845 8.26682
v 6.26650 -25.05310 9.32752
v 6.05384 -24.86409 8.31455
v 6.00067 -24.04234 7.46082
v 5.66404 -24.56504 7.67051
v 8.98187 -36.93211 -10.29371
v 7.94690 -36.53677 -11.21019
v 7.98389 -49.17166 -12.39375
v 8.96078 -49.04954 -11.40486
v 3.53636 -51.52342 -14.47043
v 6.41070 -51.39130 -14.03557
v 8.10823 -51.09076 -12.80573
v 8.77379 -50.65561 -12.00638
v 3.46515 -31.96047 -10.39018
v 3.48094 -33.50348 -11.79508
v 6.25492 -27.28889 2.09863
v 3.45761 -26.70902 1.94095
v 3.46515 -31.96047 -10.39018
v 6.26127 -32.42664 -10.16746
v 7.89717 -33.32991 -9.51344
v 7.90224 -28.17546 2.56347
v 8.94023 -29.12865 2.95368
v 7.90224 -28.17546 2.56347
v 7.89717 -33.32991 -9.51344
v 8.94880 -34.23676 -8.92396
v 10.35111 -36.79037 -10.61770
v 10.13821 -49.19511 -11.86335
v 7.97816 -27.89123 2.95749
v 6.31707 -26.99828 2.49989
v 7.97816 -27.89123 2.95749
v 8.14108 -27.59691 3.16283
v 6.44139 -26.67291 2.70292
v 6.31707 -26.99828 2.49989
v 7.97816 -27.89123 2.95749
v 8.94694 -28.79168 3.27530
v 8.94694 -28.79168 3.27530
v 8.95329 -28.47924 3.36862
v 7.91597 -34.66546 -10.59742
v 6.28504 -33.92090 -11.48741
v 8.96074 -35.43399 -9.79267
v 9.98314 -34.20782 -8.92178
v 9.99707 -35.42326 -9.77769
v 10.34855 -35.12769 -10.07015
v 10.33236 -33.84772 -9.14210
v 3.48974 -26.40721 2.33742
v 3.48974 -26.40721 2.33742
v 3.55400 -26.05944 2.53088
v 3.75620 -53.27746 -15.54466
v 3.88858 -52.76692 -15.98384
v 7.09435 -52.65334 -15.41223
v 6.83900 -53.15715 -15.02130
v 3.75620 -53.27746 -15.54466
v 3.63167 -52.86505 -15.01316
v 3.63167 -52.86505 -15.01316
v 6.83900 -53.15715 -15.02130
v 6.59733 -52.73817 -14.53804
v 6.59733 -52.73817 -14.53804
v 8.70436 -52.68263 -13.61387
v 9.03909 -52.19937 -13.93884
v 9.87367 -51.16465 -12.39924
v 9.60343 -51.52879 -12.07667
v 9.42791 -49.24951 -11.32224
v 9.84361 -49.41683 -11.49571
v 10.00409 -36.96827 -10.27944
v 9.51697 -37.00775 -10.16586
v 10.00409 -36.96827 -10.27944
v 9.84361 -49.41683 -11.49571
v 9.24318 -51.21516 -11.87204
v 9.60343 -51.52879 -12.07667
v 9.03909 -52.19937 -13.93884
v 8.70436 -52.68263 -13.61387
v 7.09435 -52.65334 -15.41223
v 9.03909 -52.19937 -13.93884
v 8.37123 -52.26541 -13.22429
v 8.37123 -52.26541 -13.22429
v 8.70436 -52.68263 -13.61387
v 3.78961 -25.13811 2.41119
v 3.91813 -24.71411 2.16186
v 9.49108 -34.34544 -8.84475
v 9.98314 -34.20782 -8.92178
v 9.93774 -29.07563 2.94436
v 9.46498 -29.23202 3.00444
v 10.27114 -28.69064 2.77339
v 9.93774 -29.07563 2.94436
v 9.98314 -34.20782 -8.92178
v 9.49108 -34.34544 -8.84475
v 9.50317 -35.53160 -9.67973
v 9.99707 -35.42326 -9.77769
v 8.94023 -29.12865 2.95368
v 8.94880 -34.23676 -8.92396
v 3.91813 -24.71411 2.16186
v 6.89720 -25.83370 2.61827
v 7.14583 -25.45452 2.38807
v 7.14583 -25.45452 2.38807
v 3.66110 -25.61147 2.54484
v 6.64858 -26.26228 2.73279
v 8.76844 -26.92016 3.13947
v 9.09555 -26.60256 2.93745
v 9.09555 -26.60256 2.93745
v 9.63413 -28.26916 3.42554
v 9.89870 -27.95811 3.24436
v 9.36793 -26.38839 2.64707
v 10.00770 -27.65030 3.01487
v 8.42740 -27.26241 3.21906
v 9.26801 -28.44512 3.45220
v 10.12773 -28.37595 3.12449
v 9.83620 -28.72314 3.29925
v 9.83620 -28.72314 3.29925
v 10.12773 -28.37595 3.12449
v 9.89870 -27.95811 3.24436
v 9.93774 -29.07563 2.94436
v 9.41726 -28.87612 3.33795
v 9.46498 -29.23202 3.00444
v 8.94023 -29.12865 2.95368
v 8.94880 -34.23676 -8.92396
v 7.91597 -34.66546 -10.59742
v 8.96074 -35.43399 -9.79267
v 6.26127 -32.42664 -10.16746
v 7.89717 -33.32991 -9.51344
v 9.68377 -31.75271 -10.47647
v 0.00000 -29.74227 -11.77544
v -8.94880 -34.23676 -8.92396
v -8.96074 -35.43399 -9.79267
v -7.91597 -34.66546 -10.59742
v -6.26127 -32.42664 -10.16746
v -7.89717 -33.32991 -9.51344
v -9.68377 -31.75271 -10.47647
v -7.56339 -30.48162 -11.37294
v -4.13265 -29.80452 -11.73520
v -0.80976 -65.99401 3.51968
v -0.70127 -65.59134 3.56200
v -0.93503 -66.04288 3.98463
v -0.80976 -66.09176 4.44961
v -0.70127 -65.68907 4.49192
v -0.80976 -65.57793 4.03350
v -0.80976 -65.99401 3.51968
v -0.70127 -65.59134 3.56200
v -0.46751 -66.12753 4.78998
v -0.40487 -65.89505 4.81442
v -0.40487 -65.29655 3.59298
v -0.40487 -65.39431 4.52291
v -0.46751 -65.23754 4.06928
v -0.40487 -65.29655 3.59298
v -0.23374 -65.72487 4.83230
v 0.00000 -65.18865 3.60431
v 0.00000 -65.28641 4.53426
v 0.00000 -65.11296 4.08239
v -0.40487 -65.29655 3.59298
v -0.46751 -65.23754 4.06928
v 0.00000 -65.11296 4.08239
v 0.00000 -65.18865 3.60431
v -0.40487 -65.39431 4.52291
v 0.00000 -65.28641 4.53426
v 0.46751 -65.95824 3.17931
v 0.40487 -65.72576 3.20374
v 0.70127 -65.59134 3.56200
v 0.80976 -65.99401 3.51968
v 0.93503 -66.04288 3.98463
v 0.80976 -65.57793 4.03350
v 0.70127 -65.68907 4.49192
v 0.80976 -66.09176 4.44961
v 0.80976 -66.09176 4.44961
v 0.70127 -65.68907 4.49192
v 0.23374 -65.55557 3.22162
v 0.40487 -65.29655 3.59298
v 0.46751 -65.23754 4.06928
v 0.40487 -65.39431 4.52291
v 0.40487 -65.39431 4.52291
v 0.40487 -65.29655 3.59298
v 0.00000 -65.28641 4.53426
v -0.44415 -57.68539 -12.45588
v -0.76929 -58.01027 -12.46939
v -0.48586 -58.22229 -11.30837
v -0.28051 -58.01712 -11.29986
v 0.76930 -58.01026 -12.46939
v 0.44416 -57.68539 -12.45588
v 0.28052 -58.01712 -11.29986
v 0.48587 -58.22229 -11.30837
v -0.44415 -59.22266 -12.51978
v 0.00001 -59.34157 -12.52470
v 0.00001 -59.06311 -11.34331
v -0.28051 -58.98801 -11.34019
v 0.44416 -59.22266 -12.51978
v 0.76930 -58.89779 -12.50627
v 0.48587 -58.78283 -11.33167
v 0.28052 -58.98801 -11.34019
v -0.88830 -58.45403 -12.48783
v -0.56103 -58.50256 -11.32001
v 0.00000 -57.56649 -12.45096
v 0.00000 -57.94202 -11.29674
v 0.88831 -58.45403 -12.48783
v 0.56104 -58.50256 -11.32001
v -0.76929 -58.89779 -12.50627
v -0.48586 -58.78283 -11.33167
v -0.44415 -57.68539 -12.45588
v -0.28051 -58.01712 -11.29986
v 0.76930 -58.01026 -12.46939
v 0.48587 -58.22229 -11.30837
v -0.76929 -58.89779 -12.50627
v -0.48586 -58.78283 -11.33167
v 0.44416 -59.22266 -12.51978
v 0.28052 -58.98801 -11.34019
v 0.00000 -57.97476 -6.45501
v -0.36467 -58.07240 -6.45907
v -0.36467 -58.25294 -2.11482
v 0.00000 -58.15532 -2.11076
v 0.00000 -57.35169 -13.61184
v -0.52735 -57.49287 -13.61770
v 0.72935 -58.70349 -6.48529
v 0.63163 -58.33913 -6.47015
v 0.63163 -58.51966 -2.12590
v 0.72935 -58.88402 -2.14104
v -0.63163 -59.06784 -6.50042
v -0.36467 -59.33457 -6.51152
v -0.36467 -59.51510 -2.16728
v -0.63163 -59.24839 -2.15620
v -0.36467 -58.07240 -6.45907
v -0.63163 -58.33913 -6.47015
v -0.63163 -58.51966 -2.12590
v -0.36467 -58.25294 -2.11482
v 0.63163 -58.33913 -6.47015
v 0.36467 -58.07240 -6.45907
v 0.36467 -58.25294 -2.11482
v 0.63163 -58.51966 -2.12590
v 0.00000 -59.43220 -6.51558
v 0.00000 -59.61274 -2.17133
v -0.72934 -58.70349 -6.48529
v -0.72934 -58.88402 -2.14104
v 0.00000 -56.98480 -14.76642
v -0.68667 -57.16863 -14.77406
v 0.63163 -59.06783 -6.50042
v 0.63163 -59.24839 -2.15620
v -0.63163 -59.06784 -6.50042
v -0.63163 -59.24839 -2.15620
v 0.00000 -56.43994 -15.91361
v -0.93505 -56.69027 -15.92400
v 1.05472 -58.40549 -13.65565
v 0.91342 -57.87859 -13.63373
v 1.37336 -58.35696 -14.82344
v 1.18936 -57.67088 -14.79493
v 1.87011 -58.30843 -15.99126
v 1.61957 -57.37419 -15.95243
v -0.91341 -58.93239 -13.67754
v -0.52735 -59.31812 -13.69357
v -1.18935 -59.04305 -14.85196
v -0.68667 -59.54530 -14.87282
v -1.61956 -59.24268 -16.03007
v -0.93505 -59.92660 -16.05850
v 0.00001 -59.45930 -13.69943
v 0.52736 -59.31812 -13.69357
v 0.36467 -59.33457 -6.51152
v 0.36467 -59.51510 -2.16728
v 0.00001 -59.72914 -14.88047
v 0.68668 -59.54530 -14.87282
v 0.00001 -60.17692 -16.06891
v 0.93506 -59.92660 -16.05850
v 0.36467 -59.33457 -6.51152
v 0.00000 -59.37782 -6.62912
v 0.33987 -59.28683 -6.62533
v 0.33987 -59.28683 -6.62533
v 0.00000 -59.37782 -6.62912
v 0.00000 -59.25614 -6.67204
v 0.27997 -59.18119 -6.66892
v 0.33987 -59.28683 -6.62533
v 0.58866 -59.03825 -6.61501
v 0.58866 -59.03825 -6.61501
v 0.48587 -58.97696 -6.66042
v 0.67973 -58.69868 -6.60090
v 0.67973 -58.69868 -6.60090
v 0.56104 -58.69669 -6.64879
v 0.58866 -58.35911 -6.58679
v 0.58866 -58.35911 -6.58679
v 0.48492 -58.41696 -6.63717
v 0.58866 -58.35911 -6.58679
v 0.33987 -58.11053 -6.57647
v 0.33987 -58.11053 -6.57647
v 0.27997 -58.21219 -6.62865
v 0.00000 -58.01954 -6.57268
v 0.00000 -58.01954 -6.57268
v 0.00000 -58.13724 -6.62553
v -0.33986 -58.11053 -6.57647
v -0.33986 -58.11053 -6.57647
v -0.28051 -58.21124 -6.62861
v -0.33986 -58.11053 -6.57647
v -0.58865 -58.35911 -6.58679
v -0.58865 -58.35911 -6.58679
v -0.48491 -58.41696 -6.63717
v -0.67972 -58.69868 -6.60090
v -0.67972 -58.69868 -6.60090
v -0.56103 -58.69669 -6.64879
v -0.58865 -59.03825 -6.61501
v -0.58865 -59.03825 -6.61501
v -0.48586 -58.97696 -6.66042
v -0.58865 -59.03825 -6.61501
v -0.33986 -59.28683 -6.62533
v -0.33986 -59.28683 -6.62533
v -0.28051 -59.18213 -6.66896
v 0.27997 -59.37532 -1.99769
v 0.00000 -59.45028 -2.00081
v 0.00000 -59.56796 -2.05367
v 0.33987 -59.47698 -2.04988
v 0.33987 -59.47698 -2.04988
v 0.00000 -59.56796 -2.05367
v 0.36467 -59.51510 -2.16728
v 0.48492 -59.17054 -1.98917
v 0.58866 -59.22839 -2.03956
v 0.58866 -59.22839 -2.03956
v 0.33987 -59.47698 -2.04988
v 0.55994 -58.89082 -1.97756
v 0.67973 -58.88883 -2.02545
v 0.67973 -58.88883 -2.02545
v 0.48492 -58.61108 -1.96592
v 0.58866 -58.54927 -2.01133
v 0.58866 -58.54927 -2.01133
v 0.27997 -58.40632 -1.95743
v 0.33987 -58.30067 -2.00099
v 0.33987 -58.30067 -2.00099
v 0.58866 -58.54927 -2.01133
v 0.00000 -58.33136 -1.95431
v 0.00000 -58.20969 -1.99722
v 0.00000 -58.20969 -1.99722
v -0.27996 -58.40632 -1.95743
v -0.33986 -58.30067 -2.00099
v -0.33986 -58.30067 -2.00099
v -0.48491 -58.61108 -1.96592
v -0.58865 -58.54927 -2.01133
v -0.58865 -58.54927 -2.01133
v -0.33986 -58.30067 -2.00099
v -0.55993 -58.89082 -1.97756
v -0.67972 -58.88883 -2.02545
v -0.67972 -58.88883 -2.02545
v -0.48491 -59.17054 -1.98917
v -0.58865 -59.22839 -2.03956
v -0.58865 -59.22839 -2.03956
v -0.27996 -59.37532 -1.99769
v -0.33986 -59.47698 -2.04988
v -0.33986 -59.47698 -2.04988
v -0.58865 -59.22839 -2.03956
v -1.87010 -58.30843 -15.99126
v -1.61956 -59.24268 -16.03007
v -1.18935 -59.04305 -14.85196
v -1.37335 -58.35696 -14.82344
v -0.91341 -58.93239 -13.67754
v -1.05471 -58.40549 -13.65565
v 1.61957 -59.24268 -16.03007
v 1.18937 -59.04305 -14.85196
v 0.91342 -58.93239 -13.67754
v 0.93506 -56.69027 -15.92400
v 0.68668 -57.16863 -14.77406
v 0.52736 -57.49287 -13.61770
v -1.61956 -57.37419 -15.95243
v -1.18935 -57.67088 -14.79493
v -0.91341 -57.87859 -13.63373
v 0.93506 -59.92660 -16.05850
v 0.68668 -59.54530 -14.87282
v 0.52736 -59.31812 -13.69357
v 1.61957 -57.37419 -15.95243
v 1.18936 -57.67088 -14.79493
v 0.91342 -57.87859 -13.63373
v -0.93505 -56.69027 -15.92400
v -0.68667 -57.16863 -14.77406
v -0.52735 -57.49287 -13.61770
v -0.27996 -59.38502 -1.76412
v -0.27996 -58.41602 -1.72386
v 0.00000 -59.45997 -1.76724
v 0.00000 -58.34107 -1.72074
v 0.27997 -59.38502 -1.76412
v 0.27997 -58.41602 -1.72386
v 0.48587 -58.78283 -11.33167
v 0.56104 -58.50256 -11.32001
v 0.56104 -58.69669 -6.64879
v 0.48587 -58.97696 -6.66042
v -0.56103 -58.50256 -11.32001
v -0.48586 -58.78283 -11.33167
v -0.48586 -58.97696 -6.66042
v -0.56103 -58.69669 -6.64879
v 0.00000 -57.94202 -11.29674
v -0.28051 -58.01712 -11.29986
v -0.28051 -58.21124 -6.62861
v 0.00000 -58.13724 -6.62553
v 0.48587 -58.22229 -11.30837
v 0.48492 -58.41696 -6.63717
v -0.48586 -58.78283 -11.33167
v -0.28051 -58.98801 -11.34019
v -0.28051 -59.18213 -6.66896
v -0.48586 -58.97696 -6.66042
v 0.00001 -59.06311 -11.34331
v 0.28052 -58.98801 -11.34019
v 0.27997 -59.18119 -6.66892
v 0.00000 -59.25614 -6.67204
v -0.48586 -58.22229 -11.30837
v -0.48491 -58.41696 -6.63717
v 0.28052 -58.01712 -11.29986
v 0.27997 -58.21219 -6.62865
v 0.28052 -58.98801 -11.34019
v 0.27997 -59.18119 -6.66892
v -0.48586 -58.22229 -11.30837
v -0.48491 -58.41696 -6.63717
v 0.28052 -58.01712 -11.29986
v 0.27997 -58.21219 -6.62865
v -0.27996 -58.40632 -1.95743
v -0.48491 -58.61108 -1.96592
v -0.48491 -58.62080 -1.73235
v -0.27996 -58.41602 -1.72386
v -0.55993 -58.89082 -1.97756
v -0.48491 -59.17054 -1.98917
v -0.48491 -59.18026 -1.75561
v -0.55993 -58.90052 -1.74399
v 0.48492 -59.17054 -1.98917
v 0.55994 -58.89082 -1.97756
v 0.55994 -58.90052 -1.74399
v 0.48492 -59.18026 -1.75561
v 0.48492 -58.61108 -1.96592
v 0.27997 -58.40632 -1.95743
v 0.27997 -58.41602 -1.72386
v 0.48492 -58.62080 -1.73235
v -0.27996 -59.37532 -1.99769
v 0.00000 -59.45028 -2.00081
v 0.00000 -59.45997 -1.76724
v -0.27996 -59.38502 -1.76412
v 0.00000 -58.33136 -1.95431
v 0.00000 -58.34107 -1.72074
v 0.48492 -58.61108 -1.96592
v 0.48492 -58.62080 -1.73235
v 0.27997 -59.37532 -1.99769
v 0.27997 -59.38502 -1.76412
v 0.27997 -59.37532 -1.99769
v 0.27997 -59.38502 -1.76412
v -0.27996 -59.37532 -1.99769
v -0.27996 -59.38502 -1.76412
v -0.48491 -58.61108 -1.96592
v -0.48491 -58.62080 -1.73235
v 10.28821 -59.55546 -5.65000
v 10.28821 -59.65537 -4.95587
v 10.51020 -59.73287 -4.96702
v 10.51020 -59.63294 -5.66114
v 10.73218 -60.13390 -5.73326
v 10.73218 -60.23382 -5.03911
v 10.67270 -60.52303 -5.08076
v 10.67270 -60.42312 -5.77488
v 9.90372 -60.42312 -5.77488
v 9.90372 -60.52303 -5.08076
v 9.84424 -60.23381 -5.03911
v 9.84424 -60.13390 -5.73326
v 10.06623 -59.63294 -5.66114
v 10.06623 -59.73287 -4.96702
v 10.67270 -59.84468 -5.69162
v 10.67270 -59.94459 -4.99749
v 10.06623 -60.63486 -5.80536
v 10.06623 -60.73477 -5.11123
v 9.90372 -60.52303 -5.08076
v 9.90372 -60.42312 -5.77488
v 10.51020 -60.63486 -5.80536
v 10.51020 -60.73477 -5.11123
v 10.28821 -60.81227 -5.12238
v 10.28821 -60.71234 -5.81651
v 9.90372 -59.84468 -5.69162
v 9.90372 -59.94459 -4.99749
v 10.51020 -59.63294 -5.66114
v 10.51020 -59.73287 -4.96702
v 10.51020 -60.73477 -5.11123
v 10.51020 -60.63486 -5.80536
v 9.90372 -59.94459 -4.99749
v 9.90372 -59.84468 -5.69162
v 10.74960 -60.56251 -0.95342
v 10.74960 -60.58612 -0.13022
v 10.82098 -60.93319 -0.18015
v 10.82098 -61.00255 -1.01676
v 10.02183 -61.76471 -1.12646
v 10.02183 -61.53432 -0.26670
v 9.82683 -61.28025 -0.23011
v 9.82683 -61.44259 -1.08009
v 10.55460 -61.76471 -1.12646
v 10.55460 -61.53432 -0.26670
v 10.28821 -61.62732 -0.28007
v 10.28821 -61.88261 -1.14343
v 9.82683 -60.56251 -0.95342
v 9.82683 -60.58612 -0.13022
v 10.02183 -60.33205 -0.09363
v 10.02183 -60.24039 -0.90705
v 10.55460 -60.24039 -0.90705
v 10.55460 -60.33205 -0.09363
v 10.02183 -61.53432 -0.26670
v 10.02183 -61.76471 -1.12646
v 10.74960 -61.44259 -1.08009
v 10.74960 -61.28025 -0.23011
v 10.55460 -61.53432 -0.26670
v 10.55460 -61.76471 -1.12646
v 9.75545 -61.00255 -1.01676
v 9.75545 -60.93319 -0.18015
v 10.28821 -60.12249 -0.89009
v 10.28821 -60.23906 -0.08026
v 10.55460 -60.33205 -0.09363
v 10.55460 -60.24039 -0.90705
v 10.02183 -60.24039 -0.90705
v 10.02183 -60.33205 -0.09363
v 10.07511 -60.45227 -0.11093
v 10.07511 -60.48558 0.12043
v 10.28821 -60.41119 0.13115
v 10.28821 -60.37788 -0.10023
v 10.65732 -60.65553 -0.14020
v 10.65732 -60.68884 0.09118
v 10.71442 -60.96649 0.05121
v 10.71442 -60.93319 -0.18015
v 10.07511 -61.41410 -0.24937
v 10.07511 -61.44741 -0.01801
v 9.91910 -61.24415 0.01126
v 9.91910 -61.21084 -0.22013
v 10.50132 -61.41410 -0.24937
v 10.50132 -61.44741 -0.01801
v 10.28821 -61.52180 -0.02871
v 10.28821 -61.48849 -0.26010
v 9.91910 -60.65553 -0.14020
v 9.91910 -60.68884 0.09118
v 10.07511 -60.48558 0.12043
v 10.07511 -60.45227 -0.11093
v 10.50132 -60.45227 -0.11093
v 10.50132 -60.48558 0.12043
v 10.07511 -61.44741 -0.01801
v 10.07511 -61.41410 -0.24937
v 10.65732 -61.21085 -0.22013
v 10.65732 -61.24415 0.01126
v 10.50132 -61.44741 -0.01801
v 10.50132 -61.41410 -0.24937
v 9.86200 -60.93319 -0.18015
v 9.86200 -60.96649 0.05121
v 10.50132 -60.48558 0.12043
v 10.50132 -60.45227 -0.11093
v 10.02183 -59.63268 -4.95259
v 10.02183 -59.87655 -3.32299
v 10.28821 -59.77442 -3.30830
v 10.28821 -59.53967 -4.93922
v 9.82683 -60.58088 -5.08907
v 9.82683 -60.91777 -3.47287
v 9.75545 -60.53665 -3.41800
v 9.75545 -60.23381 -5.03911
v 10.82098 -60.23382 -5.03911
v 10.82098 -60.53665 -3.41800
v 10.74960 -60.91777 -3.47287
v 10.74960 -60.58088 -5.08907
v 10.55460 -59.87655 -3.32299
v 10.55460 -59.63268 -4.95259
v 9.82683 -60.15554 -3.36316
v 9.82683 -59.88675 -4.98915
v 10.55460 -61.19676 -3.51302
v 10.55460 -60.83495 -5.12563
v 10.28821 -60.92794 -5.13903
v 10.28821 -61.29888 -3.52773
v 10.02183 -61.19676 -3.51302
v 10.02183 -60.83495 -5.12563
v 10.02183 -59.87655 -3.32299
v 10.02183 -59.63268 -4.95259
v 10.55460 -60.83495 -5.12563
v 10.55460 -61.19676 -3.51302
v 10.02183 -60.83495 -5.12563
v 10.02183 -61.19676 -3.51302
v 10.74960 -59.88675 -4.98915
v 10.74960 -60.15554 -3.36316
v 10.02183 -60.00888 -2.52694
v 10.02183 -60.13287 -1.71818
v 10.28821 -60.00593 -1.69989
v 10.28821 -59.88937 -2.50972
v 9.82683 -61.22753 -2.70234
v 9.82683 -61.42714 -1.90446
v 9.75545 -60.95341 -1.83629
v 9.75545 -60.78147 -2.63813
v 10.82098 -60.78147 -2.63813
v 10.82098 -60.95341 -1.83629
v 10.74960 -61.42714 -1.90446
v 10.74960 -61.22753 -2.70234
v 10.55460 -60.13287 -1.71818
v 10.55460 -60.00888 -2.52694
v 9.82683 -60.47967 -1.76809
v 9.82683 -60.33541 -2.57393
v 10.55460 -61.77394 -1.95437
v 10.55460 -61.55406 -2.74933
v 10.28821 -61.67357 -2.76654
v 10.28821 -61.90088 -1.97265
v 10.02183 -61.77394 -1.95437
v 10.02183 -61.55406 -2.74933
v 10.55460 -60.00888 -2.52694
v 10.55460 -60.13287 -1.71818
v 10.74960 -60.47967 -1.76809
v 10.74960 -60.33541 -2.57393
v 10.02183 -60.13287 -1.71818
v 10.02183 -60.00888 -2.52694
v 10.55460 -61.55406 -2.74933
v 10.55460 -61.77394 -1.95437
v 10.02183 -61.55406 -2.74933
v 10.02183 -61.77394 -1.95437
v 10.55460 -59.87655 -3.32299
v 10.55460 -59.63268 -4.95259
v 10.67270 -59.94459 -4.99749
v 10.74960 -59.88675 -4.98915
v 10.82098 -60.23382 -5.03911
v 10.73218 -60.23382 -5.03911
v 10.06623 -60.73477 -5.11123
v 10.02183 -60.83495 -5.12563
v 9.82683 -60.58088 -5.08907
v 9.90372 -60.52303 -5.08076
v 10.51020 -60.73477 -5.11123
v 10.55460 -60.83495 -5.12563
v 10.28821 -60.92794 -5.13903
v 10.28821 -60.81227 -5.12238
v 9.90372 -59.94459 -4.99749
v 9.82683 -59.88675 -4.98915
v 10.02183 -59.63268 -4.95259
v 10.06623 -59.73287 -4.96702
v 10.51020 -59.73287 -4.96702
v 10.55460 -59.63268 -4.95259
v 10.67270 -60.52303 -5.08076
v 10.74960 -60.58088 -5.08907
v 9.84424 -60.23381 -5.03911
v 9.75545 -60.23381 -5.03911
v 10.28821 -59.65537 -4.95587
v 10.28821 -59.53967 -4.93922
v 10.02183 -60.33205 -0.09363
v 10.07511 -60.45227 -0.11093
v 10.28821 -60.37788 -0.10023
v 10.28821 -60.23906 -0.08026
v 10.74960 -60.58612 -0.13022
v 10.65732 -60.65553 -0.14020
v 10.71442 -60.93319 -0.18015
v 10.82098 -60.93319 -0.18015
v 10.02183 -61.53432 -0.26670
v 10.07511 -61.41410 -0.24937
v 9.91910 -61.21084 -0.22013
v 9.82683 -61.28025 -0.23011
v 10.55460 -61.53432 -0.26670
v 10.50132 -61.41410 -0.24937
v 10.28821 -61.48849 -0.26010
v 10.28821 -61.62732 -0.28007
v 9.82683 -60.58612 -0.13022
v 9.91910 -60.65553 -0.14020
v 10.55460 -60.33205 -0.09363
v 10.50132 -60.45227 -0.11093
v 10.74960 -61.28025 -0.23011
v 10.65732 -61.21085 -0.22013
v 9.75545 -60.93319 -0.18015
v 9.86200 -60.93319 -0.18015
v 10.07511 -61.44741 -0.01801
v 10.07511 -60.48558 0.12043
v 10.28821 -61.52180 -0.02871
v 10.28821 -60.41119 0.13115
v 10.50132 -61.44741 -0.01801
v 10.50132 -60.48558 0.12043
v 10.00971 -64.36862 -14.23710
v 10.00971 -64.39765 -13.53642
v 10.23169 -64.47588 -13.53965
v 10.23169 -64.44685 -14.24036
v 10.45368 -64.95252 -14.26129
v 10.45368 -64.98156 -13.56061
v 10.39420 -65.27351 -13.57269
v 10.39420 -65.24448 -14.27340
v 9.62522 -65.24448 -14.27340
v 9.62522 -65.27351 -13.57269
v 9.56574 -64.98156 -13.56061
v 9.56574 -64.95252 -14.26129
v 9.78772 -64.44685 -14.24036
v 9.78772 -64.47588 -13.53965
v 10.39420 -64.66057 -14.24921
v 10.39420 -64.68960 -13.54850
v 9.78772 -65.45821 -14.28225
v 9.78772 -65.48724 -13.58154
v 9.62522 -65.27351 -13.57269
v 9.62522 -65.24448 -14.27340
v 10.23169 -65.45821 -14.28225
v 10.23169 -65.48724 -13.58154
v 10.00971 -65.56547 -13.58480
v 10.00971 -65.53643 -14.28548
v 9.62522 -64.66057 -14.24921
v 9.62522 -64.68960 -13.54850
v 10.23169 -64.44685 -14.24036
v 10.23169 -64.47588 -13.53965
v 10.23169 -65.48724 -13.58154
v 10.23169 -65.45821 -14.28225
v 9.62522 -64.68960 -13.54850
v 9.62522 -64.66057 -14.24921
v 10.47109 -64.89435 -9.46264
v 10.47109 -64.83436 -8.64128
v 10.54247 -65.18470 -8.65577
v 10.54247 -65.33852 -9.48103
v 9.74333 -66.10789 -9.51289
v 9.74333 -65.79151 -8.68092
v 9.54832 -65.53504 -8.67028
v 9.54832 -65.78271 -9.49942
v 10.27609 -66.10789 -9.51289
v 10.27609 -65.79152 -8.68092
v 10.00971 -65.88539 -8.68480
v 10.00971 -66.22690 -9.51781
v 9.54832 -64.89435 -9.46264
v 9.54832 -64.83436 -8.64128
v 9.74333 -64.57789 -8.63065
v 9.74333 -64.56918 -9.44917
v 10.27609 -64.56918 -9.44917
v 10.27609 -64.57789 -8.63065
v 9.74333 -65.79151 -8.68092
v 9.74333 -66.10789 -9.51289
v 10.47109 -65.78271 -9.49942
v 10.47109 -65.53504 -8.67028
v 10.27609 -65.79152 -8.68092
v 10.27609 -66.10789 -9.51289
v 9.47694 -65.33852 -9.48103
v 9.47694 -65.18470 -8.65577
v 10.00971 -64.45015 -9.44422
v 10.00971 -64.48401 -8.62677
v 10.27609 -64.57789 -8.63065
v 10.27609 -64.56918 -9.44917
v 9.74333 -64.56918 -9.44917
v 9.74333 -64.57789 -8.63065
v 9.79660 -64.69925 -8.63568
v 9.79660 -64.70892 -8.40212
v 10.00971 -64.63382 -8.39900
v 10.00971 -64.62415 -8.63256
v 10.37882 -64.90442 -8.64418
v 10.37882 -64.91410 -8.41061
v 10.43592 -65.19436 -8.42223
v 10.43592 -65.18470 -8.65577
v 9.79660 -65.67016 -8.67588
v 9.79660 -65.67982 -8.44233
v 9.64060 -65.47464 -8.43382
v 9.64060 -65.46497 -8.66739
v 10.22281 -65.67016 -8.67588
v 10.22281 -65.67982 -8.44233
v 10.00971 -65.75491 -8.44543
v 10.00971 -65.74525 -8.67900
v 9.64060 -64.90442 -8.64418
v 9.64060 -64.91410 -8.41061
v 9.79660 -64.70892 -8.40212
v 9.79660 -64.69925 -8.63568
v 10.22281 -64.69925 -8.63568
v 10.22281 -64.70892 -8.40212
v 9.79660 -65.67982 -8.44233
v 9.79660 -65.67016 -8.67588
v 10.37882 -65.46497 -8.66739
v 10.37882 -65.47464 -8.43382
v 10.22281 -65.67982 -8.44233
v 10.22281 -65.67016 -8.67588
v 9.58350 -65.18470 -8.65577
v 9.58350 -65.19436 -8.42223
v 10.22281 -64.70892 -8.40212
v 10.22281 -64.69925 -8.63568
v 9.74333 -64.37474 -13.53549
v 9.74333 -64.45214 -11.88954
v 10.00971 -64.34905 -11.88528
v 10.00971 -64.28087 -13.53158
v 9.54832 -65.33189 -13.57512
v 9.54832 -65.50320 -11.93308
v 9.47694 -65.11849 -11.91714
v 9.47694 -64.98156 -13.56061
v 10.54247 -64.98156 -13.56061
v 10.54247 -65.11849 -11.91714
v 10.47109 -65.50320 -11.93308
v 10.47109 -65.33189 -13.57512
v 10.27609 -64.45214 -11.88954
v 10.27609 -64.37474 -13.53549
v 9.54832 -64.73377 -11.90122
v 9.54832 -64.63122 -13.54610
v 10.27609 -65.78484 -11.94474
v 10.27609 -65.58837 -13.58573
v 10.00971 -65.68224 -13.58964
v 10.00971 -65.88792 -11.94902
v 9.74333 -65.78484 -11.94474
v 9.74333 -65.58837 -13.58573
v 9.74333 -64.45214 -11.88954
v 9.74333 -64.37474 -13.53549
v 10.27609 -65.58837 -13.58573
v 10.27609 -65.78484 -11.94474
v 9.74333 -65.58837 -13.58573
v 9.74333 -65.78484 -11.94474
v 10.47109 -64.63122 -13.54610
v 10.47109 -64.73377 -11.90122
v 9.74333 -64.50309 -11.08417
v 9.74333 -64.54443 -10.26700
v 10.00971 -64.41630 -10.26170
v 10.00971 -64.38245 -11.07918
v 9.54832 -65.73323 -11.13511
v 9.54832 -65.85094 -10.32111
v 9.47694 -65.37271 -10.30131
v 9.47694 -65.28297 -11.11647
v 10.54247 -65.28297 -11.11647
v 10.54247 -65.37271 -10.30131
v 10.47109 -65.85094 -10.32111
v 10.47109 -65.73323 -11.13511
v 10.27609 -64.54443 -10.26700
v 10.27609 -64.50309 -11.08417
v 9.54832 -64.89450 -10.28152
v 9.54832 -64.83271 -11.09781
v 10.27609 -66.20101 -10.33562
v 10.27609 -66.06284 -11.14878
v 10.00971 -66.18347 -11.15377
v 10.00971 -66.32914 -10.34093
v 9.74333 -66.20101 -10.33562
v 9.74333 -66.06284 -11.14878
v 10.27609 -64.50309 -11.08417
v 10.27609 -64.54443 -10.26700
v 10.47109 -64.89450 -10.28152
v 10.47109 -64.83271 -11.09781
v 9.74333 -64.54443 -10.26700
v 9.74333 -64.50309 -11.08417
v 10.27609 -66.06284 -11.14878
v 10.27609 -66.20101 -10.33562
v 9.74333 -66.06284 -11.14878
v 9.74333 -66.20101 -10.33562
v 10.27609 -64.45214 -11.88954
v 10.27609 -64.37474 -13.53549
v 9.79660 -65.67982 -8.44233
v 9.79660 -64.70892 -8.40212
v 10.39420 -64.68960 -13.54850
v 10.47109 -64.63122 -13.54610
v 10.54247 -64.98156 -13.56061
v 10.45368 -64.98156 -13.56061
v 9.78772 -65.48724 -13.58154
v 9.74333 -65.58837 -13.58573
v 9.54832 -65.33189 -13.57512
v 9.62522 -65.27351 -13.57269
v 10.23169 -65.48724 -13.58154
v 10.27609 -65.58837 -13.58573
v 10.00971 -65.68224 -13.58964
v 10.00971 -65.56547 -13.58480
v 9.62522 -64.68960 -13.54850
v 9.54832 -64.63122 -13.54610
v 9.74333 -64.37474 -13.53549
v 9.78772 -64.47588 -13.53965
v 10.23169 -64.47588 -13.53965
v 10.27609 -64.37474 -13.53549
v 10.39420 -65.27351 -13.57269
v 10.47109 -65.33189 -13.57512
v 9.56574 -64.98156 -13.56061
v 9.47694 -64.98156 -13.56061
v 10.00971 -64.39765 -13.53642
v 10.00971 -64.28087 -13.53158
v 9.74333 -64.57789 -8.63065
v 9.79660 -64.69925 -8.63568
v 10.00971 -64.62415 -8.63256
v 10.00971 -64.48401 -8.62677
v 10.47109 -64.83436 -8.64128
v 10.37882 -64.90442 -8.64418
v 10.43592 -65.18470 -8.65577
v 10.54247 -65.18470 -8.65577
v 9.74333 -65.79151 -8.68092
v 9.79660 -65.67016 -8.67588
v 9.64060 -65.46497 -8.66739
v 9.54832 -65.53504 -8.67028
v 10.27609 -65.79152 -8.68092
v 10.22281 -65.67016 -8.67588
v 10.00971 -65.74525 -8.67900
v 10.00971 -65.88539 -8.68480
v 9.54832 -64.83436 -8.64128
v 9.64060 -64.90442 -8.64418
v 10.27609 -64.57789 -8.63065
v 10.22281 -64.69925 -8.63568
v 10.47109 -65.53504 -8.67028
v 10.37882 -65.46497 -8.66739
v 9.47694 -65.18470 -8.65577
v 9.58350 -65.18470 -8.65577
v 10.00971 -65.75491 -8.44543
v 10.00971 -64.63382 -8.39900
v 10.22281 -65.67982 -8.44233
v 10.22281 -64.70892 -8.40212
v 1.88615 -64.88978 -5.64438
v 2.15062 -64.90121 -5.53545
v 2.15062 -64.82304 -6.27938
v 1.88615 -64.83449 -6.17044
v 2.41509 -64.83449 -6.17044
v 2.15062 -64.82304 -6.27938
v 2.15062 -64.90121 -5.53545
v 2.41509 -64.88978 -5.64438
v -0.40491 -65.49818 -0.07985
v -0.40491 -65.54701 0.38510
v -0.23378 -65.56490 0.55531
v -0.23378 -65.48028 -0.25004
v -0.93503 -65.56490 0.55531
v -0.93503 -65.48028 -0.25004
v -1.16880 -65.47374 -0.31235
v -1.16880 -65.57143 0.61759
v -1.40256 -65.48028 -0.25004
v -1.57369 -65.49818 -0.07985
v -1.57369 -65.54701 0.38510
v -1.40256 -65.56490 0.55531
v -0.76391 -65.54701 0.38510
v -0.76391 -65.49818 -0.07985
v -0.93503 -65.48028 -0.25004
v -0.93503 -65.56490 0.55531
v -1.40256 -65.56490 0.55531
v -1.16880 -65.57143 0.61759
v -1.16880 -65.47374 -0.31235
v -1.40256 -65.48028 -0.25004
v -2.15062 -64.96255 -6.29405
v -2.41509 -64.97399 -6.18510
v -2.41509 -64.83449 -6.17044
v -2.15062 -64.82304 -6.27938
v -2.52464 -65.00163 -5.92206
v -2.41509 -65.02928 -5.65905
v -2.41509 -64.88978 -5.64438
v -2.52464 -64.86212 -5.90742
v -1.88615 -65.02928 -5.65905
v -1.77660 -65.00163 -5.92206
v -1.77660 -64.86212 -5.90742
v -1.88615 -64.88978 -5.64438
v -1.88615 -64.97399 -6.18510
v -2.15062 -64.96255 -6.29405
v -2.15062 -64.82304 -6.27938
v -1.88615 -64.83449 -6.17044
v -2.41509 -64.97399 -6.18510
v -2.52464 -65.00163 -5.92206
v -2.52464 -64.86212 -5.90742
v -2.41509 -64.83449 -6.17044
v -2.41509 -65.02928 -5.65905
v -2.15062 -65.04071 -5.55010
v -2.15062 -64.90121 -5.53545
v -2.41509 -64.88978 -5.64438
v -2.15062 -65.04071 -5.55010
v -1.88615 -65.02928 -5.65905
v -1.88615 -64.88978 -5.64438
v -2.15062 -64.90121 -5.53545
v -1.77660 -65.00163 -5.92206
v -1.88615 -64.97399 -6.18510
v -1.88615 -64.83449 -6.17044
v -1.77660 -64.86212 -5.90742
v -1.07531 -64.96255 -6.29405
v -1.33978 -64.97399 -6.18510
v -1.33978 -64.83449 -6.17044
v -1.07531 -64.82304 -6.27938
v -1.44933 -65.00163 -5.92206
v -1.33978 -65.02928 -5.65905
v -1.33978 -64.88978 -5.64438
v -1.44933 -64.86212 -5.90742
v -0.81084 -65.02928 -5.65905
v -0.70129 -65.00163 -5.92206
v -0.70129 -64.86212 -5.90742
v -0.81084 -64.88978 -5.64438
v -0.81084 -64.97399 -6.18510
v -1.07531 -64.96255 -6.29405
v -1.07531 -64.82304 -6.27938
v -0.81084 -64.83449 -6.17044
v -1.33978 -64.97399 -6.18510
v -1.44933 -65.00163 -5.92206
v -1.44933 -64.86212 -5.90742
v -1.33978 -64.83449 -6.17044
v -1.33978 -65.02928 -5.65905
v -1.07531 -65.04071 -5.55010
v -1.07531 -64.90121 -5.53545
v -1.33978 -64.88978 -5.64438
v -1.07531 -65.04071 -5.55010
v -0.81084 -65.02928 -5.65905
v -0.81084 -64.88978 -5.64438
v -1.07531 -64.90121 -5.53545
v -0.70129 -65.00163 -5.92206
v -0.81084 -64.97399 -6.18510
v -0.81084 -64.83449 -6.17044
v -0.70129 -64.86212 -5.90742
v -0.00000 -64.96255 -6.29405
v -0.26447 -64.97399 -6.18510
v -0.26447 -64.83449 -6.17044
v -0.00000 -64.82304 -6.27938
v -0.37402 -65.00163 -5.92206
v -0.26447 -65.02928 -5.65905
v -0.26447 -64.88978 -5.64438
v -0.37402 -64.86212 -5.90742
v 0.26447 -65.02928 -5.65905
v 0.37402 -65.00163 -5.92206
v 0.37402 -64.86212 -5.90742
v 0.26447 -64.88978 -5.64438
v 0.26447 -64.97399 -6.18510
v -0.00000 -64.96255 -6.29405
v -0.00000 -64.82304 -6.27938
v 0.26447 -64.83449 -6.17044
v -0.26447 -64.97399 -6.18510
v -0.37402 -65.00163 -5.92206
v -0.37402 -64.86212 -5.90742
v -0.26447 -64.83449 -6.17044
v -0.26447 -65.02928 -5.65905
v -0.00000 -65.04071 -5.55010
v -0.00000 -64.90121 -5.53545
v -0.26447 -64.88978 -5.64438
v -0.00000 -65.04071 -5.55010
v 0.26447 -65.02928 -5.65905
v 0.26447 -64.88978 -5.64438
v -0.00000 -64.90121 -5.53545
v 0.37402 -65.00163 -5.92206
v 0.26447 -64.97399 -6.18510
v 0.26447 -64.83449 -6.17044
v 0.37402 -64.86212 -5.90742
v 0.40487 -65.54701 0.38510
v 0.40487 -65.49818 -0.07985
v 0.23374 -65.48028 -0.25004
v 0.23374 -65.56490 0.55531
v -0.00002 -65.47374 -0.31235
v -0.23378 -65.48028 -0.25004
v -0.23378 -65.56490 0.55531
v -0.00002 -65.57143 0.61759
v 1.07531 -64.96255 -6.29405
v 0.81084 -64.97399 -6.18510
v 0.81084 -64.83449 -6.17044
v 1.07531 -64.82304 -6.27938
v 0.70129 -65.00163 -5.92206
v 0.81084 -65.02928 -5.65905
v 0.81084 -64.88978 -5.64438
v 0.70129 -64.86212 -5.90742
v 1.33978 -65.02928 -5.65905
v 1.44933 -65.00163 -5.92206
v 1.44933 -64.86212 -5.90742
v 1.33978 -64.88978 -5.64438
v 1.33978 -64.97399 -6.18510
v 1.07531 -64.96255 -6.29405
v 1.07531 -64.82304 -6.27938
v 1.33978 -64.83449 -6.17044
v 0.81084 -64.97399 -6.18510
v 0.70129 -65.00163 -5.92206
v 0.70129 -64.86212 -5.90742
v 0.81084 -64.83449 -6.17044
v 0.81084 -65.02928 -5.65905
v 1.07531 -65.04071 -5.55010
v 1.07531 -64.90121 -5.53545
v 0.81084 -64.88978 -5.64438
v 1.07531 -65.04071 -5.55010
v 1.33978 -65.02928 -5.65905
v 1.33978 -64.88978 -5.64438
v 1.07531 -64.90121 -5.53545
v 1.44933 -65.00163 -5.92206
v 1.33978 -64.97399 -6.18510
v 1.33978 -64.83449 -6.17044
v 1.44933 -64.86212 -5.90742
v -0.00002 -65.57143 0.61759
v 0.23374 -65.56490 0.55531
v 0.23374 -65.48028 -0.25004
v -0.00002 -65.47374 -0.31235
v 2.15062 -64.96255 -6.29405
v 1.88615 -64.97399 -6.18510
v 1.88615 -64.83449 -6.17044
v 2.15062 -64.82304 -6.27938
v 1.77660 -65.00163 -5.92206
v 1.88615 -65.02928 -5.65905
v 1.88615 -64.88978 -5.64438
v 1.77660 -64.86212 -5.90742
v 2.41509 -65.02928 -5.65905
v 2.52464 -65.00163 -5.92206
v 2.52464 -64.86212 -5.90742
v 2.41509 -64.88978 -5.64438
v 2.41509 -64.97399 -6.18510
v 2.15062 -64.96255 -6.29405
v 2.15062 -64.82304 -6.27938
v 2.41509 -64.83449 -6.17044
v 1.88615 -64.97399 -6.18510
v 1.77660 -65.00163 -5.92206
v 1.77660 -64.86212 -5.90742
v 1.88615 -64.83449 -6.17044
v 1.88615 -65.02928 -5.65905
v 2.15062 -65.04071 -5.55010
v 2.15062 -64.90121 -5.53545
v 1.88615 -64.88978 -5.64438
v 2.15062 -65.04071 -5.55010
v 2.41509 -65.02928 -5.65905
v 2.41509 -64.88978 -5.64438
v 2.15062 -64.90121 -5.53545
v 2.52464 -65.00163 -5.92206
v 2.41509 -64.97399 -6.18510
v 2.41509 -64.83449 -6.17044
v 2.52464 -64.86212 -5.90742
v 1.33978 -64.83449 -6.17044
v 1.07531 -64.82304 -6.27938
v 1.07531 -64.90121 -5.53545
v 1.33978 -64.88978 -5.64438
v 0.81084 -64.88978 -5.64438
v 1.07531 -64.90121 -5.53545
v 1.07531 -64.82304 -6.27938
v 0.81084 -64.83449 -6.17044
v 0.26447 -64.83449 -6.17044
v -0.00000 -64.82304 -6.27938
v -0.00000 -64.90121 -5.53545
v 0.26447 -64.88978 -5.64438
v -0.26447 -64.88978 -5.64438
v -0.00000 -64.90121 -5.53545
v -0.00000 -64.82304 -6.27938
v -0.26447 -64.83449 -6.17044
v -0.81084 -64.83449 -6.17044
v -1.07531 -64.82304 -6.27938
v -1.07531 -64.90121 -5.53545
v -0.81084 -64.88978 -5.64438
v -1.33978 -64.88978 -5.64438
v -1.07531 -64.90121 -5.53545
v -1.07531 -64.82304 -6.27938
v -1.33978 -64.83449 -6.17044
v -1.88615 -64.83449 -6.17044
v -2.15062 -64.82304 -6.27938
v -2.15062 -64.90121 -5.53545
v -1.88615 -64.88978 -5.64438
v -2.41509 -64.88978 -5.64438
v -2.15062 -64.90121 -5.53545
v -2.15062 -64.82304 -6.27938
v -2.41509 -64.83449 -6.17044
v 1.16880 -65.57143 0.61759
v 1.40256 -65.56490 0.55531
v 1.40256 -65.48028 -0.25004
v 1.16880 -65.47374 -0.31235
v -1.63632 -65.63884 0.14040
v -1.57369 -65.66326 0.37290
v -1.57369 -65.54701 0.38510
v -1.63632 -65.52259 0.15262
v -0.76391 -65.66326 0.37290
v -0.70127 -65.63884 0.14040
v -0.70127 -65.52259 0.15262
v -0.76391 -65.54701 0.38510
v -0.93503 -65.59653 -0.26226
v -1.16880 -65.58999 -0.32455
v -1.16880 -65.47374 -0.31235
v -0.93503 -65.48028 -0.25004
v -1.57369 -65.61441 -0.09207
v -1.63632 -65.63884 0.14040
v -1.63632 -65.52259 0.15262
v -1.57369 -65.49818 -0.07985
v -0.93503 -65.68114 0.54309
v -0.76391 -65.66326 0.37290
v -0.76391 -65.54701 0.38510
v -0.93503 -65.56490 0.55531
v -1.40256 -65.68114 0.54309
v -1.16880 -65.68767 0.60538
v -1.16880 -65.57143 0.61759
v -1.40256 -65.56490 0.55531
v -0.76391 -65.61441 -0.09207
v -0.93503 -65.59653 -0.26226
v -0.93503 -65.48028 -0.25004
v -0.76391 -65.49818 -0.07985
v -1.40256 -65.59653 -0.26226
v -1.57369 -65.61441 -0.09207
v -1.57369 -65.49818 -0.07985
v -1.40256 -65.48028 -0.25004
v -1.16880 -65.68767 0.60538
v -0.93503 -65.68114 0.54309
v -0.93503 -65.56490 0.55531
v -1.16880 -65.57143 0.61759
v -1.57369 -65.66326 0.37290
v -1.40256 -65.68114 0.54309
v -1.40256 -65.56490 0.55531
v -1.57369 -65.54701 0.38510
v -0.70127 -65.63884 0.14040
v -0.76391 -65.61441 -0.09207
v -0.76391 -65.49818 -0.07985
v -0.70127 -65.52259 0.15262
v -1.16880 -65.58999 -0.32455
v -1.40256 -65.59653 -0.26226
v -1.40256 -65.48028 -0.25004
v -1.16880 -65.47374 -0.31235
v 1.57369 -65.54701 0.38510
v 1.57369 -65.49818 -0.07985
v 1.40256 -65.48028 -0.25004
v 1.40256 -65.56490 0.55531
v 0.76391 -65.49818 -0.07985
v 0.76391 -65.54701 0.38510
v 0.93503 -65.56490 0.55531
v 0.93503 -65.48028 -0.25004
v -0.46755 -65.63884 0.14040
v -0.40491 -65.66326 0.37290
v -0.40491 -65.54701 0.38510
v -0.46755 -65.52259 0.15262
v 0.40487 -65.66326 0.37290
v 0.46751 -65.63884 0.14040
v 0.46751 -65.52259 0.15262
v 0.40487 -65.54701 0.38510
v 0.23374 -65.59653 -0.26226
v -0.00002 -65.58999 -0.32455
v -0.00002 -65.47374 -0.31235
v 0.23374 -65.48028 -0.25004
v -0.40491 -65.61441 -0.09207
v -0.46755 -65.63884 0.14040
v -0.46755 -65.52259 0.15262
v -0.40491 -65.49818 -0.07985
v 0.23374 -65.68114 0.54309
v 0.40487 -65.66326 0.37290
v 0.40487 -65.54701 0.38510
v 0.23374 -65.56490 0.55531
v -0.23378 -65.68114 0.54309
v -0.00002 -65.68767 0.60538
v -0.00002 -65.57143 0.61759
v -0.23378 -65.56490 0.55531
v 0.40487 -65.61441 -0.09207
v 0.23374 -65.59653 -0.26226
v 0.23374 -65.48028 -0.25004
v 0.40487 -65.49818 -0.07985
v -0.23378 -65.59653 -0.26226
v -0.40491 -65.61441 -0.09207
v -0.40491 -65.49818 -0.07985
v -0.23378 -65.48028 -0.25004
v -0.00002 -65.68767 0.60538
v 0.23374 -65.68114 0.54309
v 0.23374 -65.56490 0.55531
v -0.00002 -65.57143 0.61759
v -0.40491 -65.66326 0.37290
v -0.23378 -65.68114 0.54309
v -0.23378 -65.56490 0.55531
v -0.40491 -65.54701 0.38510
v 0.46751 -65.63884 0.14040
v 0.40487 -65.61441 -0.09207
v 0.40487 -65.49818 -0.07985
v 0.46751 -65.52259 0.15262
v -0.00002 -65.58999 -0.32455
v -0.23378 -65.59653 -0.26226
v -0.23378 -65.48028 -0.25004
v -0.00002 -65.47374 -0.31235
v 0.93503 -65.56490 0.55531
v 1.16880 -65.57143 0.61759
v 1.16880 -65.47374 -0.31235
v 0.93503 -65.48028 -0.25004
v 0.70127 -65.63884 0.14040
v 0.76391 -65.66326 0.37290
v 0.76391 -65.54701 0.38510
v 0.70127 -65.52259 0.15262
v 1.57369 -65.66326 0.37290
v 1.63632 -65.63884 0.14040
v 1.63632 -65.52259 0.15262
v 1.57369 -65.54701 0.38510
v 1.40256 -65.59653 -0.26226
v 1.16880 -65.58999 -0.32455
v 1.16880 -65.47374 -0.31235
v 1.40256 -65.48028 -0.25004
v 0.76391 -65.61441 -0.09207
v 0.70127 -65.63884 0.14040
v 0.70127 -65.52259 0.15262
v 0.76391 -65.49818 -0.07985
v 1.40256 -65.68114 0.54309
v 1.57369 -65.66326 0.37290
v 1.57369 -65.54701 0.38510
v 1.40256 -65.56490 0.55531
v 0.93503 -65.68114 0.54309
v 1.16880 -65.68767 0.60538
v 1.16880 -65.57143 0.61759
v 0.93503 -65.56490 0.55531
v 1.57369 -65.61441 -0.09207
v 1.40256 -65.59653 -0.26226
v 1.40256 -65.48028 -0.25004
v 1.57369 -65.49818 -0.07985
v 0.93503 -65.59653 -0.26226
v 0.76391 -65.61441 -0.09207
v 0.76391 -65.49818 -0.07985
v 0.93503 -65.48028 -0.25004
v 1.16880 -65.68767 0.60538
v 1.40256 -65.68114 0.54309
v 1.40256 -65.56490 0.55531
v 1.16880 -65.57143 0.61759
v 0.76391 -65.66326 0.37290
v 0.93503 -65.68114 0.54309
v 0.93503 -65.56490 0.55531
v 0.76391 -65.54701 0.38510
v 1.63632 -65.63884 0.14040
v 1.57369 -65.61441 -0.09207
v 1.57369 -65.49818 -0.07985
v 1.63632 -65.52259 0.15262
v 1.16880 -65.58999 -0.32455
v 0.93503 -65.59653 -0.26226
v 0.93503 -65.48028 -0.25004
v 1.16880 -65.47374 -0.31235
vt 0.12255 0.96104
vt 0.12222 0.96769
vt 0.12328 0.96597
vt 0.12611 0.97036
vt 0.10865 0.95869
vt 0.03197 0.84511
vt 0.04099 0.84679
vt 0.03197 0.84055
vt 0.17187 0.96912
vt 0.17187 0.96457
vt 0.15796 0.97036
vt 0.09303 0.83421
vt 0.09376 0.82929
vt 0.09270 0.82757
vt 0.09659 0.82490
vt 0.07912 0.83657
vt 0.03197 0.79963
vt 0.03197 0.80420
vt 0.04099 0.79795
vt 0.17187 0.91202
vt 0.15796 0.91078
vt 0.17187 0.91656
vt 0.89557 0.33630
vt 0.87948 0.34559
vt 0.91415 0.33630
vt 0.63290 0.04666
vt 0.63297 0.04437
vt 0.62927 0.04650
vt 0.63983 0.04852
vt 0.64305 0.05019
vt 0.64092 0.04650
vt 0.78092 0.32914
vt 0.78092 0.35306
vt 0.79288 0.30843
vt 0.87019 0.35306
vt 0.87019 0.32914
vt 0.85823 0.37378
vt 0.91415 0.47500
vt 0.93025 0.46571
vt 0.89557 0.47500
vt 0.89557 0.40565
vt 0.87948 0.41494
vt 0.91415 0.40565
vt 0.85823 0.39769
vt 0.83751 0.38573
vt 0.87019 0.41841
vt 0.79288 0.46304
vt 0.81359 0.47500
vt 0.78092 0.44233
vt 0.63037 0.05613
vt 0.62714 0.05445
vt 0.62927 0.05815
vt 0.63729 0.05798
vt 0.63723 0.06028
vt 0.64092 0.05815
vt 0.91415 0.40565
vt 0.93025 0.39636
vt 0.89557 0.40565
vt 0.78468 0.14965
vt 0.78468 0.16977
vt 0.80021 0.15131
vt 0.77501 0.14917
vt 0.77501 0.15185
vt 0.89497 0.13215
vt 0.89560 0.12886
vt 0.88037 0.12176
vt 0.78468 0.22691
vt 0.80021 0.22526
vt 0.78468 0.20679
vt 0.77501 0.22739
vt 0.77501 0.22471
vt 0.83562 0.08990
vt 0.85022 0.10029
vt 0.83853 0.08822
vt 0.18631 0.80664
vt 0.18631 0.80474
vt 0.18518 0.80528
vt 0.18631 0.85871
vt 0.18518 0.86008
vt 0.18631 0.86062
vt 0.80093 0.07964
vt 0.80091 0.07719
vt 0.77503 0.09565
vt 0.80101 0.08904
vt 0.85997 0.21860
vt 0.83407 0.20256
vt 0.85995 0.22105
vt 0.86005 0.20920
vt 0.43724 0.38039
vt 0.43724 0.34840
vt 0.42081 0.37714
vt 0.37484 0.33493
vt 0.37148 0.30128
vt 0.35551 0.30683
vt 0.40834 0.36597
vt 0.34426 0.31969
vt 0.40316 0.34987
vt 0.34076 0.33640
vt 0.43387 0.31475
vt 0.41790 0.32030
vt 0.35842 0.36367
vt 0.37484 0.36692
vt 0.40666 0.33316
vt 0.34595 0.35250
vt 0.09587 0.82226
vt 0.09526 0.82261
vt 0.09657 0.82226
vt 0.09657 0.82490
vt 0.09719 0.82455
vt 0.09587 0.82490
vt 0.09754 0.82071
vt 0.09727 0.82007
vt 0.09754 0.82141
vt 0.09550 0.82113
vt 0.09577 0.82177
vt 0.09550 0.82043
vt 0.09314 0.81866
vt 0.09287 0.81802
vt 0.09314 0.81936
vt 0.09111 0.81907
vt 0.09138 0.81972
vt 0.09111 0.81838
vt 0.68514 0.13590
vt 0.68443 0.13662
vt 0.68615 0.13590
vt 0.68615 0.13834
vt 0.68687 0.13762
vt 0.68514 0.13834
vt 0.67496 0.13580
vt 0.67655 0.13623
vt 0.67581 0.13580
vt 0.67581 0.13898
vt 0.67422 0.13856
vt 0.67496 0.13898
vt 0.68241 0.13876
vt 0.68082 0.13833
vt 0.68156 0.13876
vt 0.68156 0.13557
vt 0.68315 0.13600
vt 0.68241 0.13557
vt 0.66237 0.05784
vt 0.66136 0.05784
vt 0.66309 0.05856
vt 0.66136 0.06028
vt 0.66237 0.06028
vt 0.66065 0.05957
vt 0.65994 0.05784
vt 0.65893 0.05784
vt 0.66065 0.05856
vt 0.65893 0.06028
vt 0.65994 0.06028
vt 0.65822 0.05957
vt 0.65750 0.05784
vt 0.65649 0.05784
vt 0.65822 0.05856
vt 0.65649 0.06028
vt 0.65750 0.06028
vt 0.65578 0.05957
vt 0.66511 0.05784
vt 0.66410 0.05784
vt 0.66582 0.05856
vt 0.66410 0.06028
vt 0.66511 0.06028
vt 0.66339 0.05957
vt 0.67104 0.13623
vt 0.67263 0.13580
vt 0.67177 0.13580
vt 0.67336 0.13856
vt 0.67177 0.13898
vt 0.67263 0.13898
vt 0.12358 0.93369
vt 0.12470 0.89726
vt 0.11079 0.89478
vt 0.10880 0.93106
vt 0.12560 0.86088
vt 0.11432 0.85886
vt 0.12611 0.82793
vt 0.11773 0.82642
vt 0.02500 0.83713
vt 0.03197 0.82237
vt 0.02500 0.82237
vt 0.04099 0.82237
vt 0.10360 0.85705
vt 0.09936 0.89283
vt 0.09695 0.92902
vt 0.09659 0.95092
vt 0.10867 0.82490
vt 0.04969 0.84622
vt 0.04969 0.82237
vt 0.21092 0.91078
vt 0.20919 0.88894
vt 0.20178 0.88851
vt 0.20329 0.90714
vt 0.20814 0.85268
vt 0.20894 0.81666
vt 0.20153 0.81622
vt 0.20073 0.85225
vt 0.21092 0.78418
vt 0.20351 0.78374
vt 0.18635 0.84409
vt 0.18635 0.85150
vt 0.18749 0.85150
vt 0.18749 0.84409
vt 0.18744 0.84238
vt 0.18631 0.84238
vt 0.09963 0.80961
vt 0.10076 0.80962
vt 0.10081 0.80819
vt 0.09967 0.80819
vt 0.09961 0.81138
vt 0.10075 0.81138
vt 0.14722 0.79726
vt 0.14722 0.82234
vt 0.15857 0.82234
vt 0.15857 0.79726
vt 0.16546 0.89783
vt 0.16991 0.90140
vt 0.16991 0.88570
vt 0.16546 0.88570
vt 0.17893 0.90624
vt 0.18785 0.90991
vt 0.18785 0.88570
vt 0.17893 0.88570
vt 0.16034 0.88994
vt 0.16217 0.89383
vt 0.16217 0.88570
vt 0.15941 0.88570
vt 0.19053 0.91078
vt 0.19053 0.88570
vt 0.06336 0.84679
vt 0.06506 0.84634
vt 0.06506 0.83597
vt 0.06336 0.83597
vt 0.06631 0.84508
vt 0.06677 0.84337
vt 0.06677 0.83597
vt 0.06631 0.83597
vt 0.05014 0.82343
vt 0.05138 0.82468
vt 0.05138 0.81431
vt 0.05014 0.81431
vt 0.05306 0.82514
vt 0.06655 0.82514
vt 0.06655 0.81431
vt 0.05306 0.81431
vt 0.04969 0.82172
vt 0.04969 0.81431
vt 0.04969 0.84679
vt 0.04969 0.83597
vt 0.11493 0.82238
vt 0.11496 0.82490
vt 0.12611 0.82255
vt 0.12608 0.82002
vt 0.11488 0.80583
vt 0.11489 0.81406
vt 0.12603 0.81171
vt 0.12603 0.80348
vt 0.07910 0.80463
vt 0.07988 0.80064
vt 0.06850 0.80064
vt 0.06772 0.80463
vt 0.11496 0.80194
vt 0.12611 0.79959
vt 0.10081 0.82490
vt 0.09967 0.82490
vt 0.07865 0.80853
vt 0.06728 0.80853
vt 0.07844 0.81277
vt 0.06707 0.81277
vt 0.13235 0.96766
vt 0.13235 0.94057
vt 0.12611 0.94057
vt 0.12611 0.96565
vt 0.14190 0.94057
vt 0.14190 0.96959
vt 0.15796 0.94057
vt 0.13716 0.96863
vt 0.13716 0.94057
vt 0.17187 0.94057
vt 0.17974 0.96115
vt 0.17974 0.94057
vt 0.21137 0.87790
vt 0.21340 0.91057
vt 0.21796 0.91078
vt 0.21592 0.87811
vt 0.21195 0.80548
vt 0.21092 0.84178
vt 0.21548 0.84199
vt 0.21651 0.80569
vt 0.21342 0.78366
vt 0.21796 0.78387
vt 0.06662 0.97036
vt 0.06707 0.95170
vt 0.04603 0.95170
vt 0.04603 0.97036
vt 0.06643 0.91540
vt 0.06433 0.87933
vt 0.04603 0.87933
vt 0.04603 0.91540
vt 0.06079 0.84679
vt 0.04603 0.84679
vt 0.09406 0.86157
vt 0.07928 0.86420
vt 0.08127 0.90047
vt 0.09517 0.89800
vt 0.08480 0.93640
vt 0.09608 0.93438
vt 0.08820 0.96884
vt 0.09659 0.96733
vt 0.02500 0.80762
vt 0.06984 0.90243
vt 0.07408 0.93821
vt 0.06743 0.86623
vt 0.06707 0.84434
vt 0.07915 0.97036
vt 0.04969 0.79853
vt 0.20073 0.78374
vt 0.19309 0.78738
vt 0.19158 0.80601
vt 0.19899 0.80557
vt 0.19794 0.84183
vt 0.19053 0.84227
vt 0.19133 0.87829
vt 0.19874 0.87785
vt 0.19331 0.91078
vt 0.20073 0.91034
vt 0.18635 0.85891
vt 0.18749 0.85891
vt 0.18744 0.86062
vt 0.18631 0.86062
vt 0.09843 0.82347
vt 0.09847 0.82490
vt 0.09961 0.82490
vt 0.09957 0.82347
vt 0.09841 0.82171
vt 0.09955 0.82171
vt 0.14722 0.84742
vt 0.15857 0.84742
vt 0.16546 0.87356
vt 0.16991 0.86999
vt 0.17893 0.86515
vt 0.18785 0.86148
vt 0.16034 0.88146
vt 0.16217 0.87756
vt 0.19053 0.86062
vt 0.06336 0.82514
vt 0.06506 0.82560
vt 0.06631 0.82685
vt 0.06677 0.82856
vt 0.05014 0.80520
vt 0.05138 0.80394
vt 0.05306 0.80349
vt 0.06655 0.80349
vt 0.04969 0.80691
vt 0.04969 0.82514
vt 0.07993 0.80211
vt 0.09107 0.80446
vt 0.09111 0.80194
vt 0.07996 0.79959
vt 0.07988 0.81865
vt 0.09102 0.82100
vt 0.09103 0.81277
vt 0.07988 0.81042
vt 0.07910 0.82091
vt 0.06772 0.82091
vt 0.06850 0.82490
vt 0.07988 0.82490
vt 0.07996 0.82255
vt 0.09111 0.82490
vt 0.09961 0.80819
vt 0.09847 0.80819
vt 0.07865 0.81701
vt 0.06728 0.81701
vt 0.13235 0.91348
vt 0.12611 0.91549
vt 0.14190 0.91154
vt 0.13716 0.91250
vt 0.17974 0.91998
vt 0.21841 0.81654
vt 0.22296 0.81633
vt 0.22500 0.78366
vt 0.22044 0.78387
vt 0.21899 0.88896
vt 0.22355 0.88875
vt 0.22252 0.85245
vt 0.21796 0.85266
vt 0.22046 0.91078
vt 0.22500 0.91057
vt 0.02545 0.97036
vt 0.02500 0.95170
vt 0.02564 0.91540
vt 0.02774 0.87933
vt 0.03128 0.84679
vt 0.96930 0.22083
vt 0.97015 0.21371
vt 0.97015 0.19835
vt 0.96898 0.19184
vt 0.96710 0.22582
vt 0.96709 0.18730
vt 0.96451 0.22739
vt 0.96451 0.18587
vt 0.95972 0.22083
vt 0.96005 0.19184
vt 0.95888 0.19835
vt 0.95888 0.21371
vt 0.96193 0.22582
vt 0.96193 0.18730
vt 0.88814 0.06527
vt 0.88814 0.04983
vt 0.86113 0.04982
vt 0.86113 0.06526
vt 0.88816 0.04327
vt 0.88821 0.03867
vt 0.86120 0.03866
vt 0.86116 0.04326
vt 0.88816 0.07242
vt 0.86115 0.07241
vt 0.95342 0.15899
vt 0.95084 0.15887
vt 0.95084 0.18580
vt 0.95342 0.18592
vt 0.93556 0.06821
vt 0.93814 0.06826
vt 0.93814 0.04127
vt 0.93556 0.04122
vt 0.88821 0.07740
vt 0.86120 0.07739
vt 0.83413 0.06514
vt 0.86113 0.06515
vt 0.86113 0.04971
vt 0.83413 0.04970
vt 0.83410 0.04318
vt 0.86110 0.04320
vt 0.86104 0.03868
vt 0.83404 0.03866
vt 0.83411 0.07231
vt 0.86111 0.07233
vt 0.95601 0.18580
vt 0.95601 0.15887
vt 0.94072 0.06821
vt 0.94072 0.04122
vt 0.83404 0.07738
vt 0.86104 0.07740
vt 0.67740 0.14331
vt 0.67740 0.14722
vt 0.67789 0.14701
vt 0.67789 0.14331
vt 0.66682 0.05757
vt 0.66694 0.06058
vt 0.66776 0.06058
vt 0.66764 0.05757
vt 0.66699 0.06470
vt 0.66781 0.06470
vt 0.67230 0.06567
vt 0.67230 0.06875
vt 0.67280 0.06875
vt 0.67279 0.06588
vt 0.58285 0.06424
vt 0.58285 0.06743
vt 0.58327 0.06731
vt 0.58327 0.06434
vt 0.67179 0.06258
vt 0.67179 0.06567
vt 0.67229 0.06546
vt 0.67229 0.06259
vt 0.67179 0.05951
vt 0.67229 0.05972
vt 0.63637 0.04759
vt 0.63723 0.04437
vt 0.68358 0.13557
vt 0.68358 0.13876
vt 0.68398 0.13864
vt 0.68398 0.13567
vt 0.67131 0.06875
vt 0.67128 0.07183
vt 0.67176 0.07162
vt 0.67179 0.06875
vt 0.63856 0.05325
vt 0.64305 0.05445
vt 0.67128 0.06567
vt 0.67176 0.06588
vt 0.66793 0.06058
vt 0.66798 0.06470
vt 0.66880 0.06470
vt 0.66876 0.06058
vt 0.67128 0.06524
vt 0.67128 0.06205
vt 0.67087 0.06216
vt 0.67087 0.06513
vt 0.66781 0.05757
vt 0.66863 0.05757
vt 0.67379 0.06258
vt 0.67379 0.05951
vt 0.67329 0.05972
vt 0.67329 0.06259
vt 0.66978 0.14389
vt 0.66979 0.14800
vt 0.67061 0.14800
vt 0.67061 0.14389
vt 0.67379 0.06567
vt 0.67329 0.06546
vt 0.66978 0.13977
vt 0.67061 0.13977
vt 0.67739 0.13899
vt 0.67739 0.13580
vt 0.67697 0.13590
vt 0.67697 0.13887
vt 0.66979 0.13673
vt 0.67061 0.13673
vt 0.67230 0.07183
vt 0.67279 0.07162
vt 0.67558 0.14310
vt 0.67557 0.14722
vt 0.67640 0.14722
vt 0.67640 0.14310
vt 0.66386 0.14230
vt 0.66383 0.14559
vt 0.66465 0.14559
vt 0.66468 0.14230
vt 0.67557 0.13898
vt 0.67640 0.13898
vt 0.66373 0.14800
vt 0.66455 0.14800
vt 0.67143 0.14800
vt 0.67144 0.14471
vt 0.67061 0.14471
vt 0.67061 0.14800
vt 0.66694 0.06882
vt 0.66776 0.06882
vt 0.67144 0.14141
vt 0.67061 0.14141
vt 0.66682 0.07183
vt 0.66764 0.07183
vt 0.67143 0.13898
vt 0.67061 0.13898
vt 0.66812 0.14800
vt 0.66813 0.14389
vt 0.66730 0.14389
vt 0.66730 0.14800
vt 0.67045 0.06524
vt 0.67046 0.06854
vt 0.67128 0.06854
vt 0.67128 0.06524
vt 0.66813 0.13977
vt 0.66730 0.13977
vt 0.67045 0.07183
vt 0.67128 0.07183
vt 0.66812 0.13673
vt 0.66730 0.13673
vt 0.67309 0.13898
vt 0.67309 0.14141
vt 0.67391 0.14141
vt 0.67392 0.13898
vt 0.67392 0.13898
vt 0.67392 0.14310
vt 0.67475 0.14310
vt 0.67474 0.13898
vt 0.67309 0.14471
vt 0.67391 0.14471
vt 0.67392 0.14722
vt 0.67474 0.14722
vt 0.67309 0.14800
vt 0.67392 0.14800
vt 0.66813 0.13673
vt 0.66813 0.13977
vt 0.66895 0.13977
vt 0.66895 0.13673
vt 0.66373 0.13659
vt 0.66383 0.13900
vt 0.66465 0.13900
vt 0.66455 0.13659
vt 0.66813 0.14389
vt 0.66895 0.14389
vt 0.66813 0.14800
vt 0.66895 0.14800
vt 0.66978 0.14800
vt 0.66978 0.14389
vt 0.66896 0.14389
vt 0.66895 0.14800
vt 0.66793 0.06882
vt 0.66781 0.07183
vt 0.66863 0.07183
vt 0.66876 0.06882
vt 0.66978 0.13977
vt 0.66896 0.13977
vt 0.62673 0.05030
vt 0.62673 0.05434
vt 0.62714 0.05445
vt 0.62714 0.05019
vt 0.62471 0.04680
vt 0.62501 0.04650
vt 0.62121 0.04478
vt 0.62132 0.04437
vt 0.61717 0.04478
vt 0.61705 0.04437
vt 0.61366 0.04680
vt 0.61336 0.04650
vt 0.61164 0.05030
vt 0.61123 0.05019
vt 0.61164 0.05434
vt 0.61123 0.05445
vt 0.61366 0.05785
vt 0.61336 0.05815
vt 0.61716 0.05987
vt 0.61705 0.06028
vt 0.62121 0.05987
vt 0.62132 0.06028
vt 0.62471 0.05785
vt 0.62501 0.05815
vt 0.65537 0.05551
vt 0.65377 0.05827
vt 0.65408 0.05857
vt 0.65578 0.05562
vt 0.65101 0.05987
vt 0.65112 0.06028
vt 0.64782 0.05987
vt 0.64771 0.06028
vt 0.64506 0.05827
vt 0.64476 0.05857
vt 0.64346 0.05551
vt 0.64305 0.05562
vt 0.64346 0.05232
vt 0.64305 0.05221
vt 0.64506 0.04956
vt 0.64476 0.04925
vt 0.64782 0.04796
vt 0.64771 0.04755
vt 0.65101 0.04796
vt 0.65112 0.04755
vt 0.65377 0.04955
vt 0.65408 0.04925
vt 0.65537 0.05232
vt 0.65578 0.05221
vt 0.66839 0.04961
vt 0.66839 0.05280
vt 0.66880 0.05291
vt 0.66880 0.04950
vt 0.66680 0.04684
vt 0.66710 0.04654
vt 0.66403 0.04525
vt 0.66414 0.04484
vt 0.66084 0.04525
vt 0.66073 0.04484
vt 0.65808 0.04684
vt 0.65778 0.04654
vt 0.65649 0.04961
vt 0.65607 0.04950
vt 0.65649 0.05280
vt 0.65607 0.05291
vt 0.65808 0.05556
vt 0.65778 0.05586
vt 0.66084 0.05715
vt 0.66073 0.05757
vt 0.66403 0.05715
vt 0.66414 0.05757
vt 0.66680 0.05556
vt 0.66710 0.05586
vt 0.66478 0.13900
vt 0.66482 0.14230
vt 0.66564 0.14230
vt 0.66561 0.13900
vt 0.66468 0.13659
vt 0.66551 0.13659
vt 0.67226 0.14471
vt 0.67227 0.14800
vt 0.67309 0.14800
vt 0.67309 0.14471
vt 0.67226 0.14141
vt 0.67309 0.14141
vt 0.67227 0.13898
vt 0.67309 0.13898
vt 0.67823 0.14393
vt 0.67822 0.14722
vt 0.67905 0.14722
vt 0.67905 0.14393
vt 0.67822 0.14063
vt 0.67905 0.14063
vt 0.67226 0.14141
vt 0.67226 0.13898
vt 0.67144 0.13898
vt 0.67144 0.14141
vt 0.66978 0.13673
vt 0.66895 0.13673
vt 0.67226 0.14471
vt 0.67144 0.14471
vt 0.67226 0.14800
vt 0.67144 0.14800
vt 0.66478 0.14559
vt 0.66468 0.14800
vt 0.66551 0.14800
vt 0.66561 0.14559
vt 0.67789 0.13601
vt 0.67789 0.14005
vt 0.67831 0.13993
vt 0.67831 0.13611
vt 0.67280 0.06875
vt 0.67280 0.07183
vt 0.67329 0.07162
vt 0.67329 0.06875
vt 0.58236 0.07729
vt 0.58236 0.07338
vt 0.58187 0.07338
vt 0.58187 0.07708
vt 0.67781 0.13899
vt 0.67781 0.13580
vt 0.67739 0.13590
vt 0.67739 0.13887
vt 0.67379 0.07183
vt 0.67379 0.06875
vt 0.67329 0.06875
vt 0.67329 0.07162
vt 0.58236 0.06948
vt 0.58187 0.06969
vt 0.67379 0.06567
vt 0.67329 0.06589
vt 0.67873 0.14005
vt 0.67873 0.13601
vt 0.67831 0.13611
vt 0.67831 0.13993
vt 0.67086 0.06524
vt 0.67086 0.06205
vt 0.67045 0.06216
vt 0.67045 0.06513
vt 0.67690 0.14722
vt 0.67690 0.14331
vt 0.67641 0.14331
vt 0.67640 0.14701
vt 0.67179 0.06567
vt 0.67182 0.06875
vt 0.67230 0.06875
vt 0.67227 0.06588
vt 0.67690 0.13941
vt 0.67640 0.13963
vt 0.67179 0.07183
vt 0.67227 0.07162
vt 0.67999 0.13962
vt 0.67999 0.13557
vt 0.67958 0.13568
vt 0.67958 0.13950
vt 0.67272 0.06248
vt 0.67272 0.06567
vt 0.67312 0.06555
vt 0.67312 0.06258
vt 0.58187 0.08510
vt 0.58191 0.08900
vt 0.58238 0.08900
vt 0.58234 0.08531
vt 0.67128 0.05951
vt 0.67128 0.06258
vt 0.67177 0.06259
vt 0.67178 0.05972
vt 0.58187 0.09291
vt 0.58234 0.09270
vt 0.67128 0.06567
vt 0.67178 0.06546
vt 0.67999 0.13557
vt 0.67999 0.13962
vt 0.68040 0.13950
vt 0.68040 0.13568
vt 0.67230 0.06248
vt 0.67230 0.06567
vt 0.67272 0.06555
vt 0.67272 0.06258
vt 0.67740 0.13941
vt 0.67789 0.13963
vt 0.67280 0.06567
vt 0.67329 0.06588
vt 0.79288 0.37378
vt 0.81359 0.29647
vt 0.81359 0.38573
vt 0.83751 0.29647
vt 0.83751 0.38573
vt 0.85823 0.30843
vt 0.93954 0.44962
vt 0.87948 0.46571
vt 0.93954 0.43103
vt 0.87019 0.44962
vt 0.93025 0.41494
vt 0.87019 0.43103
vt 0.67690 0.14331
vt 0.67690 0.14722
vt 0.67740 0.14701
vt 0.67740 0.14331
vt 0.66582 0.05757
vt 0.66595 0.06058
vt 0.66677 0.06058
vt 0.66665 0.05757
vt 0.66599 0.06470
vt 0.66682 0.06470
vt 0.66595 0.06882
vt 0.66677 0.06882
vt 0.66582 0.07183
vt 0.66665 0.07183
vt 0.66647 0.14800
vt 0.66647 0.14389
vt 0.66565 0.14389
vt 0.66564 0.14800
vt 0.66647 0.13977
vt 0.66565 0.13977
vt 0.66647 0.13673
vt 0.66564 0.13673
vt 0.67557 0.14722
vt 0.67557 0.14310
vt 0.67475 0.14310
vt 0.67475 0.14722
vt 0.67557 0.13898
vt 0.67475 0.13898
vt 0.66648 0.13673
vt 0.66647 0.13977
vt 0.66730 0.13977
vt 0.66730 0.13673
vt 0.66647 0.14389
vt 0.66730 0.14389
vt 0.66648 0.14800
vt 0.66730 0.14800
vt 0.59775 0.05784
vt 0.59573 0.05434
vt 0.59532 0.05445
vt 0.59745 0.05815
vt 0.60125 0.05987
vt 0.60114 0.06028
vt 0.60530 0.05987
vt 0.60541 0.06028
vt 0.60880 0.05785
vt 0.60910 0.05815
vt 0.61082 0.05434
vt 0.61123 0.05445
vt 0.61082 0.05030
vt 0.61123 0.05019
vt 0.60880 0.04680
vt 0.60910 0.04650
vt 0.60530 0.04478
vt 0.60541 0.04437
vt 0.60125 0.04478
vt 0.60114 0.04437
vt 0.59775 0.04680
vt 0.59745 0.04650
vt 0.59573 0.05030
vt 0.59532 0.05019
vt 0.67873 0.13601
vt 0.67873 0.14005
vt 0.67915 0.13993
vt 0.67915 0.13611
vt 0.58236 0.08510
vt 0.58236 0.08119
vt 0.58187 0.08119
vt 0.58187 0.08489
vt 0.58236 0.07729
vt 0.58187 0.07750
vt 0.58228 0.06948
vt 0.58228 0.06543
vt 0.58187 0.06554
vt 0.58187 0.06936
vt 0.58335 0.07524
vt 0.58335 0.07133
vt 0.58285 0.07133
vt 0.58285 0.07503
vt 0.58335 0.06743
vt 0.58285 0.06764
vt 0.67958 0.13962
vt 0.67958 0.13557
vt 0.67918 0.13568
vt 0.67918 0.13950
vt 0.58187 0.09291
vt 0.58191 0.09682
vt 0.58238 0.09682
vt 0.58234 0.09312
vt 0.58187 0.10072
vt 0.58234 0.10051
vt 0.58245 0.06402
vt 0.58245 0.06807
vt 0.58285 0.06795
vt 0.58285 0.06413
vt 0.67690 0.13941
vt 0.67740 0.13963
vt 0.81359 0.38573
vt 0.87019 0.44233
vt 0.79288 0.39769
vt 0.85823 0.46304
vt 0.78092 0.41841
vt 0.83751 0.47500
vt 0.63163 0.05139
vt 0.62714 0.05019
vt 0.63383 0.05705
vt 0.63296 0.06028
vt 0.58252 0.06807
vt 0.58252 0.07165
vt 0.58285 0.07165
vt 0.58285 0.06807
vt 0.58219 0.10072
vt 0.58219 0.10562
vt 0.58252 0.10562
vt 0.58252 0.10072
vt 0.58187 0.10072
vt 0.58187 0.10562
vt 0.58219 0.10562
vt 0.58219 0.10072
vt 0.67822 0.14722
vt 0.67822 0.14363
vt 0.67789 0.14363
vt 0.67789 0.14722
vt 0.39861 0.21935
vt 0.43681 0.21935
vt 0.43681 0.16717
vt 0.39861 0.16717
vt 0.43681 0.11500
vt 0.39861 0.11500
vt 0.47500 0.16717
vt 0.47500 0.11500
vt 0.47500 0.21935
vt 0.58187 0.11052
vt 0.58219 0.11052
vt 0.58252 0.07524
vt 0.58285 0.07524
vt 0.58219 0.11052
vt 0.58252 0.11052
vt 0.67822 0.14005
vt 0.67789 0.14005
vt 0.87019 0.36168
vt 0.93025 0.34559
vt 0.87019 0.38027
vt 0.93954 0.36168
vt 0.87948 0.39636
vt 0.93954 0.38027
vt 0.81574 0.15296
vt 0.80021 0.18828
vt 0.81574 0.18828
vt 0.83404 0.15502
vt 0.83128 0.15462
vt 0.83128 0.18828
vt 0.83404 0.18828
vt 0.92589 0.18691
vt 0.92883 0.18978
vt 0.94037 0.18978
vt 0.94037 0.18691
vt 0.92187 0.18592
vt 0.94037 0.18592
vt 0.92991 0.19377
vt 0.94037 0.19377
vt 0.89780 0.10236
vt 0.89360 0.08999
vt 0.88591 0.08207
vt 0.88033 0.08992
vt 0.92991 0.22739
vt 0.94037 0.22739
vt 0.89780 0.11735
vt 0.87324 0.09987
vt 0.86707 0.10854
vt 0.95900 0.13936
vt 0.95900 0.11685
vt 0.94854 0.11685
vt 0.94854 0.13936
vt 0.95417 0.14773
vt 0.95771 0.14419
vt 0.94854 0.14419
vt 0.94854 0.14902
vt 0.87647 0.12031
vt 0.86530 0.11103
vt 0.86467 0.11190
vt 0.86915 0.12365
vt 0.87236 0.12100
vt 0.86296 0.11430
vt 0.86063 0.11758
vt 0.84256 0.14296
vt 0.85108 0.14902
vt 0.78468 0.18828
vt 0.77501 0.16977
vt 0.77500 0.17380
vt 0.78468 0.17380
vt 0.77500 0.17674
vt 0.78467 0.17674
vt 0.89793 0.10838
vt 0.89780 0.11805
vt 0.90179 0.11808
vt 0.90190 0.10841
vt 0.93294 0.11805
vt 0.93559 0.10838
vt 0.93439 0.14054
vt 0.93767 0.14054
vt 0.93467 0.14540
vt 0.93795 0.14540
vt 0.93480 0.14902
vt 0.93808 0.14902
vt 0.89300 0.16475
vt 0.89628 0.16473
vt 0.89618 0.15909
vt 0.89290 0.15912
vt 0.81574 0.22360
vt 0.83404 0.22154
vt 0.83128 0.22194
vt 0.95486 0.18691
vt 0.95191 0.18978
vt 0.95888 0.18592
vt 0.95083 0.19377
vt 0.86286 0.07748
vt 0.87592 0.07740
vt 0.95083 0.22739
vt 0.84869 0.08238
vt 0.93808 0.13936
vt 0.93808 0.11685
vt 0.94291 0.14773
vt 0.93937 0.14419
vt 0.85287 0.10350
vt 0.85211 0.11152
vt 0.85356 0.10761
vt 0.83404 0.13689
vt 0.77501 0.20679
vt 0.78468 0.20276
vt 0.77500 0.20277
vt 0.78467 0.19982
vt 0.77500 0.19982
vt 0.96372 0.10823
vt 0.96374 0.10425
vt 0.95407 0.10438
vt 0.95405 0.10838
vt 0.96374 0.07056
vt 0.95407 0.07323
vt 0.93158 0.06854
vt 0.93158 0.07182
vt 0.92677 0.06826
vt 0.92677 0.07154
vt 0.89300 0.14995
vt 0.89290 0.15349
vt 0.89618 0.15346
vt 0.89628 0.14992
vt 0.14722 0.83566
vt 0.14602 0.83568
vt 0.14602 0.84254
vt 0.14722 0.84253
vt 0.12668 0.85888
vt 0.13473 0.85889
vt 0.13439 0.85204
vt 0.12634 0.85203
vt 0.14417 0.83571
vt 0.13602 0.83585
vt 0.13602 0.84271
vt 0.14417 0.84258
vt 0.12615 0.83595
vt 0.12611 0.84282
vt 0.14276 0.85890
vt 0.14276 0.85204
vt 0.13502 0.87516
vt 0.14276 0.87550
vt 0.14593 0.82399
vt 0.14420 0.82358
vt 0.13625 0.82228
vt 0.12702 0.82075
vt 0.12735 0.87403
vt 0.14694 0.80256
vt 0.14573 0.80060
vt 0.14583 0.81230
vt 0.14703 0.81359
vt 0.14678 0.80060
vt 0.14572 0.79876
vt 0.12880 0.90643
vt 0.13564 0.90976
vt 0.13559 0.90740
vt 0.12869 0.90416
vt 0.14426 0.79739
vt 0.13808 0.79322
vt 0.13790 0.79530
vt 0.14426 0.79931
vt 0.13053 0.78820
vt 0.13016 0.79049
vt 0.14276 0.91078
vt 0.14276 0.90838
vt 0.13531 0.89147
vt 0.12802 0.88921
vt 0.13696 0.80871
vt 0.14423 0.81144
vt 0.12840 0.80551
vt 0.14276 0.89216
vt 0.14713 0.82463
vt 0.09490 0.82021
vt 0.09301 0.82030
vt 0.09301 0.82490
vt 0.09490 0.82481
vt 0.14602 0.84715
vt 0.14722 0.84713
vt 0.16115 0.83268
vt 0.16256 0.82476
vt 0.16095 0.82408
vt 0.15941 0.83268
vt 0.12611 0.84742
vt 0.13602 0.84732
vt 0.13416 0.84744
vt 0.17661 0.81110
vt 0.18414 0.80763
vt 0.18343 0.80608
vt 0.17575 0.80961
vt 0.14417 0.84718
vt 0.16797 0.81726
vt 0.16675 0.81603
vt 0.14276 0.84744
vt 0.11006 0.80948
vt 0.11011 0.81716
vt 0.11470 0.81739
vt 0.11465 0.80948
vt 0.10085 0.80842
vt 0.10081 0.81601
vt 0.10540 0.81573
vt 0.10544 0.80814
vt 0.11029 0.82467
vt 0.11488 0.82490
vt 0.10084 0.82292
vt 0.10085 0.82490
vt 0.10544 0.82462
vt 0.10543 0.82264
vt 0.20085 0.92290
vt 0.20085 0.91604
vt 0.19965 0.91602
vt 0.19965 0.92288
vt 0.15885 0.85888
vt 0.15919 0.85203
vt 0.15114 0.85204
vt 0.15080 0.85889
vt 0.19780 0.92285
vt 0.19780 0.91599
vt 0.18965 0.91585
vt 0.18965 0.92272
vt 0.17974 0.91575
vt 0.17977 0.92261
vt 0.15051 0.87516
vt 0.19955 0.93457
vt 0.19783 0.93498
vt 0.18988 0.93628
vt 0.18064 0.93781
vt 0.15818 0.87403
vt 0.20056 0.95600
vt 0.20066 0.94497
vt 0.19946 0.94627
vt 0.19936 0.95796
vt 0.20041 0.95796
vt 0.19934 0.95981
vt 0.15673 0.90643
vt 0.15684 0.90416
vt 0.14993 0.90740
vt 0.14989 0.90976
vt 0.19789 0.96117
vt 0.19788 0.95925
vt 0.19153 0.96326
vt 0.19171 0.96534
vt 0.18378 0.96807
vt 0.18415 0.97036
vt 0.15751 0.88921
vt 0.15022 0.89147
vt 0.19785 0.94712
vt 0.19058 0.94986
vt 0.18203 0.95305
vt 0.20075 0.93393
vt 0.09111 0.82021
vt 0.09111 0.82481
vt 0.09301 0.82490
vt 0.09301 0.82030
vt 0.20085 0.91143
vt 0.19965 0.91141
vt 0.16095 0.84128
vt 0.16256 0.84059
vt 0.18965 0.91125
vt 0.17974 0.91114
vt 0.15941 0.84742
vt 0.15137 0.84744
vt 0.17661 0.85426
vt 0.17575 0.85575
vt 0.18343 0.85928
vt 0.18414 0.85772
vt 0.19780 0.91138
vt 0.16675 0.84933
vt 0.16797 0.84810
vt 0.11470 0.80156
vt 0.11011 0.80179
vt 0.10547 0.82462
vt 0.11006 0.82490
vt 0.11003 0.81731
vt 0.10544 0.81703
vt 0.11488 0.79406
vt 0.11029 0.79428
vt 0.10546 0.81012
vt 0.11005 0.81040
vt 0.11006 0.80842
vt 0.10547 0.80814
vt 0.28296 0.97500
vt 0.28385 0.97489
vt 0.28385 0.77500
vt 0.28296 0.77534
vt 0.27950 0.77527
vt 0.27831 0.77510
vt 0.27831 0.97358
vt 0.27950 0.97429
vt 0.28511 0.97491
vt 0.28511 0.77525
vt 0.28296 0.77510
vt 0.28183 0.77527
vt 0.28183 0.97429
vt 0.28296 0.97358
vt 0.28064 0.77544
vt 0.28064 0.97500
vt 0.28064 0.77544
vt 0.28064 0.97500
vt 0.28636 0.77630
vt 0.28511 0.77633
vt 0.28511 0.97491
vt 0.28636 0.97466
vt 0.28726 0.77641
vt 0.28726 0.97500
vt 0.96671 0.16369
vt 0.96671 0.11751
vt 0.96542 0.11627
vt 0.96542 0.16502
vt 0.89628 0.16475
vt 0.90190 0.16475
vt 0.90190 0.15912
vt 0.89628 0.15912
vt 0.90053 0.15298
vt 0.90053 0.14993
vt 0.90005 0.14993
vt 0.90005 0.15298
vt 0.88821 0.07740
vt 0.89384 0.07740
vt 0.89384 0.02859
vt 0.88821 0.02859
vt 0.96374 0.10817
vt 0.96937 0.10838
vt 0.96937 0.05961
vt 0.96374 0.05940
vt 0.89628 0.15912
vt 0.90188 0.15912
vt 0.90188 0.15349
vt 0.89628 0.15349
vt 0.97314 0.11880
vt 0.97266 0.11880
vt 0.97266 0.16502
vt 0.97314 0.16502
vt 0.96976 0.11740
vt 0.96976 0.16358
vt 0.97105 0.16482
vt 0.97105 0.11607
vt 0.89384 0.03122
vt 0.89384 0.07740
vt 0.89689 0.07729
vt 0.89689 0.03111
vt 0.89689 0.03117
vt 0.89689 0.07740
vt 0.89737 0.07740
vt 0.89737 0.03117
vt 0.90005 0.15298
vt 0.90005 0.14993
vt 0.89957 0.14993
vt 0.89957 0.15298
vt 0.91079 0.15460
vt 0.91079 0.16103
vt 0.91160 0.16103
vt 0.91160 0.15460
vt 0.89908 0.14992
vt 0.89908 0.15298
vt 0.89957 0.15298
vt 0.89957 0.14992
vt 0.97105 0.11719
vt 0.97105 0.16502
vt 0.97185 0.16502
vt 0.97185 0.11719
vt 0.90999 0.15460
vt 0.90999 0.16103
vt 0.91079 0.16103
vt 0.91079 0.15460
vt 0.97266 0.16502
vt 0.97266 0.11720
vt 0.97185 0.11720
vt 0.97185 0.16502
vt 0.96068 0.16324
vt 0.96068 0.11881
vt 0.95900 0.11722
vt 0.95900 0.16502
vt 0.96374 0.11863
vt 0.96374 0.16306
vt 0.96542 0.16465
vt 0.96542 0.11685
vt 0.97015 0.18296
vt 0.97015 0.22739
vt 0.97320 0.22721
vt 0.97320 0.18278
vt 0.97362 0.16502
vt 0.97362 0.12056
vt 0.97314 0.12056
vt 0.97314 0.16502
vt 0.89908 0.15298
vt 0.89908 0.14992
vt 0.89860 0.14992
vt 0.89860 0.15298
vt 0.97368 0.22739
vt 0.97368 0.18294
vt 0.97320 0.18294
vt 0.97320 0.22739
vt 0.80099 0.12807
vt 0.77501 0.13311
vt 0.77500 0.14671
vt 0.80090 0.14168
vt 0.83132 0.04656
vt 0.83115 0.05873
vt 0.83361 0.05872
vt 0.83378 0.04655
vt 0.83140 0.04424
vt 0.83386 0.04423
vt 0.95865 0.15900
vt 0.95872 0.15695
vt 0.95628 0.15695
vt 0.95621 0.15900
vt 0.95844 0.17144
vt 0.95601 0.17144
vt 0.83140 0.07089
vt 0.83386 0.07088
vt 0.89628 0.15001
vt 0.89628 0.15247
vt 0.89860 0.15238
vt 0.89860 0.14992
vt 0.80076 0.14417
vt 0.83335 0.13784
vt 0.83343 0.13536
vt 0.77500 0.14917
vt 0.95865 0.18387
vt 0.95621 0.18387
vt 0.95628 0.18592
vt 0.95872 0.18592
vt 0.83346 0.07333
vt 0.83336 0.07089
vt 0.83386 0.08266
vt 0.83386 0.12169
vt 0.92444 0.09238
vt 0.91228 0.09238
vt 0.91228 0.10593
vt 0.92444 0.10593
vt 0.92677 0.05505
vt 0.92444 0.05505
vt 0.92677 0.09238
vt 0.86003 0.17016
vt 0.85994 0.15654
vt 0.83404 0.15148
vt 0.83405 0.16509
vt 0.92187 0.16796
vt 0.91955 0.16702
vt 0.91955 0.20115
vt 0.92187 0.20115
vt 0.90738 0.16475
vt 0.90738 0.20115
vt 0.90738 0.22739
vt 0.91955 0.22739
vt 0.92187 0.22739
vt 0.89290 0.16796
vt 0.89290 0.20115
vt 0.89522 0.20115
vt 0.89522 0.16702
vt 0.89247 0.16289
vt 0.89239 0.16042
vt 0.85980 0.15405
vt 0.83404 0.14902
vt 0.89522 0.22739
vt 0.89290 0.22739
vt 0.89250 0.22495
vt 0.89240 0.22739
vt 0.89290 0.21561
vt 0.89290 0.17658
vt 0.92677 0.10593
vt 0.91228 0.10838
vt 0.92444 0.10838
vt 0.80282 0.07089
vt 0.80282 0.06883
vt 0.77500 0.06857
vt 0.77500 0.07089
vt 0.80282 0.05640
vt 0.77500 0.05640
vt 0.80282 0.04192
vt 0.77500 0.04192
vt 0.77500 0.04424
vt 0.80282 0.04397
vt 0.91228 0.05505
vt 0.92677 0.10838
vt 0.93635 0.18592
vt 0.93635 0.14993
vt 0.92392 0.14993
vt 0.92392 0.18369
vt 0.92187 0.14993
vt 0.92187 0.18290
vt 0.90012 0.10593
vt 0.90012 0.10838
vt 0.89780 0.09238
vt 0.89780 0.10593
vt 0.90012 0.09238
vt 0.89780 0.05505
vt 0.90012 0.05505
vt 0.89780 0.10838
vt 0.94878 0.18369
vt 0.94878 0.14993
vt 0.95084 0.18290
vt 0.95084 0.14993
vt 0.58335 0.09230
vt 0.58335 0.07582
vt 0.58252 0.07582
vt 0.58252 0.09230
vt 0.66880 0.05965
vt 0.66880 0.07125
vt 0.66963 0.07125
vt 0.66963 0.05965
vt 0.67045 0.07125
vt 0.67045 0.05965
vt 0.66963 0.05965
vt 0.66963 0.07125
vt 0.27551 0.04438
vt 0.39810 0.04438
vt 0.39687 0.04386
vt 0.27675 0.04386
vt 0.58253 0.09288
vt 0.58335 0.09288
vt 0.67045 0.05906
vt 0.66963 0.05906
vt 0.58252 0.09346
vt 0.58335 0.09346
vt 0.58336 0.09288
vt 0.58253 0.09288
vt 0.66963 0.07183
vt 0.67045 0.07183
vt 0.66880 0.07183
vt 0.66963 0.07183
vt 0.58253 0.11052
vt 0.58336 0.11052
vt 0.58335 0.10993
vt 0.58252 0.10993
vt 0.58335 0.07524
vt 0.58253 0.07524
vt 0.66963 0.05906
vt 0.66880 0.05906
vt 0.27500 0.04561
vt 0.39861 0.04561
vt 0.27500 0.21760
vt 0.39861 0.21760
vt 0.27551 0.21884
vt 0.39810 0.21884
vt 0.27675 0.21935
vt 0.39687 0.21935
vt 0.59450 0.06241
vt 0.59445 0.06252
vt 0.59508 0.06315
vt 0.59532 0.06257
vt 0.59433 0.06257
vt 0.59450 0.06340
vt 0.58294 0.06252
vt 0.58289 0.06241
vt 0.58207 0.06257
vt 0.58231 0.06315
vt 0.58306 0.06257
vt 0.58289 0.06340
vt 0.58294 0.04615
vt 0.58306 0.04610
vt 0.58289 0.04527
vt 0.58231 0.04551
vt 0.58289 0.04626
vt 0.58207 0.04610
vt 0.59445 0.04615
vt 0.59450 0.04626
vt 0.59532 0.04610
vt 0.59508 0.04551
vt 0.59433 0.04610
vt 0.59450 0.04527
vt 0.96937 0.10838
vt 0.97500 0.10838
vt 0.97500 0.05958
vt 0.96937 0.05958
vt 0.55187 0.16260
vt 0.55766 0.16159
vt 0.53576 0.12041
vt 0.53110 0.12378
vt 0.62952 0.20028
vt 0.62952 0.15028
vt 0.61511 0.15027
vt 0.61493 0.20020
vt 0.62952 0.14209
vt 0.61540 0.14208
vt 0.60372 0.14268
vt 0.60316 0.15050
vt 0.59587 0.15105
vt 0.59663 0.14414
vt 0.60281 0.19947
vt 0.59532 0.19769
vt 0.53207 0.11455
vt 0.52893 0.11881
vt 0.60284 0.20986
vt 0.61495 0.21175
vt 0.62952 0.21192
vt 0.59535 0.20660
vt 0.53150 0.04983
vt 0.53265 0.06187
vt 0.57552 0.06183
vt 0.57404 0.04974
vt 0.57050 0.04227
vt 0.52889 0.04242
vt 0.52850 0.21412
vt 0.53369 0.21752
vt 0.55928 0.17785
vt 0.55336 0.17531
vt 0.65282 0.12030
vt 0.65284 0.07363
vt 0.64287 0.07342
vt 0.64289 0.12072
vt 0.52797 0.21557
vt 0.53258 0.21879
vt 0.52794 0.21642
vt 0.53152 0.21938
vt 0.52730 0.04276
vt 0.52982 0.05005
vt 0.52848 0.05048
vt 0.52609 0.04338
vt 0.55371 0.16923
vt 0.56016 0.17036
vt 0.53277 0.07639
vt 0.57568 0.07639
vt 0.53095 0.06198
vt 0.52957 0.06221
vt 0.53106 0.07639
vt 0.52967 0.07639
vt 0.69232 0.15243
vt 0.68933 0.15262
vt 0.68950 0.15892
vt 0.69232 0.15870
vt 0.68611 0.15916
vt 0.68574 0.15283
vt 0.68216 0.15303
vt 0.68272 0.15931
vt 0.67918 0.15318
vt 0.67990 0.15941
vt 0.58657 0.07431
vt 0.58651 0.08696
vt 0.58975 0.08696
vt 0.58971 0.07423
vt 0.68330 0.16297
vt 0.68633 0.16297
vt 0.68384 0.16577
vt 0.68651 0.16598
vt 0.68077 0.16293
vt 0.58588 0.06340
vt 0.58336 0.06562
vt 0.58473 0.06700
vt 0.58666 0.06581
vt 0.68935 0.16262
vt 0.69187 0.16229
vt 0.68915 0.16546
vt 0.67749 0.03219
vt 0.67466 0.03465
vt 0.67558 0.03582
vt 0.67791 0.03442
vt 0.59270 0.07431
vt 0.59232 0.06942
vt 0.58960 0.06909
vt 0.59192 0.06581
vt 0.58934 0.06523
vt 0.59512 0.07439
vt 0.59451 0.06974
vt 0.59364 0.06700
vt 0.58675 0.06942
vt 0.58417 0.06974
vt 0.58372 0.07439
vt 0.58357 0.08696
vt 0.59283 0.08696
vt 0.59532 0.08696
vt 0.68176 0.04292
vt 0.68815 0.04280
vt 0.68800 0.03743
vt 0.68168 0.03764
vt 0.68778 0.03330
vt 0.68152 0.03362
vt 0.67780 0.04307
vt 0.67791 0.05575
vt 0.68193 0.05570
vt 0.67792 0.03811
vt 0.67461 0.03857
vt 0.67418 0.04323
vt 0.67418 0.05580
vt 0.68834 0.05561
vt 0.69423 0.20847
vt 0.69430 0.19582
vt 0.69107 0.19582
vt 0.69109 0.20855
vt 0.68806 0.20847
vt 0.68841 0.21336
vt 0.69117 0.21368
vt 0.68873 0.21696
vt 0.69134 0.21755
vt 0.68556 0.20839
vt 0.68614 0.21304
vt 0.68697 0.21578
vt 0.69401 0.21336
vt 0.69655 0.21304
vt 0.69702 0.20839
vt 0.69403 0.21696
vt 0.69593 0.21578
vt 0.69718 0.19582
vt 0.68795 0.19582
vt 0.68537 0.19582
vt 0.70487 0.18422
vt 0.71122 0.18428
vt 0.71131 0.17890
vt 0.70502 0.17894
vt 0.71141 0.17475
vt 0.70515 0.17489
vt 0.70100 0.18426
vt 0.70073 0.19693
vt 0.70466 0.19700
vt 0.70133 0.17929
vt 0.69820 0.17965
vt 0.69757 0.18429
vt 0.70158 0.17559
vt 0.69932 0.17692
vt 0.69721 0.19686
vt 0.71103 0.19709
vt 0.71762 0.17912
vt 0.71759 0.18440
vt 0.72150 0.18455
vt 0.72133 0.17957
vt 0.72125 0.17587
vt 0.71767 0.17507
vt 0.72500 0.18469
vt 0.72453 0.18003
vt 0.72352 0.17726
vt 0.71742 0.19718
vt 0.72140 0.19723
vt 0.72500 0.19726
vt 0.69424 0.03748
vt 0.69444 0.04275
vt 0.69823 0.04280
vt 0.69785 0.03784
vt 0.69750 0.03416
vt 0.69399 0.03345
vt 0.70150 0.04287
vt 0.70085 0.03823
vt 0.69969 0.03550
vt 0.69465 0.05553
vt 0.69850 0.05548
vt 0.70187 0.05543
vt 0.68200 0.14672
vt 0.68538 0.14649
vt 0.68877 0.14633
vt 0.68820 0.14265
vt 0.68516 0.14267
vt 0.68767 0.13982
vt 0.68499 0.13962
vt 0.69160 0.14619
vt 0.69073 0.14266
vt 0.69468 0.21938
vt 0.69721 0.21715
vt 0.68214 0.14300
vt 0.67964 0.14330
vt 0.67918 0.14691
vt 0.68236 0.14013
vt 0.68056 0.14096
vt 0.63057 0.12073
vt 0.63057 0.07342
vt 0.66222 0.11825
vt 0.66215 0.07544
vt 0.65870 0.07450
vt 0.65857 0.11916
vt 0.65316 0.06592
vt 0.64303 0.06524
vt 0.63057 0.06523
vt 0.66149 0.06953
vt 0.65914 0.06760
vt 0.63057 0.12943
vt 0.63057 0.13551
vt 0.64278 0.13553
vt 0.64284 0.12943
vt 0.71851 0.08536
vt 0.67493 0.08552
vt 0.67418 0.09535
vt 0.71800 0.09520
vt 0.72008 0.07959
vt 0.67716 0.07978
vt 0.68537 0.21741
vt 0.68294 0.17192
vt 0.67918 0.17149
vt 0.68177 0.21769
vt 0.52896 0.12417
vt 0.54975 0.16286
vt 0.71994 0.08513
vt 0.72149 0.07931
vt 0.66838 0.15558
vt 0.67125 0.16143
vt 0.67249 0.16099
vt 0.66951 0.15500
vt 0.68148 0.21938
vt 0.68481 0.21896
vt 0.66654 0.15214
vt 0.66540 0.15216
vt 0.65272 0.12814
vt 0.65847 0.12600
vt 0.66215 0.12373
vt 0.55124 0.17437
vt 0.55143 0.16880
vt 0.55000 0.16851
vt 0.54990 0.17375
vt 0.71802 0.10738
vt 0.67420 0.10756
vt 0.71943 0.10737
vt 0.71942 0.09508
vt 0.67323 0.17139
vt 0.67320 0.18369
vt 0.67454 0.18369
vt 0.67454 0.17117
vt 0.61629 0.13554
vt 0.60542 0.13614
vt 0.60452 0.13777
vt 0.61582 0.13717
vt 0.62952 0.13717
vt 0.62952 0.13553
vt 0.66592 0.09049
vt 0.66582 0.10372
vt 0.66778 0.10371
vt 0.66782 0.09091
vt 0.64337 0.06028
vt 0.63057 0.06028
vt 0.66950 0.08046
vt 0.66777 0.07962
vt 0.65382 0.06097
vt 0.52724 0.11052
vt 0.52500 0.11692
vt 0.52665 0.11735
vt 0.52913 0.11129
vt 0.66379 0.07478
vt 0.66411 0.11805
vt 0.66582 0.11813
vt 0.66526 0.07411
vt 0.52746 0.12424
vt 0.54842 0.16301
vt 0.66441 0.06645
vt 0.66314 0.06765
vt 0.67165 0.07183
vt 0.66643 0.07870
vt 0.67276 0.07303
vt 0.59767 0.13988
vt 0.67416 0.07419
vt 0.66007 0.06329
vt 0.66124 0.06164
vt 0.67769 0.17034
vt 0.67778 0.18369
vt 0.67918 0.18369
vt 0.67904 0.16988
vt 0.70377 0.03720
vt 0.70386 0.07931
vt 0.70553 0.07911
vt 0.70551 0.03693
vt 0.52659 0.21291
vt 0.52534 0.21212
vt 0.66402 0.12801
vt 0.66575 0.12845
vt 0.66580 0.12378
vt 0.66406 0.12345
vt 0.64408 0.21917
vt 0.65617 0.21693
vt 0.65620 0.20986
vt 0.64410 0.21175
vt 0.70201 0.07914
vt 0.70187 0.03693
vt 0.52831 0.06259
vt 0.52838 0.07639
vt 0.67658 0.15851
vt 0.67537 0.15939
vt 0.52728 0.05121
vt 0.67394 0.16026
vt 0.67611 0.17079
vt 0.67615 0.18369
vt 0.67185 0.15279
vt 0.67286 0.15164
vt 0.52500 0.04434
vt 0.66829 0.14881
vt 0.66730 0.14974
vt 0.67346 0.15068
vt 0.66924 0.14843
vt 0.66670 0.15103
vt 0.67070 0.15399
vt 0.52500 0.21385
vt 0.52619 0.21452
vt 0.66565 0.14903
vt 0.66677 0.14800
vt 0.52667 0.21597
vt 0.66424 0.14867
vt 0.66373 0.15034
vt 0.66514 0.15051
vt 0.66406 0.15219
vt 0.56845 0.16260
vt 0.58922 0.12378
vt 0.58456 0.12041
vt 0.56266 0.16159
vt 0.64412 0.20020
vt 0.64394 0.15027
vt 0.64364 0.14208
vt 0.65532 0.14268
vt 0.65588 0.15050
vt 0.66318 0.15105
vt 0.66242 0.14414
vt 0.65623 0.19947
vt 0.66373 0.19769
vt 0.58825 0.11455
vt 0.59139 0.11881
vt 0.66370 0.20660
vt 0.53150 0.10296
vt 0.57404 0.10305
vt 0.57552 0.09096
vt 0.53265 0.09092
vt 0.52889 0.11037
vt 0.57050 0.11052
vt 0.59181 0.21412
vt 0.56696 0.17531
vt 0.56104 0.17785
vt 0.58663 0.21752
vt 0.60833 0.12030
vt 0.61825 0.12072
vt 0.61827 0.07342
vt 0.60830 0.07363
vt 0.58774 0.21879
vt 0.59235 0.21557
vt 0.58880 0.21938
vt 0.59238 0.21642
vt 0.52730 0.11003
vt 0.52982 0.10274
vt 0.52848 0.10230
vt 0.52609 0.10940
vt 0.56661 0.16923
vt 0.56016 0.17036
vt 0.53095 0.09080
vt 0.52957 0.09058
vt 0.69232 0.15243
vt 0.69232 0.15870
vt 0.69515 0.15892
vt 0.69532 0.15262
vt 0.69854 0.15916
vt 0.70193 0.15931
vt 0.70249 0.15303
vt 0.69890 0.15283
vt 0.70475 0.15941
vt 0.70547 0.15318
vt 0.58657 0.09961
vt 0.58971 0.09969
vt 0.69831 0.16297
vt 0.70135 0.16297
vt 0.69813 0.16598
vt 0.70081 0.16577
vt 0.70387 0.16293
vt 0.58588 0.11052
vt 0.58666 0.10810
vt 0.58473 0.10691
vt 0.58336 0.10829
vt 0.69529 0.16262
vt 0.69278 0.16229
vt 0.69550 0.16546
vt 0.67812 0.07931
vt 0.67848 0.07708
vt 0.67610 0.07573
vt 0.67522 0.07693
vt 0.58960 0.10482
vt 0.59232 0.10450
vt 0.59270 0.09961
vt 0.58934 0.10869
vt 0.59192 0.10810
vt 0.59451 0.10418
vt 0.59512 0.09953
vt 0.59364 0.10691
vt 0.58675 0.10450
vt 0.58372 0.09953
vt 0.58417 0.10418
vt 0.68210 0.06847
vt 0.68215 0.07375
vt 0.68848 0.07380
vt 0.68848 0.06842
vt 0.68210 0.07778
vt 0.68837 0.07793
vt 0.67814 0.06842
vt 0.67839 0.07339
vt 0.67451 0.06837
vt 0.67507 0.07301
vt 0.69423 0.18317
vt 0.69109 0.18309
vt 0.69117 0.17796
vt 0.68841 0.17828
vt 0.68806 0.18317
vt 0.69134 0.17409
vt 0.68873 0.17467
vt 0.68614 0.17860
vt 0.68556 0.18325
vt 0.68697 0.17586
vt 0.69401 0.17828
vt 0.69702 0.18325
vt 0.69655 0.17860
vt 0.69403 0.17467
vt 0.69593 0.17586
vt 0.70450 0.20977
vt 0.70450 0.21504
vt 0.71080 0.21526
vt 0.71085 0.20990
vt 0.70452 0.21905
vt 0.71077 0.21938
vt 0.70064 0.20960
vt 0.70083 0.21457
vt 0.69722 0.20943
vt 0.69771 0.21408
vt 0.70098 0.21824
vt 0.69875 0.21683
vt 0.71711 0.21522
vt 0.71723 0.20996
vt 0.72083 0.21486
vt 0.72114 0.20990
vt 0.71705 0.21923
vt 0.72064 0.21853
vt 0.72404 0.21446
vt 0.72464 0.20982
vt 0.72295 0.21718
vt 0.69471 0.07358
vt 0.69478 0.06831
vt 0.69831 0.07313
vt 0.69857 0.06815
vt 0.69458 0.07761
vt 0.69806 0.07682
vt 0.70131 0.07266
vt 0.70184 0.06800
vt 0.70022 0.07542
vt 0.70265 0.14672
vt 0.69927 0.14649
vt 0.69949 0.14267
vt 0.69645 0.14265
vt 0.69587 0.14633
vt 0.69966 0.13962
vt 0.69698 0.13982
vt 0.69391 0.14266
vt 0.69305 0.14619
vt 0.69468 0.17226
vt 0.69721 0.17448
vt 0.70250 0.14300
vt 0.70547 0.14691
vt 0.70501 0.14330
vt 0.70229 0.14013
vt 0.70408 0.14096
vt 0.59892 0.11825
vt 0.60257 0.11916
vt 0.60244 0.07450
vt 0.59900 0.07544
vt 0.61811 0.06524
vt 0.60798 0.06592
vt 0.60200 0.06760
vt 0.59965 0.06953
vt 0.61836 0.13553
vt 0.61831 0.12943
vt 0.71852 0.12944
vt 0.71800 0.11957
vt 0.67418 0.11977
vt 0.67493 0.12964
vt 0.67717 0.13544
vt 0.72009 0.13528
vt 0.57568 0.10855
vt 0.57928 0.10883
vt 0.58186 0.06263
vt 0.57810 0.06306
vt 0.57057 0.16286
vt 0.59136 0.12417
vt 0.72150 0.13553
vt 0.71995 0.12965
vt 0.66838 0.21180
vt 0.66951 0.21238
vt 0.67249 0.20639
vt 0.67125 0.20595
vt 0.57956 0.11052
vt 0.57624 0.11010
vt 0.66540 0.21522
vt 0.66654 0.21524
vt 0.60268 0.12600
vt 0.60842 0.12814
vt 0.59900 0.12373
vt 0.57042 0.17375
vt 0.57032 0.16851
vt 0.56889 0.16880
vt 0.56908 0.17437
vt 0.71942 0.11967
vt 0.67323 0.19599
vt 0.67454 0.19621
vt 0.64276 0.13554
vt 0.64322 0.13717
vt 0.65452 0.13777
vt 0.65362 0.13614
vt 0.66593 0.11696
vt 0.66783 0.11650
vt 0.61777 0.06028
vt 0.66778 0.12782
vt 0.66951 0.12695
vt 0.60732 0.06097
vt 0.59308 0.11052
vt 0.59118 0.11129
vt 0.59367 0.11735
vt 0.59532 0.11692
vt 0.59735 0.07478
vt 0.59588 0.07411
vt 0.59532 0.11813
vt 0.59704 0.11805
vt 0.57190 0.16301
vt 0.59286 0.12424
vt 0.59800 0.06765
vt 0.59673 0.06645
vt 0.67166 0.13553
vt 0.67277 0.13437
vt 0.66644 0.12870
vt 0.66137 0.13988
vt 0.67418 0.13318
vt 0.60107 0.06329
vt 0.59990 0.06164
vt 0.67769 0.19704
vt 0.67904 0.19750
vt 0.70726 0.03720
vt 0.70553 0.03693
vt 0.70566 0.07910
vt 0.70732 0.07931
vt 0.59373 0.21291
vt 0.59498 0.21212
vt 0.59539 0.12845
vt 0.59713 0.12801
vt 0.59708 0.12345
vt 0.59534 0.12378
vt 0.70917 0.07915
vt 0.70917 0.03693
vt 0.52831 0.09020
vt 0.67537 0.20799
vt 0.67658 0.20887
vt 0.52728 0.10157
vt 0.67611 0.19659
vt 0.67394 0.20712
vt 0.67185 0.21459
vt 0.67286 0.21574
vt 0.52500 0.10844
vt 0.66730 0.21764
vt 0.66829 0.21857
vt 0.67346 0.21670
vt 0.66924 0.21896
vt 0.67070 0.21339
vt 0.66670 0.21635
vt 0.59413 0.21452
vt 0.59532 0.21385
vt 0.66565 0.21835
vt 0.66677 0.21938
vt 0.59365 0.21597
vt 0.66424 0.21871
vt 0.66514 0.21687
vt 0.66373 0.21704
vt 0.66406 0.21519
vt 0.59904 0.12835
vt 0.57934 0.05712
vt 0.57568 0.05844
vt 0.60851 0.13402
vt 0.60274 0.13121
vt 0.66365 0.21279
vt 0.62952 0.21938
vt 0.66210 0.12835
vt 0.68537 0.16730
vt 0.68170 0.16598
vt 0.65263 0.13402
vt 0.65840 0.13121
vt 0.59540 0.21279
vt 0.60287 0.21693
vt 0.61496 0.21917
vt 0.36565 0.27500
vt 0.33799 0.28461
vt 0.46168 0.44310
vt 0.45714 0.40920
vt 0.42784 0.41120
vt 0.42785 0.44541
vt 0.45920 0.47300
vt 0.42990 0.47500
vt 0.44679 0.38039
vt 0.42988 0.38154
vt 0.31851 0.30687
vt 0.40032 0.40920
vt 0.39607 0.44310
vt 0.40238 0.47300
vt 0.41399 0.38039
vt 0.31245 0.33583
vt 0.38194 0.40374
vt 0.37484 0.43679
vt 0.29059 0.46162
vt 0.32138 0.47500
vt 0.33177 0.45929
vt 0.29959 0.44801
vt 0.38382 0.37718
vt 0.37484 0.34930
vt 0.28174 0.38069
vt 0.28174 0.39568
vt 0.31188 0.39397
vt 0.31188 0.36802
vt 0.34596 0.36692
vt 0.34596 0.39689
vt 0.37484 0.40365
vt 0.37484 0.37769
vt 0.42804 0.28847
vt 0.40038 0.29808
vt 0.27914 0.41258
vt 0.30738 0.42326
vt 0.34076 0.43070
vt 0.37034 0.43293
vt 0.38090 0.32034
vt 0.32143 0.36371
vt 0.36255 0.45769
vt 0.80887 0.06684
vt 0.80773 0.06682
vt 0.80722 0.07087
vt 0.80794 0.07089
vt 0.82649 0.06684
vt 0.82537 0.06681
vt 0.82485 0.07087
vt 0.82556 0.07089
vt 0.93153 0.06423
vt 0.93000 0.06423
vt 0.93001 0.06826
vt 0.93098 0.06826
vt 0.81767 0.06685
vt 0.81653 0.06683
vt 0.81601 0.07088
vt 0.81673 0.07089
vt 0.80619 0.06682
vt 0.80625 0.07087
vt 0.82384 0.06681
vt 0.82388 0.07087
vt 0.81500 0.06683
vt 0.81504 0.07088
vt 0.80467 0.06684
vt 0.80529 0.07089
vt 0.82231 0.06684
vt 0.82292 0.07089
vt 0.81348 0.06685
vt 0.81408 0.07089
vt 0.93265 0.06423
vt 0.93168 0.06826
vt 0.92848 0.06423
vt 0.92905 0.06826
vt 0.90488 0.03965
vt 0.90362 0.03966
vt 0.90362 0.05462
vt 0.90488 0.05460
vt 0.82380 0.06276
vt 0.82199 0.06280
vt 0.96107 0.18547
vt 0.96232 0.18546
vt 0.96232 0.17050
vt 0.96107 0.17051
vt 0.90705 0.05465
vt 0.90797 0.05465
vt 0.90797 0.03969
vt 0.90705 0.03968
vt 0.95820 0.06783
vt 0.95914 0.06786
vt 0.95914 0.05290
vt 0.95820 0.05287
vt 0.90705 0.03969
vt 0.90613 0.03966
vt 0.90613 0.05462
vt 0.90705 0.05465
vt 0.90922 0.05466
vt 0.90922 0.03969
vt 0.96040 0.06787
vt 0.96040 0.05291
vt 0.82376 0.05870
vt 0.82140 0.05875
vt 0.95981 0.18546
vt 0.95981 0.17050
vt 0.96165 0.06786
vt 0.96165 0.05290
vt 0.82372 0.05462
vt 0.82050 0.05468
vt 0.81497 0.06279
vt 0.81316 0.06281
vt 0.81493 0.05875
vt 0.81257 0.05877
vt 0.81488 0.05468
vt 0.81167 0.05472
vt 0.93314 0.06021
vt 0.93181 0.06020
vt 0.93409 0.05618
vt 0.93236 0.05617
vt 0.93556 0.05215
vt 0.93320 0.05214
vt 0.93000 0.06020
vt 0.92818 0.06021
vt 0.95888 0.18544
vt 0.95888 0.17048
vt 0.92999 0.05617
vt 0.92763 0.05618
vt 0.92999 0.05214
vt 0.92677 0.05215
vt 0.91048 0.05465
vt 0.90922 0.05505
vt 0.91039 0.05505
vt 0.90639 0.15295
vt 0.90639 0.15174
vt 0.90600 0.15184
vt 0.90601 0.15284
vt 0.95903 0.18584
vt 0.95990 0.18586
vt 0.90579 0.15400
vt 0.90551 0.15370
vt 0.96107 0.18587
vt 0.90474 0.15460
vt 0.90465 0.15420
vt 0.96224 0.18586
vt 0.90353 0.15460
vt 0.90365 0.15420
vt 0.90690 0.03930
vt 0.90605 0.03927
vt 0.90249 0.15400
vt 0.90279 0.15370
vt 0.90488 0.03926
vt 0.90188 0.15295
vt 0.90229 0.15284
vt 0.90371 0.03927
vt 0.90188 0.15174
vt 0.90228 0.15184
vt 0.95834 0.06823
vt 0.95922 0.06825
vt 0.90248 0.15069
vt 0.90278 0.15098
vt 0.96040 0.06826
vt 0.90353 0.15008
vt 0.90365 0.15047
vt 0.96156 0.06825
vt 0.90474 0.15008
vt 0.90464 0.15047
vt 0.90720 0.05505
vt 0.90805 0.05505
vt 0.90579 0.15069
vt 0.90551 0.15097
vt 0.90278 0.15822
vt 0.90229 0.15736
vt 0.90188 0.15747
vt 0.90248 0.15851
vt 0.91039 0.03929
vt 0.90922 0.03929
vt 0.91048 0.03969
vt 0.90365 0.15872
vt 0.90353 0.15912
vt 0.95990 0.17010
vt 0.95903 0.17008
vt 0.90464 0.15872
vt 0.90474 0.15912
vt 0.96107 0.17011
vt 0.90551 0.15822
vt 0.90579 0.15852
vt 0.96224 0.17010
vt 0.90600 0.15736
vt 0.90639 0.15747
vt 0.90605 0.05502
vt 0.90690 0.05505
vt 0.90600 0.15636
vt 0.90639 0.15626
vt 0.90488 0.05501
vt 0.90551 0.15550
vt 0.90579 0.15521
vt 0.90371 0.05502
vt 0.90464 0.15500
vt 0.90474 0.15460
vt 0.95922 0.05250
vt 0.95834 0.05247
vt 0.90365 0.15500
vt 0.90353 0.15460
vt 0.96040 0.05251
vt 0.90278 0.15550
vt 0.90248 0.15521
vt 0.96156 0.05250
vt 0.90229 0.15636
vt 0.90188 0.15625
vt 0.90805 0.03929
vt 0.90720 0.03928
vt 0.80602 0.05465
vt 0.80282 0.05470
vt 0.80374 0.05876
vt 0.80609 0.05872
vt 0.80434 0.06281
vt 0.80615 0.06278
vt 0.81811 0.05468
vt 0.81730 0.05875
vt 0.81679 0.06279
vt 0.82694 0.05462
vt 0.82613 0.05870
vt 0.82562 0.06276
vt 0.80926 0.05465
vt 0.80847 0.05872
vt 0.80797 0.06278
vt 0.82050 0.05472
vt 0.81906 0.05877
vt 0.81814 0.06281
vt 0.82930 0.05468
vt 0.82786 0.05875
vt 0.82695 0.06280
vt 0.81167 0.05470
vt 0.81024 0.05876
vt 0.80933 0.06281
vt 0.09490 0.82323
vt 0.09719 0.82262
vt 0.09490 0.82393
vt 0.09754 0.82323
vt 0.09526 0.82454
vt 0.09754 0.82393
vt 0.28995 0.95856
vt 0.28897 0.95858
vt 0.28896 0.97500
vt 0.28995 0.97499
vt 0.29724 0.95856
vt 0.29625 0.95858
vt 0.29626 0.97500
vt 0.29724 0.97499
vt 0.29539 0.95854
vt 0.29436 0.95854
vt 0.29437 0.97499
vt 0.29539 0.97499
vt 0.28798 0.95856
vt 0.28798 0.97499
vt 0.29346 0.95855
vt 0.29256 0.95856
vt 0.29256 0.97500
vt 0.29346 0.97499
vt 0.29154 0.95855
vt 0.29067 0.95854
vt 0.29068 0.97499
vt 0.29154 0.97500
vt 0.29346 0.95855
vt 0.29347 0.97500
vt 0.28726 0.95852
vt 0.28726 0.97494
vt 0.29067 0.95852
vt 0.29067 0.97494
vt 0.29823 0.95858
vt 0.29823 0.97500
vt 0.29625 0.95856
vt 0.29625 0.97500
vt 0.15857 0.83744
vt 0.15857 0.83794
vt 0.15914 0.83794
vt 0.15914 0.83744
vt 0.15857 0.83434
vt 0.15857 0.83503
vt 0.15913 0.83505
vt 0.15913 0.83436
vt 0.15857 0.83231
vt 0.15857 0.83300
vt 0.15913 0.83298
vt 0.15913 0.83229
vt 0.15857 0.83557
vt 0.15857 0.83607
vt 0.15914 0.83607
vt 0.15914 0.83557
vt 0.15860 0.83040
vt 0.15857 0.83108
vt 0.15912 0.83108
vt 0.15916 0.83040
vt 0.15857 0.83676
vt 0.15914 0.83676
vt 0.15862 0.83367
vt 0.15919 0.83365
vt 0.15860 0.83177
vt 0.15916 0.83177
vt 0.15862 0.83179
vt 0.15919 0.83177
vt 0.15862 0.83555
vt 0.15919 0.83557
vt 0.15862 0.83367
vt 0.15919 0.83369
vt 0.29756 0.95608
vt 0.29756 0.95854
vt 0.29823 0.95851
vt 0.29823 0.95605
vt 0.29593 0.95676
vt 0.29346 0.95676
vt 0.29348 0.95779
vt 0.29594 0.95779
vt 0.30028 0.97499
vt 0.30028 0.97252
vt 0.29926 0.97254
vt 0.29926 0.97500
vt 0.29674 0.95608
vt 0.29674 0.95854
vt 0.29594 0.95573
vt 0.29348 0.95573
vt 0.28802 0.95852
vt 0.28802 0.95606
vt 0.28726 0.95602
vt 0.28726 0.95848
vt 0.28952 0.95849
vt 0.28952 0.95603
vt 0.28885 0.95606
vt 0.28885 0.95852
vt 0.29597 0.95604
vt 0.29597 0.95850
vt 0.29597 0.95498
vt 0.29351 0.95498
vt 0.29351 0.95854
vt 0.29597 0.95854
vt 0.29823 0.97253
vt 0.29823 0.97499
vt 0.95118 0.05418
vt 0.95150 0.05136
vt 0.95030 0.05137
vt 0.94965 0.05418
vt 0.89823 0.05224
vt 0.89944 0.05505
vt 0.90031 0.05503
vt 0.89934 0.05222
vt 0.91048 0.05212
vt 0.91048 0.05505
vt 0.91140 0.05502
vt 0.91140 0.05208
vt 0.90240 0.05222
vt 0.90272 0.05503
vt 0.90362 0.05505
vt 0.90353 0.05223
vt 0.95229 0.05416
vt 0.95237 0.05135
vt 0.91231 0.05505
vt 0.91231 0.05212
vt 0.94812 0.05418
vt 0.94909 0.05136
vt 0.94819 0.05135
vt 0.94699 0.05416
vt 0.90086 0.05221
vt 0.90151 0.05503
vt 0.96324 0.18306
vt 0.96324 0.18587
vt 0.96416 0.18585
vt 0.96416 0.18303
vt 0.96232 0.18303
vt 0.96232 0.18585
vt 0.15857 0.82832
vt 0.15913 0.82832
vt 0.15915 0.82780
vt 0.15858 0.82780
vt 0.15859 0.84456
vt 0.15915 0.84456
vt 0.15913 0.84388
vt 0.15857 0.84388
vt 0.15865 0.84742
vt 0.15921 0.84742
vt 0.15915 0.84691
vt 0.15859 0.84692
vt 0.15911 0.82936
vt 0.15857 0.82936
vt 0.15862 0.82988
vt 0.15917 0.82988
vt 0.15859 0.84555
vt 0.15915 0.84555
vt 0.15921 0.84505
vt 0.15865 0.84505
vt 0.15865 0.84505
vt 0.15921 0.84505
vt 0.15857 0.83040
vt 0.15911 0.83040
vt 0.15859 0.84319
vt 0.15915 0.84319
vt 0.15921 0.84268
vt 0.15865 0.84268
vt 0.15857 0.84623
vt 0.15913 0.84623
vt 0.15913 0.82728
vt 0.15857 0.82728
vt 0.96232 0.16898
vt 0.96232 0.17464
vt 0.96324 0.17466
vt 0.96324 0.16900
vt 0.90031 0.03814
vt 0.89995 0.04381
vt 0.90127 0.04380
vt 0.90151 0.03813
vt 0.95030 0.06826
vt 0.95006 0.06259
vt 0.94873 0.06259
vt 0.94909 0.06826
vt 0.96416 0.17464
vt 0.96416 0.16898
vt 0.90260 0.04381
vt 0.90272 0.03814
vt 0.94775 0.06257
vt 0.94819 0.06824
vt 0.91140 0.03822
vt 0.91140 0.04381
vt 0.91231 0.04384
vt 0.91231 0.03825
vt 0.90359 0.04383
vt 0.90362 0.03816
vt 0.91048 0.03825
vt 0.91048 0.04384
vt 0.89944 0.03816
vt 0.89900 0.04383
vt 0.95150 0.06826
vt 0.95138 0.06259
vt 0.96232 0.17741
vt 0.96232 0.18022
vt 0.96324 0.18024
vt 0.96324 0.17743
vt 0.89927 0.04659
vt 0.89898 0.04940
vt 0.90063 0.04940
vt 0.90082 0.04658
vt 0.94961 0.05982
vt 0.94941 0.05700
vt 0.94776 0.05699
vt 0.94805 0.05981
vt 0.96416 0.18022
vt 0.96416 0.17741
vt 0.90228 0.04940
vt 0.90237 0.04659
vt 0.94655 0.05698
vt 0.94691 0.05979
vt 0.91140 0.04647
vt 0.91140 0.04923
vt 0.91231 0.04928
vt 0.91231 0.04651
vt 0.95228 0.05979
vt 0.95226 0.05698
vt 0.95106 0.05699
vt 0.95115 0.05981
vt 0.90350 0.04942
vt 0.90353 0.04660
vt 0.91048 0.04651
vt 0.91048 0.04928
vt 0.89816 0.04661
vt 0.89780 0.04942
vt 0.95234 0.06257
vt 0.95237 0.06824
vt 0.90220 0.16167
vt 0.90190 0.16153
vt 0.90190 0.16276
vt 0.90220 0.16270
vt 0.90479 0.16394
vt 0.90501 0.16425
vt 0.90549 0.16326
vt 0.90520 0.16311
vt 0.90330 0.16425
vt 0.90322 0.16462
vt 0.90418 0.16475
vt 0.90410 0.16436
vt 0.90479 0.16114
vt 0.90501 0.16089
vt 0.90418 0.16016
vt 0.90410 0.16053
vt 0.90260 0.16084
vt 0.90238 0.16053
vt 0.90260 0.16364
vt 0.90238 0.16389
vt 0.90520 0.16209
vt 0.90549 0.16202
vt 0.90330 0.16042
vt 0.90322 0.16003
vt 0.90598 0.16053
vt 0.90624 0.16090
vt 0.90691 0.16050
vt 0.90681 0.16003
vt 0.90861 0.16089
vt 0.90834 0.16119
vt 0.90873 0.16210
vt 0.90909 0.16203
vt 0.90681 0.16462
vt 0.90691 0.16418
vt 0.90624 0.16359
vt 0.90598 0.16389
vt 0.90861 0.16426
vt 0.90834 0.16388
vt 0.90768 0.16428
vt 0.90777 0.16475
vt 0.90549 0.16153
vt 0.90585 0.16170
vt 0.90777 0.16016
vt 0.90768 0.16061
vt 0.90909 0.16326
vt 0.90873 0.16308
vt 0.90549 0.16276
vt 0.90585 0.16269
vt 0.09679 0.81966
vt 0.09727 0.82198
vt 0.09625 0.81958
vt 0.09679 0.82226
vt 0.09577 0.81986
vt 0.09625 0.82218
vt 0.29756 0.95356
vt 0.29756 0.95603
vt 0.29823 0.95604
vt 0.29823 0.95357
vt 0.29342 0.95676
vt 0.29096 0.95676
vt 0.29097 0.95779
vt 0.29343 0.95779
vt 0.30028 0.97251
vt 0.30028 0.97005
vt 0.29925 0.97006
vt 0.29925 0.97252
vt 0.29674 0.95356
vt 0.29674 0.95603
vt 0.29343 0.95574
vt 0.29097 0.95574
vt 0.28875 0.95355
vt 0.28875 0.95602
vt 0.28952 0.95601
vt 0.28952 0.95354
vt 0.28726 0.95354
vt 0.28726 0.95601
vt 0.28792 0.95602
vt 0.28792 0.95355
vt 0.29597 0.95357
vt 0.29597 0.95604
vt 0.29346 0.95498
vt 0.29100 0.95498
vt 0.29100 0.95854
vt 0.29346 0.95854
vt 0.29823 0.97005
vt 0.29823 0.97251
vt 0.95700 0.05418
vt 0.95733 0.05136
vt 0.95612 0.05137
vt 0.95548 0.05418
vt 0.94116 0.06545
vt 0.94237 0.06826
vt 0.94324 0.06824
vt 0.94227 0.06543
vt 0.83113 0.05681
vt 0.83113 0.05399
vt 0.83021 0.05399
vt 0.83021 0.05681
vt 0.94533 0.06543
vt 0.94565 0.06824
vt 0.94655 0.06826
vt 0.94646 0.06544
vt 0.95811 0.05416
vt 0.95820 0.05135
vt 0.82930 0.05399
vt 0.82930 0.05681
vt 0.95394 0.05418
vt 0.95491 0.05136
vt 0.95402 0.05135
vt 0.95281 0.05416
vt 0.94379 0.06542
vt 0.94444 0.06823
vt 0.96257 0.05419
vt 0.96257 0.05138
vt 0.96165 0.05136
vt 0.96165 0.05417
vt 0.96348 0.05417
vt 0.96348 0.05136
vt 0.15914 0.82624
vt 0.15857 0.82624
vt 0.15857 0.82676
vt 0.15914 0.82676
vt 0.15859 0.84219
vt 0.15915 0.84219
vt 0.15913 0.84152
vt 0.15857 0.84151
vt 0.15865 0.84031
vt 0.15921 0.84031
vt 0.15915 0.83979
vt 0.15859 0.83980
vt 0.15912 0.82832
vt 0.15857 0.82832
vt 0.15860 0.82884
vt 0.15916 0.82884
vt 0.15859 0.83843
vt 0.15915 0.83842
vt 0.15921 0.83794
vt 0.15865 0.83794
vt 0.15865 0.84268
vt 0.15921 0.84268
vt 0.15857 0.82936
vt 0.15912 0.82936
vt 0.15859 0.84082
vt 0.15915 0.84083
vt 0.15921 0.84031
vt 0.15865 0.84031
vt 0.15857 0.83911
vt 0.15913 0.83910
vt 0.15857 0.82728
vt 0.15914 0.82728
vt 0.96348 0.06825
vt 0.96348 0.06258
vt 0.96257 0.06259
vt 0.96257 0.06826
vt 0.94324 0.05135
vt 0.94288 0.05702
vt 0.94420 0.05701
vt 0.94444 0.05134
vt 0.95612 0.06826
vt 0.95589 0.06259
vt 0.95456 0.06259
vt 0.95491 0.06826
vt 0.96165 0.06258
vt 0.96165 0.06825
vt 0.94553 0.05702
vt 0.94565 0.05135
vt 0.95358 0.06257
vt 0.95402 0.06824
vt 0.83021 0.07089
vt 0.83021 0.06522
vt 0.82930 0.06522
vt 0.82930 0.07089
vt 0.94652 0.05704
vt 0.94655 0.05137
vt 0.83113 0.07089
vt 0.83113 0.06522
vt 0.94237 0.05137
vt 0.94193 0.05704
vt 0.95733 0.06826
vt 0.95721 0.06259
vt 0.96348 0.05980
vt 0.96348 0.05699
vt 0.96257 0.05700
vt 0.96257 0.05982
vt 0.94220 0.05980
vt 0.94191 0.06261
vt 0.94356 0.06260
vt 0.94375 0.05979
vt 0.95543 0.05982
vt 0.95524 0.05700
vt 0.95359 0.05699
vt 0.95388 0.05981
vt 0.96165 0.05699
vt 0.96165 0.05980
vt 0.94521 0.06261
vt 0.94530 0.05979
vt 0.95237 0.05698
vt 0.95273 0.05980
vt 0.83021 0.06245
vt 0.83021 0.05963
vt 0.82930 0.05963
vt 0.82930 0.06244
vt 0.95811 0.05979
vt 0.95808 0.05698
vt 0.95689 0.05699
vt 0.95698 0.05981
vt 0.94643 0.06263
vt 0.94646 0.05981
vt 0.83113 0.06244
vt 0.83113 0.05963
vt 0.94108 0.05982
vt 0.94072 0.06263
vt 0.95817 0.06257
vt 0.95820 0.06824
vt 0.09240 0.81760
vt 0.09287 0.81992
vt 0.90710 0.15571
vt 0.90688 0.15546
vt 0.90639 0.15660
vt 0.90669 0.15666
vt 0.90859 0.15882
vt 0.90867 0.15919
vt 0.90951 0.15846
vt 0.90929 0.15821
vt 0.90710 0.15851
vt 0.90688 0.15882
vt 0.90771 0.15932
vt 0.90779 0.15893
vt 0.90969 0.15624
vt 0.90999 0.15610
vt 0.90951 0.15510
vt 0.90929 0.15541
vt 0.90779 0.15511
vt 0.90771 0.15473
vt 0.90669 0.15768
vt 0.90639 0.15782
vt 0.90969 0.15727
vt 0.90999 0.15733
vt 0.90859 0.15499
vt 0.90867 0.15460
vt 0.90867 0.15447
vt 0.90858 0.15402
vt 0.90781 0.15413
vt 0.90771 0.15460
vt 0.90639 0.15310
vt 0.90675 0.15293
vt 0.90675 0.15195
vt 0.90639 0.15187
vt 0.90951 0.15038
vt 0.90924 0.15075
vt 0.90963 0.15155
vt 0.90999 0.15137
vt 0.90771 0.15001
vt 0.90781 0.15046
vt 0.90858 0.15035
vt 0.90867 0.14988
vt 0.90951 0.15374
vt 0.90924 0.15344
vt 0.90688 0.15410
vt 0.90714 0.15373
vt 0.90688 0.15074
vt 0.90714 0.15104
vt 0.90999 0.15260
vt 0.90963 0.15253
vt 0.09185 0.81753
vt 0.09240 0.82021
vt 0.09138 0.81781
vt 0.09185 0.82013
vt 0.68443 0.13662
vt 0.68443 0.13762
vt 0.68687 0.13662
vt 0.68615 0.13590
vt 0.68687 0.13762
vt 0.68687 0.13662
vt 0.68443 0.13762
vt 0.68514 0.13834
vt 0.68082 0.13833
vt 0.68241 0.13876
vt 0.68315 0.13833
vt 0.68040 0.13759
vt 0.67697 0.13696
vt 0.67422 0.13623
vt 0.67379 0.13697
vt 0.67697 0.13782
vt 0.67379 0.13782
vt 0.67422 0.13856
vt 0.67581 0.13898
vt 0.67655 0.13856
vt 0.67655 0.13623
vt 0.67496 0.13580
vt 0.67422 0.13623
vt 0.67697 0.13696
vt 0.67655 0.13856
vt 0.67697 0.13782
vt 0.67379 0.13697
vt 0.67379 0.13782
vt 0.67179 0.05858
vt 0.67179 0.05951
vt 0.67228 0.05951
vt 0.67229 0.05858
vt 0.68718 0.17104
vt 0.68718 0.17197
vt 0.68768 0.17197
vt 0.68768 0.17104
vt 0.66930 0.05906
vt 0.66930 0.05814
vt 0.66880 0.05814
vt 0.66880 0.05906
vt 0.67179 0.05764
vt 0.67179 0.05858
vt 0.67229 0.05858
vt 0.67228 0.05764
vt 0.68718 0.17010
vt 0.68718 0.17104
vt 0.68768 0.17104
vt 0.68768 0.17010
vt 0.67077 0.05794
vt 0.67079 0.05887
vt 0.67128 0.05887
vt 0.67126 0.05794
vt 0.67079 0.05887
vt 0.67077 0.05980
vt 0.67126 0.05980
vt 0.67128 0.05887
vt 0.66930 0.05814
vt 0.66930 0.05720
vt 0.66880 0.05720
vt 0.66880 0.05814
vt 0.68619 0.17103
vt 0.68619 0.17197
vt 0.68669 0.17197
vt 0.68669 0.17103
vt 0.66930 0.05814
vt 0.66930 0.05906
vt 0.66979 0.05906
vt 0.66979 0.05814
vt 0.68769 0.17010
vt 0.68769 0.16917
vt 0.68720 0.16917
vt 0.68720 0.17010
vt 0.68619 0.17010
vt 0.68619 0.17103
vt 0.68669 0.17103
vt 0.68669 0.17010
vt 0.66930 0.05720
vt 0.66930 0.05814
vt 0.66979 0.05814
vt 0.66979 0.05720
vt 0.67230 0.05776
vt 0.67232 0.05870
vt 0.67281 0.05870
vt 0.67279 0.05776
vt 0.67232 0.05870
vt 0.67230 0.05963
vt 0.67279 0.05963
vt 0.67281 0.05870
vt 0.68769 0.16917
vt 0.68769 0.16824
vt 0.68720 0.16824
vt 0.68720 0.16917
vt 0.67329 0.05858
vt 0.67329 0.05951
vt 0.67379 0.05951
vt 0.67379 0.05858
vt 0.68687 0.13741
vt 0.68687 0.13834
vt 0.68736 0.13834
vt 0.68736 0.13741
vt 0.68769 0.16785
vt 0.68769 0.16692
vt 0.68720 0.16692
vt 0.68720 0.16785
vt 0.67329 0.05764
vt 0.67329 0.05858
vt 0.67379 0.05858
vt 0.67379 0.05764
vt 0.68687 0.13647
vt 0.68687 0.13741
vt 0.68736 0.13741
vt 0.68736 0.13647
vt 0.58187 0.06357
vt 0.58188 0.06450
vt 0.58238 0.06450
vt 0.58236 0.06357
vt 0.58188 0.06450
vt 0.58187 0.06543
vt 0.58236 0.06543
vt 0.58238 0.06450
vt 0.68769 0.16692
vt 0.68769 0.16598
vt 0.68720 0.16598
vt 0.68720 0.16692
vt 0.68315 0.13600
vt 0.68156 0.13557
vt 0.68082 0.13600
vt 0.68358 0.13674
vt 0.68040 0.13674
vt 0.68040 0.13759
vt 0.68315 0.13833
vt 0.68358 0.13759
vt 0.67128 0.05858
vt 0.67128 0.05951
vt 0.67177 0.05951
vt 0.67178 0.05858
vt 0.68736 0.13741
vt 0.68736 0.13834
vt 0.68786 0.13834
vt 0.68785 0.13741
vt 0.68718 0.17197
vt 0.68718 0.17104
vt 0.68669 0.17104
vt 0.68669 0.17197
vt 0.67128 0.05764
vt 0.67128 0.05858
vt 0.67178 0.05858
vt 0.67177 0.05764
vt 0.68736 0.13647
vt 0.68736 0.13741
vt 0.68785 0.13741
vt 0.68786 0.13647
vt 0.68619 0.16598
vt 0.68621 0.16692
vt 0.68670 0.16692
vt 0.68669 0.16598
vt 0.68621 0.16692
vt 0.68619 0.16785
vt 0.68669 0.16785
vt 0.68670 0.16692
vt 0.68718 0.17104
vt 0.68718 0.17010
vt 0.68669 0.17010
vt 0.68669 0.17104
vt 0.68358 0.13759
vt 0.68358 0.13674
vt 0.68082 0.13600
vt 0.68040 0.13674
vt 0.66996 0.05813
vt 0.66996 0.05906
vt 0.67045 0.05906
vt 0.67045 0.05813
vt 0.68670 0.16917
vt 0.68670 0.17010
vt 0.68720 0.17010
vt 0.68720 0.16917
vt 0.68720 0.16785
vt 0.68720 0.16692
vt 0.68670 0.16692
vt 0.68670 0.16785
vt 0.66996 0.05720
vt 0.66996 0.05813
vt 0.67045 0.05813
vt 0.67045 0.05720
vt 0.68670 0.16824
vt 0.68670 0.16917
vt 0.68720 0.16917
vt 0.68720 0.16824
vt 0.68619 0.16824
vt 0.68621 0.16917
vt 0.68670 0.16917
vt 0.68669 0.16824
vt 0.68621 0.16917
vt 0.68619 0.17010
vt 0.68669 0.17010
vt 0.68670 0.16917
vt 0.68720 0.16692
vt 0.68720 0.16598
vt 0.68670 0.16598
vt 0.68670 0.16692
vt 0.66136 0.05784
vt 0.66065 0.05856
vt 0.66309 0.05957
vt 0.66309 0.05856
vt 0.66237 0.06028
vt 0.66309 0.05957
vt 0.66065 0.05856
vt 0.66065 0.05957
vt 0.65893 0.05784
vt 0.65822 0.05856
vt 0.66065 0.05957
vt 0.66065 0.05856
vt 0.65994 0.06028
vt 0.66065 0.05957
vt 0.65822 0.05856
vt 0.65822 0.05957
vt 0.65649 0.05784
vt 0.65578 0.05856
vt 0.65822 0.05957
vt 0.65822 0.05856
vt 0.65750 0.06028
vt 0.65822 0.05957
vt 0.65578 0.05856
vt 0.65578 0.05957
vt 0.66410 0.05784
vt 0.66339 0.05856
vt 0.66582 0.05957
vt 0.66582 0.05856
vt 0.66511 0.06028
vt 0.66582 0.05957
vt 0.66339 0.05856
vt 0.66339 0.05957
vt 0.67061 0.13782
vt 0.67104 0.13856
vt 0.67379 0.13782
vt 0.67379 0.13697
vt 0.68578 0.16967
vt 0.68578 0.17049
vt 0.68619 0.17049
vt 0.68619 0.16967
vt 0.68578 0.16824
vt 0.68578 0.16742
vt 0.68537 0.16742
vt 0.68537 0.16824
vt 0.67281 0.05798
vt 0.67281 0.05880
vt 0.67322 0.05880
vt 0.67322 0.05798
vt 0.68578 0.16885
vt 0.68578 0.16967
vt 0.68619 0.16967
vt 0.68619 0.16885
vt 0.68401 0.13815
vt 0.68398 0.13876
vt 0.68440 0.13876
vt 0.68442 0.13815
vt 0.68401 0.13651
vt 0.68402 0.13733
vt 0.68443 0.13733
vt 0.68442 0.13651
vt 0.68578 0.16659
vt 0.68578 0.16598
vt 0.68537 0.16598
vt 0.68537 0.16659
vt 0.68578 0.16824
vt 0.68578 0.16885
vt 0.68619 0.16885
vt 0.68619 0.16824
vt 0.68402 0.13733
vt 0.68401 0.13815
vt 0.68442 0.13815
vt 0.68443 0.13733
vt 0.68398 0.13590
vt 0.68401 0.13651
vt 0.68442 0.13651
vt 0.68440 0.13590
vt 0.68578 0.16742
vt 0.68578 0.16659
vt 0.68537 0.16659
vt 0.68537 0.16742
vt 0.67281 0.05880
vt 0.67281 0.05963
vt 0.67322 0.05963
vt 0.67322 0.05880
vt 0.67177 0.13898
vt 0.67336 0.13856
vt 0.67379 0.13782
vt 0.67104 0.13856
vt 0.67263 0.13580
vt 0.67104 0.13623
vt 0.67061 0.13696
vt 0.67336 0.13623
vt 0.68537 0.16967
vt 0.68537 0.17049
vt 0.68578 0.17049
vt 0.68578 0.16967
vt 0.67087 0.06205
vt 0.67087 0.06123
vt 0.67046 0.06123
vt 0.67045 0.06205
vt 0.68537 0.17049
vt 0.68537 0.17132
vt 0.68578 0.17132
vt 0.68578 0.17049
vt 0.68537 0.16885
vt 0.68537 0.16967
vt 0.68578 0.16967
vt 0.68578 0.16885
vt 0.67233 0.06188
vt 0.67230 0.06248
vt 0.67271 0.06248
vt 0.67274 0.06188
vt 0.67233 0.06023
vt 0.67233 0.06105
vt 0.67275 0.06105
vt 0.67274 0.06023
vt 0.67087 0.06041
vt 0.67087 0.05980
vt 0.67045 0.05980
vt 0.67046 0.06041
vt 0.68537 0.16824
vt 0.68537 0.16885
vt 0.68578 0.16885
vt 0.68578 0.16824
vt 0.67233 0.06105
vt 0.67233 0.06188
vt 0.67274 0.06188
vt 0.67275 0.06105
vt 0.67230 0.05963
vt 0.67233 0.06023
vt 0.67274 0.06023
vt 0.67271 0.05963
vt 0.67087 0.06123
vt 0.67087 0.06041
vt 0.67046 0.06041
vt 0.67046 0.06123
vt 0.68537 0.17132
vt 0.68537 0.17214
vt 0.68578 0.17214
vt 0.68578 0.17132
vt 0.67061 0.13696
vt 0.67061 0.13782
vt 0.67379 0.13697
vt 0.67336 0.13623
vt 0.68578 0.16742
vt 0.68578 0.16824
vt 0.68619 0.16824
vt 0.68619 0.16742
vt 0.67128 0.06205
vt 0.67128 0.06123
vt 0.67087 0.06123
vt 0.67087 0.06205
vt 0.67281 0.05633
vt 0.67281 0.05716
vt 0.67322 0.05716
vt 0.67322 0.05633
vt 0.68578 0.16659
vt 0.68578 0.16742
vt 0.68619 0.16742
vt 0.68619 0.16659
vt 0.67277 0.06188
vt 0.67275 0.06248
vt 0.67316 0.06248
vt 0.67318 0.06188
vt 0.67277 0.06023
vt 0.67278 0.06105
vt 0.67319 0.06105
vt 0.67318 0.06023
vt 0.67128 0.06041
vt 0.67128 0.05980
vt 0.67087 0.05980
vt 0.67087 0.06041
vt 0.68578 0.16598
vt 0.68578 0.16659
vt 0.68619 0.16659
vt 0.68619 0.16598
vt 0.67278 0.06105
vt 0.67277 0.06188
vt 0.67318 0.06188
vt 0.67319 0.06105
vt 0.67275 0.05963
vt 0.67277 0.06023
vt 0.67318 0.06023
vt 0.67316 0.05963
vt 0.67128 0.06123
vt 0.67128 0.06041
vt 0.67087 0.06041
vt 0.67087 0.06123
vt 0.67281 0.05716
vt 0.67281 0.05798
vt 0.67322 0.05798
vt 0.67322 0.05716
f 2940/2940 2941/2941 2942/2942
f 2941/2941 2943/2943 2942/2942
f 2944/2944 2941/2941 2940/2940
f 2945/2945 2946/2946 2947/2947
f 2948/2948 2949/2949 2950/2950
f 2951/2951 2952/2952 2953/2953
f 2953/2953 2952/2952 2954/2954
f 2955/2955 2951/2951 2953/2953
f 2956/2956 2957/2957 2958/2958
f 2959/2959 2960/2960 2961/2961
f 2962/2962 2963/2963 2964/2964
f 2965/2965 2966/2966 2967/2967
f 2968/2968 2969/2969 2970/2970
f 2971/2971 2972/2972 2973/2973
f 2974/2974 2975/2975 2976/2976
f 2977/2977 2978/2978 2979/2979
f 2980/2980 2981/2981 2982/2982
f 2983/2983 2984/2984 2985/2985
f 2986/2986 2987/2987 2988/2988
f 2989/2989 2990/2990 2991/2991
f 2992/2992 2993/2993 2994/2994
f 2995/2995 2996/2996 2997/2997
f 2998/2998 2999/2999 3000/3000
f 3001/3001 3002/3002 2998/2998
f 3003/3003 3004/3004 3005/3005
f 3006/3006 3007/3007 3008/3008
f 3009/3009 3006/3006 3010/3010
f 3011/3011 3012/3012 3013/3013
f 3014/3014 3015/3015 3016/3016
f 3017/3017 3018/3018 3019/3019
f 3020/3020 3021/3021 3022/3022
f 3023/3023 3020/3020 3022/3022
f 3024/3024 3025/3025 3026/3026
f 3027/3027 3025/3025 3024/3024
f 3028/3028 3029/3029 3030/3030
f 3031/3031 3032/3032 3033/3033
f 3030/3030 3029/3029 3034/3034
f 3031/3031 3033/3033 3035/3035
f 3034/3034 3029/3029 3036/3036
f 3031/3031 3035/3035 3037/3037
f 3038/3038 3039/3039 3029/3029
f 3031/3031 3040/3040 3041/3041
f 3039/3039 3042/3042 3029/3029
f 3031/3031 3043/3043 3040/3040
f 3042/3042 3036/3036 3029/3029
f 3031/3031 3037/3037 3043/3043
f 3044/3044 3045/3045 3046/3046
f 3047/3047 3048/3048 3049/3049
f 3050/3050 3051/3051 3052/3052
f 3053/3053 3054/3054 3055/3055
f 3056/3056 3057/3057 3058/3058
f 3059/3059 3060/3060 3061/3061
f 3062/3062 3063/3063 3064/3064
f 3065/3065 3066/3066 3067/3067
f 3068/3068 3069/3069 3070/3070
f 3071/3071 3072/3072 3073/3073
f 3074/3074 3075/3075 3076/3076
f 3077/3077 3078/3078 3079/3079
f 3080/3080 3081/3081 3082/3082
f 3083/3083 3084/3084 3085/3085
f 3086/3086 3087/3087 3088/3088
f 3089/3089 3090/3090 3091/3091
f 3092/3092 3093/3093 3094/3094
f 3095/3095 3096/3096 3097/3097
f 3098/3098 3099/3099 3100/3100
f 3101/3101 3102/3102 3103/3103
f 3104/3104 3105/3105 3106/3106
f 3107/3107 3108/3108 3109/3109
f 3110/3110 3111/3111 3112/3112
f 3110/3110 3112/3112 3113/3113
f 3111/3111 3114/3114 3115/3115
f 3111/3111 3115/3115 3112/3112
f 3114/3114 3116/3116 3117/3117
f 3114/3114 3117/3117 3115/3115
f 2940/2940 3110/3110 3113/3113
f 2940/2940 3113/3113 2944/2944
f 3118/3118 2947/2947 3119/3119
f 3118/3118 3119/3119 3120/3120
f 3119/3119 2947/2947 2946/2946
f 3119/3119 2946/2946 3121/3121
f 3112/3112 3115/3115 3122/3122
f 3112/3112 3122/3122 3123/3123
f 3113/3113 3112/3112 3123/3123
f 3113/3113 3123/3123 3124/3124
f 2944/2944 3113/3113 3124/3124
f 2944/2944 3124/3124 3125/3125
f 3115/3115 3117/3117 3126/3126
f 3115/3115 3126/3126 3122/3122
f 2946/2946 3127/3127 3128/3128
f 2946/2946 3128/3128 3121/3121
f 3129/3129 3130/3130 3131/3131
f 3129/3129 3131/3131 3132/3132
f 3133/3133 3134/3134 3135/3135
f 3133/3133 3135/3135 3136/3136
f 3134/3134 3137/3137 3138/3138
f 3134/3134 3138/3138 3135/3135
f 3130/3130 3133/3133 3136/3136
f 3130/3130 3136/3136 3131/3131
f 3139/3139 3140/3140 3141/3141
f 3139/3139 3141/3141 3142/3142
f 3143/3143 3144/3144 3139/3139
f 3143/3143 3139/3139 3142/3142
f 3145/3145 3146/3146 3147/3147
f 3145/3145 3147/3147 3148/3148
f 3149/3149 3150/3150 3146/3146
f 3149/3149 3146/3146 3145/3145
f 3151/3151 3152/3152 3153/3153
f 3151/3151 3153/3153 3154/3154
f 3155/3155 3156/3156 3157/3157
f 3155/3155 3157/3157 3158/3158
f 3159/3159 3160/3160 3161/3161
f 3159/3159 3161/3161 3162/3162
f 3163/3163 3164/3164 3165/3165
f 3163/3163 3165/3165 3166/3166
f 3160/3160 3167/3167 3168/3168
f 3160/3160 3168/3168 3161/3161
f 3156/3156 3159/3159 3162/3162
f 3156/3156 3162/3162 3157/3157
f 3164/3164 3155/3155 3158/3158
f 3164/3164 3158/3158 3165/3165
f 3169/3169 3170/3170 3171/3171
f 3169/3169 3171/3171 3172/3172
f 3173/3173 3174/3174 3175/3175
f 3173/3173 3175/3175 3176/3176
f 3177/3177 3178/3178 3179/3179
f 3177/3177 3179/3179 3180/3180
f 3181/3181 3182/3182 3183/3183
f 3181/3181 3183/3183 3184/3184
f 3185/3185 3177/3177 3180/3180
f 3185/3185 3180/3180 3186/3186
f 3170/3170 3173/3173 3176/3176
f 3170/3170 3176/3176 3171/3171
f 3187/3187 3169/3169 3172/3172
f 3187/3187 3172/3172 3188/3188
f 3178/3178 3181/3181 3184/3184
f 3178/3178 3184/3184 3179/3179
f 3189/3189 3190/3190 3191/3191
f 3189/3189 3191/3191 3192/3192
f 3193/3193 3194/3194 3195/3195
f 3193/3193 3195/3195 3196/3196
f 3197/3197 3198/3198 3199/3199
f 3197/3197 3199/3199 3200/3200
f 3201/3201 3193/3193 3196/3196
f 3201/3201 3196/3196 3202/3202
f 3194/3194 3189/3189 3192/3192
f 3194/3194 3192/3192 3195/3195
f 3203/3203 3150/3150 3149/3149
f 3203/3203 3149/3149 3204/3204
f 3205/3205 3197/3197 3200/3200
f 3205/3205 3200/3200 3206/3206
f 3207/3207 3205/3205 3206/3206
f 3207/3207 3206/3206 3208/3208
f 3209/3209 3210/3210 3211/3211
f 3209/3209 3211/3211 3212/3212
f 3213/3213 3214/3214 2950/2950
f 3213/3213 2950/2950 3215/3215
f 3209/3209 3216/3216 3217/3217
f 3209/3209 3217/3217 3210/3210
f 3216/3216 3214/3214 3213/3213
f 3216/3216 3213/3213 3217/3217
f 2950/2950 2949/2949 3218/3218
f 2950/2950 3218/3218 3215/3215
f 2949/2949 3219/3219 3220/3220
f 2949/2949 3220/3220 3218/3218
f 3221/3221 3222/3222 3223/3223
f 3221/3221 3223/3223 3224/3224
f 3225/3225 3226/3226 3227/3227
f 3225/3225 3227/3227 3228/3228
f 3229/3229 3225/3225 3228/3228
f 3229/3229 3228/3228 3230/3230
f 3226/3226 3221/3221 3224/3224
f 3226/3226 3224/3224 3227/3227
f 3231/3231 3232/3232 3233/3233
f 3231/3231 3233/3233 3234/3234
f 3235/3235 3236/3236 3237/3237
f 3235/3235 3237/3237 3238/3238
f 3236/3236 3239/3239 3240/3240
f 3236/3236 3240/3240 3237/3237
f 3232/3232 3235/3235 3238/3238
f 3232/3232 3238/3238 3233/3233
f 3241/3241 3242/3242 3243/3243
f 3241/3241 3243/3243 3244/3244
f 3244/3244 3243/3243 3245/3245
f 3244/3244 3245/3245 3246/3246
f 3246/3246 3245/3245 3247/3247
f 3246/3246 3247/3247 3248/3248
f 2951/2951 2955/2955 3242/3242
f 2951/2951 3242/3242 3241/3241
f 3249/3249 3120/3120 3119/3119
f 3249/3249 3119/3119 2957/2957
f 3119/3119 3121/3121 2958/2958
f 3119/3119 2958/2958 2957/2957
f 3243/3243 3250/3250 3251/3251
f 3243/3243 3251/3251 3245/3245
f 3242/3242 3252/3252 3250/3250
f 3242/3242 3250/3250 3243/3243
f 2955/2955 3253/3253 3252/3252
f 2955/2955 3252/3252 3242/3242
f 3245/3245 3251/3251 3254/3254
f 3245/3245 3254/3254 3247/3247
f 2958/2958 3121/3121 3128/3128
f 2958/2958 3128/3128 3255/3255
f 3256/3256 3257/3257 3258/3258
f 3256/3256 3258/3258 3259/3259
f 3260/3260 3261/3261 3262/3262
f 3260/3260 3262/3262 3263/3263
f 3263/3263 3262/3262 3264/3264
f 3263/3263 3264/3264 3265/3265
f 3259/3259 3258/3258 3261/3261
f 3259/3259 3261/3261 3260/3260
f 3266/3266 3267/3267 3141/3141
f 3266/3266 3141/3141 3140/3140
f 3268/3268 3267/3267 3266/3266
f 3268/3268 3266/3266 3269/3269
f 3270/3270 3271/3271 3272/3272
f 3270/3270 3272/3272 3273/3273
f 3274/3274 3270/3270 3273/3273
f 3274/3274 3273/3273 3275/3275
f 3276/3276 3277/3277 3153/3153
f 3276/3276 3153/3153 3152/3152
f 3278/3278 3158/3158 3157/3157
f 3278/3278 3157/3157 3279/3279
f 3280/3280 3162/3162 3161/3161
f 3280/3280 3161/3161 3281/3281
f 3282/3282 3166/3166 3165/3165
f 3282/3282 3165/3165 3283/3283
f 3281/3281 3161/3161 3168/3168
f 3281/3281 3168/3168 3284/3284
f 3279/3279 3157/3157 3162/3162
f 3279/3279 3162/3162 3280/3280
f 3283/3283 3165/3165 3158/3158
f 3283/3283 3158/3158 3278/3278
f 3285/3285 3172/3172 3171/3171
f 3285/3285 3171/3171 3286/3286
f 3287/3287 3176/3176 3175/3175
f 3287/3287 3175/3175 3288/3288
f 3289/3289 3180/3180 3179/3179
f 3289/3289 3179/3179 3290/3290
f 3291/3291 3184/3184 3183/3183
f 3291/3291 3183/3183 3292/3292
f 3293/3293 3186/3186 3180/3180
f 3293/3293 3180/3180 3289/3289
f 3286/3286 3171/3171 3176/3176
f 3286/3286 3176/3176 3287/3287
f 3294/3294 3188/3188 3172/3172
f 3294/3294 3172/3172 3285/3285
f 3290/3290 3179/3179 3184/3184
f 3290/3290 3184/3184 3291/3291
f 3295/3295 3296/3296 3297/3297
f 3295/3295 3297/3297 3298/3298
f 3299/3299 3300/3300 3301/3301
f 3299/3299 3301/3301 3302/3302
f 3303/3303 3304/3304 3305/3305
f 3303/3303 3305/3305 3306/3306
f 3307/3307 3308/3308 3300/3300
f 3307/3307 3300/3300 3299/3299
f 3302/3302 3301/3301 3296/3296
f 3302/3302 3296/3296 3295/3295
f 3309/3309 3310/3310 3274/3274
f 3309/3309 3274/3274 3275/3275
f 3311/3311 3312/3312 3304/3304
f 3311/3311 3304/3304 3303/3303
f 3207/3207 3208/3208 3312/3312
f 3207/3207 3312/3312 3311/3311
f 3313/3313 3314/3314 3211/3211
f 3313/3313 3211/3211 3210/3210
f 3213/3213 3215/3215 2960/2960
f 3213/3213 2960/2960 3315/3315
f 3313/3313 3210/3210 3217/3217
f 3313/3313 3217/3217 3316/3316
f 3316/3316 3217/3217 3213/3213
f 3316/3316 3213/3213 3315/3315
f 2960/2960 3215/3215 3218/3218
f 2960/2960 3218/3218 2961/2961
f 2961/2961 3218/3218 3220/3220
f 2961/2961 3220/3220 3317/3317
f 3318/3318 3319/3319 3320/3320
f 3318/3318 3320/3320 3321/3321
f 3322/3322 3323/3323 3324/3324
f 3322/3322 3324/3324 3325/3325
f 3326/3326 3327/3327 3323/3323
f 3326/3326 3323/3323 3322/3322
f 3325/3325 3324/3324 3319/3319
f 3325/3325 3319/3319 3318/3318
f 3328/3328 3234/3234 3233/3233
f 3328/3328 3233/3233 3329/3329
f 3330/3330 3238/3238 3237/3237
f 3330/3330 3237/3237 3331/3331
f 3331/3331 3237/3237 3240/3240
f 3331/3331 3240/3240 3332/3332
f 3329/3329 3233/3233 3238/3238
f 3329/3329 3238/3238 3330/3330
f 3333/3333 3334/3334 3335/3335
f 3333/3333 3335/3335 3336/3336
f 3337/3337 3333/3333 3336/3336
f 3337/3337 3336/3336 3338/3338
f 3339/3339 3337/3337 3338/3338
f 3339/3339 3338/3338 3340/3340
f 3341/3341 3342/3342 3343/3343
f 3341/3341 3343/3343 3344/3344
f 3345/3345 3346/3346 3342/3342
f 3345/3345 3342/3342 3341/3341
f 3339/3339 3340/3340 3346/3346
f 3339/3339 3346/3346 3345/3345
f 3347/3347 3348/3348 3349/3349
f 3347/3347 3349/3349 3350/3350
f 3351/3351 3352/3352 3353/3353
f 3351/3351 3353/3353 3354/3354
f 3355/3355 3347/3347 3350/3350
f 3355/3355 3350/3350 3356/3356
f 3357/3357 3358/3358 3359/3359
f 3357/3357 3359/3359 3360/3360
f 3348/3348 3351/3351 3354/3354
f 3348/3348 3354/3354 3349/3349
f 3361/3361 3362/3362 3363/3363
f 3361/3361 3363/3363 3364/3364
f 3365/3365 3355/3355 3356/3356
f 3365/3365 3356/3356 3366/3366
f 3367/3367 3368/3368 3369/3369
f 3367/3367 3369/3369 3370/3370
f 3371/3371 3372/3372 3373/3373
f 3371/3371 3373/3373 3374/3374
f 3375/3375 3376/3376 3368/3368
f 3375/3375 3368/3368 3367/3367
f 3357/3357 3360/3360 3377/3377
f 3357/3357 3377/3377 3378/3378
f 3370/3370 3369/3369 3372/3372
f 3370/3370 3372/3372 3371/3371
f 3379/3379 3380/3380 3363/3363
f 3379/3379 3363/3363 3362/3362
f 3381/3381 3382/3382 3376/3376
f 3381/3381 3376/3376 3375/3375
f 3383/3383 3384/3384 3385/3385
f 3383/3383 3385/3385 3386/3386
f 3387/3387 3388/3388 3389/3389
f 3387/3387 3389/3389 3390/3390
f 3388/3388 3391/3391 3392/3392
f 3388/3388 3392/3392 3389/3389
f 3393/3393 3394/3394 3395/3395
f 3393/3393 3395/3395 3396/3396
f 3397/3397 3398/3398 3399/3399
f 3397/3397 3399/3399 3400/3400
f 3401/3401 3402/3402 3403/3403
f 3401/3401 3403/3403 3404/3404
f 3405/3405 3401/3401 3404/3404
f 3405/3405 3404/3404 3406/3406
f 3407/3407 2968/2968 2970/2970
f 3407/3407 2970/2970 3408/3408
f 3409/3409 3410/3410 3411/3411
f 3409/3409 3411/3411 3412/3412
f 3413/3413 3414/3414 3415/3415
f 3413/3413 3415/3415 3416/3416
f 2968/2968 3417/3417 3418/3418
f 2968/2968 3418/3418 2969/2969
f 3419/3419 3413/3413 3416/3416
f 3419/3419 3416/3416 3420/3420
f 3421/3421 3422/3422 3423/3423
f 3421/3421 3423/3423 3424/3424
f 3425/3425 3426/3426 3427/3427
f 3425/3425 3427/3427 3428/3428
f 3429/3429 3421/3421 3424/3424
f 3429/3429 3424/3424 3430/3430
f 3431/3431 3432/3432 3433/3433
f 3431/3431 3433/3433 3434/3434
f 3435/3435 3436/3436 3437/3437
f 3435/3435 3437/3437 3438/3438
f 3439/3439 3431/3431 3434/3434
f 3439/3439 3434/3434 3440/3440
f 3441/3441 3435/3435 3438/3438
f 3441/3441 3438/3438 3442/3442
f 3443/3443 3444/3444 3445/3445
f 3443/3443 3445/3445 3446/3446
f 3447/3447 3441/3441 3442/3442
f 3447/3447 3442/3442 3448/3448
f 3394/3394 3449/3449 3450/3450
f 3394/3394 3450/3450 3395/3395
f 3451/3451 3452/3452 3453/3453
f 3451/3451 3453/3453 3454/3454
f 3455/3455 3456/3456 3457/3457
f 3455/3455 3457/3457 3458/3458
f 3459/3459 3451/3451 3454/3454
f 3459/3459 3454/3454 3460/3460
f 3456/3456 3461/3461 3462/3462
f 3456/3456 3462/3462 3457/3457
f 2965/2965 3407/3407 3408/3408
f 2965/2965 3408/3408 2966/2966
f 3463/3463 3464/3464 3465/3465
f 3463/3463 3465/3465 3466/3466
f 3391/3391 3467/3467 3468/3468
f 3391/3391 3468/3468 3392/3392
f 3464/3464 3469/3469 3470/3470
f 3464/3464 3470/3470 3465/3465
f 3467/3467 3471/3471 3472/3472
f 3467/3467 3472/3472 3468/3468
f 3469/3469 3473/3473 3474/3474
f 3469/3469 3474/3474 3470/3470
f 3475/3475 3476/3476 3477/3477
f 3475/3475 3477/3477 3478/3478
f 3479/3479 3480/3480 3481/3481
f 3479/3479 3481/3481 3482/3482
f 3476/3476 3483/3483 3484/3484
f 3476/3476 3484/3484 3477/3477
f 3480/3480 3485/3485 3486/3486
f 3480/3480 3486/3486 3481/3481
f 3483/3483 3487/3487 3488/3488
f 3483/3483 3488/3488 3484/3484
f 3489/3489 3490/3490 3491/3491
f 3489/3489 3491/3491 3492/3492
f 3493/3493 3494/3494 3495/3495
f 3493/3493 3495/3495 3496/3496
f 3490/3490 3497/3497 3498/3498
f 3490/3490 3498/3498 3491/3491
f 3494/3494 3499/3499 3500/3500
f 3494/3494 3500/3500 3495/3495
f 3497/3497 3501/3501 3502/3502
f 3497/3497 3502/3502 3498/3498
f 3503/3503 3504/3504 3505/3505
f 3503/3503 3505/3505 3506/3506
f 3507/3507 3508/3508 3509/3509
f 3507/3507 3509/3509 3510/3510
f 3504/3504 3511/3511 3512/3512
f 3504/3504 3512/3512 3505/3505
f 3508/3508 3455/3455 3458/3458
f 3508/3508 3458/3458 3509/3509
f 3511/3511 3513/3513 3514/3514
f 3511/3511 3514/3514 3512/3512
f 3515/3515 3516/3516 3517/3517
f 3515/3515 3517/3517 3518/3518
f 3519/3519 3520/3520 3521/3521
f 3519/3519 3521/3521 3522/3522
f 3516/3516 3523/3523 3524/3524
f 3516/3516 3524/3524 3517/3517
f 3525/3525 3526/3526 3527/3527
f 3525/3525 3527/3527 3528/3528
f 3529/3529 3525/3525 3528/3528
f 3529/3529 3528/3528 3530/3530
f 3531/3531 3529/3529 3530/3530
f 3531/3531 3530/3530 3532/3532
f 3533/3533 3531/3531 3532/3532
f 3533/3533 3532/3532 3534/3534
f 3535/3535 3533/3533 3534/3534
f 3535/3535 3534/3534 3536/3536
f 3537/3537 3535/3535 3536/3536
f 3537/3537 3536/3536 3538/3538
f 3539/3539 3537/3537 3538/3538
f 3539/3539 3538/3538 3540/3540
f 3541/3541 3539/3539 3540/3540
f 3541/3541 3540/3540 3542/3542
f 3543/3543 3541/3541 3542/3542
f 3543/3543 3542/3542 3544/3544
f 3545/3545 3543/3543 3544/3544
f 3545/3545 3544/3544 3546/3546
f 3547/3547 3545/3545 3546/3546
f 3547/3547 3546/3546 3548/3548
f 3526/3526 3547/3547 3548/3548
f 3526/3526 3548/3548 3527/3527
f 3549/3549 3550/3550 3551/3551
f 3549/3549 3551/3551 3552/3552
f 3550/3550 3553/3553 3554/3554
f 3550/3550 3554/3554 3551/3551
f 3553/3553 3555/3555 3556/3556
f 3553/3553 3556/3556 3554/3554
f 3555/3555 3557/3557 3558/3558
f 3555/3555 3558/3558 3556/3556
f 3557/3557 3559/3559 3560/3560
f 3557/3557 3560/3560 3558/3558
f 3559/3559 3561/3561 3562/3562
f 3559/3559 3562/3562 3560/3560
f 3561/3561 3563/3563 3564/3564
f 3561/3561 3564/3564 3562/3562
f 3563/3563 3565/3565 3566/3566
f 3563/3563 3566/3566 3564/3564
f 3565/3565 3567/3567 3568/3568
f 3565/3565 3568/3568 3566/3566
f 3567/3567 3569/3569 3570/3570
f 3567/3567 3570/3570 3568/3568
f 3569/3569 3571/3571 3572/3572
f 3569/3569 3572/3572 3570/3570
f 3571/3571 3549/3549 3552/3552
f 3571/3571 3552/3552 3572/3572
f 3573/3573 3574/3574 3575/3575
f 3573/3573 3575/3575 3576/3576
f 3577/3577 3573/3573 3576/3576
f 3577/3577 3576/3576 3578/3578
f 3579/3579 3577/3577 3578/3578
f 3579/3579 3578/3578 3580/3580
f 3581/3581 3579/3579 3580/3580
f 3581/3581 3580/3580 3582/3582
f 3583/3583 3581/3581 3582/3582
f 3583/3583 3582/3582 3584/3584
f 3585/3585 3583/3583 3584/3584
f 3585/3585 3584/3584 3586/3586
f 3587/3587 3585/3585 3586/3586
f 3587/3587 3586/3586 3588/3588
f 3589/3589 3587/3587 3588/3588
f 3589/3589 3588/3588 3590/3590
f 3591/3591 3589/3589 3590/3590
f 3591/3591 3590/3590 3592/3592
f 3593/3593 3591/3591 3592/3592
f 3593/3593 3592/3592 3594/3594
f 3595/3595 3593/3593 3594/3594
f 3595/3595 3594/3594 3596/3596
f 3574/3574 3595/3595 3596/3596
f 3574/3574 3596/3596 3575/3575
f 3597/3597 3598/3598 3599/3599
f 3597/3597 3599/3599 3600/3600
f 3601/3601 3597/3597 3600/3600
f 3601/3601 3600/3600 3602/3602
f 3603/3603 3604/3604 3605/3605
f 3603/3603 3605/3605 3606/3606
f 3607/3607 3603/3603 3606/3606
f 3607/3607 3606/3606 3608/3608
f 3609/3609 3607/3607 3608/3608
f 3609/3609 3608/3608 3610/3610
f 3611/3611 3612/3612 3613/3613
f 3611/3611 3613/3613 3614/3614
f 3615/3615 3611/3611 3614/3614
f 3615/3615 3614/3614 3616/3616
f 3617/3617 3618/3618 3619/3619
f 3617/3617 3619/3619 3620/3620
f 3523/3523 3621/3621 3622/3622
f 3523/3523 3622/3622 3524/3524
f 3422/3422 3519/3519 3522/3522
f 3422/3422 3522/3522 3423/3423
f 3623/3623 3617/3617 3620/3620
f 3623/3623 3620/3620 3624/3624
f 3625/3625 3623/3623 3624/3624
f 3625/3625 3624/3624 3626/3626
f 3627/3627 3628/3628 3629/3629
f 3627/3627 3629/3629 3630/3630
f 3598/3598 3627/3627 3630/3630
f 3598/3598 3630/3630 3599/3599
f 3631/3631 3632/3632 3633/3633
f 3631/3631 3633/3633 3634/3634
f 3635/3635 3636/3636 3637/3637
f 3635/3635 3637/3637 3638/3638
f 3639/3639 3640/3640 3641/3641
f 3639/3639 3641/3641 3642/3642
f 3643/3643 3644/3644 3645/3645
f 3643/3643 3645/3645 3646/3646
f 3647/3647 3648/3648 3649/3649
f 3647/3647 3649/3649 3650/3650
f 3640/3640 3651/3651 3652/3652
f 3640/3640 3652/3652 3641/3641
f 3648/3648 3653/3653 3654/3654
f 3648/3648 3654/3654 3649/3649
f 3655/3655 3656/3656 3657/3657
f 3655/3655 3657/3657 3658/3658
f 3659/3659 3660/3660 3661/3661
f 3659/3659 3661/3661 3662/3662
f 3663/3663 3664/3664 3665/3665
f 3663/3663 3665/3665 3666/3666
f 3667/3667 3668/3668 3669/3669
f 3667/3667 3669/3669 3670/3670
f 3664/3664 3671/3671 3672/3672
f 3664/3664 3672/3672 3665/3665
f 3668/3668 3673/3673 3674/3674
f 3668/3668 3674/3674 3669/3669
f 3675/3675 3676/3676 3677/3677
f 3675/3675 3677/3677 3678/3678
f 3679/3679 3680/3680 3681/3681
f 3679/3679 3681/3681 3682/3682
f 3683/3683 3684/3684 3685/3685
f 3683/3683 3685/3685 3686/3686
f 3687/3687 3688/3688 3689/3689
f 3687/3687 3689/3689 3690/3690
f 3684/3684 3691/3691 3692/3692
f 3684/3684 3692/3692 3685/3685
f 3688/3688 3693/3693 3694/3694
f 3688/3688 3694/3694 3689/3689
f 3695/3695 3696/3696 3697/3697
f 3695/3695 3697/3697 3698/3698
f 3699/3699 3700/3700 3701/3701
f 3699/3699 3701/3701 3702/3702
f 3703/3703 3383/3383 3386/3386
f 3703/3703 3386/3386 3704/3704
f 3705/3705 3635/3635 3638/3638
f 3705/3705 3638/3638 3706/3706
f 2973/2973 2972/2972 3707/3707
f 2973/2973 3707/3707 3708/3708
f 3708/3708 3707/3707 3709/3709
f 3708/3708 3709/3709 3710/3710
f 3711/3711 3712/3712 3710/3710
f 3711/3711 3710/3710 3709/3709
f 2976/2976 2975/2975 3712/3712
f 2976/2976 3712/3712 3711/3711
f 2979/2979 2978/2978 3713/3713
f 2979/2979 3713/3713 3714/3714
f 3714/3714 3713/3713 3715/3715
f 3714/3714 3715/3715 3716/3716
f 3717/3717 3718/3718 3716/3716
f 3717/3717 3716/3716 3715/3715
f 2982/2982 2981/2981 3718/3718
f 2982/2982 3718/3718 3717/3717
f 3719/3719 3720/3720 3721/3721
f 3719/3719 3721/3721 3722/3722
f 3723/3723 3724/3724 3725/3725
f 3723/3723 3725/3725 3726/3726
f 3724/3724 3727/3727 3728/3728
f 3724/3724 3728/3728 3725/3725
f 3727/3727 3729/3729 3730/3730
f 3727/3727 3730/3730 3728/3728
f 3729/3729 3731/3731 3732/3732
f 3729/3729 3732/3732 3730/3730
f 3733/3733 3734/3734 3735/3735
f 3733/3733 3735/3735 3736/3736
f 3734/3734 3737/3737 3738/3738
f 3734/3734 3738/3738 3735/3735
f 3737/3737 3739/3739 3740/3740
f 3737/3737 3740/3740 3738/3738
f 3741/3741 3742/3742 3743/3743
f 3741/3741 3743/3743 3744/3744
f 3742/3742 3745/3745 3746/3746
f 3742/3742 3746/3746 3743/3743
f 3747/3747 3748/3748 3749/3749
f 3747/3747 3749/3749 3750/3750
f 3748/3748 3751/3751 3752/3752
f 3748/3748 3752/3752 3749/3749
f 3751/3751 3753/3753 3754/3754
f 3751/3751 3754/3754 3752/3752
f 3755/3755 3756/3756 3757/3757
f 3755/3755 3757/3757 3758/3758
f 3759/3759 3755/3755 3758/3758
f 3759/3759 3758/3758 3760/3760
f 3761/3761 3759/3759 3760/3760
f 3761/3761 3760/3760 3762/3762
f 3763/3763 3761/3761 3762/3762
f 3763/3763 3762/3762 3764/3764
f 3765/3765 3763/3763 3764/3764
f 3765/3765 3764/3764 3766/3766
f 3767/3767 3765/3765 3766/3766
f 3767/3767 3766/3766 3768/3768
f 3769/3769 3767/3767 3768/3768
f 3769/3769 3768/3768 3770/3770
f 3771/3771 3769/3769 3770/3770
f 3771/3771 3770/3770 3772/3772
f 3773/3773 3771/3771 3772/3772
f 3773/3773 3772/3772 3774/3774
f 3775/3775 3773/3773 3774/3774
f 3775/3775 3774/3774 3776/3776
f 3777/3777 3775/3775 3776/3776
f 3777/3777 3776/3776 3778/3778
f 3756/3756 3777/3777 3778/3778
f 3756/3756 3778/3778 3757/3757
f 3779/3779 3780/3780 3781/3781
f 3779/3779 3781/3781 3782/3782
f 3783/3783 3784/3784 3785/3785
f 3783/3783 3785/3785 3786/3786
f 3784/3784 3787/3787 3788/3788
f 3784/3784 3788/3788 3785/3785
f 3789/3789 3790/3790 3791/3791
f 3789/3789 3791/3791 3792/3792
f 3793/3793 3794/3794 3795/3795
f 3793/3793 3795/3795 3796/3796
f 3794/3794 3797/3797 3798/3798
f 3794/3794 3798/3798 3795/3795
f 3799/3799 3800/3800 3801/3801
f 3799/3799 3801/3801 3802/3802
f 3803/3803 3804/3804 3805/3805
f 3803/3803 3805/3805 3806/3806
f 3804/3804 3807/3807 3808/3808
f 3804/3804 3808/3808 3805/3805
f 3809/3809 3810/3810 3811/3811
f 3809/3809 3811/3811 3812/3812
f 3813/3813 3719/3719 3722/3722
f 3813/3813 3722/3722 3814/3814
f 2985/2985 2984/2984 3815/3815
f 2985/2985 3815/3815 3816/3816
f 3816/3816 3815/3815 3817/3817
f 3816/3816 3817/3817 3818/3818
f 3819/3819 3820/3820 3818/3818
f 3819/3819 3818/3818 3817/3817
f 2988/2988 2987/2987 3820/3820
f 2988/2988 3820/3820 3819/3819
f 3821/3821 2965/2965 2967/2967
f 3821/3821 2967/2967 3822/3822
f 2989/2989 3821/3821 3822/3822
f 2989/2989 3822/3822 2990/2990
f 3823/3823 2989/2989 2991/2991
f 3823/3823 2991/2991 3824/3824
f 2992/2992 3823/3823 3824/3824
f 2992/2992 3824/3824 2993/2993
f 3417/3417 2992/2992 2994/2994
f 3417/3417 2994/2994 3418/3418
f 3825/3825 3826/3826 3827/3827
f 3825/3825 3827/3827 3828/3828
f 3829/3829 3830/3830 3831/3831
f 3829/3829 3831/3831 3832/3832
f 3833/3833 3834/3834 3835/3835
f 3833/3833 3835/3835 3836/3836
f 3837/3837 3838/3838 3839/3839
f 3837/3837 3839/3839 3840/3840
f 3841/3841 3842/3842 3843/3843
f 3841/3841 3843/3843 3844/3844
f 3844/3844 3843/3843 3845/3845
f 3844/3844 3845/3845 3846/3846
f 3845/3845 3843/3843 3847/3847
f 3845/3845 3847/3847 3848/3848
f 3847/3847 3843/3843 3842/3842
f 3847/3847 3842/3842 3849/3849
f 3834/3834 3850/3850 3851/3851
f 3834/3834 3851/3851 3835/3835
f 3826/3826 3852/3852 3853/3853
f 3826/3826 3853/3853 3827/3827
f 3830/3830 3854/3854 3855/3855
f 3830/3830 3855/3855 3831/3831
f 3838/3838 3856/3856 3857/3857
f 3838/3838 3857/3857 3839/3839
f 2964/2964 2963/2963 3858/3858
f 2964/2964 3858/3858 3859/3859
f 3859/3859 3858/3858 3860/3860
f 3859/3859 3860/3860 3861/3861
f 3862/3862 3863/3863 3861/3861
f 3862/3862 3861/3861 3860/3860
f 2997/2997 2996/2996 3863/3863
f 2997/2997 3863/3863 3862/3862
f 3864/3864 3000/3000 3865/3865
f 3864/3864 3865/3865 3866/3866
f 3867/3867 3868/3868 3869/3869
f 3867/3867 3869/3869 3870/3870
f 3868/3868 3864/3864 3866/3866
f 3868/3868 3866/3866 3869/3869
f 3871/3871 3872/3872 3873/3873
f 3871/3871 3873/3873 3874/3874
f 3875/3875 3871/3871 3874/3874
f 3875/3875 3874/3874 3876/3876
f 3872/3872 3877/3877 3878/3878
f 3872/3872 3878/3878 3873/3873
f 3879/3879 3880/3880 3881/3881
f 3879/3879 3881/3881 3882/3882
f 3877/3877 3883/3883 3884/3884
f 3877/3877 3884/3884 3878/3878
f 3885/3885 3879/3879 3882/3882
f 3885/3885 3882/3882 3886/3886
f 3004/3004 3885/3885 3886/3886
f 3004/3004 3886/3886 3887/3887
f 3888/3888 3889/3889 3890/3890
f 3888/3888 3890/3890 3891/3891
f 3892/3892 3893/3893 3894/3894
f 3892/3892 3894/3894 3895/3895
f 3893/3893 3888/3888 3891/3891
f 3893/3893 3891/3891 3894/3894
f 3896/3896 3005/3005 3897/3897
f 3896/3896 3897/3897 3898/3898
f 3005/3005 3004/3004 3887/3887
f 3005/3005 3887/3887 3897/3897
f 3899/3899 3900/3900 3901/3901
f 3899/3899 3901/3901 3902/3902
f 3900/3900 3896/3896 3898/3898
f 3900/3900 3898/3898 3901/3901
f 3903/3903 3904/3904 3899/3899
f 3903/3903 3899/3899 3902/3902
f 3905/3905 3865/3865 3000/3000
f 3905/3905 3000/3000 2999/2999
f 2998/2998 3002/3002 3906/3906
f 2998/2998 3906/3906 2999/2999
f 2999/2999 3906/3906 3907/3907
f 2999/2999 3907/3907 3908/3908
f 3908/3908 3907/3907 3909/3909
f 3908/3908 3909/3909 3910/3910
f 3911/3911 3912/3912 3913/3913
f 3911/3911 3913/3913 3914/3914
f 3913/3913 3915/3915 3916/3916
f 3913/3913 3916/3916 3914/3914
f 3916/3916 3915/3915 3917/3917
f 3916/3916 3917/3917 3918/3918
f 3918/3918 3917/3917 3919/3919
f 3918/3918 3919/3919 3920/3920
f 3920/3920 3919/3919 3921/3921
f 3920/3920 3921/3921 3922/3922
f 3923/3923 3924/3924 3925/3925
f 3923/3923 3925/3925 3926/3926
f 3927/3927 3866/3866 3865/3865
f 3927/3927 3865/3865 3007/3007
f 3928/3928 3870/3870 3869/3869
f 3928/3928 3869/3869 3929/3929
f 3929/3929 3869/3869 3866/3866
f 3929/3929 3866/3866 3927/3927
f 3930/3930 3874/3874 3873/3873
f 3930/3930 3873/3873 3931/3931
f 3932/3932 3876/3876 3874/3874
f 3932/3932 3874/3874 3930/3930
f 3931/3931 3873/3873 3878/3878
f 3931/3931 3878/3878 3933/3933
f 3934/3934 3882/3882 3881/3881
f 3934/3934 3881/3881 3935/3935
f 3933/3933 3878/3878 3884/3884
f 3933/3933 3884/3884 3936/3936
f 3937/3937 3886/3886 3882/3882
f 3937/3937 3882/3882 3934/3934
f 3013/3013 3887/3887 3886/3886
f 3013/3013 3886/3886 3937/3937
f 3938/3938 3891/3891 3890/3890
f 3938/3938 3890/3890 3939/3939
f 3940/3940 3895/3895 3894/3894
f 3940/3940 3894/3894 3941/3941
f 3941/3941 3894/3894 3891/3891
f 3941/3941 3891/3891 3938/3938
f 3942/3942 3898/3898 3897/3897
f 3942/3942 3897/3897 3012/3012
f 3012/3012 3897/3897 3887/3887
f 3012/3012 3887/3887 3013/3013
f 3943/3943 3902/3902 3901/3901
f 3943/3943 3901/3901 3944/3944
f 3944/3944 3901/3901 3898/3898
f 3944/3944 3898/3898 3942/3942
f 3903/3903 3902/3902 3943/3943
f 3903/3903 3943/3943 3945/3945
f 3905/3905 3008/3008 3007/3007
f 3905/3905 3007/3007 3865/3865
f 3006/3006 3008/3008 3946/3946
f 3006/3006 3946/3946 3010/3010
f 3008/3008 3947/3947 3948/3948
f 3008/3008 3948/3948 3946/3946
f 3947/3947 3949/3949 3950/3950
f 3947/3947 3950/3950 3948/3948
f 3951/3951 3952/3952 3953/3953
f 3951/3951 3953/3953 3954/3954
f 3953/3953 3952/3952 3955/3955
f 3953/3953 3955/3955 3956/3956
f 3955/3955 3957/3957 3958/3958
f 3955/3955 3958/3958 3956/3956
f 3957/3957 3959/3959 3960/3960
f 3957/3957 3960/3960 3958/3958
f 3961/3961 3962/3962 3963/3963
f 3961/3961 3963/3963 3964/3964
f 3962/3962 3926/3926 3925/3925
f 3962/3962 3925/3925 3963/3963
f 3965/3965 3966/3966 3967/3967
f 3965/3965 3967/3967 3968/3968
f 3969/3969 3970/3970 3971/3971
f 3969/3969 3971/3971 3972/3972
f 3973/3973 3974/3974 3975/3975
f 3973/3973 3975/3975 3976/3976
f 3974/3974 3977/3977 3978/3978
f 3974/3974 3978/3978 3975/3975
f 3966/3966 3973/3973 3976/3976
f 3966/3966 3976/3976 3967/3967
f 3970/3970 3979/3979 3980/3980
f 3970/3970 3980/3980 3971/3971
f 3981/3981 3982/3982 3979/3979
f 3981/3981 3979/3979 3970/3970
f 3983/3983 3984/3984 3973/3973
f 3983/3983 3973/3973 3966/3966
f 3985/3985 3986/3986 3977/3977
f 3985/3985 3977/3977 3974/3974
f 3984/3984 3985/3985 3974/3974
f 3984/3984 3974/3974 3973/3973
f 3987/3987 3981/3981 3970/3970
f 3987/3987 3970/3970 3969/3969
f 3988/3988 3989/3989 3990/3990
f 3988/3988 3990/3990 3991/3991
f 3992/3992 3993/3993 3989/3989
f 3992/3992 3989/3989 3988/3988
f 3994/3994 3995/3995 3996/3996
f 3994/3994 3996/3996 3997/3997
f 3998/3998 3999/3999 4000/4000
f 3998/3998 4000/4000 4001/4001
f 3999/3999 4002/4002 4003/4003
f 3999/3999 4003/4003 4000/4000
f 3993/3993 3998/3998 4001/4001
f 3993/3993 4001/4001 3989/3989
f 3995/3995 4004/4004 4005/4005
f 3995/3995 4005/4005 3996/3996
f 3997/3997 3996/3996 4006/4006
f 3997/3997 4006/4006 4007/4007
f 4007/4007 4006/4006 3981/3981
f 4007/4007 3981/3981 3987/3987
f 4001/4001 4000/4000 4008/4008
f 4001/4001 4008/4008 4009/4009
f 4009/4009 4008/4008 3985/3985
f 4009/4009 3985/3985 3984/3984
f 4000/4000 4003/4003 4010/4010
f 4000/4000 4010/4010 4008/4008
f 4008/4008 4010/4010 3986/3986
f 4008/4008 3986/3986 3985/3985
f 3989/3989 4001/4001 4009/4009
f 3989/3989 4009/4009 3990/3990
f 3990/3990 4009/4009 3984/3984
f 3990/3990 3984/3984 3983/3983
f 3996/3996 4005/4005 4011/4011
f 3996/3996 4011/4011 4006/4006
f 4006/4006 4011/4011 3982/3982
f 4006/4006 3982/3982 3981/3981
f 4012/4012 3983/3983 3966/3966
f 4012/4012 3966/3966 3965/3965
f 3991/3991 3990/3990 3983/3983
f 3991/3991 3983/3983 4012/4012
f 4013/4013 4014/4014 4015/4015
f 4013/4013 4015/4015 4016/4016
f 3968/3968 3967/3967 4017/4017
f 3968/3968 4017/4017 4018/4018
f 4019/4019 4020/4020 4021/4021
f 4019/4019 4021/4021 4022/4022
f 3975/3975 3978/3978 4023/4023
f 3975/3975 4023/4023 4024/4024
f 3972/3972 3971/3971 4025/4025
f 3972/3972 4025/4025 4023/4023
f 4026/4026 4027/4027 4028/4028
f 4026/4026 4028/4028 4029/4029
f 3967/3967 3976/3976 4030/4030
f 3967/3967 4030/4030 4017/4017
f 4027/4027 3014/3014 3016/3016
f 4027/4027 3016/3016 4028/4028
f 3976/3976 3975/3975 4024/4024
f 3976/3976 4024/4024 4030/4030
f 4020/4020 4031/4031 4032/4032
f 4020/4020 4032/4032 4021/4021
f 3971/3971 3980/3980 4033/4033
f 3971/3971 4033/4033 4025/4025
f 4031/4031 4026/4026 4029/4029
f 4031/4031 4029/4029 4032/4032
f 4034/4034 4035/4035 4036/4036
f 4034/4034 4036/4036 4037/4037
f 4038/4038 4039/4039 4040/4040
f 4038/4038 4040/4040 4041/4041
f 4035/4035 4042/4042 4043/4043
f 4035/4035 4043/4043 4036/4036
f 4044/4044 4045/4045 4046/4046
f 4044/4044 4046/4046 4047/4047
f 4039/4039 4044/4044 4047/4047
f 4039/4039 4047/4047 4040/4040
f 4048/4048 4049/4049 4050/4050
f 4048/4048 4050/4050 4051/4051
f 4052/4052 4053/4053 4054/4054
f 4052/4052 4054/4054 4055/4055
f 4056/4056 4057/4057 4058/4058
f 4056/4056 4058/4058 4059/4059
f 4059/4059 4058/4058 4060/4060
f 4059/4059 4060/4060 4061/4061
f 4051/4051 4050/4050 4057/4057
f 4051/4051 4057/4057 4056/4056
f 4055/4055 4054/4054 3980/3980
f 4055/4055 3980/3980 3979/3979
f 4062/4062 4055/4055 3979/3979
f 4062/4062 3979/3979 3982/3982
f 4063/4063 4051/4051 4056/4056
f 4063/4063 4056/4056 4064/4064
f 4065/4065 4059/4059 4061/4061
f 4065/4065 4061/4061 4066/4066
f 4064/4064 4056/4056 4059/4059
f 4064/4064 4059/4059 4065/4065
f 4067/4067 4052/4052 4055/4055
f 4067/4067 4055/4055 4062/4062
f 4068/4068 4069/4069 4070/4070
f 4068/4068 4070/4070 4071/4071
f 4072/4072 4068/4068 4071/4071
f 4072/4072 4071/4071 4073/4073
f 4074/4074 4075/4075 4076/4076
f 4074/4074 4076/4076 4077/4077
f 4078/4078 4079/4079 4080/4080
f 4078/4078 4080/4080 4081/4081
f 4081/4081 4080/4080 4082/4082
f 4081/4081 4082/4082 4083/4083
f 4073/4073 4071/4071 4079/4079
f 4073/4073 4079/4079 4078/4078
f 4077/4077 4076/4076 4005/4005
f 4077/4077 4005/4005 4004/4004
f 4075/4075 4084/4084 4085/4085
f 4075/4075 4085/4085 4076/4076
f 4084/4084 4067/4067 4062/4062
f 4084/4084 4062/4062 4085/4085
f 4079/4079 4086/4086 4087/4087
f 4079/4079 4087/4087 4080/4080
f 4086/4086 4064/4064 4065/4065
f 4086/4086 4065/4065 4087/4087
f 4080/4080 4087/4087 4088/4088
f 4080/4080 4088/4088 4082/4082
f 4087/4087 4065/4065 4066/4066
f 4087/4087 4066/4066 4088/4088
f 4071/4071 4070/4070 4086/4086
f 4071/4071 4086/4086 4079/4079
f 4070/4070 4063/4063 4064/4064
f 4070/4070 4064/4064 4086/4086
f 4076/4076 4085/4085 4011/4011
f 4076/4076 4011/4011 4005/4005
f 4085/4085 4062/4062 3982/3982
f 4085/4085 3982/3982 4011/4011
f 4089/4089 4048/4048 4051/4051
f 4089/4089 4051/4051 4063/4063
f 4069/4069 4089/4089 4063/4063
f 4069/4069 4063/4063 4070/4070
f 4090/4090 4091/4091 4092/4092
f 4090/4090 4092/4092 4093/4093
f 4049/4049 4094/4094 4095/4095
f 4049/4049 4095/4095 4050/4050
f 4019/4019 4022/4022 4096/4096
f 4019/4019 4096/4096 4097/4097
f 4058/4058 4098/4098 4099/4099
f 4058/4058 4099/4099 4060/4060
f 4053/4053 4100/4100 4101/4101
f 4053/4053 4101/4101 4054/4054
f 4102/4102 4103/4103 4104/4104
f 4102/4102 4104/4104 4105/4105
f 4050/4050 4095/4095 4106/4106
f 4050/4050 4106/4106 4057/4057
f 4105/4105 4104/4104 3018/3018
f 4105/4105 3018/3018 3017/3017
f 4057/4057 4106/4106 4098/4098
f 4057/4057 4098/4098 4058/4058
f 4097/4097 4096/4096 4107/4107
f 4097/4097 4107/4107 4108/4108
f 4054/4054 4101/4101 4033/4033
f 4054/4054 4033/4033 3980/3980
f 4108/4108 4107/4107 4103/4103
f 4108/4108 4103/4103 4102/4102
f 4034/4034 4037/4037 4109/4109
f 4034/4034 4109/4109 4110/4110
f 4111/4111 4112/4112 4113/4113
f 4111/4111 4113/4113 4114/4114
f 4110/4110 4109/4109 4115/4115
f 4110/4110 4115/4115 4116/4116
f 4117/4117 4118/4118 4119/4119
f 4117/4117 4119/4119 4120/4120
f 4114/4114 4113/4113 4118/4118
f 4114/4114 4118/4118 4117/4117
f 4121/4121 4122/4122 4123/4123
f 4121/4121 4123/4123 4124/4124
f 4125/4125 4126/4126 4127/4127
f 4125/4125 4127/4127 4128/4128
f 4122/4122 4129/4129 4130/4130
f 4122/4122 4130/4130 4123/4123
f 4131/4131 4132/4132 4133/4133
f 4131/4131 4133/4133 4134/4134
f 4135/4135 4125/4125 4128/4128
f 4135/4135 4128/4128 4136/4136
f 4132/4132 4137/4137 4138/4138
f 4132/4132 4138/4138 4133/4133
f 4139/4139 4140/4140 4141/4141
f 4139/4139 4141/4141 4142/4142
f 4143/4143 4139/4139 4142/4142
f 4143/4143 4142/4142 4144/4144
f 4145/4145 4146/4146 4147/4147
f 4145/4145 4147/4147 4148/4148
f 4149/4149 4150/4150 4151/4151
f 4149/4149 4151/4151 4152/4152
f 4153/4153 4154/4154 4155/4155
f 4153/4153 4155/4155 4156/4156
f 4157/4157 4158/4158 4159/4159
f 4157/4157 4159/4159 4160/4160
f 4161/4161 4162/4162 4163/4163
f 4161/4161 4163/4163 4164/4164
f 4165/4165 4166/4166 4167/4167
f 4165/4165 4167/4167 4168/4168
f 4169/4169 4170/4170 4171/4171
f 4169/4169 4171/4171 4172/4172
f 4173/4173 4174/4174 4175/4175
f 4173/4173 4175/4175 4176/4176
f 4177/4177 4178/4178 4179/4179
f 4177/4177 4179/4179 4180/4180
f 4174/4174 4145/4145 4148/4148
f 4174/4174 4148/4148 4175/4175
f 4146/4146 4173/4173 4176/4176
f 4146/4146 4176/4176 4147/4147
f 4181/4181 4182/4182 4183/4183
f 4181/4181 4183/4183 4184/4184
f 4185/4185 4186/4186 4187/4187
f 4185/4185 4187/4187 4188/4188
f 4189/4189 4190/4190 4191/4191
f 4189/4189 4191/4191 4192/4192
f 4193/4193 4194/4194 4195/4195
f 4193/4193 4195/4195 4196/4196
f 4197/4197 4198/4198 4199/4199
f 4197/4197 4199/4199 4200/4200
f 4201/4201 4202/4202 4203/4203
f 4201/4201 4203/4203 4204/4204
f 4205/4205 4206/4206 4207/4207
f 4205/4205 4207/4207 4208/4208
f 4209/4209 4210/4210 4211/4211
f 4209/4209 4211/4211 4212/4212
f 4213/4213 4214/4214 4215/4215
f 4213/4213 4215/4215 4216/4216
f 4210/4210 4213/4213 4216/4216
f 4210/4210 4216/4216 4211/4211
f 4214/4214 4209/4209 4212/4212
f 4214/4214 4212/4212 4215/4215
f 4217/4217 4218/4218 4219/4219
f 4217/4217 4219/4219 4220/4220
f 4221/4221 4222/4222 4223/4223
f 4221/4221 4223/4223 4224/4224
f 4225/4225 4226/4226 4227/4227
f 4225/4225 4227/4227 4228/4228
f 4229/4229 4230/4230 4231/4231
f 4229/4229 4231/4231 4232/4232
f 4233/4233 4234/4234 4235/4235
f 4233/4233 4235/4235 4236/4236
f 4237/4237 4238/4238 4239/4239
f 4237/4237 4239/4239 4240/4240
f 3023/3023 3022/3022 4234/4234
f 3023/3023 4234/4234 4233/4233
f 4241/4241 4237/4237 4240/4240
f 4241/4241 4240/4240 4242/4242
f 4243/4243 4244/4244 4245/4245
f 4243/4243 4245/4245 4246/4246
f 4247/4247 4243/4243 4246/4246
f 4247/4247 4246/4246 4248/4248
f 4249/4249 4250/4250 4239/4239
f 4249/4249 4239/4239 4238/4238
f 4251/4251 4252/4252 4253/4253
f 4251/4251 4253/4253 4254/4254
f 4236/4236 4255/4255 4256/4256
f 4236/4236 4256/4256 4257/4257
f 4235/4235 4258/4258 4255/4255
f 4235/4235 4255/4255 4236/4236
f 4259/4259 4260/4260 4261/4261
f 4259/4259 4261/4261 4262/4262
f 4247/4247 4248/4248 4260/4260
f 4247/4247 4260/4260 4259/4259
f 4263/4263 4264/4264 3021/3021
f 4263/4263 3021/3021 3020/3020
f 4263/4263 3020/3020 3023/3023
f 4263/4263 3023/3023 4265/4265
f 4265/4265 3023/3023 4233/4233
f 4265/4265 4233/4233 4266/4266
f 4266/4266 4233/4233 4236/4236
f 4266/4266 4236/4236 4257/4257
f 4267/4267 4268/4268 4269/4269
f 4267/4267 4269/4269 4270/4270
f 4271/4271 4272/4272 4267/4267
f 4271/4271 4267/4267 4273/4273
f 4274/4274 4275/4275 4276/4276
f 4274/4274 4276/4276 4277/4277
f 4278/4278 4279/4279 4280/4280
f 4278/4278 4280/4280 4281/4281
f 3027/3027 4274/4274 4277/4277
f 3027/3027 4277/4277 3025/3025
f 4279/4279 4282/4282 4283/4283
f 4279/4279 4283/4283 4280/4280
f 4280/4280 4283/4283 4284/4284
f 4280/4280 4284/4284 4285/4285
f 4281/4281 4280/4280 4285/4285
f 4281/4281 4285/4285 4286/4286
f 4287/4287 4288/4288 4289/4289
f 4287/4287 4289/4289 4290/4290
f 4275/4275 4291/4291 4292/4292
f 4275/4275 4292/4292 4293/4293
f 4290/4290 4289/4289 4283/4283
f 4290/4290 4283/4283 4282/4282
f 4276/4276 4275/4275 4293/4293
f 4276/4276 4293/4293 4294/4294
f 4289/4289 4295/4295 4284/4284
f 4289/4289 4284/4284 4283/4283
f 4288/4288 4296/4296 4295/4295
f 4288/4288 4295/4295 4289/4289
f 4297/4297 3024/3024 3026/3026
f 4297/4297 3026/3026 4298/4298
f 4297/4297 4299/4299 3027/3027
f 4297/4297 3027/3027 3024/3024
f 4299/4299 4300/4300 4274/4274
f 4299/4299 4274/4274 3027/3027
f 4300/4300 4291/4291 4275/4275
f 4300/4300 4275/4275 4274/4274
f 4273/4273 4267/4267 4270/4270
f 4273/4273 4270/4270 4301/4301
f 4269/4269 4302/4302 4303/4303
f 4269/4269 4303/4303 4270/4270
f 4304/4304 4305/4305 4306/4306
f 4304/4304 4306/4306 4307/4307
f 4305/4305 4308/4308 4309/4309
f 4305/4305 4309/4309 4306/4306
f 4310/4310 4311/4311 4312/4312
f 4310/4310 4312/4312 4313/4313
f 4313/4313 4312/4312 4309/4309
f 4313/4313 4309/4309 4308/4308
f 4272/4272 4314/4314 4268/4268
f 4272/4272 4268/4268 4267/4267
f 4270/4270 4303/4303 4315/4315
f 4270/4270 4315/4315 4301/4301
f 4316/4316 4317/4317 4318/4318
f 4316/4316 4318/4318 4319/4319
f 4319/4319 4318/4318 4320/4320
f 4319/4319 4320/4320 4321/4321
f 4269/4269 4322/4322 4323/4323
f 4269/4269 4323/4323 4302/4302
f 4324/4324 4325/4325 4322/4322
f 4324/4324 4322/4322 4326/4326
f 4327/4327 4324/4324 4326/4326
f 4327/4327 4326/4326 4328/4328
f 4326/4326 4322/4322 4269/4269
f 4326/4326 4269/4269 4268/4268
f 4328/4328 4326/4326 4268/4268
f 4328/4328 4268/4268 4314/4314
f 4322/4322 4325/4325 4329/4329
f 4322/4322 4329/4329 4323/4323
f 4316/4316 4330/4330 4331/4331
f 4316/4316 4331/4331 4317/4317
f 4330/4330 4332/4332 4333/4333
f 4330/4330 4333/4333 4331/4331
f 4334/4334 4335/4335 4336/4336
f 4334/4334 4336/4336 4337/4337
f 4338/4338 4339/4339 4340/4340
f 4338/4338 4340/4340 4341/4341
f 4342/4342 4343/4343 4344/4344
f 4342/4342 4344/4344 4345/4345
f 4346/4346 4347/4347 4348/4348
f 4346/4346 4348/4348 4349/4349
f 4334/4334 4337/4337 4350/4350
f 4334/4334 4350/4350 4351/4351
f 4352/4352 4353/4353 4344/4344
f 4352/4352 4344/4344 4343/4343
f 4354/4354 4355/4355 4356/4356
f 4354/4354 4356/4356 4357/4357
f 4358/4358 4359/4359 4342/4342
f 4358/4358 4342/4342 4345/4345
f 4340/4340 4339/4339 4360/4360
f 4340/4340 4360/4360 4361/4361
f 4362/4362 4363/4363 4364/4364
f 4362/4362 4364/4364 4365/4365
f 4336/4336 4335/4335 4366/4366
f 4336/4336 4366/4366 4367/4367
f 4368/4368 4369/4369 4338/4338
f 4368/4368 4338/4338 4341/4341
f 4364/4364 4355/4355 4354/4354
f 4364/4364 4354/4354 4365/4365
f 4370/4370 4371/4371 4347/4347
f 4370/4370 4347/4347 4346/4346
f 4372/4372 4373/4373 4371/4371
f 4372/4372 4371/4371 4370/4370
f 4373/4373 4372/4372 4374/4374
f 4373/4373 4374/4374 4375/4375
f 4375/4375 4374/4374 4376/4376
f 4375/4375 4376/4376 4377/4377
f 4378/4378 4379/4379 4380/4380
f 4378/4378 4380/4380 4381/4381
f 4379/4379 4382/4382 4383/4383
f 4379/4379 4383/4383 4380/4380
f 4384/4384 4385/4385 4386/4386
f 4384/4384 4386/4386 4387/4387
f 4388/4388 4384/4384 4387/4387
f 4388/4388 4387/4387 4389/4389
f 4390/4390 4391/4391 4392/4392
f 4390/4390 4392/4392 4393/4393
f 4394/4394 4390/4390 4393/4393
f 4394/4394 4393/4393 4395/4395
f 4396/4396 4397/4397 4398/4398
f 4396/4396 4398/4398 4399/4399
f 4400/4400 4396/4396 4399/4399
f 4400/4400 4399/4399 4401/4401
f 4385/4385 4394/4394 4395/4395
f 4385/4385 4395/4395 4386/4386
f 4391/4391 4400/4400 4401/4401
f 4391/4391 4401/4401 4392/4392
f 4382/4382 4388/4388 4389/4389
f 4382/4382 4389/4389 4383/4383
f 4397/4397 4378/4378 4381/4381
f 4397/4397 4381/4381 4398/4398
f 4402/4402 4403/4403 4404/4404
f 4402/4402 4404/4404 4405/4405
f 4406/4406 4407/4407 4408/4408
f 4406/4406 4408/4408 4409/4409
f 4410/4410 4411/4411 4412/4412
f 4410/4410 4412/4412 4413/4413
f 4412/4412 4411/4411 4414/4414
f 4412/4412 4414/4414 4415/4415
f 4416/4416 4417/4417 4412/4412
f 4416/4416 4412/4412 4415/4415
f 4418/4418 4417/4417 4416/4416
f 4418/4418 4416/4416 4419/4419
f 4420/4420 4417/4417 4418/4418
f 4420/4420 4418/4418 4421/4421
f 4422/4422 4423/4423 4409/4409
f 4422/4422 4409/4409 4408/4408
f 4413/4413 4420/4420 4424/4424
f 4413/4413 4424/4424 4425/4425
f 4410/4410 4413/4413 4425/4425
f 4410/4410 4425/4425 4426/4426
f 4420/4420 4421/4421 4427/4427
f 4420/4420 4427/4427 4424/4424
f 4428/4428 4429/4429 4430/4430
f 4428/4428 4430/4430 4431/4431
f 4428/4428 4431/4431 4432/4432
f 4428/4428 4432/4432 4433/4433
f 4434/4434 4435/4435 4436/4436
f 4434/4434 4436/4436 4437/4437
f 4438/4438 4439/4439 4440/4440
f 4438/4438 4440/4440 4441/4441
f 4435/4435 4434/4434 4442/4442
f 4435/4435 4442/4442 4443/4443
f 4443/4443 4442/4442 4444/4444
f 4443/4443 4444/4444 4445/4445
f 4446/4446 4447/4447 4428/4428
f 4446/4446 4428/4428 4433/4433
f 4448/4448 4447/4447 4446/4446
f 4448/4448 4446/4446 4449/4449
f 4450/4450 4437/4437 4436/4436
f 4450/4450 4436/4436 4451/4451
f 4407/4407 4406/4406 4450/4450
f 4407/4407 4450/4450 4451/4451
f 4452/4452 4453/4453 4430/4430
f 4452/4452 4430/4430 4429/4429
f 4429/4429 4428/4428 4447/4447
f 4429/4429 4447/4447 4454/4454
f 4454/4454 4447/4447 4448/4448
f 4454/4454 4448/4448 4455/4455
f 4454/4454 4456/4456 4452/4452
f 4454/4454 4452/4452 4429/4429
f 4455/4455 4457/4457 4456/4456
f 4455/4455 4456/4456 4454/4454
f 4458/4458 4459/4459 4460/4460
f 4458/4458 4460/4460 4461/4461
f 4462/4462 4463/4463 4464/4464
f 4462/4462 4464/4464 4465/4465
f 4465/4465 4464/4464 4466/4466
f 4465/4465 4466/4466 4467/4467
f 4468/4468 4469/4469 4470/4470
f 4468/4468 4470/4470 4471/4471
f 4462/4462 4465/4465 4472/4472
f 4462/4462 4472/4472 4473/4473
f 4473/4473 4472/4472 4474/4474
f 4473/4473 4474/4474 4475/4475
f 4465/4465 4467/4467 4476/4476
f 4465/4465 4476/4476 4472/4472
f 4477/4477 4478/4478 4479/4479
f 4477/4477 4479/4479 4480/4480
f 4462/4462 4473/4473 4481/4481
f 4462/4462 4481/4481 4460/4460
f 4460/4460 4481/4481 4482/4482
f 4460/4460 4482/4482 4461/4461
f 4473/4473 4475/4475 4483/4483
f 4473/4473 4483/4483 4481/4481
f 4484/4484 4485/4485 4486/4486
f 4484/4484 4486/4486 4487/4487
f 4471/4471 4488/4488 4489/4489
f 4471/4471 4489/4489 4490/4490
f 4490/4490 4489/4489 4491/4491
f 4490/4490 4491/4491 4492/4492
f 4488/4488 4493/4493 4494/4494
f 4488/4488 4494/4494 4489/4489
f 4489/4489 4494/4494 4495/4495
f 4489/4489 4495/4495 4491/4491
f 4471/4471 4490/4490 4496/4496
f 4471/4471 4496/4496 4468/4468
f 4468/4468 4496/4496 4497/4497
f 4468/4468 4497/4497 4498/4498
f 4490/4490 4492/4492 4480/4480
f 4490/4490 4480/4480 4496/4496
f 4496/4496 4480/4480 4479/4479
f 4496/4496 4479/4479 4497/4497
f 4498/4498 4499/4499 4469/4469
f 4498/4498 4469/4469 4468/4468
f 4471/4471 4470/4470 4500/4500
f 4471/4471 4500/4500 4488/4488
f 4488/4488 4500/4500 4501/4501
f 4488/4488 4501/4501 4493/4493
f 4502/4502 4503/4503 4504/4504
f 4502/4502 4504/4504 4505/4505
f 4505/4505 4504/4504 4506/4506
f 4505/4505 4506/4506 4507/4507
f 4508/4508 4509/4509 4510/4510
f 4508/4508 4510/4510 4502/4502
f 4502/4502 4505/4505 4511/4511
f 4502/4502 4511/4511 4508/4508
f 4508/4508 4511/4511 4512/4512
f 4508/4508 4512/4512 4513/4513
f 4505/4505 4507/4507 4487/4487
f 4505/4505 4487/4487 4511/4511
f 4511/4511 4487/4487 4486/4486
f 4511/4511 4486/4486 4512/4512
f 4514/4514 4509/4509 4508/4508
f 4514/4514 4508/4508 4513/4513
f 4503/4503 4502/4502 4510/4510
f 4503/4503 4510/4510 4515/4515
f 4516/4516 4517/4517 4518/4518
f 4516/4516 4518/4518 4519/4519
f 4519/4519 4520/4520 4521/4521
f 4519/4519 4521/4521 4522/4522
f 4522/4522 4521/4521 4523/4523
f 4522/4522 4523/4523 4524/4524
f 4520/4520 4525/4525 4526/4526
f 4520/4520 4526/4526 4521/4521
f 4521/4521 4526/4526 4527/4527
f 4521/4521 4527/4527 4523/4523
f 4519/4519 4522/4522 4528/4528
f 4519/4519 4528/4528 4516/4516
f 4516/4516 4528/4528 4529/4529
f 4516/4516 4529/4529 4530/4530
f 4522/4522 4524/4524 4531/4531
f 4522/4522 4531/4531 4528/4528
f 4528/4528 4531/4531 4532/4532
f 4528/4528 4532/4532 4529/4529
f 4533/4533 4517/4517 4516/4516
f 4533/4533 4516/4516 4530/4530
f 4519/4519 4518/4518 4534/4534
f 4519/4519 4534/4534 4520/4520
f 4520/4520 4534/4534 4535/4535
f 4520/4520 4535/4535 4525/4525
f 4536/4536 4537/4537 4538/4538
f 4536/4536 4538/4538 4539/4539
f 4539/4539 4538/4538 4540/4540
f 4539/4539 4540/4540 4541/4541
f 4542/4542 4543/4543 4544/4544
f 4542/4542 4544/4544 4536/4536
f 4536/4536 4539/4539 4545/4545
f 4536/4536 4545/4545 4542/4542
f 4542/4542 4545/4545 4546/4546
f 4542/4542 4546/4546 4547/4547
f 4539/4539 4541/4541 4548/4548
f 4539/4539 4548/4548 4545/4545
f 4545/4545 4548/4548 4549/4549
f 4545/4545 4549/4549 4546/4546
f 4550/4550 4543/4543 4542/4542
f 4550/4550 4542/4542 4547/4547
f 4537/4537 4536/4536 4544/4544
f 4537/4537 4544/4544 4551/4551
f 4552/4552 4538/4538 4537/4537
f 4552/4552 4537/4537 4553/4553
f 4553/4553 4554/4554 4555/4555
f 4553/4553 4555/4555 4552/4552
f 4552/4552 4555/4555 4556/4556
f 4552/4552 4556/4556 4557/4557
f 4554/4554 4558/4558 4559/4559
f 4554/4554 4559/4559 4555/4555
f 4555/4555 4559/4559 4560/4560
f 4555/4555 4560/4560 4556/4556
f 4540/4540 4538/4538 4552/4552
f 4540/4540 4552/4552 4557/4557
f 4551/4551 4561/4561 4553/4553
f 4551/4551 4553/4553 4537/4537
f 4553/4553 4561/4561 4562/4562
f 4553/4553 4562/4562 4554/4554
f 4554/4554 4562/4562 4563/4563
f 4554/4554 4563/4563 4558/4558
f 4564/4564 4504/4504 4503/4503
f 4564/4564 4503/4503 4565/4565
f 4565/4565 4566/4566 4567/4567
f 4565/4565 4567/4567 4564/4564
f 4564/4564 4567/4567 4568/4568
f 4564/4564 4568/4568 4569/4569
f 4566/4566 4570/4570 4571/4571
f 4566/4566 4571/4571 4567/4567
f 4567/4567 4571/4571 4572/4572
f 4567/4567 4572/4572 4568/4568
f 4569/4569 4506/4506 4504/4504
f 4569/4569 4504/4504 4564/4564
f 4573/4573 4565/4565 4503/4503
f 4573/4573 4503/4503 4515/4515
f 4565/4565 4573/4573 4574/4574
f 4565/4565 4574/4574 4566/4566
f 4566/4566 4574/4574 4575/4575
f 4566/4566 4575/4575 4570/4570
f 4576/4576 4464/4464 4463/4463
f 4576/4576 4463/4463 4577/4577
f 4577/4577 4578/4578 4579/4579
f 4577/4577 4579/4579 4580/4580
f 4580/4580 4579/4579 4581/4581
f 4580/4580 4581/4581 4582/4582
f 4578/4578 4583/4583 4584/4584
f 4578/4578 4584/4584 4579/4579
f 4585/4585 4586/4586 4532/4532
f 4585/4585 4532/4532 4531/4531
f 4577/4577 4580/4580 4587/4587
f 4577/4577 4587/4587 4576/4576
f 4576/4576 4587/4587 4588/4588
f 4576/4576 4588/4588 4589/4589
f 4580/4580 4582/4582 4590/4590
f 4580/4580 4590/4590 4587/4587
f 4587/4587 4590/4590 4591/4591
f 4587/4587 4591/4591 4588/4588
f 4589/4589 4466/4466 4464/4464
f 4589/4589 4464/4464 4576/4576
f 4577/4577 4463/4463 4459/4459
f 4577/4577 4459/4459 4578/4578
f 4578/4578 4459/4459 4458/4458
f 4578/4578 4458/4458 4583/4583
f 4592/4592 4441/4441 4440/4440
f 4592/4592 4440/4440 4593/4593
f 4594/4594 4595/4595 4596/4596
f 4594/4594 4596/4596 4597/4597
f 4440/4440 4439/4439 4598/4598
f 4440/4440 4598/4598 4599/4599
f 4599/4599 4600/4600 4593/4593
f 4599/4599 4593/4593 4440/4440
f 4438/4438 4597/4597 4596/4596
f 4438/4438 4596/4596 4439/4439
f 4596/4596 4595/4595 4601/4601
f 4596/4596 4601/4601 4602/4602
f 4598/4598 4439/4439 4596/4596
f 4598/4598 4596/4596 4602/4602
f 4603/4603 4604/4604 4605/4605
f 4603/4603 4605/4605 4606/4606
f 4592/4592 4603/4603 4606/4606
f 4592/4592 4606/4606 4441/4441
f 4607/4607 4608/4608 4609/4609
f 4607/4607 4609/4609 4610/4610
f 4607/4607 4611/4611 4612/4612
f 4607/4607 4612/4612 4608/4608
f 4613/4613 4614/4614 4615/4615
f 4613/4613 4615/4615 4616/4616
f 4406/4406 4409/4409 4617/4617
f 4406/4406 4617/4617 4618/4618
f 4611/4611 4607/4607 4619/4619
f 4611/4611 4619/4619 4620/4620
f 4621/4621 4622/4622 4623/4623
f 4621/4621 4623/4623 4624/4624
f 4625/4625 4626/4626 4613/4613
f 4625/4625 4613/4613 4616/4616
f 4624/4624 4627/4627 4628/4628
f 4624/4624 4628/4628 4621/4621
f 4438/4438 4629/4629 4630/4630
f 4438/4438 4630/4630 4597/4597
f 4594/4594 4597/4597 4630/4630
f 4594/4594 4630/4630 4631/4631
f 4632/4632 4633/4633 4634/4634
f 4632/4632 4634/4634 4635/4635
f 4636/4636 4610/4610 4609/4609
f 4636/4636 4609/4609 4637/4637
f 4610/4610 4636/4636 4638/4638
f 4610/4610 4638/4638 4639/4639
f 4640/4640 4641/4641 4642/4642
f 4640/4640 4642/4642 4643/4643
f 4639/4639 4619/4619 4607/4607
f 4639/4639 4607/4607 4610/4610
f 4623/4623 4622/4622 4640/4640
f 4623/4623 4640/4640 4643/4643
f 4644/4644 4645/4645 4646/4646
f 4644/4644 4646/4646 4647/4647
f 4647/4647 4646/4646 4416/4416
f 4647/4647 4416/4416 4415/4415
f 4647/4647 4648/4648 4649/4649
f 4647/4647 4649/4649 4644/4644
f 4415/4415 4414/4414 4648/4648
f 4415/4415 4648/4648 4647/4647
f 4650/4650 4651/4651 4652/4652
f 4650/4650 4652/4652 4653/4653
f 4654/4654 4655/4655 4600/4600
f 4654/4654 4600/4600 4599/4599
f 4653/4653 4656/4656 4657/4657
f 4653/4653 4657/4657 4650/4650
f 4598/4598 4658/4658 4654/4654
f 4598/4598 4654/4654 4599/4599
f 4659/4659 4660/4660 4661/4661
f 4659/4659 4661/4661 4662/4662
f 4663/4663 4664/4664 4665/4665
f 4663/4663 4665/4665 4666/4666
f 4618/4618 4617/4617 4667/4667
f 4618/4618 4667/4667 4668/4668
f 4667/4667 4617/4617 4661/4661
f 4667/4667 4661/4661 4660/4660
f 4617/4617 4409/4409 4423/4423
f 4617/4617 4423/4423 4661/4661
f 4594/4594 4664/4664 4663/4663
f 4594/4594 4663/4663 4595/4595
f 4666/4666 4669/4669 4670/4670
f 4666/4666 4670/4670 4663/4663
f 4663/4663 4670/4670 4601/4601
f 4663/4663 4601/4601 4595/4595
f 4662/4662 4661/4661 4423/4423
f 4662/4662 4423/4423 4422/4422
f 4671/4671 4672/4672 4657/4657
f 4671/4671 4657/4657 4673/4673
f 4416/4416 4646/4646 4674/4674
f 4416/4416 4674/4674 4419/4419
f 4673/4673 4657/4657 4656/4656
f 4673/4673 4656/4656 4675/4675
f 4676/4676 4658/4658 4598/4598
f 4676/4676 4598/4598 4602/4602
f 4676/4676 4670/4670 4669/4669
f 4676/4676 4669/4669 4677/4677
f 4602/4602 4601/4601 4670/4670
f 4602/4602 4670/4670 4676/4676
f 4678/4678 4679/4679 4680/4680
f 4678/4678 4680/4680 4681/4681
f 4450/4450 4633/4633 4632/4632
f 4450/4450 4632/4632 4437/4437
f 4633/4633 4618/4618 4668/4668
f 4633/4633 4668/4668 4634/4634
f 4682/4682 4683/4683 4684/4684
f 4682/4682 4684/4684 4685/4685
f 4686/4686 4632/4632 4635/4635
f 4686/4686 4635/4635 4687/4687
f 4406/4406 4618/4618 4633/4633
f 4406/4406 4633/4633 4450/4450
f 4688/4688 4689/4689 4690/4690
f 4688/4688 4690/4690 4691/4691
f 4691/4691 4664/4664 4594/4594
f 4691/4691 4594/4594 4631/4631
f 4692/4692 4693/4693 4694/4694
f 4692/4692 4694/4694 4695/4695
f 4696/4696 4683/4683 4682/4682
f 4696/4696 4682/4682 4697/4697
f 4698/4698 4699/4699 4457/4457
f 4698/4698 4457/4457 4455/4455
f 4681/4681 4700/4700 4701/4701
f 4681/4681 4701/4701 4678/4678
f 4448/4448 4702/4702 4698/4698
f 4448/4448 4698/4698 4455/4455
f 4678/4678 4701/4701 4703/4703
f 4678/4678 4703/4703 4704/4704
f 4704/4704 4703/4703 4623/4623
f 4704/4704 4623/4623 4643/4643
f 4704/4704 4705/4705 4679/4679
f 4704/4704 4679/4679 4678/4678
f 4643/4643 4642/4642 4705/4705
f 4643/4643 4705/4705 4704/4704
f 4706/4706 4701/4701 4700/4700
f 4706/4706 4700/4700 4707/4707
f 4708/4708 4702/4702 4448/4448
f 4708/4708 4448/4448 4449/4449
f 4707/4707 4709/4709 4710/4710
f 4707/4707 4710/4710 4706/4706
f 4711/4711 4712/4712 4709/4709
f 4711/4711 4709/4709 4707/4707
f 4706/4706 4710/4710 4713/4713
f 4706/4706 4713/4713 4714/4714
f 4714/4714 4713/4713 4627/4627
f 4714/4714 4627/4627 4624/4624
f 4714/4714 4703/4703 4701/4701
f 4714/4714 4701/4701 4706/4706
f 4623/4623 4703/4703 4714/4714
f 4623/4623 4714/4714 4624/4624
f 4687/4687 4715/4715 4716/4716
f 4687/4687 4716/4716 4686/4686
f 4686/4686 4716/4716 4442/4442
f 4686/4686 4442/4442 4434/4434
f 4717/4717 4710/4710 4709/4709
f 4717/4717 4709/4709 4718/4718
f 4716/4716 4719/4719 4444/4444
f 4716/4716 4444/4444 4442/4442
f 4434/4434 4437/4437 4632/4632
f 4434/4434 4632/4632 4686/4686
f 4420/4420 4413/4413 4412/4412
f 4420/4420 4412/4412 4417/4417
f 4720/4720 4721/4721 4722/4722
f 4720/4720 4722/4722 4717/4717
f 4717/4717 4722/4722 4713/4713
f 4717/4717 4713/4713 4710/4710
f 4721/4721 4723/4723 4628/4628
f 4721/4721 4628/4628 4722/4722
f 4722/4722 4628/4628 4627/4627
f 4722/4722 4627/4627 4713/4713
f 4460/4460 4459/4459 4463/4463
f 4460/4460 4463/4463 4462/4462
f 4724/4724 4725/4725 4726/4726
f 4724/4724 4726/4726 4727/4727
f 4410/4410 4728/4728 4729/4729
f 4410/4410 4729/4729 4411/4411
f 4729/4729 4730/4730 4414/4414
f 4729/4729 4414/4414 4411/4411
f 4731/4731 4730/4730 4729/4729
f 4731/4731 4729/4729 4732/4732
f 4733/4733 4734/4734 4731/4731
f 4733/4733 4731/4731 4732/4732
f 4735/4735 4736/4736 4733/4733
f 4735/4735 4733/4733 4732/4732
f 4737/4737 4726/4726 4725/4725
f 4737/4737 4725/4725 4738/4738
f 4728/4728 4695/4695 4694/4694
f 4728/4728 4694/4694 4735/4735
f 4695/4695 4728/4728 4410/4410
f 4695/4695 4410/4410 4426/4426
f 4739/4739 4736/4736 4735/4735
f 4739/4739 4735/4735 4694/4694
f 4740/4740 4741/4741 4742/4742
f 4740/4740 4742/4742 4743/4743
f 4740/4740 4744/4744 4745/4745
f 4740/4740 4745/4745 4741/4741
f 4746/4746 4747/4747 4748/4748
f 4746/4746 4748/4748 4749/4749
f 4750/4750 4751/4751 4752/4752
f 4750/4750 4752/4752 4753/4753
f 4749/4749 4754/4754 4755/4755
f 4749/4749 4755/4755 4746/4746
f 4754/4754 4756/4756 4757/4757
f 4754/4754 4757/4757 4755/4755
f 4758/4758 4744/4744 4740/4740
f 4758/4758 4740/4740 4759/4759
f 4760/4760 4761/4761 4758/4758
f 4760/4760 4758/4758 4759/4759
f 4748/4748 4747/4747 4762/4762
f 4748/4748 4762/4762 4763/4763
f 4727/4727 4763/4763 4762/4762
f 4727/4727 4762/4762 4724/4724
f 4452/4452 4743/4743 4742/4742
f 4452/4452 4742/4742 4453/4453
f 4743/4743 4764/4764 4759/4759
f 4743/4743 4759/4759 4740/4740
f 4764/4764 4765/4765 4760/4760
f 4764/4764 4760/4760 4759/4759
f 4764/4764 4743/4743 4452/4452
f 4764/4764 4452/4452 4456/4456
f 4765/4765 4764/4764 4456/4456
f 4765/4765 4456/4456 4457/4457
f 4766/4766 4767/4767 4768/4768
f 4766/4766 4768/4768 4769/4769
f 4770/4770 4771/4771 4772/4772
f 4770/4770 4772/4772 4773/4773
f 4771/4771 4774/4774 4775/4775
f 4771/4771 4775/4775 4772/4772
f 4776/4776 4777/4777 4470/4470
f 4776/4776 4470/4470 4469/4469
f 4770/4770 4778/4778 4779/4779
f 4770/4770 4779/4779 4771/4771
f 4778/4778 4780/4780 4781/4781
f 4778/4778 4781/4781 4779/4779
f 4771/4771 4779/4779 4782/4782
f 4771/4771 4782/4782 4774/4774
f 4783/4783 4784/4784 4785/4785
f 4783/4783 4785/4785 4786/4786
f 4770/4770 4768/4768 4787/4787
f 4770/4770 4787/4787 4778/4778
f 4768/4768 4767/4767 4788/4788
f 4768/4768 4788/4788 4787/4787
f 4778/4778 4787/4787 4789/4789
f 4778/4778 4789/4789 4780/4780
f 4790/4790 4791/4791 4792/4792
f 4790/4790 4792/4792 4793/4793
f 4777/4777 4794/4794 4795/4795
f 4777/4777 4795/4795 4796/4796
f 4794/4794 4797/4797 4798/4798
f 4794/4794 4798/4798 4795/4795
f 4796/4796 4795/4795 4799/4799
f 4796/4796 4799/4799 4800/4800
f 4795/4795 4798/4798 4801/4801
f 4795/4795 4801/4801 4799/4799
f 4777/4777 4776/4776 4802/4802
f 4777/4777 4802/4802 4794/4794
f 4776/4776 4803/4803 4804/4804
f 4776/4776 4804/4804 4802/4802
f 4794/4794 4802/4802 4784/4784
f 4794/4794 4784/4784 4797/4797
f 4802/4802 4804/4804 4785/4785
f 4802/4802 4785/4785 4784/4784
f 4803/4803 4776/4776 4469/4469
f 4803/4803 4469/4469 4499/4499
f 4777/4777 4796/4796 4500/4500
f 4777/4777 4500/4500 4470/4470
f 4796/4796 4800/4800 4501/4501
f 4796/4796 4501/4501 4500/4500
f 4805/4805 4806/4806 4807/4807
f 4805/4805 4807/4807 4808/4808
f 4806/4806 4809/4809 4810/4810
f 4806/4806 4810/4810 4807/4807
f 4811/4811 4805/4805 4510/4510
f 4811/4811 4510/4510 4509/4509
f 4805/4805 4811/4811 4812/4812
f 4805/4805 4812/4812 4806/4806
f 4811/4811 4813/4813 4814/4814
f 4811/4811 4814/4814 4812/4812
f 4806/4806 4812/4812 4791/4791
f 4806/4806 4791/4791 4809/4809
f 4812/4812 4814/4814 4792/4792
f 4812/4812 4792/4792 4791/4791
f 4514/4514 4813/4813 4811/4811
f 4514/4514 4811/4811 4509/4509
f 4808/4808 4515/4515 4510/4510
f 4808/4808 4510/4510 4805/4805
f 4815/4815 4816/4816 4518/4518
f 4815/4815 4518/4518 4517/4517
f 4816/4816 4817/4817 4818/4818
f 4816/4816 4818/4818 4819/4819
f 4817/4817 4820/4820 4821/4821
f 4817/4817 4821/4821 4818/4818
f 4819/4819 4818/4818 4822/4822
f 4819/4819 4822/4822 4823/4823
f 4818/4818 4821/4821 4824/4824
f 4818/4818 4824/4824 4822/4822
f 4816/4816 4815/4815 4825/4825
f 4816/4816 4825/4825 4817/4817
f 4815/4815 4826/4826 4827/4827
f 4815/4815 4827/4827 4825/4825
f 4817/4817 4825/4825 4828/4828
f 4817/4817 4828/4828 4820/4820
f 4825/4825 4827/4827 4829/4829
f 4825/4825 4829/4829 4828/4828
f 4533/4533 4826/4826 4815/4815
f 4533/4533 4815/4815 4517/4517
f 4816/4816 4819/4819 4534/4534
f 4816/4816 4534/4534 4518/4518
f 4819/4819 4823/4823 4535/4535
f 4819/4819 4535/4535 4534/4534
f 4830/4830 4831/4831 4832/4832
f 4830/4830 4832/4832 4833/4833
f 4831/4831 4834/4834 4835/4835
f 4831/4831 4835/4835 4832/4832
f 4836/4836 4830/4830 4544/4544
f 4836/4836 4544/4544 4543/4543
f 4830/4830 4836/4836 4837/4837
f 4830/4830 4837/4837 4831/4831
f 4836/4836 4838/4838 4839/4839
f 4836/4836 4839/4839 4837/4837
f 4831/4831 4837/4837 4840/4840
f 4831/4831 4840/4840 4834/4834
f 4837/4837 4839/4839 4841/4841
f 4837/4837 4841/4841 4840/4840
f 4550/4550 4838/4838 4836/4836
f 4550/4550 4836/4836 4543/4543
f 4833/4833 4551/4551 4544/4544
f 4833/4833 4544/4544 4830/4830
f 4842/4842 4843/4843 4833/4833
f 4842/4842 4833/4833 4832/4832
f 4843/4843 4842/4842 4844/4844
f 4843/4843 4844/4844 4845/4845
f 4842/4842 4846/4846 4847/4847
f 4842/4842 4847/4847 4844/4844
f 4845/4845 4844/4844 4848/4848
f 4845/4845 4848/4848 4849/4849
f 4844/4844 4847/4847 4850/4850
f 4844/4844 4850/4850 4848/4848
f 4835/4835 4846/4846 4842/4842
f 4835/4835 4842/4842 4832/4832
f 4551/4551 4833/4833 4843/4843
f 4551/4551 4843/4843 4561/4561
f 4843/4843 4845/4845 4562/4562
f 4843/4843 4562/4562 4561/4561
f 4845/4845 4849/4849 4563/4563
f 4845/4845 4563/4563 4562/4562
f 4851/4851 4852/4852 4808/4808
f 4851/4851 4808/4808 4807/4807
f 4852/4852 4851/4851 4853/4853
f 4852/4852 4853/4853 4854/4854
f 4851/4851 4855/4855 4856/4856
f 4851/4851 4856/4856 4853/4853
f 4854/4854 4853/4853 4857/4857
f 4854/4854 4857/4857 4858/4858
f 4853/4853 4856/4856 4859/4859
f 4853/4853 4859/4859 4857/4857
f 4855/4855 4851/4851 4807/4807
f 4855/4855 4807/4807 4810/4810
f 4573/4573 4515/4515 4808/4808
f 4573/4573 4808/4808 4852/4852
f 4852/4852 4854/4854 4574/4574
f 4852/4852 4574/4574 4573/4573
f 4854/4854 4858/4858 4575/4575
f 4854/4854 4575/4575 4574/4574
f 4860/4860 4861/4861 4773/4773
f 4860/4860 4773/4773 4772/4772
f 4861/4861 4862/4862 4863/4863
f 4861/4861 4863/4863 4864/4864
f 4862/4862 4865/4865 4866/4866
f 4862/4862 4866/4866 4863/4863
f 4864/4864 4863/4863 4867/4867
f 4864/4864 4867/4867 4868/4868
f 4869/4869 4828/4828 4829/4829
f 4869/4869 4829/4829 4870/4870
f 4861/4861 4860/4860 4871/4871
f 4861/4861 4871/4871 4862/4862
f 4860/4860 4872/4872 4873/4873
f 4860/4860 4873/4873 4871/4871
f 4862/4862 4871/4871 4874/4874
f 4862/4862 4874/4874 4865/4865
f 4871/4871 4873/4873 4875/4875
f 4871/4871 4875/4875 4874/4874
f 4872/4872 4860/4860 4772/4772
f 4872/4872 4772/4772 4775/4775
f 4861/4861 4864/4864 4769/4769
f 4861/4861 4769/4769 4773/4773
f 4864/4864 4868/4868 4766/4766
f 4864/4864 4766/4766 4769/4769
f 4592/4592 4593/4593 4752/4752
f 4592/4592 4752/4752 4751/4751
f 4876/4876 4877/4877 4878/4878
f 4876/4876 4878/4878 4879/4879
f 4752/4752 4880/4880 4881/4881
f 4752/4752 4881/4881 4753/4753
f 4880/4880 4752/4752 4593/4593
f 4880/4880 4593/4593 4600/4600
f 4750/4750 4753/4753 4878/4878
f 4750/4750 4878/4878 4877/4877
f 4878/4878 4882/4882 4883/4883
f 4878/4878 4883/4883 4879/4879
f 4881/4881 4882/4882 4878/4878
f 4881/4881 4878/4878 4753/4753
f 4884/4884 4604/4604 4603/4603
f 4884/4884 4603/4603 4885/4885
f 4592/4592 4751/4751 4885/4885
f 4592/4592 4885/4885 4603/4603
f 4886/4886 4887/4887 4888/4888
f 4886/4886 4888/4888 4889/4889
f 4886/4886 4889/4889 4890/4890
f 4886/4886 4890/4890 4891/4891
f 4892/4892 4893/4893 4894/4894
f 4892/4892 4894/4894 4895/4895
f 4724/4724 4896/4896 4897/4897
f 4724/4724 4897/4897 4725/4725
f 4891/4891 4898/4898 4899/4899
f 4891/4891 4899/4899 4886/4886
f 4900/4900 4901/4901 4902/4902
f 4900/4900 4902/4902 4903/4903
f 4904/4904 4893/4893 4892/4892
f 4904/4904 4892/4892 4905/4905
f 4901/4901 4900/4900 4906/4906
f 4901/4901 4906/4906 4907/4907
f 4750/4750 4877/4877 4908/4908
f 4750/4750 4908/4908 4909/4909
f 4908/4908 4877/4877 4876/4876
f 4908/4908 4876/4876 4910/4910
f 4911/4911 4912/4912 4913/4913
f 4911/4911 4913/4913 4914/4914
f 4636/4636 4637/4637 4888/4888
f 4636/4636 4888/4888 4887/4887
f 4887/4887 4915/4915 4638/4638
f 4887/4887 4638/4638 4636/4636
f 4916/4916 4917/4917 4642/4642
f 4916/4916 4642/4642 4641/4641
f 4915/4915 4887/4887 4886/4886
f 4915/4915 4886/4886 4899/4899
f 4902/4902 4917/4917 4916/4916
f 4902/4902 4916/4916 4903/4903
f 4918/4918 4919/4919 4920/4920
f 4918/4918 4920/4920 4921/4921
f 4919/4919 4730/4730 4731/4731
f 4919/4919 4731/4731 4920/4920
f 4919/4919 4918/4918 4649/4649
f 4919/4919 4649/4649 4648/4648
f 4730/4730 4919/4919 4648/4648
f 4730/4730 4648/4648 4414/4414
f 4922/4922 4923/4923 4652/4652
f 4922/4922 4652/4652 4651/4651
f 4924/4924 4880/4880 4600/4600
f 4924/4924 4600/4600 4655/4655
f 4923/4923 4922/4922 4925/4925
f 4923/4923 4925/4925 4926/4926
f 4881/4881 4880/4880 4924/4924
f 4881/4881 4924/4924 4927/4927
f 4928/4928 4929/4929 4930/4930
f 4928/4928 4930/4930 4931/4931
f 4932/4932 4933/4933 4934/4934
f 4932/4932 4934/4934 4935/4935
f 4896/4896 4936/4936 4937/4937
f 4896/4896 4937/4937 4897/4897
f 4937/4937 4931/4931 4930/4930
f 4937/4937 4930/4930 4897/4897
f 4897/4897 4930/4930 4738/4738
f 4897/4897 4738/4738 4725/4725
f 4876/4876 4879/4879 4932/4932
f 4876/4876 4932/4932 4935/4935
f 4933/4933 4932/4932 4938/4938
f 4933/4933 4938/4938 4939/4939
f 4932/4932 4879/4879 4883/4883
f 4932/4932 4883/4883 4938/4938
f 4929/4929 4737/4737 4738/4738
f 4929/4929 4738/4738 4930/4930
f 4940/4940 4941/4941 4925/4925
f 4940/4940 4925/4925 4942/4942
f 4731/4731 4734/4734 4943/4943
f 4731/4731 4943/4943 4920/4920
f 4941/4941 4944/4944 4926/4926
f 4941/4941 4926/4926 4925/4925
f 4945/4945 4882/4882 4881/4881
f 4945/4945 4881/4881 4927/4927
f 4945/4945 4946/4946 4939/4939
f 4945/4945 4939/4939 4938/4938
f 4882/4882 4945/4945 4938/4938
f 4882/4882 4938/4938 4883/4883
f 4947/4947 4948/4948 4680/4680
f 4947/4947 4680/4680 4679/4679
f 4914/4914 4913/4913 4762/4762
f 4914/4914 4762/4762 4747/4747
f 4912/4912 4936/4936 4896/4896
f 4912/4912 4896/4896 4913/4913
f 4949/4949 4950/4950 4951/4951
f 4949/4949 4951/4951 4952/4952
f 4953/4953 4954/4954 4911/4911
f 4953/4953 4911/4911 4914/4914
f 4913/4913 4896/4896 4724/4724
f 4913/4913 4724/4724 4762/4762
f 4955/4955 4956/4956 4957/4957
f 4955/4955 4957/4957 4958/4958
f 4876/4876 4935/4935 4957/4957
f 4876/4876 4957/4957 4910/4910
f 4959/4959 4960/4960 4949/4949
f 4959/4959 4949/4949 4952/4952
f 4961/4961 4765/4765 4457/4457
f 4961/4961 4457/4457 4699/4699
f 4948/4948 4947/4947 4962/4962
f 4948/4948 4962/4962 4963/4963
f 4760/4760 4765/4765 4961/4961
f 4760/4760 4961/4961 4964/4964
f 4947/4947 4965/4965 4966/4966
f 4947/4947 4966/4966 4962/4962
f 4965/4965 4917/4917 4902/4902
f 4965/4965 4902/4902 4966/4966
f 4965/4965 4947/4947 4679/4679
f 4965/4965 4679/4679 4705/4705
f 4917/4917 4965/4965 4705/4705
f 4917/4917 4705/4705 4642/4642
f 4967/4967 4968/4968 4963/4963
f 4967/4967 4963/4963 4962/4962
f 4969/4969 4761/4761 4760/4760
f 4969/4969 4760/4760 4964/4964
f 4968/4968 4967/4967 4970/4970
f 4968/4968 4970/4970 4971/4971
f 4972/4972 4968/4968 4971/4971
f 4972/4972 4971/4971 4973/4973
f 4967/4967 4974/4974 4975/4975
f 4967/4967 4975/4975 4970/4970
f 4974/4974 4901/4901 4907/4907
f 4974/4974 4907/4907 4975/4975
f 4974/4974 4967/4967 4962/4962
f 4974/4974 4962/4962 4966/4966
f 4902/4902 4901/4901 4974/4974
f 4902/4902 4974/4974 4966/4966
f 4954/4954 4953/4953 4976/4976
f 4954/4954 4976/4976 4977/4977
f 4953/4953 4746/4746 4755/4755
f 4953/4953 4755/4755 4976/4976
f 4978/4978 4979/4979 4971/4971
f 4978/4978 4971/4971 4970/4970
f 4976/4976 4755/4755 4757/4757
f 4976/4976 4757/4757 4980/4980
f 4746/4746 4953/4953 4914/4914
f 4746/4746 4914/4914 4747/4747
f 4735/4735 4732/4732 4729/4729
f 4735/4735 4729/4729 4728/4728
f 4981/4981 4978/4978 4982/4982
f 4981/4981 4982/4982 4983/4983
f 4978/4978 4970/4970 4975/4975
f 4978/4978 4975/4975 4982/4982
f 4983/4983 4982/4982 4906/4906
f 4983/4983 4906/4906 4984/4984
f 4982/4982 4975/4975 4907/4907
f 4982/4982 4907/4907 4906/4906
f 4768/4768 4770/4770 4773/4773
f 4768/4768 4773/4773 4769/4769
f 4957/4957 4935/4935 4934/4934
f 4957/4957 4934/4934 4958/4958
f 4956/4956 4985/4985 4910/4910
f 4956/4956 4910/4910 4957/4957
f 4894/4894 4986/4986 4987/4987
f 4894/4894 4987/4987 4895/4895
f 4884/4884 4885/4885 4909/4909
f 4884/4884 4909/4909 4988/4988
f 4989/4989 4988/4988 4909/4909
f 4989/4989 4909/4909 4908/4908
f 4990/4990 4739/4739 4694/4694
f 4990/4990 4694/4694 4693/4693
f 4885/4885 4751/4751 4750/4750
f 4885/4885 4750/4750 4909/4909
f 4692/4692 4695/4695 4426/4426
f 4692/4692 4426/4426 4991/4991
f 4690/4690 4665/4665 4664/4664
f 4690/4690 4664/4664 4691/4691
f 4631/4631 4992/4992 4688/4688
f 4631/4631 4688/4688 4691/4691
f 4993/4993 4994/4994 4615/4615
f 4993/4993 4615/4615 4614/4614
f 4605/4605 4995/4995 4629/4629
f 4605/4605 4629/4629 4606/4606
f 4629/4629 4995/4995 4996/4996
f 4629/4629 4996/4996 4630/4630
f 4997/4997 4998/4998 4424/4424
f 4997/4997 4424/4424 4427/4427
f 4438/4438 4441/4441 4606/4606
f 4438/4438 4606/4606 4629/4629
f 4426/4426 4425/4425 4999/4999
f 4426/4426 4999/4999 4991/4991
f 4424/4424 4998/4998 4999/4999
f 4424/4424 4999/4999 4425/4425
f 3032/3032 5000/5000 5001/5001
f 3032/3032 5001/5001 3033/3033
f 5002/5002 5003/5003 5004/5004
f 5002/5002 5004/5004 5005/5005
f 5006/5006 5002/5002 5005/5005
f 5006/5006 5005/5005 5007/5007
f 5003/5003 5008/5008 5009/5009
f 5003/5003 5009/5009 5004/5004
f 3033/3033 5001/5001 5010/5010
f 3033/3033 5010/5010 3035/3035
f 5005/5005 5004/5004 5011/5011
f 5005/5005 5011/5011 5012/5012
f 5007/5007 5005/5005 5012/5012
f 5007/5007 5012/5012 5013/5013
f 5004/5004 5009/5009 5014/5014
f 5004/5004 5014/5014 5011/5011
f 3035/3035 5010/5010 5015/5015
f 3035/3035 5015/5015 3037/3037
f 5012/5012 5011/5011 5016/5016
f 5012/5012 5016/5016 5017/5017
f 5018/5018 5019/5019 5020/5020
f 5018/5018 5020/5020 5021/5021
f 5022/5022 3034/3034 3036/3036
f 5022/5022 3036/3036 5023/5023
f 5024/5024 5025/5025 5026/5026
f 5024/5024 5026/5026 5027/5027
f 5028/5028 5029/5029 5030/5030
f 5028/5028 5030/5030 5031/5031
f 5027/5027 5026/5026 5029/5029
f 5027/5027 5029/5029 5028/5028
f 5032/5032 5033/5033 3039/3039
f 5032/5032 3039/3039 3038/3038
f 5025/5025 5034/5034 5035/5035
f 5025/5025 5035/5035 5026/5026
f 5029/5029 5036/5036 5037/5037
f 5029/5029 5037/5037 5030/5030
f 5026/5026 5035/5035 5036/5036
f 5026/5026 5036/5036 5029/5029
f 5033/5033 5038/5038 3042/3042
f 5033/5033 3042/3042 3039/3039
f 3043/3043 3037/3037 5015/5015
f 3043/3043 5015/5015 5039/5039
f 5036/5036 5020/5020 5040/5040
f 5036/5036 5040/5040 5037/5037
f 5035/5035 5021/5021 5020/5020
f 5035/5035 5020/5020 5036/5036
f 5038/5038 5023/5023 3036/3036
f 5038/5038 3036/3036 3042/3042
f 5041/5041 5042/5042 5043/5043
f 5041/5041 5043/5043 5044/5044
f 5045/5045 5046/5046 5047/5047
f 5045/5045 5047/5047 5048/5048
f 5049/5049 5050/5050 5051/5051
f 5049/5049 5051/5051 5052/5052
f 5053/5053 5054/5054 5055/5055
f 5053/5053 5055/5055 5056/5056
f 5042/5042 5057/5057 5058/5058
f 5042/5042 5058/5058 5043/5043
f 5046/5046 5059/5059 5060/5060
f 5046/5046 5060/5060 5047/5047
f 5054/5054 5061/5061 5062/5062
f 5054/5054 5062/5062 5055/5055
f 5057/5057 5063/5063 5064/5064
f 5057/5057 5064/5064 5058/5058
f 5059/5059 5065/5065 5066/5066
f 5059/5059 5066/5066 5060/5060
f 5061/5061 5067/5067 5068/5068
f 5061/5061 5068/5068 5062/5062
f 5069/5069 5049/5049 5052/5052
f 5069/5069 5052/5052 5070/5070
f 5050/5050 5071/5071 5072/5072
f 5050/5050 5072/5072 5051/5051
f 5073/5073 5074/5074 5075/5075
f 5073/5073 5075/5075 5076/5076
f 5077/5077 5078/5078 5065/5065
f 5077/5077 5065/5065 5059/5059
f 5079/5079 5080/5080 5081/5081
f 5079/5079 5081/5081 5082/5082
f 5083/5083 5084/5084 5085/5085
f 5083/5083 5085/5085 5086/5086
f 5087/5087 5088/5088 5089/5089
f 5087/5087 5089/5089 5090/5090
f 5091/5091 5092/5092 5093/5093
f 5091/5091 5093/5093 5094/5094
f 5084/5084 5095/5095 5096/5096
f 5084/5084 5096/5096 5085/5085
f 5088/5088 5097/5097 5098/5098
f 5088/5088 5098/5098 5089/5089
f 5092/5092 5073/5073 5076/5076
f 5092/5092 5076/5076 5093/5093
f 5099/5099 5100/5100 5078/5078
f 5099/5099 5078/5078 5077/5077
f 5101/5101 5079/5079 5082/5082
f 5101/5101 5082/5082 5102/5102
f 5097/5097 5103/5103 5104/5104
f 5097/5097 5104/5104 5098/5098
f 5105/5105 5106/5106 5100/5100
f 5105/5105 5100/5100 5099/5099
f 5107/5107 5108/5108 5067/5067
f 5107/5107 5067/5067 5061/5061
f 5109/5109 5110/5110 5108/5108
f 5109/5109 5108/5108 5107/5107
f 5111/5111 5112/5112 5110/5110
f 5111/5111 5110/5110 5109/5109
f 5113/5113 5114/5114 5049/5049
f 5113/5113 5049/5049 5069/5069
f 5115/5115 5116/5116 5114/5114
f 5115/5115 5114/5114 5113/5113
f 5117/5117 5118/5118 5116/5116
f 5117/5117 5116/5116 5115/5115
f 5119/5119 5120/5120 5071/5071
f 5119/5119 5071/5071 5050/5050
f 5121/5121 5101/5101 5102/5102
f 5121/5121 5102/5102 5122/5122
f 5123/5123 5124/5124 5120/5120
f 5123/5123 5120/5120 5119/5119
f 5125/5125 5126/5126 5124/5124
f 5125/5125 5124/5124 5123/5123
f 5127/5127 5095/5095 5128/5128
f 5127/5127 5128/5128 5129/5129
f 5130/5130 5131/5131 5132/5132
f 5130/5130 5132/5132 5133/5133
f 5101/5101 5121/5121 5134/5134
f 5101/5101 5134/5134 5135/5135
f 5136/5136 5130/5130 5133/5133
f 5136/5136 5133/5133 5137/5137
f 5079/5079 5101/5101 5135/5135
f 5079/5079 5135/5135 5138/5138
f 5139/5139 5136/5136 5137/5137
f 5139/5139 5137/5137 5140/5140
f 5080/5080 5079/5079 5138/5138
f 5080/5080 5138/5138 5141/5141
f 5142/5142 5139/5139 5140/5140
f 5142/5142 5140/5140 5143/5143
f 5092/5092 5091/5091 5144/5144
f 5092/5092 5144/5144 5145/5145
f 5146/5146 5142/5142 5143/5143
f 5146/5146 5143/5143 5147/5147
f 5073/5073 5092/5092 5145/5145
f 5073/5073 5145/5145 5148/5148
f 5149/5149 5146/5146 5147/5147
f 5149/5149 5147/5147 5150/5150
f 5074/5074 5073/5073 5148/5148
f 5074/5074 5148/5148 5151/5151
f 5152/5152 5149/5149 5150/5150
f 5152/5152 5150/5150 5153/5153
f 5088/5088 5087/5087 5154/5154
f 5088/5088 5154/5154 5155/5155
f 5156/5156 5152/5152 5153/5153
f 5156/5156 5153/5153 5157/5157
f 5097/5097 5088/5088 5155/5155
f 5097/5097 5155/5155 5158/5158
f 5159/5159 5156/5156 5157/5157
f 5159/5159 5157/5157 5160/5160
f 5103/5103 5097/5097 5158/5158
f 5103/5103 5158/5158 5161/5161
f 5162/5162 5159/5159 5160/5160
f 5162/5162 5160/5160 5163/5163
f 5084/5084 5083/5083 5164/5164
f 5084/5084 5164/5164 5165/5165
f 5166/5166 5162/5162 5163/5163
f 5166/5166 5163/5163 5167/5167
f 5095/5095 5084/5084 5165/5165
f 5095/5095 5165/5165 5128/5128
f 5131/5131 5166/5166 5167/5167
f 5131/5131 5167/5167 5132/5132
f 5168/5168 5169/5169 5170/5170
f 5168/5168 5170/5170 5171/5171
f 5172/5172 5173/5173 5096/5096
f 5172/5172 5096/5096 5174/5174
f 5175/5175 5168/5168 5171/5171
f 5175/5175 5171/5171 5176/5176
f 5177/5177 5178/5178 5122/5122
f 5177/5177 5122/5122 5102/5102
f 5179/5179 5175/5175 5176/5176
f 5179/5179 5176/5176 5180/5180
f 5181/5181 5177/5177 5102/5102
f 5181/5181 5102/5102 5082/5082
f 5182/5182 5179/5179 5180/5180
f 5182/5182 5180/5180 5183/5183
f 5184/5184 5181/5181 5082/5082
f 5184/5184 5082/5082 5081/5081
f 5185/5185 5182/5182 5183/5183
f 5185/5185 5183/5183 5186/5186
f 5187/5187 5188/5188 5094/5094
f 5187/5187 5094/5094 5093/5093
f 5189/5189 5185/5185 5186/5186
f 5189/5189 5186/5186 5190/5190
f 5191/5191 5187/5187 5093/5093
f 5191/5191 5093/5093 5076/5076
f 5192/5192 5189/5189 5190/5190
f 5192/5192 5190/5190 5193/5193
f 5194/5194 5191/5191 5076/5076
f 5194/5194 5076/5076 5075/5075
f 5195/5195 5192/5192 5193/5193
f 5195/5195 5193/5193 5196/5196
f 5197/5197 5198/5198 5090/5090
f 5197/5197 5090/5090 5089/5089
f 5199/5199 5195/5195 5196/5196
f 5199/5199 5196/5196 5200/5200
f 5201/5201 5197/5197 5089/5089
f 5201/5201 5089/5089 5098/5098
f 5202/5202 5199/5199 5200/5200
f 5202/5202 5200/5200 5203/5203
f 5204/5204 5201/5201 5098/5098
f 5204/5204 5098/5098 5104/5104
f 5205/5205 5202/5202 5203/5203
f 5205/5205 5203/5203 5206/5206
f 5207/5207 5208/5208 5086/5086
f 5207/5207 5086/5086 5085/5085
f 5169/5169 5205/5205 5206/5206
f 5169/5169 5206/5206 5170/5170
f 5173/5173 5207/5207 5085/5085
f 5173/5173 5085/5085 5096/5096
f 5095/5095 5127/5127 5174/5174
f 5095/5095 5174/5174 5096/5096
f 5209/5209 5210/5210 5211/5211
f 5209/5209 5211/5211 5212/5212
f 5212/5212 5211/5211 5213/5213
f 5212/5212 5213/5213 5214/5214
f 5214/5214 5213/5213 5063/5063
f 5214/5214 5063/5063 5057/5057
f 5215/5215 5111/5111 5109/5109
f 5215/5215 5109/5109 5216/5216
f 5216/5216 5109/5109 5107/5107
f 5216/5216 5107/5107 5217/5217
f 5217/5217 5107/5107 5061/5061
f 5217/5217 5061/5061 5054/5054
f 5218/5218 5105/5105 5099/5099
f 5218/5218 5099/5099 5219/5219
f 5219/5219 5099/5099 5077/5077
f 5219/5219 5077/5077 5220/5220
f 5220/5220 5077/5077 5059/5059
f 5220/5220 5059/5059 5046/5046
f 5221/5221 5209/5209 5212/5212
f 5221/5221 5212/5212 5222/5222
f 5222/5222 5212/5212 5214/5214
f 5222/5222 5214/5214 5223/5223
f 5223/5223 5214/5214 5057/5057
f 5223/5223 5057/5057 5042/5042
f 5224/5224 5215/5215 5216/5216
f 5224/5224 5216/5216 5225/5225
f 5225/5225 5216/5216 5217/5217
f 5225/5225 5217/5217 5226/5226
f 5226/5226 5217/5217 5054/5054
f 5226/5226 5054/5054 5053/5053
f 5118/5118 5125/5125 5123/5123
f 5118/5118 5123/5123 5116/5116
f 5116/5116 5123/5123 5119/5119
f 5116/5116 5119/5119 5114/5114
f 5114/5114 5119/5119 5050/5050
f 5114/5114 5050/5050 5049/5049
f 5227/5227 5218/5218 5219/5219
f 5227/5227 5219/5219 5228/5228
f 5228/5228 5219/5219 5220/5220
f 5228/5228 5220/5220 5229/5229
f 5229/5229 5220/5220 5046/5046
f 5229/5229 5046/5046 5045/5045
f 5230/5230 5221/5221 5222/5222
f 5230/5230 5222/5222 5231/5231
f 5231/5231 5222/5222 5223/5223
f 5231/5231 5223/5223 5232/5232
f 5232/5232 5223/5223 5042/5042
f 5232/5232 5042/5042 5041/5041
f 3046/3046 3045/3045 5233/5233
f 3046/3046 5233/5233 5234/5234
f 5234/5234 5233/5233 5235/5235
f 5234/5234 5235/5235 5236/5236
f 5237/5237 5238/5238 5236/5236
f 5237/5237 5236/5236 5235/5235
f 3049/3049 3048/3048 5238/5238
f 3049/3049 5238/5238 5237/5237
f 5239/5239 5240/5240 5241/5241
f 5239/5239 5241/5241 5242/5242
f 5243/5243 5244/5244 5245/5245
f 5243/5243 5245/5245 5246/5246
f 5247/5247 5248/5248 5249/5249
f 5247/5247 5249/5249 5250/5250
f 5240/5240 5251/5251 5252/5252
f 5240/5240 5252/5252 5241/5241
f 5253/5253 5254/5254 5255/5255
f 5253/5253 5255/5255 5256/5256
f 5257/5257 5258/5258 5259/5259
f 5257/5257 5259/5259 5260/5260
f 5248/5248 5261/5261 5262/5262
f 5248/5248 5262/5262 5249/5249
f 5251/5251 5263/5263 5264/5264
f 5251/5251 5264/5264 5252/5252
f 5254/5254 5257/5257 5260/5260
f 5254/5254 5260/5260 5255/5255
f 5265/5265 5239/5239 5242/5242
f 5265/5265 5242/5242 5266/5266
f 5267/5267 5243/5243 5246/5246
f 5267/5267 5246/5246 5268/5268
f 5269/5269 5247/5247 5250/5250
f 5269/5269 5250/5250 5270/5270
f 5271/5271 5272/5272 5273/5273
f 5271/5271 5273/5273 5274/5274
f 5275/5275 5276/5276 5277/5277
f 5275/5275 5277/5277 5278/5278
f 5279/5279 5280/5280 5281/5281
f 5279/5279 5281/5281 5282/5282
f 5283/5283 5284/5284 5285/5285
f 5283/5283 5285/5285 5286/5286
f 5287/5287 5288/5288 5289/5289
f 5287/5287 5289/5289 5290/5290
f 5291/5291 5271/5271 5274/5274
f 5291/5291 5274/5274 5292/5292
f 5284/5284 5291/5291 5292/5292
f 5284/5284 5292/5292 5285/5285
f 5280/5280 5293/5293 5294/5294
f 5280/5280 5294/5294 5281/5281
f 5288/5288 5295/5295 5296/5296
f 5288/5288 5296/5296 5289/5289
f 5297/5297 5279/5279 5282/5282
f 5297/5297 5282/5282 5298/5298
f 5276/5276 5299/5299 5300/5300
f 5276/5276 5300/5300 5277/5277
f 5301/5301 5275/5275 5278/5278
f 5301/5301 5278/5278 5302/5302
f 5303/5303 5304/5304 5305/5305
f 5303/5303 5305/5305 5306/5306
f 5307/5307 5308/5308 5309/5309
f 5307/5307 5309/5309 5310/5310
f 5311/5311 5312/5312 5313/5313
f 5311/5311 5313/5313 5314/5314
f 5315/5315 5316/5316 5304/5304
f 5315/5315 5304/5304 5303/5303
f 5317/5317 5318/5318 5308/5308
f 5317/5317 5308/5308 5307/5307
f 5319/5319 5320/5320 5321/5321
f 5319/5319 5321/5321 5322/5322
f 5323/5323 5324/5324 5325/5325
f 5323/5323 5325/5325 5326/5326
f 5327/5327 5328/5328 5316/5316
f 5327/5327 5316/5316 5315/5315
f 5329/5329 5330/5330 5318/5318
f 5329/5329 5318/5318 5317/5317
f 5326/5326 5325/5325 5320/5320
f 5326/5326 5320/5320 5319/5319
f 5310/5310 5309/5309 5331/5331
f 5310/5310 5331/5331 5332/5332
f 5314/5314 5313/5313 5333/5333
f 5314/5314 5333/5333 5334/5334
f 5335/5335 5336/5336 5337/5337
f 5335/5335 5337/5337 5338/5338
f 5339/5339 5340/5340 5341/5341
f 5339/5339 5341/5341 5342/5342
f 5343/5343 5344/5344 5345/5345
f 5343/5343 5345/5345 5346/5346
f 5347/5347 5348/5348 5349/5349
f 5347/5347 5349/5349 5350/5350
f 5351/5351 5352/5352 5336/5336
f 5351/5351 5336/5336 5335/5335
f 5346/5346 5345/5345 5353/5353
f 5346/5346 5353/5353 5354/5354
f 5355/5355 5356/5356 5357/5357
f 5355/5355 5357/5357 5358/5358
f 5359/5359 5360/5360 5348/5348
f 5359/5359 5348/5348 5347/5347
f 5361/5361 5362/5362 5363/5363
f 5361/5361 5363/5363 5364/5364
f 5338/5338 5337/5337 5356/5356
f 5338/5338 5356/5356 5355/5355
f 5342/5342 5341/5341 5360/5360
f 5342/5342 5360/5360 5359/5359
f 5365/5365 5366/5366 5362/5362
f 5365/5365 5362/5362 5361/5361
f 5367/5367 5368/5368 5369/5369
f 5367/5367 5369/5369 5370/5370
f 5371/5371 5372/5372 5373/5373
f 5371/5371 5373/5373 5374/5374
f 5375/5375 5376/5376 5377/5377
f 5375/5375 5377/5377 5378/5378
f 5379/5379 5380/5380 5381/5381
f 5379/5379 5381/5381 5382/5382
f 5383/5383 5384/5384 5385/5385
f 5383/5383 5385/5385 5386/5386
f 5387/5387 5388/5388 5372/5372
f 5387/5387 5372/5372 5371/5371
f 5382/5382 5381/5381 5389/5389
f 5382/5382 5389/5389 5390/5390
f 5391/5391 5392/5392 5393/5393
f 5391/5391 5393/5393 5394/5394
f 5395/5395 5396/5396 5384/5384
f 5395/5395 5384/5384 5383/5383
f 5370/5370 5369/5369 5397/5397
f 5370/5370 5397/5397 5398/5398
f 5374/5374 5373/5373 5392/5392
f 5374/5374 5392/5392 5391/5391
f 5378/5378 5377/5377 5396/5396
f 5378/5378 5396/5396 5395/5395
f 5399/5399 5400/5400 5401/5401
f 5399/5399 5401/5401 5402/5402
f 5403/5403 5404/5404 5405/5405
f 5403/5403 5405/5405 5406/5406
f 5407/5407 5408/5408 5409/5409
f 5407/5407 5409/5409 5410/5410
f 5402/5402 5401/5401 5411/5411
f 5402/5402 5411/5411 5412/5412
f 5406/5406 5405/5405 5413/5413
f 5406/5406 5413/5413 5414/5414
f 5410/5410 5409/5409 5415/5415
f 5410/5410 5415/5415 5416/5416
f 5417/5417 5418/5418 5419/5419
f 5417/5417 5419/5419 5420/5420
f 5414/5414 5413/5413 5421/5421
f 5414/5414 5421/5421 5422/5422
f 5423/5423 5424/5424 5418/5418
f 5423/5423 5418/5418 5417/5417
f 5425/5425 5426/5426 5404/5404
f 5425/5425 5404/5404 5403/5403
f 5427/5427 5428/5428 5408/5408
f 5427/5427 5408/5408 5407/5407
f 5429/5429 5430/5430 5431/5431
f 5429/5429 5431/5431 5432/5432
f 5430/5430 5365/5365 5361/5361
f 5430/5430 5361/5361 5431/5431
f 5433/5433 5434/5434 5435/5435
f 5433/5433 5435/5435 5436/5436
f 5434/5434 5342/5342 5359/5359
f 5434/5434 5359/5359 5435/5435
f 5437/5437 5438/5438 5439/5439
f 5437/5437 5439/5439 5440/5440
f 5438/5438 5338/5338 5355/5355
f 5438/5438 5355/5355 5439/5439
f 5432/5432 5431/5431 5441/5441
f 5432/5432 5441/5441 5442/5442
f 5431/5431 5361/5361 5364/5364
f 5431/5431 5364/5364 5441/5441
f 5436/5436 5435/5435 5443/5443
f 5436/5436 5443/5443 5444/5444
f 5435/5435 5359/5359 5347/5347
f 5435/5435 5347/5347 5443/5443
f 5440/5440 5439/5439 5445/5445
f 5440/5440 5445/5445 5446/5446
f 5439/5439 5355/5355 5358/5358
f 5439/5439 5358/5358 5445/5445
f 5447/5447 5448/5448 5449/5449
f 5447/5447 5449/5449 5450/5450
f 5448/5448 5346/5346 5354/5354
f 5448/5448 5354/5354 5449/5449
f 5451/5451 5452/5452 5453/5453
f 5451/5451 5453/5453 5454/5454
f 5452/5452 5351/5351 5335/5335
f 5452/5452 5335/5335 5453/5453
f 5444/5444 5443/5443 5455/5455
f 5444/5444 5455/5455 5456/5456
f 5443/5443 5347/5347 5350/5350
f 5443/5443 5350/5350 5455/5455
f 5457/5457 5458/5458 5448/5448
f 5457/5457 5448/5448 5447/5447
f 5458/5458 5343/5343 5346/5346
f 5458/5458 5346/5346 5448/5448
f 5459/5459 5460/5460 5434/5434
f 5459/5459 5434/5434 5433/5433
f 5460/5460 5339/5339 5342/5342
f 5460/5460 5342/5342 5434/5434
f 5454/5454 5453/5453 5438/5438
f 5454/5454 5438/5438 5437/5437
f 5453/5453 5335/5335 5338/5338
f 5453/5453 5338/5338 5438/5438
f 5461/5461 5451/5451 5454/5454
f 5461/5461 5454/5454 5428/5428
f 5418/5418 5447/5447 5450/5450
f 5418/5418 5450/5450 5419/5419
f 5409/5409 5440/5440 5446/5446
f 5409/5409 5446/5446 5415/5415
f 5405/5405 5436/5436 5444/5444
f 5405/5405 5444/5444 5413/5413
f 5428/5428 5454/5454 5437/5437
f 5428/5428 5437/5437 5408/5408
f 5426/5426 5459/5459 5433/5433
f 5426/5426 5433/5433 5404/5404
f 5424/5424 5457/5457 5447/5447
f 5424/5424 5447/5447 5418/5418
f 5413/5413 5444/5444 5456/5456
f 5413/5413 5456/5456 5421/5421
f 5401/5401 5432/5432 5442/5442
f 5401/5401 5442/5442 5411/5411
f 5408/5408 5437/5437 5440/5440
f 5408/5408 5440/5440 5409/5409
f 5404/5404 5433/5433 5436/5436
f 5404/5404 5436/5436 5405/5405
f 5400/5400 5429/5429 5432/5432
f 5400/5400 5432/5432 5401/5401
f 5462/5462 5461/5461 5428/5428
f 5462/5462 5428/5428 5427/5427
f 5463/5463 5464/5464 5465/5465
f 5463/5463 5465/5465 5466/5466
f 5467/5467 5468/5468 5469/5469
f 5467/5467 5469/5469 5470/5470
f 5471/5471 5472/5472 5473/5473
f 5471/5471 5473/5473 5474/5474
f 5475/5475 5476/5476 5477/5477
f 5475/5475 5477/5477 5478/5478
f 5479/5479 5480/5480 5464/5464
f 5479/5479 5464/5464 5463/5463
f 5474/5474 5473/5473 5468/5468
f 5474/5474 5468/5468 5467/5467
f 5481/5481 5482/5482 5472/5472
f 5481/5481 5472/5472 5471/5471
f 5483/5483 5484/5484 5476/5476
f 5483/5483 5476/5476 5475/5475
f 5485/5485 5486/5486 5480/5480
f 5485/5485 5480/5480 5479/5479
f 5466/5466 5465/5465 5482/5482
f 5466/5466 5482/5482 5481/5481
f 5470/5470 5469/5469 5484/5484
f 5470/5470 5484/5484 5483/5483
f 5478/5478 5477/5477 5486/5486
f 5478/5478 5486/5486 5485/5485
f 5487/5487 5488/5488 5489/5489
f 5487/5487 5489/5489 5490/5490
f 5491/5491 5492/5492 5493/5493
f 5491/5491 5493/5493 5494/5494
f 5495/5495 5496/5496 5497/5497
f 5495/5495 5497/5497 5498/5498
f 5499/5499 5500/5500 5501/5501
f 5499/5499 5501/5501 5502/5502
f 5503/5503 5504/5504 5488/5488
f 5503/5503 5488/5488 5487/5487
f 5505/5505 5506/5506 5492/5492
f 5505/5505 5492/5492 5491/5491
f 5502/5502 5501/5501 5496/5496
f 5502/5502 5496/5496 5495/5495
f 5507/5507 5508/5508 5500/5500
f 5507/5507 5500/5500 5499/5499
f 5509/5509 5510/5510 5504/5504
f 5509/5509 5504/5504 5503/5503
f 5490/5490 5489/5489 5506/5506
f 5490/5490 5506/5506 5505/5505
f 5494/5494 5493/5493 5508/5508
f 5494/5494 5508/5508 5507/5507
f 5498/5498 5497/5497 5510/5510
f 5498/5498 5510/5510 5509/5509
f 3052/3052 3051/3051 5511/5511
f 3052/3052 5511/5511 5512/5512
f 5512/5512 5511/5511 5513/5513
f 5512/5512 5513/5513 5514/5514
f 5515/5515 5516/5516 5514/5514
f 5515/5515 5514/5514 5513/5513
f 3055/3055 3054/3054 5516/5516
f 3055/3055 5516/5516 5515/5515
f 5517/5517 5518/5518 5519/5519
f 5517/5517 5519/5519 5520/5520
f 5521/5521 5522/5522 5523/5523
f 5521/5521 5523/5523 5524/5524
f 5525/5525 5526/5526 5527/5527
f 5525/5525 5527/5527 5528/5528
f 5529/5529 5530/5530 5518/5518
f 5529/5529 5518/5518 5517/5517
f 5531/5531 5532/5532 5522/5522
f 5531/5531 5522/5522 5521/5521
f 5533/5533 5534/5534 5535/5535
f 5533/5533 5535/5535 5536/5536
f 5537/5537 5538/5538 5539/5539
f 5537/5537 5539/5539 5540/5540
f 5541/5541 5542/5542 5530/5530
f 5541/5541 5530/5530 5529/5529
f 5543/5543 5544/5544 5532/5532
f 5543/5543 5532/5532 5531/5531
f 5540/5540 5539/5539 5534/5534
f 5540/5540 5534/5534 5533/5533
f 5524/5524 5523/5523 5545/5545
f 5524/5524 5545/5545 5546/5546
f 5528/5528 5527/5527 5547/5547
f 5528/5528 5547/5547 5548/5548
f 5549/5549 5550/5550 5551/5551
f 5549/5549 5551/5551 5552/5552
f 5553/5553 5554/5554 5555/5555
f 5553/5553 5555/5555 5556/5556
f 5557/5557 5558/5558 5559/5559
f 5557/5557 5559/5559 5560/5560
f 5561/5561 5562/5562 5563/5563
f 5561/5561 5563/5563 5564/5564
f 5565/5565 5566/5566 5550/5550
f 5565/5565 5550/5550 5549/5549
f 5560/5560 5559/5559 5567/5567
f 5560/5560 5567/5567 5568/5568
f 5569/5569 5570/5570 5571/5571
f 5569/5569 5571/5571 5572/5572
f 5573/5573 5574/5574 5562/5562
f 5573/5573 5562/5562 5561/5561
f 5575/5575 5576/5576 5577/5577
f 5575/5575 5577/5577 5578/5578
f 5552/5552 5551/5551 5570/5570
f 5552/5552 5570/5570 5569/5569
f 5556/5556 5555/5555 5574/5574
f 5556/5556 5574/5574 5573/5573
f 5579/5579 5580/5580 5576/5576
f 5579/5579 5576/5576 5575/5575
f 5581/5581 5582/5582 5583/5583
f 5581/5581 5583/5583 5584/5584
f 5585/5585 5586/5586 5587/5587
f 5585/5585 5587/5587 5588/5588
f 5589/5589 5590/5590 5591/5591
f 5589/5589 5591/5591 5592/5592
f 5593/5593 5594/5594 5595/5595
f 5593/5593 5595/5595 5596/5596
f 5597/5597 5598/5598 5599/5599
f 5597/5597 5599/5599 5600/5600
f 5601/5601 5602/5602 5586/5586
f 5601/5601 5586/5586 5585/5585
f 5596/5596 5595/5595 5603/5603
f 5596/5596 5603/5603 5604/5604
f 5605/5605 5606/5606 5607/5607
f 5605/5605 5607/5607 5608/5608
f 5609/5609 5610/5610 5598/5598
f 5609/5609 5598/5598 5597/5597
f 5584/5584 5583/5583 5611/5611
f 5584/5584 5611/5611 5612/5612
f 5588/5588 5587/5587 5606/5606
f 5588/5588 5606/5606 5605/5605
f 5592/5592 5591/5591 5610/5610
f 5592/5592 5610/5610 5609/5609
f 5613/5613 5614/5614 5615/5615
f 5613/5613 5615/5615 5616/5616
f 5617/5617 5618/5618 5619/5619
f 5617/5617 5619/5619 5620/5620
f 5621/5621 5622/5622 5623/5623
f 5621/5621 5623/5623 5624/5624
f 5616/5616 5615/5615 5625/5625
f 5616/5616 5625/5625 5626/5626
f 5620/5620 5619/5619 5627/5627
f 5620/5620 5627/5627 5628/5628
f 5624/5624 5623/5623 5629/5629
f 5624/5624 5629/5629 5630/5630
f 5631/5631 5632/5632 5633/5633
f 5631/5631 5633/5633 5634/5634
f 5628/5628 5627/5627 5635/5635
f 5628/5628 5635/5635 5636/5636
f 5637/5637 5638/5638 5632/5632
f 5637/5637 5632/5632 5631/5631
f 5639/5639 5640/5640 5618/5618
f 5639/5639 5618/5618 5617/5617
f 5641/5641 5642/5642 5622/5622
f 5641/5641 5622/5622 5621/5621
f 5643/5643 5644/5644 5645/5645
f 5643/5643 5645/5645 5646/5646
f 5644/5644 5579/5579 5575/5575
f 5644/5644 5575/5575 5645/5645
f 5647/5647 5648/5648 5649/5649
f 5647/5647 5649/5649 5650/5650
f 5648/5648 5556/5556 5573/5573
f 5648/5648 5573/5573 5649/5649
f 5651/5651 5652/5652 5653/5653
f 5651/5651 5653/5653 5654/5654
f 5652/5652 5552/5552 5569/5569
f 5652/5652 5569/5569 5653/5653
f 5646/5646 5645/5645 5655/5655
f 5646/5646 5655/5655 5656/5656
f 5645/5645 5575/5575 5578/5578
f 5645/5645 5578/5578 5655/5655
f 5650/5650 5649/5649 5657/5657
f 5650/5650 5657/5657 5658/5658
f 5649/5649 5573/5573 5561/5561
f 5649/5649 5561/5561 5657/5657
f 5654/5654 5653/5653 5659/5659
f 5654/5654 5659/5659 5660/5660
f 5653/5653 5569/5569 5572/5572
f 5653/5653 5572/5572 5659/5659
f 5661/5661 5662/5662 5663/5663
f 5661/5661 5663/5663 5664/5664
f 5662/5662 5560/5560 5568/5568
f 5662/5662 5568/5568 5663/5663
f 5665/5665 5666/5666 5667/5667
f 5665/5665 5667/5667 5668/5668
f 5666/5666 5565/5565 5549/5549
f 5666/5666 5549/5549 5667/5667
f 5658/5658 5657/5657 5669/5669
f 5658/5658 5669/5669 5670/5670
f 5657/5657 5561/5561 5564/5564
f 5657/5657 5564/5564 5669/5669
f 5671/5671 5672/5672 5662/5662
f 5671/5671 5662/5662 5661/5661
f 5672/5672 5557/5557 5560/5560
f 5672/5672 5560/5560 5662/5662
f 5673/5673 5674/5674 5648/5648
f 5673/5673 5648/5648 5647/5647
f 5674/5674 5553/5553 5556/5556
f 5674/5674 5556/5556 5648/5648
f 5668/5668 5667/5667 5652/5652
f 5668/5668 5652/5652 5651/5651
f 5667/5667 5549/5549 5552/5552
f 5667/5667 5552/5552 5652/5652
f 5675/5675 5665/5665 5668/5668
f 5675/5675 5668/5668 5642/5642
f 5632/5632 5661/5661 5664/5664
f 5632/5632 5664/5664 5633/5633
f 5623/5623 5654/5654 5660/5660
f 5623/5623 5660/5660 5629/5629
f 5619/5619 5650/5650 5658/5658
f 5619/5619 5658/5658 5627/5627
f 5642/5642 5668/5668 5651/5651
f 5642/5642 5651/5651 5622/5622
f 5640/5640 5673/5673 5647/5647
f 5640/5640 5647/5647 5618/5618
f 5638/5638 5671/5671 5661/5661
f 5638/5638 5661/5661 5632/5632
f 5627/5627 5658/5658 5670/5670
f 5627/5627 5670/5670 5635/5635
f 5615/5615 5646/5646 5656/5656
f 5615/5615 5656/5656 5625/5625
f 5622/5622 5651/5651 5654/5654
f 5622/5622 5654/5654 5623/5623
f 5618/5618 5647/5647 5650/5650
f 5618/5618 5650/5650 5619/5619
f 5614/5614 5643/5643 5646/5646
f 5614/5614 5646/5646 5615/5615
f 5676/5676 5675/5675 5642/5642
f 5676/5676 5642/5642 5641/5641
f 3058/3058 3057/3057 5677/5677
f 3058/3058 5677/5677 5678/5678
f 5679/5679 5680/5680 5681/5681
f 5679/5679 5681/5681 5682/5682
f 5683/5683 5684/5684 5685/5685
f 5683/5683 5685/5685 5686/5686
f 5687/5687 5688/5688 5689/5689
f 5687/5687 5689/5689 5690/5690
f 5691/5691 5692/5692 5693/5693
f 5691/5691 5693/5693 5694/5694
f 5695/5695 5696/5696 5680/5680
f 5695/5695 5680/5680 5679/5679
f 5690/5690 5689/5689 5684/5684
f 5690/5690 5684/5684 5683/5683
f 5697/5697 5698/5698 5688/5688
f 5697/5697 5688/5688 5687/5687
f 5699/5699 5700/5700 5692/5692
f 5699/5699 5692/5692 5691/5691
f 5701/5701 5702/5702 5696/5696
f 5701/5701 5696/5696 5695/5695
f 5682/5682 5681/5681 5698/5698
f 5682/5682 5698/5698 5697/5697
f 5686/5686 5685/5685 5700/5700
f 5686/5686 5700/5700 5699/5699
f 5694/5694 5693/5693 5702/5702
f 5694/5694 5702/5702 5701/5701
f 5703/5703 5704/5704 5705/5705
f 5703/5703 5705/5705 5706/5706
f 5707/5707 5708/5708 5709/5709
f 5707/5707 5709/5709 5710/5710
f 5711/5711 5712/5712 5713/5713
f 5711/5711 5713/5713 5714/5714
f 5715/5715 5716/5716 5717/5717
f 5715/5715 5717/5717 5718/5718
f 5719/5719 5720/5720 5704/5704
f 5719/5719 5704/5704 5703/5703
f 5721/5721 5722/5722 5708/5708
f 5721/5721 5708/5708 5707/5707
f 5718/5718 5717/5717 5712/5712
f 5718/5718 5712/5712 5711/5711
f 5723/5723 5724/5724 5716/5716
f 5723/5723 5716/5716 5715/5715
f 5725/5725 5726/5726 5720/5720
f 5725/5725 5720/5720 5719/5719
f 5706/5706 5705/5705 5722/5722
f 5706/5706 5722/5722 5721/5721
f 5710/5710 5709/5709 5724/5724
f 5710/5710 5724/5724 5723/5723
f 5714/5714 5713/5713 5726/5726
f 5714/5714 5726/5726 5725/5725
f 5678/5678 5677/5677 5727/5727
f 5678/5678 5727/5727 5728/5728
f 5729/5729 5730/5730 5728/5728
f 5729/5729 5728/5728 5727/5727
f 3061/3061 3060/3060 5730/5730
f 3061/3061 5730/5730 5729/5729
f 5731/5731 5732/5732 5733/5733
f 5731/5731 5733/5733 5734/5734
f 5735/5735 5736/5736 5737/5737
f 5735/5735 5737/5737 5738/5738
f 5739/5739 5740/5740 5741/5741
f 5739/5739 5741/5741 5742/5742
f 5743/5743 5744/5744 5745/5745
f 5743/5743 5745/5745 5746/5746
f 5747/5747 5748/5748 5749/5749
f 5747/5747 5749/5749 5750/5750
f 5751/5751 5752/5752 5753/5753
f 5751/5751 5753/5753 5754/5754
f 5755/5755 5756/5756 5757/5757
f 5755/5755 5757/5757 5758/5758
f 5759/5759 5760/5760 5761/5761
f 5759/5759 5761/5761 5762/5762
f 5763/5763 5764/5764 5765/5765
f 5763/5763 5765/5765 5766/5766
f 5767/5767 5768/5768 5769/5769
f 5767/5767 5769/5769 5770/5770
f 5771/5771 5772/5772 5773/5773
f 5771/5771 5773/5773 5774/5774
f 5775/5775 5776/5776 5777/5777
f 5775/5775 5777/5777 5778/5778
f 5779/5779 5780/5780 5781/5781
f 5779/5779 5781/5781 5782/5782
f 5783/5783 5784/5784 5785/5785
f 5783/5783 5785/5785 5786/5786
f 5787/5787 5788/5788 5789/5789
f 5787/5787 5789/5789 5790/5790
f 5791/5791 5792/5792 5793/5793
f 5791/5791 5793/5793 5794/5794
f 5795/5795 5796/5796 5797/5797
f 5795/5795 5797/5797 5798/5798
f 5799/5799 5800/5800 5801/5801
f 5799/5799 5801/5801 5802/5802
f 5803/5803 5804/5804 5805/5805
f 5803/5803 5805/5805 5806/5806
f 5807/5807 5808/5808 5809/5809
f 5807/5807 5809/5809 5810/5810
f 5811/5811 5812/5812 5813/5813
f 5811/5811 5813/5813 5814/5814
f 5815/5815 5816/5816 5817/5817
f 5815/5815 5817/5817 5818/5818
f 5819/5819 5820/5820 5821/5821
f 5819/5819 5821/5821 5822/5822
f 5823/5823 5824/5824 5825/5825
f 5823/5823 5825/5825 5826/5826
f 5827/5827 5828/5828 5829/5829
f 5827/5827 5829/5829 5830/5830
f 5831/5831 5832/5832 5833/5833
f 5831/5831 5833/5833 5834/5834
f 5835/5835 5836/5836 5837/5837
f 5835/5835 5837/5837 5838/5838
f 5839/5839 5840/5840 5841/5841
f 5839/5839 5841/5841 5842/5842
f 5843/5843 5844/5844 5845/5845
f 5843/5843 5845/5845 5846/5846
f 5847/5847 5848/5848 5849/5849
f 5847/5847 5849/5849 5850/5850
f 5851/5851 5852/5852 5853/5853
f 5851/5851 5853/5853 5854/5854
f 5855/5855 5856/5856 5857/5857
f 5855/5855 5857/5857 5858/5858
f 5859/5859 5860/5860 5861/5861
f 5859/5859 5861/5861 5862/5862
f 5863/5863 5864/5864 5865/5865
f 5863/5863 5865/5865 5866/5866
f 5867/5867 5868/5868 5869/5869
f 5867/5867 5869/5869 5870/5870
f 5871/5871 5872/5872 5873/5873
f 5871/5871 5873/5873 5874/5874
f 5875/5875 5876/5876 5877/5877
f 5875/5875 5877/5877 5878/5878
f 5879/5879 5880/5880 5881/5881
f 5879/5879 5881/5881 5882/5882
f 5883/5883 5884/5884 5885/5885
f 5883/5883 5885/5885 5886/5886
f 5887/5887 5888/5888 5889/5889
f 5887/5887 5889/5889 5890/5890
f 5891/5891 5892/5892 5893/5893
f 5891/5891 5893/5893 5894/5894
f 5895/5895 5896/5896 5897/5897
f 5895/5895 5897/5897 5898/5898
f 5899/5899 5900/5900 5901/5901
f 5899/5899 5901/5901 5902/5902
f 5903/5903 5904/5904 5905/5905
f 5903/5903 5905/5905 5906/5906
f 5907/5907 5908/5908 5909/5909
f 5907/5907 5909/5909 5910/5910
f 5911/5911 5912/5912 5913/5913
f 5911/5911 5913/5913 5914/5914
f 5915/5915 5916/5916 5917/5917
f 5915/5915 5917/5917 5918/5918
f 5919/5919 5920/5920 5921/5921
f 5919/5919 5921/5921 5922/5922
f 5923/5923 5924/5924 5925/5925
f 5923/5923 5925/5925 5926/5926
f 5927/5927 5928/5928 5929/5929
f 5927/5927 5929/5929 5930/5930
f 5931/5931 5932/5932 5933/5933
f 5931/5931 5933/5933 5934/5934
f 5935/5935 5936/5936 5937/5937
f 5935/5935 5937/5937 5938/5938
f 5939/5939 5940/5940 5941/5941
f 5939/5939 5941/5941 5942/5942
f 5943/5943 5944/5944 5945/5945
f 5943/5943 5945/5945 5946/5946
f 5947/5947 5948/5948 5949/5949
f 5947/5947 5949/5949 5950/5950
f 5951/5951 5952/5952 5953/5953
f 5951/5951 5953/5953 5954/5954
f 5955/5955 5956/5956 5957/5957
f 5955/5955 5957/5957 5958/5958
f 5959/5959 5960/5960 5961/5961
f 5959/5959 5961/5961 5962/5962
f 5963/5963 5964/5964 5965/5965
f 5963/5963 5965/5965 5966/5966
f 5967/5967 5968/5968 5969/5969
f 5967/5967 5969/5969 5970/5970
f 5971/5971 5972/5972 5973/5973
f 5971/5971 5973/5973 5974/5974
f 5975/5975 5976/5976 5977/5977
f 5975/5975 5977/5977 5978/5978
f 5979/5979 5980/5980 5981/5981
f 5979/5979 5981/5981 5982/5982
f 5983/5983 5984/5984 5985/5985
f 5983/5983 5985/5985 5986/5986
f 5987/5987 5988/5988 5989/5989
f 5987/5987 5989/5989 5990/5990
f 5991/5991 5992/5992 5993/5993
f 5991/5991 5993/5993 5994/5994
f 5995/5995 5996/5996 5997/5997
f 5995/5995 5997/5997 5998/5998
f 5999/5999 6000/6000 6001/6001
f 5999/5999 6001/6001 6002/6002
f 6003/6003 6004/6004 6005/6005
f 6003/6003 6005/6005 6006/6006
f 6007/6007 6008/6008 6009/6009
f 6007/6007 6009/6009 6010/6010
f 6011/6011 6012/6012 6013/6013
f 6011/6011 6013/6013 6014/6014
f 6015/6015 6016/6016 6017/6017
f 6015/6015 6017/6017 6018/6018
f 6019/6019 6020/6020 6021/6021
f 6019/6019 6021/6021 6022/6022
f 6023/6023 6024/6024 6025/6025
f 6023/6023 6025/6025 6026/6026
f 6027/6027 6028/6028 6029/6029
f 6027/6027 6029/6029 6030/6030
f 6031/6031 6032/6032 6033/6033
f 6031/6031 6033/6033 6034/6034
f 6035/6035 6036/6036 6037/6037
f 6035/6035 6037/6037 6038/6038
f 6039/6039 6040/6040 6041/6041
f 6039/6039 6041/6041 6042/6042
f 6043/6043 6044/6044 6045/6045
f 6043/6043 6045/6045 6046/6046
f 6047/6047 6048/6048 6049/6049
f 6047/6047 6049/6049 6050/6050
f 6051/6051 6052/6052 6053/6053
f 6051/6051 6053/6053 6054/6054
f 6055/6055 6056/6056 6057/6057
f 6055/6055 6057/6057 6058/6058
f 6059/6059 6060/6060 6061/6061
f 6059/6059 6061/6061 6062/6062
f 6063/6063 6064/6064 6065/6065
f 6063/6063 6065/6065 6066/6066
f 6067/6067 6068/6068 6069/6069
f 6067/6067 6069/6069 6070/6070
f 6071/6071 6072/6072 6073/6073
f 6071/6071 6073/6073 6074/6074
f 6075/6075 6076/6076 6077/6077
f 6075/6075 6077/6077 6078/6078
f 6079/6079 6080/6080 6081/6081
f 6079/6079 6081/6081 6082/6082
f 6083/6083 6084/6084 6085/6085
f 6083/6083 6085/6085 6086/6086
f 6087/6087 6088/6088 6089/6089
f 6087/6087 6089/6089 6090/6090
f 6091/6091 6092/6092 6093/6093
f 6091/6091 6093/6093 6094/6094
f 6095/6095 6096/6096 6097/6097
f 6095/6095 6097/6097 6098/6098
f 6099/6099 6100/6100 6101/6101
f 6099/6099 6101/6101 6102/6102
f 6103/6103 6104/6104 6105/6105
f 6103/6103 6105/6105 6106/6106
f 6107/6107 6108/6108 6109/6109
f 6107/6107 6109/6109 6110/6110
f 6111/6111 6112/6112 6113/6113
f 6111/6111 6113/6113 6114/6114
f 6115/6115 6116/6116 6117/6117
f 6115/6115 6117/6117 6118/6118
f 6119/6119 6120/6120 6121/6121
f 6119/6119 6121/6121 6122/6122
o V1_SailplaneGlider_1_Door_Vehicle_Elements_0
usemtl Vehicle_Elements
v 0.00000 1.64981 0.88804
v 0.00000 2.10575 0.04484
v -1.44867 2.34089 -0.20093
v -1.75906 1.93022 0.59498
v -2.79563 2.51949 -0.33178
v -3.33294 2.14021 0.40853
v -4.16875 3.27446 -1.11650
v -4.91398 3.01456 -0.55594
v -5.53707 3.96776 -1.83186
v -6.41287 3.80761 -1.41833
v -6.41287 3.80761 -1.41833
v -5.53707 3.96776 -1.83186
v -7.83081 6.25798 -4.27062
v -8.72761 6.09631 -3.93690
v -8.50618 7.21771 -5.25176
v -9.52327 7.15868 -5.10414
v -9.08345 8.09308 -6.17945
v -9.94542 7.87132 -5.89286
v -10.10828 8.18040 -6.12378
v -9.23446 8.38697 -6.38472
v -10.24023 8.52855 -6.25123
v -9.35669 8.71321 -6.49524
v -10.32209 8.88971 -6.26982
v -9.43055 9.04235 -6.50678
v -10.86203 22.24832 -4.63805
v -11.77451 22.15013 -4.45907
v -11.60595 37.03354 -2.61902
v -12.52171 36.97809 -2.43845
v -11.85590 51.83426 -0.61244
v -12.77089 51.81060 -0.42130
v -12.53064 62.72024 1.06279
v -11.61656 62.72691 0.86600
v -12.42703 64.08018 1.58919
v -11.51307 64.08358 1.39186
v -12.21053 65.10405 2.59104
v -11.29848 65.10351 2.38498
v -11.88343 65.66599 3.95185
v -10.98653 65.66821 3.68752
v -10.68400 66.21364 7.40915
v -9.81376 66.22783 7.06743
v -9.10467 66.79288 11.06481
v -8.27004 66.82225 10.64436
v -6.24678 67.42884 14.23880
v -7.00539 67.38491 14.78368
v -4.77365 67.74322 15.95332
v -5.41173 67.68655 16.63443
v -3.16518 67.98103 17.19076
v -3.63392 67.91218 17.99689
v -3.63392 67.91218 17.99689
v -3.16518 67.98103 17.19076
v -1.61284 68.11650 17.86639
v -1.90000 68.04111 18.75304
v 0.00000 68.17428 18.21743
v 0.00000 68.10594 19.17113
v 1.75906 1.93022 0.59498
v 1.44867 2.34089 -0.20093
v 3.33294 2.14021 0.40853
v 2.79563 2.51949 -0.33178
v 4.91398 3.01456 -0.55594
v 4.16875 3.27446 -1.11650
v 6.41287 3.80761 -1.41833
v 5.53707 3.96776 -1.83186
v 6.41287 3.80761 -1.41833
v 8.72761 6.09631 -3.93690
v 7.83081 6.25798 -4.27062
v 5.53707 3.96776 -1.83186
v 9.52327 7.15868 -5.10414
v 8.50618 7.21771 -5.25176
v 9.94542 7.87132 -5.89286
v 9.08345 8.09308 -6.17945
v 10.10828 8.18040 -6.12378
v 9.23446 8.38697 -6.38472
v 10.24023 8.52855 -6.25123
v 9.35669 8.71321 -6.49524
v 10.32209 8.88971 -6.26982
v 9.43055 9.04235 -6.50678
v 11.77451 22.15013 -4.45907
v 10.86203 22.24832 -4.63805
v 12.52171 36.97809 -2.43845
v 11.60595 37.03354 -2.61902
v 12.77089 51.81060 -0.42130
v 11.85590 51.83426 -0.61244
v 12.53064 62.72024 1.06279
v 11.61656 62.72691 0.86600
v 12.42703 64.08018 1.58919
v 11.51307 64.08358 1.39186
v 12.21053 65.10405 2.59104
v 11.29848 65.10351 2.38498
v 11.88343 65.66599 3.95185
v 10.98653 65.66821 3.68752
v 10.68400 66.21364 7.40915
v 9.81376 66.22783 7.06743
v 9.10467 66.79288 11.06481
v 8.27004 66.82225 10.64436
v 7.00539 67.38491 14.78368
v 6.24678 67.42884 14.23880
v 5.41173 67.68655 16.63443
v 4.77365 67.74322 15.95332
v 3.63392 67.91218 17.99689
v 3.16518 67.98103 17.19076
v 3.63392 67.91218 17.99689
v 1.90000 68.04111 18.75304
v 1.61284 68.11650 17.86639
v 3.16518 67.98103 17.19076
v -1.75906 1.93022 0.59498
v -3.33294 2.14021 0.40853
v -3.33105 0.72195 -0.40776
v -1.74997 0.48160 -0.16568
v -12.52171 36.97809 -2.43845
v -12.77089 51.81060 -0.42130
v -13.10690 52.02734 -2.00718
v -12.84454 37.18379 -4.02851
v -4.91398 3.01456 -0.55594
v -6.41287 3.80761 -1.41833
v -6.41911 2.35124 -2.21649
v -4.94775 1.57719 -1.35804
v -6.24513 2.22497 -2.46622
v -8.58691 4.63405 -5.10891
v -7.96537 4.82934 -5.36577
v -5.72717 2.46988 -2.86669
v -9.52327 7.15868 -5.10414
v -9.94542 7.87132 -5.89286
v -10.05587 6.74466 -7.08820
v -9.44465 5.77400 -6.01123
v 11.88343 65.66599 3.95185
v 11.99590 67.25563 3.53607
v 10.79324 67.83163 7.19618
v 10.68400 66.21364 7.40915
v -10.10828 8.18040 -6.12378
v -10.24023 8.52855 -6.25123
v -10.51818 8.14678 -7.83889
v -10.30163 7.35720 -7.55057
v -10.32209 8.88971 -6.26982
v -10.64960 8.90990 -7.88018
v -10.51818 8.14678 -7.83889
v -7.00539 67.38491 14.78368
v -5.41173 67.68655 16.63443
v -5.60690 69.30981 16.57862
v -7.18506 69.00575 14.65326
v -11.77451 22.15013 -4.45907
v -12.10109 22.34082 -6.05028
v -12.20734 66.69201 1.51705
v -11.50788 66.67642 1.37304
v -11.84892 65.12024 -0.14208
v -12.53817 65.12627 -0.01371
v -12.53064 62.72024 1.06279
v -12.86972 63.13768 -0.49416
v -13.10690 52.02734 -2.00718
v -12.42703 64.08018 1.58919
v -12.21053 65.10405 2.59104
v -12.40803 66.49724 1.69303
v -12.72532 64.99679 0.22484
v -10.58912 68.06410 7.08564
v -9.93025 68.06502 6.84589
v -11.10808 67.47214 3.23761
v -11.78573 67.48079 3.41664
v -11.88343 65.66599 3.95185
v -10.68400 66.21364 7.40915
v -10.79324 67.83165 7.19617
v -11.99590 67.25564 3.53607
v -9.10467 66.79288 11.06481
v -7.18506 69.00575 14.65326
v -9.24985 68.41167 10.88116
v -9.05904 68.64870 10.75547
v -7.01728 69.24140 14.50219
v -6.43910 69.25072 14.10680
v -8.42443 68.66302 10.45758
v -3.63392 67.91218 17.99689
v -3.80761 69.53888 18.02640
v -5.60690 69.30981 16.57862
v -1.90000 68.04111 18.75304
v 0.00000 68.10594 19.17113
v 0.00000 69.73895 19.29168
v -2.01818 69.66980 18.85131
v 0.00000 1.64981 0.88804
v 0.00000 0.20962 0.11283
v 1.74997 0.48160 -0.16568
v 1.75906 1.93022 0.59498
v 5.46884 69.54198 16.40445
v 4.97394 69.53978 15.90925
v 3.33692 69.76628 17.23778
v 3.70775 69.77078 17.83101
v 7.00539 67.38491 14.78368
v 7.18506 69.00575 14.65326
v 5.60690 69.30981 16.57862
v 5.41173 67.68655 16.63443
v 7.01726 69.24140 14.50218
v 6.43910 69.25072 14.10680
v 4.97394 69.53978 15.90925
v 5.46884 69.54198 16.40445
v 10.79324 67.83163 7.19618
v 9.24985 68.41166 10.88116
v 9.10467 66.79288 11.06481
v 12.52171 36.97809 -2.43845
v 12.84454 37.18379 -4.02850
v 13.10690 52.02734 -2.00717
v 12.77089 51.81060 -0.42130
v 1.90000 68.04111 18.75304
v 2.01818 69.66980 18.85131
v 0.00000 69.73895 19.29168
v 12.21053 65.10405 2.59104
v 12.40803 66.49724 1.69304
v 12.53064 62.72024 1.06279
v 12.86972 63.13768 -0.49415
v 12.72531 64.99678 0.22485
v 12.42703 64.08018 1.58919
v 13.10690 52.02734 -2.00717
v 11.77451 22.15013 -4.45907
v 12.10109 22.34082 -6.05027
v 11.91635 22.38878 -6.30491
v 11.22250 22.45053 -6.38388
v 11.96094 37.25297 -4.34580
v 12.65816 37.22323 -4.27894
v 10.24023 8.52855 -6.25123
v 10.51818 8.14678 -7.83888
v 10.64960 8.90990 -7.88017
v 10.32209 8.88971 -6.26982
v 12.68542 63.19471 -0.73939
v 12.92195 52.06023 -2.25470
v 12.22351 52.06563 -2.31462
v 11.98747 63.18616 -0.80490
v 10.10828 8.18040 -6.12378
v 10.30163 7.35721 -7.55056
v 10.51818 8.14678 -7.83888
v 3.63392 67.91218 17.99689
v 3.80761 69.53887 18.02640
v 2.01818 69.66980 18.85131
v 9.52327 7.15868 -5.10414
v 9.44465 5.77400 -6.01123
v 10.05587 6.74466 -7.08819
v 9.94542 7.87132 -5.89286
v 6.41287 3.80761 -1.41833
v 6.41911 2.35124 -2.21649
v 8.78678 4.75969 -4.88699
v 8.72761 6.09631 -3.93690
v -1.67653 0.37788 -0.46839
v -3.22674 0.62060 -0.71186
v -2.92045 0.92952 -1.25767
v -1.46021 0.69929 -1.04433
v 1.67653 0.37788 -0.46839
v 1.46021 0.69929 -1.04433
v 2.92045 0.92952 -1.25767
v 3.22674 0.62061 -0.71186
v 1.74997 0.48160 -0.16568
v 3.33105 0.72196 -0.40776
v 3.33294 2.14021 0.40853
v 3.33105 0.72196 -0.40776
v 4.94775 1.57719 -1.35804
v 4.91398 3.01456 -0.55594
v 6.24513 2.22498 -2.46622
v 5.72717 2.46988 -2.86669
v 7.96537 4.82934 -5.36577
v 8.58691 4.63405 -5.10891
v -8.72761 6.09631 -3.93690
v -8.78678 4.75969 -4.88699
v 5.60690 69.30981 16.57862
v 3.80761 69.53887 18.02640
v 3.63392 67.91218 17.99689
v -3.63392 67.91218 17.99689
v -2.01818 69.66980 18.85131
v -3.80761 69.53888 18.02640
v -8.58691 4.63405 -5.10891
v -9.21957 5.63739 -6.21370
v -8.58089 5.81991 -6.43158
v -7.96537 4.82934 -5.36577
v -3.22674 0.62060 -0.71186
v -4.79344 1.45320 -1.62279
v -4.32381 1.69970 -2.06218
v -12.65816 37.22323 -4.27894
v -12.92195 52.06023 -2.25470
v -12.22351 52.06563 -2.31462
v -11.96094 37.25297 -4.34580
v -10.46679 8.94289 -8.14250
v -11.91635 22.38878 -6.30491
v -11.22250 22.45053 -6.38388
v -9.77780 9.03311 -8.23636
v -5.46885 69.54198 16.40447
v -4.97394 69.53978 15.90925
v -9.24985 68.41167 10.88116
v -10.79324 67.83165 7.19617
v -9.85236 6.64072 -7.31848
v -9.19641 6.81050 -7.49739
v -10.10841 7.28975 -7.81334
v -9.48037 7.43212 -7.98146
v -12.53817 65.12627 -0.01371
v -11.98747 63.18616 -0.80490
v -12.68542 63.19471 -0.73939
v -10.33401 8.12722 -8.12338
v -9.66223 8.23254 -8.29467
v -10.10841 7.28975 -7.81334
v -12.84454 37.18379 -4.02851
v -4.79344 1.45320 -1.62279
v -6.24513 2.22497 -2.46622
v -5.72717 2.46988 -2.86669
v 0.00000 0.11564 -0.20487
v -1.67653 0.37788 -0.46839
v 0.00000 0.46905 -0.83100
v -12.68542 63.19471 -0.73939
v -12.92195 52.06023 -2.25470
v -3.70776 69.77078 17.83103
v -3.33692 69.76628 17.23778
v -12.86972 63.13768 -0.49416
v -10.33401 8.12722 -8.12338
v -11.99590 67.25564 3.53607
v 6.41911 2.35124 -2.21649
v 6.41287 3.80761 -1.41833
v 3.22674 0.62061 -0.71186
v 4.32381 1.69970 -2.06218
v 4.79344 1.45320 -1.62279
v -1.74997 0.48160 -0.16568
v 0.00000 0.20962 0.11283
v -5.53707 3.96776 -1.83186
v -5.72717 2.46988 -2.86669
v -7.96537 4.82934 -5.36577
v -7.83081 6.25798 -4.27062
v -2.79563 2.51949 -0.33178
v -2.92045 0.92952 -1.25767
v -4.32381 1.69970 -2.06218
v -4.16875 3.27446 -1.11650
v -11.60595 37.03354 -2.61902
v -11.96094 37.25297 -4.34580
v -12.22351 52.06563 -2.31462
v -11.85590 51.83426 -0.61244
v -10.86203 22.24832 -4.63805
v -11.22250 22.45053 -6.38388
v -6.24678 67.42884 14.23880
v -6.43910 69.25072 14.10680
v -4.97394 69.53978 15.90925
v -4.77365 67.74322 15.95332
v -3.16518 67.98103 17.19076
v -3.33692 69.76628 17.23778
v -1.73870 69.89483 17.97864
v -1.61284 68.11650 17.86639
v -8.27004 66.82225 10.64436
v -8.42443 68.66302 10.45758
v -9.08345 8.09308 -6.17945
v -9.19641 6.81050 -7.49739
v -9.48037 7.43212 -7.98146
v -9.23446 8.38697 -6.38472
v -9.66223 8.23254 -8.29467
v -9.35669 8.71321 -6.49524
v -9.77780 9.03311 -8.23636
v -9.43055 9.04235 -6.50678
v -8.58089 5.81991 -6.43158
v -8.50618 7.21771 -5.25176
v 0.00000 2.10575 0.04484
v 0.00000 0.46905 -0.83100
v -1.46021 0.69929 -1.04433
v -1.44867 2.34089 -0.20093
v -11.61656 62.72691 0.86600
v -11.98747 63.18616 -0.80490
v -11.84892 65.12024 -0.14208
v -11.51307 64.08358 1.39186
v -11.50788 66.67642 1.37304
v -11.29848 65.10351 2.38498
v -11.10808 67.47214 3.23761
v -10.98653 65.66821 3.68752
v -5.72717 2.46988 -2.86669
v -5.53707 3.96776 -1.83186
v -9.93025 68.06502 6.84589
v -9.81376 66.22783 7.06743
v 0.00000 69.95636 18.35262
v 0.00000 68.17428 18.21743
v -3.33692 69.76628 17.23778
v -3.16518 67.98103 17.19076
v 10.64960 8.90990 -7.88017
v 12.10109 22.34082 -6.05027
v -3.70776 69.77078 17.83103
v -1.96060 69.90137 18.64245
v -1.73870 69.89483 17.97864
v -3.33692 69.76628 17.23778
v 9.24985 68.41166 10.88116
v 7.18506 69.00575 14.65326
v 9.05903 68.64870 10.75546
v 10.58912 68.06410 7.08564
v 9.93025 68.06502 6.84589
v 8.42443 68.66302 10.45758
v 3.70775 69.77078 17.83101
v 3.33692 69.76628 17.23778
v 1.73870 69.89483 17.97864
v 1.96060 69.90137 18.64243
v 7.01726 69.24140 14.50218
v 10.33401 8.12722 -8.12338
v 10.10841 7.28975 -7.81334
v 9.48037 7.43212 -7.98146
v 9.66223 8.23254 -8.29467
v 10.30163 7.35721 -7.55056
v 10.10841 7.28975 -7.81334
v 9.85236 6.64072 -7.31848
v 9.19641 6.81050 -7.49739
v 10.46679 8.94289 -8.14250
v 9.77780 9.03311 -8.23636
v 11.91635 22.38878 -6.30491
v 9.21957 5.63739 -6.21371
v 8.58089 5.81991 -6.43158
v 9.85236 6.64072 -7.31848
v 1.67653 0.37788 -0.46839
v 12.20734 66.69201 1.51705
v 12.53817 65.12627 -0.01371
v 11.84892 65.12024 -0.14208
v 11.50788 66.67642 1.37304
v 11.78573 67.48079 3.41664
v 11.10808 67.47214 3.23761
v 12.53817 65.12627 -0.01371
v 12.68542 63.19471 -0.73939
v 12.72531 64.99678 0.22485
v 12.40803 66.49724 1.69304
v 4.79344 1.45320 -1.62279
v 5.72717 2.46988 -2.86669
v 6.24513 2.22498 -2.46622
v 10.58912 68.06410 7.08564
v 11.78573 67.48079 3.41664
v -1.96060 69.90137 18.64245
v 0.00000 69.96908 19.06975
v 0.00000 69.95636 18.35262
v 0.00000 69.96908 19.06975
v 10.46679 8.94289 -8.14250
v 10.33401 8.12722 -8.12338
v 8.58691 4.63405 -5.10891
v 5.53707 3.96776 -1.83186
v 7.83081 6.25798 -4.27062
v 7.96537 4.82934 -5.36577
v 5.72717 2.46988 -2.86669
v 2.79563 2.51949 -0.33178
v 4.16875 3.27446 -1.11650
v 4.32381 1.69970 -2.06218
v 2.92045 0.92952 -1.25767
v 11.60595 37.03354 -2.61902
v 11.85590 51.83426 -0.61244
v 12.22351 52.06563 -2.31462
v 11.96094 37.25297 -4.34580
v 10.86203 22.24832 -4.63805
v 11.22250 22.45053 -6.38388
v 6.24678 67.42884 14.23880
v 4.77365 67.74322 15.95332
v 4.97394 69.53978 15.90925
v 6.43910 69.25072 14.10680
v 3.16518 67.98103 17.19076
v 1.61284 68.11650 17.86639
v 1.73870 69.89483 17.97864
v 3.33692 69.76628 17.23778
v 8.27004 66.82225 10.64436
v 8.42443 68.66302 10.45758
v 9.08345 8.09308 -6.17945
v 9.23446 8.38697 -6.38472
v 9.48037 7.43212 -7.98146
v 9.19641 6.81050 -7.49739
v 9.35669 8.71321 -6.49524
v 9.66223 8.23254 -8.29467
v 9.43055 9.04235 -6.50678
v 9.77780 9.03311 -8.23636
v 8.50618 7.21771 -5.25176
v 8.58089 5.81991 -6.43158
v 1.44867 2.34089 -0.20093
v 1.46021 0.69929 -1.04433
v 11.61656 62.72691 0.86600
v 11.51307 64.08358 1.39186
v 11.84892 65.12024 -0.14208
v 11.98747 63.18616 -0.80490
v 11.29848 65.10351 2.38498
v 11.50788 66.67642 1.37304
v 10.98653 65.66821 3.68752
v 11.10808 67.47214 3.23761
v 5.53707 3.96776 -1.83186
v 5.72717 2.46988 -2.86669
v 9.81376 66.22783 7.06743
v 9.93025 68.06502 6.84589
v 3.16518 67.98103 17.19076
v 3.33692 69.76628 17.23778
v -6.41287 3.80761 -1.41833
v -6.41911 2.35124 -2.21649
v -8.58691 4.63405 -5.10891
v -6.24513 2.22497 -2.46622
v -6.41911 2.35124 -2.21649
v -8.78678 4.75969 -4.88699
v -5.46885 69.54198 16.40447
v -7.01728 69.24140 14.50219
v -7.18506 69.00575 14.65326
v -5.60690 69.30981 16.57862
v -9.21957 5.63739 -6.21370
v -8.58691 4.63405 -5.10891
v -9.44465 5.77400 -6.01123
v -1.67653 0.37788 -0.46839
v 0.00000 0.11564 -0.20487
v 0.00000 0.20962 0.11283
v -1.74997 0.48160 -0.16568
v -12.40803 66.49724 1.69303
v -11.99590 67.25564 3.53607
v -11.78573 67.48079 3.41664
v -12.20734 66.69201 1.51705
v 2.01818 69.66980 18.85131
v 3.80761 69.53887 18.02640
v 3.70775 69.77078 17.83101
v 1.96060 69.90137 18.64243
v 7.18506 69.00575 14.65326
v 9.24985 68.41166 10.88116
v 9.05903 68.64870 10.75546
v 7.01726 69.24140 14.50218
v 12.10109 22.34082 -6.05027
v 10.64960 8.90990 -7.88017
v 10.46679 8.94289 -8.14250
v 11.91635 22.38878 -6.30491
v 1.74997 0.48160 -0.16568
v 0.00000 0.20962 0.11283
v 1.67653 0.37788 -0.46839
v 0.00000 69.73895 19.29168
v 2.01818 69.66980 18.85131
v 0.00000 69.96908 19.06975
v -3.70776 69.77078 17.83103
v -5.60690 69.30981 16.57862
v -3.80761 69.53888 18.02640
v 6.41911 2.35124 -2.21649
v 4.94775 1.57719 -1.35804
v 4.79344 1.45320 -1.62279
v 6.24513 2.22498 -2.46622
v -4.79344 1.45320 -1.62279
v -3.22674 0.62060 -0.71186
v -3.33105 0.72195 -0.40776
v -4.94775 1.57719 -1.35804
v -12.92195 52.06023 -2.25470
v -12.65816 37.22323 -4.27894
v -12.84454 37.18379 -4.02851
v -13.10690 52.02734 -2.00718
v -10.05587 6.74466 -7.08820
v -10.30163 7.35720 -7.55057
v -10.10841 7.28975 -7.81334
v -9.85236 6.64072 -7.31848
v -10.79324 67.83165 7.19617
v -9.24985 68.41167 10.88116
v -9.05904 68.64870 10.75547
v -10.58912 68.06410 7.08564
v 13.10690 52.02734 -2.00717
v 12.84454 37.18379 -4.02850
v 12.65816 37.22323 -4.27894
v 12.92195 52.06023 -2.25470
v 11.78573 67.48079 3.41664
v 10.58912 68.06410 7.08564
v 10.79324 67.83163 7.19618
v 11.99590 67.25563 3.53607
v -11.91635 22.38878 -6.30491
v -12.10109 22.34082 -6.05028
v -12.84454 37.18379 -4.02851
v -9.24985 68.41167 10.88116
v -7.18506 69.00575 14.65326
v -10.51818 8.14678 -7.83889
v -10.33401 8.12722 -8.12338
v -10.10841 7.28975 -7.81334
v -10.51818 8.14678 -7.83889
v -10.64960 8.90990 -7.88018
v -10.46679 8.94289 -8.14250
v -10.33401 8.12722 -8.12338
v -12.86972 63.13768 -0.49416
v -12.72532 64.99679 0.22484
v -12.53817 65.12627 -0.01371
v -12.68542 63.19471 -0.73939
v -12.53817 65.12627 -0.01371
v -13.10690 52.02734 -2.00718
v -12.86972 63.13768 -0.49416
v -12.68542 63.19471 -0.73939
v -12.92195 52.06023 -2.25470
v -6.24513 2.22497 -2.46622
v -4.79344 1.45320 -1.62279
v -6.41911 2.35124 -2.21649
v -11.99590 67.25564 3.53607
v -10.79324 67.83165 7.19617
v -3.22674 0.62060 -0.71186
v -1.67653 0.37788 -0.46839
v -1.74997 0.48160 -0.16568
v 0.00000 69.96908 19.06975
v -1.96060 69.90137 18.64245
v -2.01818 69.66980 18.85131
v 0.00000 69.73895 19.29168
v 8.78678 4.75969 -4.88699
v 6.41911 2.35124 -2.21649
v 6.24513 2.22498 -2.46622
v 8.58691 4.63405 -5.10891
v 12.10109 22.34082 -6.05027
v 11.91635 22.38878 -6.30491
v 5.60690 69.30981 16.57862
v 7.18506 69.00575 14.65326
v 7.01726 69.24140 14.50218
v 5.46884 69.54198 16.40445
v 9.85236 6.64072 -7.31848
v 10.10841 7.28975 -7.81334
v 10.30163 7.35721 -7.55056
v 10.05587 6.74466 -7.08819
v 10.10841 7.28975 -7.81334
v 10.33401 8.12722 -8.12338
v 10.51818 8.14678 -7.83888
v 10.30163 7.35721 -7.55056
v 10.33401 8.12722 -8.12338
v 10.46679 8.94289 -8.14250
v 10.64960 8.90990 -7.88017
v 10.51818 8.14678 -7.83888
v 9.44465 5.77400 -6.01123
v 8.58691 4.63405 -5.10891
v 9.21957 5.63739 -6.21371
v 12.68542 63.19471 -0.73939
v 12.53817 65.12627 -0.01371
v 12.72531 64.99678 0.22485
v 12.86972 63.13768 -0.49415
v 12.53817 65.12627 -0.01371
v 12.20734 66.69201 1.51705
v 12.40803 66.49724 1.69304
v 12.72531 64.99678 0.22485
v 12.68542 63.19471 -0.73939
v 13.10690 52.02734 -2.00717
v 11.78573 67.48079 3.41664
v 12.40803 66.49724 1.69304
v 9.85236 6.64072 -7.31848
v 3.33105 0.72196 -0.40776
v 1.74997 0.48160 -0.16568
v 1.67653 0.37788 -0.46839
v 3.22674 0.62061 -0.71186
v 3.80761 69.53887 18.02640
v 5.60690 69.30981 16.57862
v 5.46884 69.54198 16.40445
v 3.70775 69.77078 17.83101
v 10.58912 68.06410 7.08564
v 9.24985 68.41166 10.88116
v 10.79324 67.83163 7.19618
v -1.96060 69.90137 18.64245
v -3.70776 69.77078 17.83103
v -3.80761 69.53888 18.02640
v -2.01818 69.66980 18.85131
v 3.33105 0.72196 -0.40776
v 3.22674 0.62061 -0.71186
v 4.79344 1.45320 -1.62279
vt 0.92588 0.25273
vt 0.92485 0.25273
vt 0.92432 0.25600
vt 0.92525 0.25670
vt 0.92391 0.25904
vt 0.92477 0.26025
vt 0.92221 0.26214
vt 0.92280 0.26382
vt 0.92064 0.26523
vt 0.92101 0.26721
vt 0.92101 0.44593
vt 0.92064 0.44686
vt 0.91547 0.45237
vt 0.91584 0.45161
vt 0.91330 0.45458
vt 0.91344 0.45425
vt 0.91133 0.45668
vt 0.91183 0.45603
vt 0.91113 0.45655
vt 0.91066 0.45714
vt 0.91034 0.45684
vt 0.90993 0.45739
vt 0.90953 0.45688
vt 0.90918 0.45742
vt 0.87936 0.45320
vt 0.87958 0.45279
vt 0.84597 0.44864
vt 0.84610 0.44823
vt 0.81255 0.44411
vt 0.81260 0.44367
vt 0.78797 0.44032
vt 0.78795 0.44077
vt 0.78489 0.43913
vt 0.78489 0.43958
vt 0.78258 0.43687
vt 0.78258 0.43734
vt 0.78131 0.43380
vt 0.78131 0.43440
vt 0.78008 0.42599
vt 0.78004 0.42676
vt 0.77877 0.41774
vt 0.77870 0.41869
vt 0.77733 0.41057
vt 0.77743 0.40934
vt 0.77662 0.40670
vt 0.77675 0.40516
vt 0.77609 0.40390
vt 0.77624 0.40208
vt 0.77624 0.26093
vt 0.77609 0.25987
vt 0.77578 0.25637
vt 0.77595 0.25702
vt 0.77565 0.25273
vt 0.77580 0.25273
vt 0.92525 0.24875
vt 0.92432 0.24945
vt 0.92477 0.24520
vt 0.92391 0.24641
vt 0.92280 0.24163
vt 0.92221 0.24331
vt 0.92101 0.23824
vt 0.92064 0.24022
vt 0.92101 0.05952
vt 0.91584 0.05384
vt 0.91547 0.05308
vt 0.92064 0.05859
vt 0.91344 0.05120
vt 0.91330 0.05087
vt 0.91183 0.04942
vt 0.91133 0.04877
vt 0.91113 0.04890
vt 0.91066 0.04831
vt 0.91034 0.04861
vt 0.90993 0.04806
vt 0.90953 0.04857
vt 0.90918 0.04803
vt 0.87958 0.05266
vt 0.87936 0.05225
vt 0.84610 0.05722
vt 0.84597 0.05681
vt 0.81260 0.06178
vt 0.81255 0.06134
vt 0.78797 0.06513
vt 0.78795 0.06468
vt 0.78489 0.06632
vt 0.78489 0.06587
vt 0.78258 0.06858
vt 0.78258 0.06811
vt 0.78131 0.07165
vt 0.78131 0.07106
vt 0.78008 0.07946
vt 0.78004 0.07869
vt 0.77877 0.08771
vt 0.77870 0.08677
vt 0.77743 0.09611
vt 0.77733 0.09488
vt 0.77675 0.10029
vt 0.77662 0.09875
vt 0.77624 0.10337
vt 0.77609 0.10155
vt 0.77624 0.24452
vt 0.77595 0.24843
vt 0.77578 0.24908
vt 0.77609 0.24558
vt 0.92525 0.25670
vt 0.92477 0.26025
vt 0.92797 0.26025
vt 0.92852 0.25668
vt 0.84610 0.44823
vt 0.81260 0.44367
vt 0.81211 0.44726
vt 0.84563 0.45182
vt 0.92280 0.26382
vt 0.92101 0.26721
vt 0.92429 0.26722
vt 0.92604 0.26390
vt 0.92458 0.44829
vt 0.91914 0.45426
vt 0.91870 0.45484
vt 0.92403 0.44920
vt 0.91344 0.45425
vt 0.91183 0.45603
vt 0.91437 0.45873
vt 0.91656 0.45630
vt 0.78131 0.07165
vt 0.77772 0.07071
vt 0.77642 0.07898
vt 0.78008 0.07946
vt 0.91113 0.45655
vt 0.91034 0.45684
vt 0.91121 0.46043
vt 0.91299 0.45977
vt 0.90953 0.45688
vt 0.90948 0.46052
vt 0.91121 0.46043
vt 0.77743 0.40934
vt 0.77675 0.40516
vt 0.77308 0.40528
vt 0.77377 0.40963
vt 0.87958 0.45279
vt 0.87915 0.45639
vt 0.77900 0.43930
vt 0.77903 0.43962
vt 0.78255 0.44304
vt 0.78253 0.44275
vt 0.78797 0.44032
vt 0.78702 0.44384
vt 0.81211 0.44726
vt 0.78489 0.43913
vt 0.78258 0.43687
vt 0.77944 0.43890
vt 0.78282 0.44222
vt 0.77590 0.42672
vt 0.77590 0.42726
vt 0.77723 0.43541
vt 0.77722 0.43501
vt 0.78131 0.43380
vt 0.78008 0.42599
vt 0.77642 0.42647
vt 0.77772 0.43474
vt 0.77877 0.41774
vt 0.77377 0.40963
vt 0.77511 0.41815
vt 0.77458 0.41843
vt 0.77324 0.40997
vt 0.77322 0.41087
vt 0.77455 0.41911
vt 0.77624 0.40208
vt 0.77257 0.40201
vt 0.77308 0.40528
vt 0.77595 0.25702
vt 0.77580 0.25273
vt 0.77212 0.25273
vt 0.77227 0.25728
vt 0.92588 0.25273
vt 0.92913 0.25273
vt 0.92852 0.24877
vt 0.92525 0.24875
vt 0.77256 0.09977
vt 0.77257 0.09865
vt 0.77205 0.10165
vt 0.77204 0.10299
vt 0.77743 0.09611
vt 0.77377 0.09582
vt 0.77308 0.10017
vt 0.77675 0.10029
vt 0.77324 0.09548
vt 0.77322 0.09458
vt 0.77257 0.09865
vt 0.77256 0.09977
vt 0.77642 0.07898
vt 0.77511 0.08730
vt 0.77877 0.08771
vt 0.84610 0.05722
vt 0.84563 0.05363
vt 0.81211 0.05819
vt 0.81260 0.06178
vt 0.77595 0.24843
vt 0.77227 0.24817
vt 0.77212 0.25273
vt 0.78258 0.06858
vt 0.77944 0.06655
vt 0.78797 0.06513
vt 0.78702 0.06161
vt 0.78282 0.06324
vt 0.78489 0.06632
vt 0.81211 0.05819
vt 0.87958 0.05266
vt 0.87915 0.04906
vt 0.87904 0.04849
vt 0.87890 0.04831
vt 0.84548 0.05291
vt 0.84554 0.05306
vt 0.91034 0.04861
vt 0.91121 0.04503
vt 0.90948 0.04493
vt 0.90953 0.04857
vt 0.78689 0.06106
vt 0.81204 0.05764
vt 0.81203 0.05750
vt 0.78691 0.06091
vt 0.91113 0.04890
vt 0.91299 0.04568
vt 0.91121 0.04503
vt 0.77624 0.24452
vt 0.77257 0.24413
vt 0.77227 0.24817
vt 0.91344 0.05120
vt 0.91656 0.04915
vt 0.91437 0.04672
vt 0.91183 0.04942
vt 0.92101 0.05952
vt 0.92429 0.05772
vt 0.91886 0.05169
vt 0.91584 0.05384
vt 0.92875 0.25651
vt 0.92820 0.26001
vt 0.92751 0.25932
vt 0.92803 0.25602
vt 0.92875 0.24894
vt 0.92803 0.24943
vt 0.92751 0.24613
vt 0.92820 0.24544
vt 0.92852 0.24877
vt 0.92797 0.24520
vt 0.92477 0.24520
vt 0.92797 0.24520
vt 0.92604 0.24155
vt 0.92280 0.24163
vt 0.92458 0.05716
vt 0.92403 0.05625
vt 0.91870 0.05061
vt 0.91914 0.05119
vt 0.91584 0.45161
vt 0.91886 0.45376
vt 0.77308 0.10017
vt 0.77257 0.10344
vt 0.77624 0.10337
vt 0.77624 0.26093
vt 0.77227 0.25728
vt 0.77257 0.26132
vt 0.91914 0.45426
vt 0.91687 0.45676
vt 0.91646 0.45725
vt 0.91870 0.45484
vt 0.92820 0.26001
vt 0.92632 0.26355
vt 0.92577 0.26249
vt 0.84554 0.45239
vt 0.81204 0.44781
vt 0.81203 0.44795
vt 0.84548 0.45254
vt 0.90941 0.46111
vt 0.87904 0.45696
vt 0.87890 0.45714
vt 0.90921 0.46132
vt 0.77256 0.40568
vt 0.77257 0.40680
vt 0.77511 0.41815
vt 0.77642 0.42647
vt 0.91461 0.45925
vt 0.91422 0.45965
vt 0.91314 0.46037
vt 0.91282 0.46075
vt 0.78253 0.44275
vt 0.78691 0.44454
vt 0.78689 0.44439
vt 0.91125 0.46107
vt 0.91101 0.46145
vt 0.91314 0.46037
vt 0.84563 0.45182
vt 0.92632 0.26355
vt 0.92458 0.26683
vt 0.92403 0.26566
vt 0.92934 0.25273
vt 0.92875 0.25651
vt 0.92854 0.25273
vt 0.78689 0.44439
vt 0.81204 0.44781
vt 0.77204 0.40246
vt 0.77205 0.40380
vt 0.78702 0.44384
vt 0.91125 0.46107
vt 0.77772 0.43474
vt 0.92429 0.23823
vt 0.92101 0.23824
vt 0.92820 0.24544
vt 0.92577 0.24296
vt 0.92632 0.24190
vt 0.92852 0.25668
vt 0.92913 0.25273
vt 0.92064 0.44686
vt 0.92403 0.44920
vt 0.91870 0.45484
vt 0.91547 0.45237
vt 0.92391 0.25904
vt 0.92751 0.25932
vt 0.92577 0.26249
vt 0.92221 0.26214
vt 0.84597 0.44864
vt 0.84548 0.45254
vt 0.81203 0.44795
vt 0.81255 0.44411
vt 0.87936 0.45320
vt 0.87890 0.45714
vt 0.77733 0.41057
vt 0.77322 0.41087
vt 0.77257 0.40680
vt 0.77662 0.40670
vt 0.77609 0.25987
vt 0.77205 0.26026
vt 0.77176 0.25665
vt 0.77578 0.25637
vt 0.77870 0.41869
vt 0.77455 0.41911
vt 0.91133 0.45668
vt 0.91422 0.45965
vt 0.91282 0.46075
vt 0.91066 0.45714
vt 0.91101 0.46145
vt 0.90993 0.45739
vt 0.90921 0.46132
vt 0.90918 0.45742
vt 0.91646 0.45725
vt 0.91330 0.45458
vt 0.92485 0.25273
vt 0.92854 0.25273
vt 0.92803 0.25602
vt 0.92432 0.25600
vt 0.78795 0.44077
vt 0.78691 0.44454
vt 0.78255 0.44304
vt 0.78489 0.43958
vt 0.77903 0.43962
vt 0.78258 0.43734
vt 0.77723 0.43541
vt 0.78131 0.43440
vt 0.92403 0.26566
vt 0.92064 0.26523
vt 0.77590 0.42726
vt 0.78004 0.42676
vt 0.77162 0.25273
vt 0.77565 0.25273
vt 0.77205 0.40380
vt 0.77609 0.40390
vt 0.90948 0.04493
vt 0.87915 0.04906
vt 0.77204 0.26110
vt 0.77175 0.25715
vt 0.77176 0.25665
vt 0.77205 0.26026
vt 0.77511 0.08730
vt 0.77377 0.09582
vt 0.77458 0.08702
vt 0.77590 0.07873
vt 0.77590 0.07819
vt 0.77455 0.08634
vt 0.77204 0.24435
vt 0.77205 0.24519
vt 0.77176 0.24880
vt 0.77175 0.24830
vt 0.77324 0.09548
vt 0.91125 0.04438
vt 0.91314 0.04508
vt 0.91282 0.04470
vt 0.91101 0.04400
vt 0.91299 0.04568
vt 0.91314 0.04508
vt 0.91461 0.04620
vt 0.91422 0.04580
vt 0.90941 0.04434
vt 0.90921 0.04413
vt 0.87904 0.04849
vt 0.91687 0.04870
vt 0.91646 0.04820
vt 0.91461 0.04620
vt 0.92875 0.24894
vt 0.77900 0.06615
vt 0.78253 0.06270
vt 0.78255 0.06241
vt 0.77903 0.06583
vt 0.77722 0.07044
vt 0.77723 0.07004
vt 0.78253 0.06270
vt 0.78689 0.06106
vt 0.78282 0.06324
vt 0.77944 0.06655
vt 0.92632 0.24190
vt 0.92403 0.23979
vt 0.92458 0.23862
vt 0.77590 0.07873
vt 0.77721 0.07044
vt 0.77175 0.25715
vt 0.77160 0.25273
vt 0.77162 0.25273
vt 0.77160 0.25273
vt 0.90941 0.04434
vt 0.91125 0.04438
vt 0.91914 0.05119
vt 0.92064 0.05859
vt 0.91547 0.05308
vt 0.91870 0.05061
vt 0.92403 0.05625
vt 0.92391 0.24641
vt 0.92221 0.24331
vt 0.92577 0.24296
vt 0.92751 0.24613
vt 0.84597 0.05681
vt 0.81255 0.06134
vt 0.81203 0.05750
vt 0.84548 0.05291
vt 0.87936 0.05225
vt 0.87890 0.04831
vt 0.77733 0.09488
vt 0.77662 0.09875
vt 0.77257 0.09865
vt 0.77322 0.09458
vt 0.77609 0.24558
vt 0.77578 0.24908
vt 0.77176 0.24880
vt 0.77205 0.24519
vt 0.77870 0.08677
vt 0.77455 0.08634
vt 0.91133 0.04877
vt 0.91066 0.04831
vt 0.91282 0.04470
vt 0.91422 0.04580
vt 0.90993 0.04806
vt 0.91101 0.04400
vt 0.90918 0.04803
vt 0.90921 0.04413
vt 0.91330 0.05087
vt 0.91646 0.04820
vt 0.92432 0.24945
vt 0.92803 0.24943
vt 0.78795 0.06468
vt 0.78489 0.06587
vt 0.78255 0.06241
vt 0.78691 0.06091
vt 0.78258 0.06811
vt 0.77903 0.06583
vt 0.78131 0.07106
vt 0.77723 0.07004
vt 0.92064 0.24022
vt 0.92403 0.23979
vt 0.78004 0.07869
vt 0.77590 0.07819
vt 0.77609 0.10155
vt 0.77205 0.10166
vt 0.92101 0.44593
vt 0.92429 0.44773
vt 0.91914 0.45426
vt 0.92458 0.44829
vt 0.92429 0.44773
vt 0.91886 0.45376
vt 0.77256 0.40568
vt 0.77324 0.40997
vt 0.77377 0.40963
vt 0.77308 0.40528
vt 0.91687 0.45676
vt 0.91914 0.45426
vt 0.91656 0.45630
vt 0.92875 0.25651
vt 0.92934 0.25273
vt 0.92913 0.25273
vt 0.92852 0.25668
vt 0.77944 0.43890
vt 0.77772 0.43474
vt 0.77722 0.43501
vt 0.77900 0.43930
vt 0.77227 0.24817
vt 0.77257 0.24413
vt 0.77204 0.24435
vt 0.77175 0.24830
vt 0.77377 0.09582
vt 0.77511 0.08730
vt 0.77458 0.08702
vt 0.77324 0.09548
vt 0.87915 0.04906
vt 0.90948 0.04493
vt 0.90941 0.04434
vt 0.87904 0.04849
vt 0.92852 0.24877
vt 0.92913 0.25273
vt 0.92875 0.24894
vt 0.77212 0.25273
vt 0.77227 0.24817
vt 0.77160 0.25273
vt 0.77204 0.40246
vt 0.77308 0.40528
vt 0.77257 0.40201
vt 0.92429 0.23823
vt 0.92604 0.24155
vt 0.92632 0.24190
vt 0.92458 0.23862
vt 0.92632 0.26355
vt 0.92820 0.26001
vt 0.92797 0.26025
vt 0.92604 0.26390
vt 0.81204 0.44781
vt 0.84554 0.45239
vt 0.84563 0.45182
vt 0.81211 0.44726
vt 0.91437 0.45873
vt 0.91299 0.45977
vt 0.91314 0.46037
vt 0.91461 0.45925
vt 0.77642 0.42647
vt 0.77511 0.41815
vt 0.77458 0.41843
vt 0.77590 0.42672
vt 0.81211 0.05819
vt 0.84563 0.05363
vt 0.84554 0.05306
vt 0.81204 0.05764
vt 0.77721 0.07044
vt 0.77590 0.07873
vt 0.77642 0.07898
vt 0.77772 0.07071
vt 0.87904 0.45696
vt 0.87915 0.45639
vt 0.84563 0.45182
vt 0.77511 0.41815
vt 0.77377 0.40963
vt 0.91121 0.46043
vt 0.91125 0.46107
vt 0.91314 0.46037
vt 0.91121 0.46043
vt 0.90948 0.46052
vt 0.90941 0.46111
vt 0.91125 0.46107
vt 0.78702 0.44384
vt 0.78282 0.44222
vt 0.78253 0.44275
vt 0.78689 0.44439
vt 0.78253 0.44275
vt 0.81211 0.44726
vt 0.78702 0.44384
vt 0.78689 0.44439
vt 0.81204 0.44781
vt 0.92458 0.26683
vt 0.92632 0.26355
vt 0.92429 0.26722
vt 0.77772 0.43474
vt 0.77642 0.42647
vt 0.92820 0.26001
vt 0.92875 0.25651
vt 0.92852 0.25668
vt 0.77160 0.25273
vt 0.77175 0.25715
vt 0.77227 0.25728
vt 0.77212 0.25273
vt 0.91886 0.05169
vt 0.92429 0.05772
vt 0.92458 0.05716
vt 0.91914 0.05119
vt 0.87915 0.04906
vt 0.87904 0.04849
vt 0.77308 0.10017
vt 0.77377 0.09582
vt 0.77324 0.09548
vt 0.77256 0.09977
vt 0.91461 0.04620
vt 0.91314 0.04508
vt 0.91299 0.04568
vt 0.91437 0.04672
vt 0.91314 0.04508
vt 0.91125 0.04438
vt 0.91121 0.04503
vt 0.91299 0.04568
vt 0.91125 0.04438
vt 0.90941 0.04434
vt 0.90948 0.04493
vt 0.91121 0.04503
vt 0.91656 0.04915
vt 0.91914 0.05119
vt 0.91687 0.04870
vt 0.78689 0.06106
vt 0.78253 0.06270
vt 0.78282 0.06324
vt 0.78702 0.06161
vt 0.78253 0.06270
vt 0.77900 0.06615
vt 0.77944 0.06655
vt 0.78282 0.06324
vt 0.78689 0.06106
vt 0.81211 0.05819
vt 0.77722 0.07044
vt 0.77944 0.06655
vt 0.91461 0.04620
vt 0.92797 0.24520
vt 0.92852 0.24877
vt 0.92875 0.24894
vt 0.92820 0.24544
vt 0.77257 0.10344
vt 0.77308 0.10017
vt 0.77256 0.09977
vt 0.77204 0.10299
vt 0.77590 0.07873
vt 0.77511 0.08730
vt 0.77642 0.07898
vt 0.77175 0.25715
vt 0.77204 0.26110
vt 0.77257 0.26132
vt 0.77227 0.25728
vt 0.92797 0.24520
vt 0.92820 0.24544
vt 0.92632 0.24190
f 6123/6123 6124/6124 6125/6125
f 6123/6123 6125/6125 6126/6126
f 6126/6126 6125/6125 6127/6127
f 6126/6126 6127/6127 6128/6128
f 6128/6128 6127/6127 6129/6129
f 6128/6128 6129/6129 6130/6130
f 6130/6130 6129/6129 6131/6131
f 6130/6130 6131/6131 6132/6132
f 6133/6133 6134/6134 6135/6135
f 6133/6133 6135/6135 6136/6136
f 6136/6136 6135/6135 6137/6137
f 6136/6136 6137/6137 6138/6138
f 6138/6138 6137/6137 6139/6139
f 6138/6138 6139/6139 6140/6140
f 6141/6141 6140/6140 6139/6139
f 6141/6141 6139/6139 6142/6142
f 6143/6143 6141/6141 6142/6142
f 6143/6143 6142/6142 6144/6144
f 6145/6145 6143/6143 6144/6144
f 6145/6145 6144/6144 6146/6146
f 6145/6145 6146/6146 6147/6147
f 6145/6145 6147/6147 6148/6148
f 6148/6148 6147/6147 6149/6149
f 6148/6148 6149/6149 6150/6150
f 6150/6150 6149/6149 6151/6151
f 6150/6150 6151/6151 6152/6152
f 6153/6153 6152/6152 6151/6151
f 6153/6153 6151/6151 6154/6154
f 6155/6155 6153/6153 6154/6154
f 6155/6155 6154/6154 6156/6156
f 6157/6157 6155/6155 6156/6156
f 6157/6157 6156/6156 6158/6158
f 6159/6159 6157/6157 6158/6158
f 6159/6159 6158/6158 6160/6160
f 6161/6161 6159/6159 6160/6160
f 6161/6161 6160/6160 6162/6162
f 6163/6163 6161/6161 6162/6162
f 6163/6163 6162/6162 6164/6164
f 6163/6163 6164/6164 6165/6165
f 6163/6163 6165/6165 6166/6166
f 6166/6166 6165/6165 6167/6167
f 6166/6166 6167/6167 6168/6168
f 6168/6168 6167/6167 6169/6169
f 6168/6168 6169/6169 6170/6170
f 6171/6171 6172/6172 6173/6173
f 6171/6171 6173/6173 6174/6174
f 6174/6174 6173/6173 6175/6175
f 6174/6174 6175/6175 6176/6176
f 6123/6123 6177/6177 6178/6178
f 6123/6123 6178/6178 6124/6124
f 6177/6177 6179/6179 6180/6180
f 6177/6177 6180/6180 6178/6178
f 6179/6179 6181/6181 6182/6182
f 6179/6179 6182/6182 6180/6180
f 6181/6181 6183/6183 6184/6184
f 6181/6181 6184/6184 6182/6182
f 6185/6185 6186/6186 6187/6187
f 6185/6185 6187/6187 6188/6188
f 6186/6186 6189/6189 6190/6190
f 6186/6186 6190/6190 6187/6187
f 6189/6189 6191/6191 6192/6192
f 6189/6189 6192/6192 6190/6190
f 6193/6193 6194/6194 6192/6192
f 6193/6193 6192/6192 6191/6191
f 6195/6195 6196/6196 6194/6194
f 6195/6195 6194/6194 6193/6193
f 6197/6197 6198/6198 6196/6196
f 6197/6197 6196/6196 6195/6195
f 6197/6197 6199/6199 6200/6200
f 6197/6197 6200/6200 6198/6198
f 6199/6199 6201/6201 6202/6202
f 6199/6199 6202/6202 6200/6200
f 6201/6201 6203/6203 6204/6204
f 6201/6201 6204/6204 6202/6202
f 6205/6205 6206/6206 6204/6204
f 6205/6205 6204/6204 6203/6203
f 6207/6207 6208/6208 6206/6206
f 6207/6207 6206/6206 6205/6205
f 6209/6209 6210/6210 6208/6208
f 6209/6209 6208/6208 6207/6207
f 6211/6211 6212/6212 6210/6210
f 6211/6211 6210/6210 6209/6209
f 6213/6213 6214/6214 6212/6212
f 6213/6213 6212/6212 6211/6211
f 6215/6215 6216/6216 6214/6214
f 6215/6215 6214/6214 6213/6213
f 6215/6215 6217/6217 6218/6218
f 6215/6215 6218/6218 6216/6216
f 6217/6217 6219/6219 6220/6220
f 6217/6217 6220/6220 6218/6218
f 6219/6219 6221/6221 6222/6222
f 6219/6219 6222/6222 6220/6220
f 6223/6223 6224/6224 6225/6225
f 6223/6223 6225/6225 6226/6226
f 6224/6224 6176/6176 6175/6175
f 6224/6224 6175/6175 6225/6225
f 6227/6227 6228/6228 6229/6229
f 6227/6227 6229/6229 6230/6230
f 6231/6231 6232/6232 6233/6233
f 6231/6231 6233/6233 6234/6234
f 6235/6235 6236/6236 6237/6237
f 6235/6235 6237/6237 6238/6238
f 6239/6239 6240/6240 6241/6241
f 6239/6239 6241/6241 6242/6242
f 6243/6243 6244/6244 6245/6245
f 6243/6243 6245/6245 6246/6246
f 6247/6247 6248/6248 6249/6249
f 6247/6247 6249/6249 6250/6250
f 6251/6251 6252/6252 6253/6253
f 6251/6251 6253/6253 6254/6254
f 6252/6252 6255/6255 6256/6256
f 6252/6252 6256/6256 6257/6257
f 6258/6258 6259/6259 6260/6260
f 6258/6258 6260/6260 6261/6261
f 6255/6255 6262/6262 6263/6263
f 6255/6255 6263/6263 6256/6256
f 6244/6244 6251/6251 6254/6254
f 6244/6244 6254/6254 6245/6245
f 6264/6264 6265/6265 6266/6266
f 6264/6264 6266/6266 6267/6267
f 6232/6232 6268/6268 6269/6269
f 6232/6232 6269/6269 6270/6270
f 6271/6271 6272/6272 6273/6273
f 6271/6271 6273/6273 6274/6274
f 6275/6275 6276/6276 6277/6277
f 6275/6275 6277/6277 6278/6278
f 6279/6279 6280/6280 6281/6281
f 6279/6279 6281/6281 6282/6282
f 6228/6228 6235/6235 6238/6238
f 6228/6228 6238/6238 6229/6229
f 6283/6283 6258/6258 6284/6284
f 6283/6283 6284/6284 6285/6285
f 6286/6286 6287/6287 6288/6288
f 6286/6286 6288/6288 6289/6289
f 6259/6259 6290/6290 6291/6291
f 6259/6259 6291/6291 6292/6292
f 6293/6293 6294/6294 6295/6295
f 6293/6293 6295/6295 6296/6296
f 6297/6297 6298/6298 6299/6299
f 6297/6297 6299/6299 6300/6300
f 6301/6301 6302/6302 6303/6303
f 6301/6301 6303/6303 6304/6304
f 6305/6305 6306/6306 6307/6307
f 6305/6305 6307/6307 6308/6308
f 6309/6309 6310/6310 6311/6311
f 6309/6309 6311/6311 6312/6312
f 6250/6250 6313/6313 6314/6314
f 6250/6250 6314/6314 6315/6315
f 6316/6316 6317/6317 6318/6318
f 6316/6316 6318/6318 6319/6319
f 6320/6320 6321/6321 6322/6322
f 6320/6320 6322/6322 6294/6294
f 6323/6323 6324/6324 6248/6248
f 6323/6323 6248/6248 6247/6247
f 6325/6325 6326/6326 6327/6327
f 6325/6325 6327/6327 6328/6328
f 6319/6319 6329/6329 6326/6326
f 6319/6319 6326/6326 6325/6325
f 6330/6330 6331/6331 6317/6317
f 6330/6330 6317/6317 6316/6316
f 6332/6332 6333/6333 6334/6334
f 6332/6332 6334/6334 6335/6335
f 6336/6336 6337/6337 6338/6338
f 6336/6336 6338/6338 6339/6339
f 6340/6340 6341/6341 6342/6342
f 6340/6340 6342/6342 6343/6343
f 6344/6344 6345/6345 6346/6346
f 6344/6344 6346/6346 6336/6336
f 6347/6347 6348/6348 6349/6349
f 6347/6347 6349/6349 6320/6320
f 6350/6350 6351/6351 6352/6352
f 6350/6350 6352/6352 6353/6353
f 6354/6354 6355/6355 6356/6356
f 6354/6354 6356/6356 6357/6357
f 6358/6358 6359/6359 6360/6360
f 6358/6358 6360/6360 6361/6361
f 6362/6362 6363/6363 6364/6364
f 6362/6362 6364/6364 6365/6365
f 6300/6300 6366/6366 6367/6367
f 6300/6300 6367/6367 6368/6368
f 6368/6368 6369/6369 6370/6370
f 6368/6368 6370/6370 6371/6371
f 6372/6372 6373/6373 6374/6374
f 6372/6372 6374/6374 6375/6375
f 6376/6376 6243/6243 6246/6246
f 6376/6376 6246/6246 6377/6377
f 6308/6308 6378/6378 6379/6379
f 6308/6308 6379/6379 6380/6380
f 6381/6381 6293/6293 6382/6382
f 6381/6381 6382/6382 6383/6383
f 6384/6384 6385/6385 6386/6386
f 6384/6384 6386/6386 6387/6387
f 6388/6388 6389/6389 6390/6390
f 6388/6388 6390/6390 6360/6360
f 6391/6391 6392/6392 6393/6393
f 6391/6391 6393/6393 6394/6394
f 6395/6395 6396/6396 6397/6397
f 6395/6395 6397/6397 6398/6398
f 6287/6287 6399/6399 6400/6400
f 6287/6287 6400/6400 6288/6288
f 6280/6280 6283/6283 6401/6401
f 6280/6280 6401/6401 6402/6402
f 6385/6385 6403/6403 6404/6404
f 6385/6385 6404/6404 6386/6386
f 6405/6405 6406/6406 6404/6404
f 6405/6405 6404/6404 6403/6403
f 6407/6407 6266/6266 6408/6408
f 6407/6407 6408/6408 6409/6409
f 6410/6410 6411/6411 6406/6406
f 6410/6410 6406/6406 6412/6412
f 6262/6262 6231/6231 6413/6413
f 6262/6262 6413/6413 6263/6263
f 6414/6414 6415/6415 6416/6416
f 6414/6414 6416/6416 6390/6390
f 6417/6417 6418/6418 6361/6361
f 6417/6417 6361/6361 6419/6419
f 6420/6420 6408/6408 6393/6393
f 6420/6420 6393/6393 6421/6421
f 6399/6399 6422/6422 6423/6423
f 6399/6399 6423/6423 6400/6400
f 6268/6268 6271/6271 6274/6274
f 6268/6268 6274/6274 6424/6424
f 6278/6278 6277/6277 6265/6265
f 6278/6278 6265/6265 6264/6264
f 6396/6396 6391/6391 6394/6394
f 6396/6396 6394/6394 6397/6397
f 6395/6395 6398/6398 6411/6411
f 6395/6395 6411/6411 6425/6425
f 6272/6272 6279/6279 6426/6426
f 6272/6272 6426/6426 6273/6273
f 6371/6371 6370/6370 6427/6427
f 6371/6371 6427/6427 6428/6428
f 6429/6429 6364/6364 6430/6430
f 6429/6429 6430/6430 6431/6431
f 6297/6297 6227/6227 6432/6432
f 6297/6297 6432/6432 6433/6433
f 6286/6286 6289/6289 6276/6276
f 6286/6286 6276/6276 6275/6275
f 6434/6434 6435/6435 6436/6436
f 6434/6434 6436/6436 6437/6437
f 6438/6438 6439/6439 6440/6440
f 6438/6438 6440/6440 6441/6441
f 6442/6442 6443/6443 6444/6444
f 6442/6442 6444/6444 6445/6445
f 6446/6446 6447/6447 6443/6443
f 6446/6446 6443/6443 6442/6442
f 6448/6448 6449/6449 6450/6450
f 6448/6448 6450/6450 6451/6451
f 6452/6452 6453/6453 6454/6454
f 6452/6452 6454/6454 6455/6455
f 6456/6456 6457/6457 6449/6449
f 6456/6456 6449/6449 6448/6448
f 6458/6458 6459/6459 6460/6460
f 6458/6458 6460/6460 6461/6461
f 6461/6461 6460/6460 6462/6462
f 6461/6461 6462/6462 6463/6463
f 6463/6463 6462/6462 6464/6464
f 6463/6463 6464/6464 6465/6465
f 6465/6465 6464/6464 6447/6447
f 6465/6465 6447/6447 6446/6446
f 6437/6437 6436/6436 6466/6466
f 6437/6437 6466/6466 6467/6467
f 6468/6468 6469/6469 6470/6470
f 6468/6468 6470/6470 6471/6471
f 6472/6472 6473/6473 6474/6474
f 6472/6472 6474/6474 6475/6475
f 6475/6475 6474/6474 6476/6476
f 6475/6475 6476/6476 6477/6477
f 6445/6445 6444/6444 6473/6473
f 6445/6445 6473/6473 6472/6472
f 6477/6477 6476/6476 6478/6478
f 6477/6477 6478/6478 6479/6479
f 6441/6441 6440/6440 6480/6480
f 6441/6441 6480/6480 6481/6481
f 6479/6479 6478/6478 6482/6482
f 6479/6479 6482/6482 6483/6483
f 6467/6467 6466/6466 6459/6459
f 6467/6467 6459/6459 6458/6458
f 6471/6471 6470/6470 6439/6439
f 6471/6471 6439/6439 6438/6438
f 6455/6455 6454/6454 6484/6484
f 6455/6455 6484/6484 6485/6485
f 6451/6451 6450/6450 6486/6486
f 6451/6451 6486/6486 6487/6487
f 6483/6483 6482/6482 6457/6457
f 6483/6483 6457/6457 6456/6456
f 6339/6339 6488/6488 6489/6489
f 6339/6339 6489/6489 6330/6330
f 6490/6490 6491/6491 6492/6492
f 6490/6490 6492/6492 6493/6493
f 6335/6335 6334/6334 6342/6342
f 6335/6335 6342/6342 6341/6341
f 6315/6315 6494/6494 6495/6495
f 6315/6315 6495/6495 6305/6305
f 6496/6496 6497/6497 6498/6498
f 6496/6496 6498/6498 6499/6499
f 6500/6500 6501/6501 6502/6502
f 6500/6500 6502/6502 6503/6503
f 6496/6496 6499/6499 6310/6310
f 6496/6496 6310/6310 6504/6504
f 6505/6505 6506/6506 6507/6507
f 6505/6505 6507/6507 6508/6508
f 6353/6353 6352/6352 6509/6509
f 6353/6353 6509/6509 6344/6344
f 6510/6510 6511/6511 6512/6512
f 6510/6510 6512/6512 6507/6507
f 6513/6513 6514/6514 6333/6333
f 6513/6513 6333/6333 6515/6515
f 6516/6516 6517/6517 6512/6512
f 6516/6516 6512/6512 6518/6518
f 6417/6417 6419/6419 6363/6363
f 6417/6417 6363/6363 6519/6519
f 6520/6520 6521/6521 6522/6522
f 6520/6520 6522/6522 6523/6523
f 6524/6524 6520/6520 6523/6523
f 6524/6524 6523/6523 6525/6525
f 6526/6526 6527/6527 6343/6343
f 6526/6526 6343/6343 6522/6522
f 6328/6328 6528/6528 6529/6529
f 6328/6328 6529/6529 6323/6323
f 6530/6530 6430/6430 6531/6531
f 6530/6530 6531/6531 6532/6532
f 6533/6533 6534/6534 6525/6525
f 6533/6533 6525/6525 6498/6498
f 6357/6357 6356/6356 6351/6351
f 6357/6357 6351/6351 6350/6350
f 6535/6535 6536/6536 6537/6537
f 6535/6535 6537/6537 6492/6492
f 6503/6503 6502/6502 6537/6537
f 6503/6503 6537/6537 6538/6538
f 6539/6539 6540/6540 6508/6508
f 6539/6539 6508/6508 6514/6514
f 6541/6541 6374/6374 6517/6517
f 6541/6541 6517/6517 6516/6516
f 6542/6542 6543/6543 6544/6544
f 6542/6542 6544/6544 6545/6545
f 6546/6546 6547/6547 6548/6548
f 6546/6546 6548/6548 6549/6549
f 6550/6550 6551/6551 6552/6552
f 6550/6550 6552/6552 6553/6553
f 6554/6554 6550/6550 6553/6553
f 6554/6554 6553/6553 6555/6555
f 6556/6556 6557/6557 6558/6558
f 6556/6556 6558/6558 6559/6559
f 6560/6560 6561/6561 6562/6562
f 6560/6560 6562/6562 6563/6563
f 6564/6564 6556/6556 6559/6559
f 6564/6564 6559/6559 6565/6565
f 6566/6566 6567/6567 6568/6568
f 6566/6566 6568/6568 6569/6569
f 6567/6567 6570/6570 6571/6571
f 6567/6567 6571/6571 6568/6568
f 6570/6570 6572/6572 6573/6573
f 6570/6570 6573/6573 6571/6571
f 6572/6572 6554/6554 6555/6555
f 6572/6572 6555/6555 6573/6573
f 6543/6543 6574/6574 6575/6575
f 6543/6543 6575/6575 6544/6544
f 6468/6468 6576/6576 6577/6577
f 6468/6468 6577/6577 6469/6469
f 6578/6578 6579/6579 6580/6580
f 6578/6578 6580/6580 6581/6581
f 6579/6579 6582/6582 6583/6583
f 6579/6579 6583/6583 6580/6580
f 6551/6551 6578/6578 6581/6581
f 6551/6551 6581/6581 6552/6552
f 6582/6582 6584/6584 6585/6585
f 6582/6582 6585/6585 6583/6583
f 6547/6547 6586/6586 6587/6587
f 6547/6547 6587/6587 6548/6548
f 6584/6584 6588/6588 6589/6589
f 6584/6584 6589/6589 6585/6585
f 6574/6574 6566/6566 6569/6569
f 6574/6574 6569/6569 6575/6575
f 6576/6576 6546/6546 6549/6549
f 6576/6576 6549/6549 6577/6577
f 6561/6561 6485/6485 6484/6484
f 6561/6561 6484/6484 6562/6562
f 6557/6557 6590/6590 6591/6591
f 6557/6557 6591/6591 6558/6558
f 6588/6588 6564/6564 6565/6565
f 6588/6588 6565/6565 6589/6589
f 6592/6592 6376/6376 6377/6377
f 6592/6592 6377/6377 6593/6593
f 6594/6594 6595/6595 6596/6596
f 6594/6594 6596/6596 6597/6597
f 6598/6598 6599/6599 6600/6600
f 6598/6598 6600/6600 6601/6601
f 6602/6602 6603/6603 6597/6597
f 6602/6602 6597/6597 6604/6604
f 6605/6605 6606/6606 6607/6607
f 6605/6605 6607/6607 6608/6608
f 6609/6609 6610/6610 6611/6611
f 6609/6609 6611/6611 6612/6612
f 6613/6613 6614/6614 6615/6615
f 6613/6613 6615/6615 6616/6616
f 6617/6617 6618/6618 6619/6619
f 6617/6617 6619/6619 6620/6620
f 6621/6621 6622/6622 6623/6623
f 6621/6621 6623/6623 6624/6624
f 6625/6625 6626/6626 6606/6606
f 6625/6625 6606/6606 6627/6627
f 6628/6628 6629/6629 6616/6616
f 6628/6628 6616/6616 6630/6630
f 6631/6631 6598/6598 6632/6632
f 6631/6631 6632/6632 6633/6633
f 6634/6634 6635/6635 6636/6636
f 6634/6634 6636/6636 6637/6637
f 6638/6638 6639/6639 6640/6640
f 6638/6638 6640/6640 6641/6641
f 6642/6642 6643/6643 6644/6644
f 6642/6642 6644/6644 6645/6645
f 6646/6646 6647/6647 6648/6648
f 6646/6646 6648/6648 6649/6649
f 6650/6650 6651/6651 6652/6652
f 6650/6650 6652/6652 6653/6653
f 6654/6654 6655/6655 6656/6656
f 6654/6654 6656/6656 6657/6657
f 6658/6658 6659/6659 6660/6660
f 6658/6658 6660/6660 6661/6661
f 6643/6643 6662/6662 6663/6663
f 6643/6643 6663/6663 6664/6664
f 6599/6599 6652/6652 6665/6665
f 6599/6599 6665/6665 6666/6666
f 6647/6647 6667/6667 6668/6668
f 6647/6647 6668/6668 6669/6669
f 6670/6670 6671/6671 6672/6672
f 6670/6670 6672/6672 6673/6673
f 6662/6662 6672/6672 6671/6671
f 6662/6662 6671/6671 6663/6663
f 6674/6674 6675/6675 6676/6676
f 6674/6674 6676/6676 6677/6677
f 6675/6675 6609/6609 6612/6612
f 6675/6675 6612/6612 6678/6678
f 6679/6679 6680/6680 6681/6681
f 6679/6679 6681/6681 6682/6682
f 6683/6683 6684/6684 6641/6641
f 6683/6683 6641/6641 6685/6685
f 6686/6686 6687/6687 6653/6653
f 6686/6686 6653/6653 6611/6611
f 6649/6649 6602/6602 6604/6604
f 6649/6649 6604/6604 6646/6646
f 6688/6688 6689/6689 6690/6690
f 6688/6688 6690/6690 6640/6640
f 6691/6691 6692/6692 6693/6693
f 6691/6691 6693/6693 6694/6694
f 6695/6695 6696/6696 6697/6697
f 6695/6695 6697/6697 6698/6698
f 6655/6655 6699/6699 6700/6700
f 6655/6655 6700/6700 6656/6656
f 6701/6701 6702/6702 6703/6703
f 6701/6701 6703/6703 6704/6704
f 6705/6705 6706/6706 6707/6707
f 6705/6705 6707/6707 6708/6708
f 6709/6709 6710/6710 6711/6711
f 6709/6709 6711/6711 6712/6712
f 6713/6713 6714/6714 6715/6715
f 6713/6713 6715/6715 6716/6716
f 6717/6717 6695/6695 6718/6718
f 6717/6717 6718/6718 6719/6719
f 6720/6720 6721/6721 6722/6722
f 6720/6720 6722/6722 6723/6723
f 6724/6724 6725/6725 6726/6726
f 6724/6724 6726/6726 6727/6727
f 6657/6657 6728/6728 6723/6723
f 6657/6657 6723/6723 6729/6729
f 6725/6725 6730/6730 6661/6661
f 6725/6725 6661/6661 6731/6731
f 6708/6708 6717/6717 6719/6719
f 6708/6708 6719/6719 6732/6732
f 6733/6733 6734/6734 6735/6735
f 6733/6733 6735/6735 6736/6736
f 6737/6737 6738/6738 6739/6739
f 6737/6737 6739/6739 6740/6740
f 6741/6741 6619/6619 6742/6742
f 6741/6741 6742/6742 6743/6743
f 6744/6744 6745/6745 6746/6746
f 6744/6744 6746/6746 6747/6747
f 6635/6635 6748/6748 6749/6749
f 6635/6635 6749/6749 6750/6750
o V1_SailplaneGlider_1_Door_VehiclesGlass_0
usemtl VehiclesGlass
v -11.77451 22.15013 -4.45907
v -10.32209 8.88971 -6.26982
v -11.39782 22.10262 -2.63873
v -9.63518 8.72479 -4.34460
v -10.24023 8.52855 -6.25123
v -12.42703 64.08018 1.58919
v -11.97471 62.59885 3.66627
v -12.21053 65.10405 2.59104
v -11.88343 65.66599 3.95185
v -12.53064 62.72024 1.06279
v -10.10828 8.18040 -6.12378
v -9.94542 7.87132 -5.89286
v -9.52327 7.15868 -5.10414
v -10.86203 22.24832 -4.63805
v -10.50418 22.21586 -2.88948
v -9.43055 9.04235 -6.50678
v -8.71644 8.90830 -4.48104
v -9.35669 8.71321 -6.49524
v -11.51307 64.08358 1.39186
v -11.29848 65.10351 2.38498
v -11.07590 62.60870 3.40873
v -10.98653 65.66821 3.68752
v -11.61656 62.72691 0.86600
v -9.23446 8.38697 -6.38472
v -9.08345 8.09308 -6.17945
v -8.50618 7.21771 -5.25176
v 11.77451 22.15013 -4.45907
v 11.39782 22.10262 -2.63873
v 10.32209 8.88971 -6.26982
v 9.63518 8.72479 -4.34460
v 10.24023 8.52855 -6.25123
v 12.42703 64.08018 1.58919
v 12.21053 65.10405 2.59104
v 11.97471 62.59885 3.66627
v 11.88343 65.66599 3.95185
v 12.53064 62.72024 1.06279
v 10.10828 8.18040 -6.12378
v 9.94542 7.87132 -5.89286
v 9.52327 7.15868 -5.10414
v 10.86203 22.24832 -4.63805
v 9.43055 9.04235 -6.50678
v 10.50418 22.21586 -2.88948
v 8.71644 8.90830 -4.48104
v 9.35669 8.71321 -6.49524
v 11.51307 64.08358 1.39186
v 11.07590 62.60870 3.40873
v 11.29848 65.10351 2.38498
v 10.98653 65.66821 3.68752
v 11.61656 62.72691 0.86600
v 9.23446 8.38697 -6.38472
v 9.08345 8.09308 -6.17945
v 8.50618 7.21771 -5.25176
v -12.77089 51.81060 -0.42130
v -12.52171 36.97809 -2.43845
v -12.02190 36.85019 0.26754
v -12.14476 51.63314 2.36474
v -10.68400 66.21364 7.40915
v -10.73279 62.45634 7.13663
v -9.11673 62.30654 10.71800
v -9.10467 66.79288 11.06481
v -4.91398 3.01456 -0.55594
v -3.33294 2.14021 0.40853
v -3.38709 7.99435 3.36697
v -4.95041 8.11124 2.13072
v -3.48619 21.90405 8.77085
v -5.14958 21.92814 7.39820
v -1.77821 7.96121 3.71817
v 0.00000 7.92458 4.10633
v 0.00000 21.88811 9.69024
v -1.83024 21.89646 9.20786
v -5.42989 50.76803 14.56292
v -3.69635 50.67183 15.91935
v -3.77777 62.02737 17.41307
v -5.42122 62.08232 16.09540
v -1.94058 50.62503 16.57893
v 0.00000 50.58969 17.07748
v 0.00000 61.97558 18.65445
v -1.98332 61.99785 18.12065
v -5.29049 36.44666 11.85450
v -3.59180 36.40149 13.15406
v -1.88569 36.38204 13.71153
v 0.00000 36.36429 14.22202
v -7.00539 67.38491 14.78368
v -7.03551 62.15504 14.34707
v -5.41173 67.68655 16.63443
v -3.63392 67.91218 17.99689
v -1.75906 1.93022 0.59498
v 0.00000 1.64981 0.88804
v -6.40328 8.23876 0.78179
v -8.75379 8.56140 -2.63024
v -8.72761 6.09631 -3.93690
v -6.41287 3.80761 -1.41833
v -6.65454 21.95454 5.89536
v -8.92527 22.01251 2.62633
v -9.14315 51.12702 9.49991
v -6.99908 50.87343 13.07533
v -9.03451 36.61898 6.90070
v -6.82739 36.50093 10.29376
v -10.41533 22.05756 -0.00620
v -10.87635 51.38010 5.93200
v -10.74492 36.73458 3.58412
v -1.90000 68.04111 18.75304
v 0.00000 68.10594 19.17113
v -11.85590 51.83426 -0.61244
v -11.24600 51.66441 2.10868
v -11.12463 36.91713 0.01311
v -11.60595 37.03354 -2.61902
v -9.81376 66.22783 7.06743
v -8.27004 66.82225 10.64436
v -8.28598 62.34289 10.29040
v -9.86611 62.47866 6.78643
v -4.16875 3.27446 -1.11650
v -4.36721 8.41575 1.46630
v -3.00193 8.34647 2.59112
v -2.79563 2.51949 -0.33178
v -4.54415 22.16534 6.72628
v -3.07926 22.18199 7.97623
v -1.58182 8.33891 2.88567
v -1.60312 22.19789 8.35236
v 0.00000 22.19090 8.77503
v 0.00000 8.30546 3.23063
v -4.81208 50.88261 13.87048
v -4.79070 62.15721 15.40901
v -3.31171 62.11857 16.60760
v -3.24382 50.80678 15.11231
v -1.66098 50.77322 15.69907
v -1.69511 62.09941 17.23696
v 0.00000 62.08135 17.69229
v 0.00000 50.74441 16.12486
v -4.68004 36.62213 11.16832
v -3.16204 36.60512 12.34899
v -1.62666 36.60391 12.84091
v 0.00000 36.58942 13.28129
v -6.24678 67.42884 14.23880
v -6.28608 62.21089 13.79073
v -4.77365 67.74322 15.95332
v -3.16518 67.98103 17.19076
v -1.44867 2.34089 -0.20093
v 0.00000 2.10575 0.04484
v -5.66152 8.49793 0.28811
v -5.53707 3.96776 -1.83186
v -7.83081 6.25798 -4.27062
v -7.89433 8.77094 -2.94114
v -8.13857 22.18245 2.15038
v -5.95192 22.16097 5.31401
v -8.32244 51.19349 9.05685
v -6.26566 50.96575 12.50275
v -8.23135 36.73584 6.43641
v -6.10867 36.65060 9.71470
v -9.57314 22.19987 -0.38665
v -10.01549 51.42849 5.57024
v -9.89411 36.82593 3.20724
v -1.61284 68.11650 17.86639
v 0.00000 68.17428 18.21743
v 12.77089 51.81060 -0.42130
v 12.14476 51.63314 2.36474
v 12.02190 36.85019 0.26754
v 12.52171 36.97809 -2.43845
v 10.68400 66.21364 7.40915
v 9.10467 66.79288 11.06481
v 9.11673 62.30654 10.71800
v 10.73279 62.45634 7.13663
v 4.91398 3.01456 -0.55594
v 4.95041 8.11124 2.13072
v 3.38709 7.99435 3.36697
v 3.33294 2.14021 0.40853
v 5.14958 21.92814 7.39820
v 3.48619 21.90405 8.77085
v 1.77821 7.96121 3.71817
v 1.83024 21.89646 9.20786
v 0.00000 21.88811 9.69024
v 0.00000 7.92458 4.10633
v 5.42989 50.76803 14.56292
v 5.42122 62.08232 16.09540
v 3.77777 62.02737 17.41307
v 3.69635 50.67183 15.91935
v 1.94058 50.62503 16.57893
v 1.98332 61.99785 18.12065
v 0.00000 61.97558 18.65445
v 0.00000 50.58969 17.07748
v 5.29049 36.44666 11.85450
v 3.59180 36.40149 13.15406
v 1.88569 36.38204 13.71153
v 0.00000 36.36429 14.22202
v 7.00539 67.38491 14.78368
v 7.03551 62.15504 14.34707
v 5.41173 67.68655 16.63443
v 3.63392 67.91218 17.99689
v 1.75906 1.93022 0.59498
v 0.00000 1.64981 0.88804
v 6.40328 8.23876 0.78179
v 6.41287 3.80761 -1.41833
v 8.72761 6.09631 -3.93690
v 8.75379 8.56140 -2.63024
v 8.92527 22.01251 2.62633
v 6.65454 21.95454 5.89536
v 9.14315 51.12702 9.49991
v 6.99908 50.87343 13.07533
v 9.03451 36.61898 6.90070
v 6.82739 36.50093 10.29376
v 10.41533 22.05756 -0.00620
v 10.87635 51.38010 5.93200
v 10.74492 36.73458 3.58412
v 1.90000 68.04111 18.75304
v 0.00000 68.10594 19.17113
v 11.85590 51.83426 -0.61244
v 11.60595 37.03354 -2.61902
v 11.12463 36.91713 0.01311
v 11.24600 51.66441 2.10868
v 9.81376 66.22783 7.06743
v 9.86611 62.47866 6.78643
v 8.28598 62.34289 10.29040
v 8.27004 66.82225 10.64436
v 4.16875 3.27446 -1.11650
v 2.79563 2.51949 -0.33178
v 3.00193 8.34647 2.59112
v 4.36721 8.41575 1.46630
v 3.07926 22.18199 7.97623
v 4.54415 22.16534 6.72628
v 1.58182 8.33891 2.88567
v 0.00000 8.30546 3.23063
v 0.00000 22.19090 8.77503
v 1.60312 22.19789 8.35236
v 4.81208 50.88261 13.87048
v 3.24382 50.80678 15.11231
v 3.31171 62.11857 16.60760
v 4.79070 62.15721 15.40901
v 1.66098 50.77322 15.69907
v 0.00000 50.74441 16.12486
v 0.00000 62.08135 17.69229
v 1.69511 62.09941 17.23696
v 4.68004 36.62213 11.16832
v 3.16204 36.60512 12.34899
v 1.62666 36.60391 12.84091
v 0.00000 36.58942 13.28129
v 6.24678 67.42884 14.23880
v 6.28608 62.21089 13.79073
v 4.77365 67.74322 15.95332
v 3.16518 67.98103 17.19076
v 1.44867 2.34089 -0.20093
v 0.00000 2.10575 0.04484
v 5.66152 8.49793 0.28811
v 7.89433 8.77094 -2.94114
v 7.83081 6.25798 -4.27062
v 5.53707 3.96776 -1.83186
v 5.95192 22.16097 5.31401
v 8.13857 22.18245 2.15038
v 8.32244 51.19349 9.05685
v 6.26566 50.96575 12.50275
v 8.23135 36.73584 6.43641
v 6.10867 36.65060 9.71470
v 9.57314 22.19987 -0.38665
v 10.01549 51.42849 5.57024
v 9.89411 36.82593 3.20724
v 1.61284 68.11650 17.86639
v 0.00000 68.17428 18.21743
vt 0.27634 0.17769
vt 0.27815 0.20991
vt 0.28055 0.17710
vt 0.28297 0.20960
vt 0.27838 0.21077
vt 0.27605 0.07626
vt 0.28129 0.07896
vt 0.27808 0.07347
vt 0.28111 0.07163
vt 0.27523 0.07967
vt 0.27890 0.21155
vt 0.27966 0.21221
vt 0.28199 0.21363
vt 0.37921 0.10951
vt 0.38324 0.11011
vt 0.38084 0.07740
vt 0.38590 0.07781
vt 0.38105 0.07661
vt 0.37892 0.21069
vt 0.38093 0.21348
vt 0.38401 0.20799
vt 0.38382 0.21530
vt 0.37811 0.20729
vt 0.38152 0.07587
vt 0.38220 0.07524
vt 0.38505 0.07348
vt 0.32849 0.10827
vt 0.33217 0.10902
vt 0.33103 0.07611
vt 0.33544 0.07658
vt 0.33128 0.07526
vt 0.32777 0.20943
vt 0.32957 0.21229
vt 0.33233 0.20694
vt 0.33225 0.21424
vt 0.32703 0.20600
vt 0.33180 0.07449
vt 0.33254 0.07385
vt 0.33473 0.07251
vt 0.47215 0.10788
vt 0.46927 0.07587
vt 0.46868 0.10870
vt 0.46470 0.07654
vt 0.46904 0.07510
vt 0.47432 0.20875
vt 0.46989 0.20633
vt 0.47259 0.21163
vt 0.47008 0.21360
vt 0.47500 0.20532
vt 0.46856 0.07438
vt 0.46789 0.07378
vt 0.46515 0.07215
vt 0.27500 0.10596
vt 0.27538 0.14179
vt 0.28157 0.14105
vt 0.28153 0.10532
vt 0.28950 0.06908
vt 0.28995 0.07804
vt 0.29929 0.07716
vt 0.29874 0.06644
vt 0.29806 0.22220
vt 0.30220 0.22410
vt 0.30654 0.20907
vt 0.30209 0.20907
vt 0.31357 0.17403
vt 0.30874 0.17429
vt 0.30921 0.20924
vt 0.31216 0.20944
vt 0.31966 0.17421
vt 0.31646 0.17412
vt 0.31491 0.10331
vt 0.31981 0.10324
vt 0.31955 0.07584
vt 0.31485 0.07601
vt 0.32329 0.10334
vt 0.32666 0.10350
vt 0.32666 0.07602
vt 0.32317 0.07589
vt 0.31359 0.13821
vt 0.31832 0.13803
vt 0.32152 0.13810
vt 0.32485 0.13822
vt 0.30874 0.06382
vt 0.30930 0.07632
vt 0.31438 0.06258
vt 0.31925 0.06175
vt 0.30453 0.22475
vt 0.30733 0.22556
vt 0.29753 0.20911
vt 0.28760 0.20941
vt 0.28565 0.21577
vt 0.29426 0.22046
vt 0.30383 0.17463
vt 0.29437 0.17550
vt 0.29994 0.10400
vt 0.30994 0.10344
vt 0.29886 0.13929
vt 0.30852 0.13849
vt 0.28715 0.17627
vt 0.29045 0.10463
vt 0.28995 0.14014
vt 0.32285 0.06139
vt 0.32598 0.06135
vt 0.37787 0.18105
vt 0.38424 0.18169
vt 0.38427 0.14605
vt 0.37826 0.14530
vt 0.39202 0.21785
vt 0.40105 0.22050
vt 0.40158 0.20980
vt 0.39244 0.20891
vt 0.39989 0.06524
vt 0.40350 0.07846
vt 0.40747 0.07855
vt 0.40337 0.06357
vt 0.41018 0.11307
vt 0.41450 0.11341
vt 0.40979 0.07844
vt 0.41705 0.11337
vt 0.41986 0.11328
vt 0.41242 0.07825
vt 0.41637 0.18375
vt 0.41635 0.21096
vt 0.42061 0.21113
vt 0.42083 0.18385
vt 0.42395 0.18377
vt 0.42386 0.21110
vt 0.42684 0.21098
vt 0.42684 0.18362
vt 0.41503 0.14901
vt 0.41929 0.14922
vt 0.42215 0.14919
vt 0.42502 0.14908
vt 0.41070 0.22311
vt 0.41121 0.21064
vt 0.41591 0.22434
vt 0.42032 0.22517
vt 0.40532 0.06300
vt 0.40763 0.06232
vt 0.39949 0.07836
vt 0.39658 0.06678
vt 0.38815 0.07152
vt 0.39009 0.07800
vt 0.39644 0.11176
vt 0.40558 0.11269
vt 0.40217 0.18302
vt 0.41178 0.18361
vt 0.40100 0.14785
vt 0.41031 0.14869
vt 0.38950 0.11097
vt 0.39290 0.18239
vt 0.39234 0.14698
vt 0.42354 0.22553
vt 0.42619 0.22556
vt 0.32666 0.17980
vt 0.33239 0.18069
vt 0.33252 0.14506
vt 0.32715 0.14407
vt 0.33992 0.21706
vt 0.34855 0.21999
vt 0.34899 0.20933
vt 0.34024 0.20815
vt 0.35114 0.06432
vt 0.35435 0.07760
vt 0.35912 0.07768
vt 0.35565 0.06249
vt 0.35957 0.11260
vt 0.36470 0.11294
vt 0.36247 0.07749
vt 0.36828 0.11285
vt 0.37222 0.11275
vt 0.36618 0.07729
vt 0.36434 0.18367
vt 0.36429 0.21088
vt 0.36931 0.21113
vt 0.36958 0.18383
vt 0.37370 0.18374
vt 0.37358 0.21110
vt 0.37787 0.21097
vt 0.37787 0.18357
vt 0.36338 0.14881
vt 0.36846 0.14906
vt 0.37232 0.14899
vt 0.37641 0.14888
vt 0.35818 0.22289
vt 0.35861 0.21045
vt 0.36392 0.22425
vt 0.36918 0.22515
vt 0.35871 0.06181
vt 0.36228 0.06099
vt 0.34959 0.07747
vt 0.34695 0.06600
vt 0.33828 0.07048
vt 0.33983 0.07691
vt 0.34516 0.11104
vt 0.35449 0.11216
vt 0.34949 0.18260
vt 0.35915 0.18344
vt 0.34870 0.14736
vt 0.35814 0.14841
vt 0.33822 0.11007
vt 0.34054 0.18168
vt 0.34024 0.14625
vt 0.37338 0.22553
vt 0.37732 0.22556
vt 0.47500 0.17917
vt 0.47399 0.14355
vt 0.46885 0.14463
vt 0.46947 0.18015
vt 0.46268 0.21654
vt 0.46226 0.20766
vt 0.45377 0.20899
vt 0.45433 0.21962
vt 0.44984 0.06451
vt 0.44598 0.06296
vt 0.44310 0.07815
vt 0.44732 0.07792
vt 0.43806 0.11332
vt 0.44264 0.11284
vt 0.44014 0.07807
vt 0.43681 0.07793
vt 0.43139 0.11328
vt 0.43488 0.11333
vt 0.43893 0.18367
vt 0.43416 0.18392
vt 0.43477 0.21110
vt 0.43931 0.21077
vt 0.43043 0.18390
vt 0.42684 0.18381
vt 0.42723 0.21107
vt 0.43093 0.21114
vt 0.43940 0.14895
vt 0.43483 0.14931
vt 0.43135 0.14933
vt 0.42780 0.14928
vt 0.44512 0.22266
vt 0.44456 0.21026
vt 0.43984 0.22408
vt 0.43509 0.22505
vt 0.44337 0.06240
vt 0.44039 0.06175
vt 0.45152 0.07768
vt 0.46073 0.07692
vt 0.46213 0.07033
vt 0.45357 0.06595
vt 0.44739 0.11228
vt 0.45635 0.11097
vt 0.45295 0.18235
vt 0.44371 0.18335
vt 0.45331 0.14722
vt 0.44426 0.14846
vt 0.46298 0.10986
vt 0.46164 0.18128
vt 0.46148 0.14595
vt 0.43132 0.22549
vt 0.42795 0.22556
f 6751/6751 6752/6752 6753/6753
f 6754/6754 6752/6752 6755/6755
f 6756/6756 6757/6757 6758/6758
f 6758/6758 6757/6757 6759/6759
f 6757/6757 6756/6756 6760/6760
f 6755/6755 6761/6761 6754/6754
f 6761/6761 6762/6762 6754/6754
f 6762/6762 6763/6763 6754/6754
f 6764/6764 6765/6765 6766/6766
f 6767/6767 6768/6768 6766/6766
f 6769/6769 6770/6770 6771/6771
f 6770/6770 6772/6772 6771/6771
f 6771/6771 6773/6773 6769/6769
f 6768/6768 6767/6767 6774/6774
f 6774/6774 6767/6767 6775/6775
f 6775/6775 6767/6767 6776/6776
f 6777/6777 6778/6778 6779/6779
f 6780/6780 6781/6781 6779/6779
f 6782/6782 6783/6783 6784/6784
f 6783/6783 6785/6785 6784/6784
f 6784/6784 6786/6786 6782/6782
f 6781/6781 6780/6780 6787/6787
f 6787/6787 6780/6780 6788/6788
f 6788/6788 6780/6780 6789/6789
f 6790/6790 6791/6791 6792/6792
f 6793/6793 6791/6791 6794/6794
f 6795/6795 6796/6796 6797/6797
f 6797/6797 6796/6796 6798/6798
f 6796/6796 6795/6795 6799/6799
f 6794/6794 6800/6800 6793/6793
f 6800/6800 6801/6801 6793/6793
f 6801/6801 6802/6802 6793/6793
f 6803/6803 6804/6804 6805/6805
f 6803/6803 6805/6805 6806/6806
f 6804/6804 6751/6751 6753/6753
f 6804/6804 6753/6753 6805/6805
f 6760/6760 6803/6803 6806/6806
f 6760/6760 6806/6806 6757/6757
f 6807/6807 6808/6808 6809/6809
f 6807/6807 6809/6809 6810/6810
f 6811/6811 6812/6812 6813/6813
f 6811/6811 6813/6813 6814/6814
f 6814/6814 6813/6813 6815/6815
f 6814/6814 6815/6815 6816/6816
f 6817/6817 6818/6818 6819/6819
f 6817/6817 6819/6819 6820/6820
f 6821/6821 6822/6822 6823/6823
f 6821/6821 6823/6823 6824/6824
f 6825/6825 6826/6826 6827/6827
f 6825/6825 6827/6827 6828/6828
f 6829/6829 6830/6830 6822/6822
f 6829/6829 6822/6822 6821/6821
f 6831/6831 6832/6832 6826/6826
f 6831/6831 6826/6826 6825/6825
f 6833/6833 6810/6810 6809/6809
f 6833/6833 6809/6809 6834/6834
f 6835/6835 6824/6824 6823/6823
f 6835/6835 6823/6823 6836/6836
f 6816/6816 6815/6815 6830/6830
f 6816/6816 6830/6830 6829/6829
f 6820/6820 6819/6819 6832/6832
f 6820/6820 6832/6832 6831/6831
f 6837/6837 6838/6838 6818/6818
f 6837/6837 6818/6818 6817/6817
f 6839/6839 6840/6840 6841/6841
f 6839/6839 6841/6841 6842/6842
f 6840/6840 6839/6839 6843/6843
f 6840/6840 6843/6843 6844/6844
f 6845/6845 6846/6846 6834/6834
f 6845/6845 6834/6834 6809/6809
f 6847/6847 6848/6848 6846/6846
f 6847/6847 6846/6846 6845/6845
f 6844/6844 6843/6843 6848/6848
f 6844/6844 6848/6848 6847/6847
f 6849/6849 6754/6754 6840/6840
f 6849/6849 6840/6840 6844/6844
f 6808/6808 6850/6850 6845/6845
f 6808/6808 6845/6845 6809/6809
f 6850/6850 6851/6851 6847/6847
f 6850/6850 6847/6847 6845/6845
f 6851/6851 6849/6849 6844/6844
f 6851/6851 6844/6844 6847/6847
f 6808/6808 6807/6807 6759/6759
f 6808/6808 6759/6759 6757/6757
f 6824/6824 6835/6835 6833/6833
f 6824/6824 6833/6833 6834/6834
f 6843/6843 6816/6816 6829/6829
f 6843/6843 6829/6829 6848/6848
f 6848/6848 6829/6829 6821/6821
f 6848/6848 6821/6821 6846/6846
f 6846/6846 6821/6821 6824/6824
f 6846/6846 6824/6824 6834/6834
f 6839/6839 6814/6814 6816/6816
f 6839/6839 6816/6816 6843/6843
f 6842/6842 6811/6811 6814/6814
f 6842/6842 6814/6814 6839/6839
f 6812/6812 6837/6837 6817/6817
f 6812/6812 6817/6817 6813/6813
f 6815/6815 6820/6820 6831/6831
f 6815/6815 6831/6831 6830/6830
f 6823/6823 6828/6828 6852/6852
f 6823/6823 6852/6852 6836/6836
f 6830/6830 6831/6831 6825/6825
f 6830/6830 6825/6825 6822/6822
f 6822/6822 6825/6825 6828/6828
f 6822/6822 6828/6828 6823/6823
f 6813/6813 6817/6817 6820/6820
f 6813/6813 6820/6820 6815/6815
f 6805/6805 6753/6753 6849/6849
f 6805/6805 6849/6849 6851/6851
f 6806/6806 6805/6805 6851/6851
f 6806/6806 6851/6851 6850/6850
f 6757/6757 6806/6806 6850/6850
f 6757/6757 6850/6850 6808/6808
f 6753/6753 6752/6752 6754/6754
f 6753/6753 6754/6754 6849/6849
f 6840/6840 6754/6754 6763/6763
f 6840/6840 6763/6763 6841/6841
f 6827/6827 6853/6853 6852/6852
f 6827/6827 6852/6852 6828/6828
f 6854/6854 6855/6855 6856/6856
f 6854/6854 6856/6856 6857/6857
f 6857/6857 6856/6856 6765/6765
f 6857/6857 6765/6765 6764/6764
f 6773/6773 6771/6771 6855/6855
f 6773/6773 6855/6855 6854/6854
f 6858/6858 6859/6859 6860/6860
f 6858/6858 6860/6860 6861/6861
f 6862/6862 6863/6863 6864/6864
f 6862/6862 6864/6864 6865/6865
f 6863/6863 6866/6866 6867/6867
f 6863/6863 6867/6867 6864/6864
f 6868/6868 6869/6869 6870/6870
f 6868/6868 6870/6870 6871/6871
f 6872/6872 6873/6873 6874/6874
f 6872/6872 6874/6874 6875/6875
f 6876/6876 6877/6877 6878/6878
f 6876/6876 6878/6878 6879/6879
f 6880/6880 6872/6872 6875/6875
f 6880/6880 6875/6875 6881/6881
f 6882/6882 6876/6876 6879/6879
f 6882/6882 6879/6879 6883/6883
f 6884/6884 6885/6885 6860/6860
f 6884/6884 6860/6860 6859/6859
f 6886/6886 6887/6887 6874/6874
f 6886/6886 6874/6874 6873/6873
f 6866/6866 6880/6880 6881/6881
f 6866/6866 6881/6881 6867/6867
f 6869/6869 6882/6882 6883/6883
f 6869/6869 6883/6883 6870/6870
f 6888/6888 6868/6868 6871/6871
f 6888/6888 6871/6871 6889/6889
f 6890/6890 6891/6891 6892/6892
f 6890/6890 6892/6892 6893/6893
f 6893/6893 6894/6894 6895/6895
f 6893/6893 6895/6895 6890/6890
f 6896/6896 6860/6860 6885/6885
f 6896/6896 6885/6885 6897/6897
f 6898/6898 6896/6896 6897/6897
f 6898/6898 6897/6897 6899/6899
f 6894/6894 6898/6898 6899/6899
f 6894/6894 6899/6899 6895/6895
f 6900/6900 6894/6894 6893/6893
f 6900/6900 6893/6893 6767/6767
f 6861/6861 6860/6860 6896/6896
f 6861/6861 6896/6896 6901/6901
f 6901/6901 6896/6896 6898/6898
f 6901/6901 6898/6898 6902/6902
f 6902/6902 6898/6898 6894/6894
f 6902/6902 6894/6894 6900/6900
f 6861/6861 6771/6771 6772/6772
f 6861/6861 6772/6772 6858/6858
f 6873/6873 6885/6885 6884/6884
f 6873/6873 6884/6884 6886/6886
f 6895/6895 6899/6899 6880/6880
f 6895/6895 6880/6880 6866/6866
f 6899/6899 6897/6897 6872/6872
f 6899/6899 6872/6872 6880/6880
f 6897/6897 6885/6885 6873/6873
f 6897/6897 6873/6873 6872/6872
f 6890/6890 6895/6895 6866/6866
f 6890/6890 6866/6866 6863/6863
f 6891/6891 6890/6890 6863/6863
f 6891/6891 6863/6863 6862/6862
f 6865/6865 6864/6864 6868/6868
f 6865/6865 6868/6868 6888/6888
f 6867/6867 6881/6881 6882/6882
f 6867/6867 6882/6882 6869/6869
f 6874/6874 6887/6887 6903/6903
f 6874/6874 6903/6903 6877/6877
f 6881/6881 6875/6875 6876/6876
f 6881/6881 6876/6876 6882/6882
f 6875/6875 6874/6874 6877/6877
f 6875/6875 6877/6877 6876/6876
f 6864/6864 6867/6867 6869/6869
f 6864/6864 6869/6869 6868/6868
f 6856/6856 6902/6902 6900/6900
f 6856/6856 6900/6900 6765/6765
f 6855/6855 6901/6901 6902/6902
f 6855/6855 6902/6902 6856/6856
f 6771/6771 6861/6861 6901/6901
f 6771/6771 6901/6901 6855/6855
f 6765/6765 6900/6900 6767/6767
f 6765/6765 6767/6767 6766/6766
f 6893/6893 6892/6892 6776/6776
f 6893/6893 6776/6776 6767/6767
f 6878/6878 6877/6877 6903/6903
f 6878/6878 6903/6903 6904/6904
f 6905/6905 6906/6906 6907/6907
f 6905/6905 6907/6907 6908/6908
f 6908/6908 6907/6907 6778/6778
f 6908/6908 6778/6778 6777/6777
f 6786/6786 6784/6784 6906/6906
f 6786/6786 6906/6906 6905/6905
f 6909/6909 6910/6910 6911/6911
f 6909/6909 6911/6911 6912/6912
f 6913/6913 6914/6914 6915/6915
f 6913/6913 6915/6915 6916/6916
f 6914/6914 6917/6917 6918/6918
f 6914/6914 6918/6918 6915/6915
f 6919/6919 6920/6920 6921/6921
f 6919/6919 6921/6921 6922/6922
f 6923/6923 6924/6924 6925/6925
f 6923/6923 6925/6925 6926/6926
f 6927/6927 6928/6928 6929/6929
f 6927/6927 6929/6929 6930/6930
f 6931/6931 6923/6923 6926/6926
f 6931/6931 6926/6926 6932/6932
f 6933/6933 6927/6927 6930/6930
f 6933/6933 6930/6930 6934/6934
f 6935/6935 6936/6936 6911/6911
f 6935/6935 6911/6911 6910/6910
f 6937/6937 6938/6938 6925/6925
f 6937/6937 6925/6925 6924/6924
f 6917/6917 6931/6931 6932/6932
f 6917/6917 6932/6932 6918/6918
f 6920/6920 6933/6933 6934/6934
f 6920/6920 6934/6934 6921/6921
f 6939/6939 6919/6919 6922/6922
f 6939/6939 6922/6922 6940/6940
f 6941/6941 6942/6942 6943/6943
f 6941/6941 6943/6943 6944/6944
f 6944/6944 6945/6945 6946/6946
f 6944/6944 6946/6946 6941/6941
f 6947/6947 6911/6911 6936/6936
f 6947/6947 6936/6936 6948/6948
f 6949/6949 6947/6947 6948/6948
f 6949/6949 6948/6948 6950/6950
f 6945/6945 6949/6949 6950/6950
f 6945/6945 6950/6950 6946/6946
f 6951/6951 6945/6945 6944/6944
f 6951/6951 6944/6944 6780/6780
f 6912/6912 6911/6911 6947/6947
f 6912/6912 6947/6947 6952/6952
f 6952/6952 6947/6947 6949/6949
f 6952/6952 6949/6949 6953/6953
f 6953/6953 6949/6949 6945/6945
f 6953/6953 6945/6945 6951/6951
f 6912/6912 6784/6784 6785/6785
f 6912/6912 6785/6785 6909/6909
f 6924/6924 6936/6936 6935/6935
f 6924/6924 6935/6935 6937/6937
f 6946/6946 6950/6950 6931/6931
f 6946/6946 6931/6931 6917/6917
f 6950/6950 6948/6948 6923/6923
f 6950/6950 6923/6923 6931/6931
f 6948/6948 6936/6936 6924/6924
f 6948/6948 6924/6924 6923/6923
f 6941/6941 6946/6946 6917/6917
f 6941/6941 6917/6917 6914/6914
f 6942/6942 6941/6941 6914/6914
f 6942/6942 6914/6914 6913/6913
f 6916/6916 6915/6915 6919/6919
f 6916/6916 6919/6919 6939/6939
f 6918/6918 6932/6932 6933/6933
f 6918/6918 6933/6933 6920/6920
f 6925/6925 6938/6938 6954/6954
f 6925/6925 6954/6954 6928/6928
f 6932/6932 6926/6926 6927/6927
f 6932/6932 6927/6927 6933/6933
f 6926/6926 6925/6925 6928/6928
f 6926/6926 6928/6928 6927/6927
f 6915/6915 6918/6918 6920/6920
f 6915/6915 6920/6920 6919/6919
f 6907/6907 6953/6953 6951/6951
f 6907/6907 6951/6951 6778/6778
f 6906/6906 6952/6952 6953/6953
f 6906/6906 6953/6953 6907/6907
f 6784/6784 6912/6912 6952/6952
f 6784/6784 6952/6952 6906/6906
f 6778/6778 6951/6951 6780/6780
f 6778/6778 6780/6780 6779/6779
f 6944/6944 6943/6943 6789/6789
f 6944/6944 6789/6789 6780/6780
f 6929/6929 6928/6928 6954/6954
f 6929/6929 6954/6954 6955/6955
f 6956/6956 6957/6957 6958/6958
f 6956/6956 6958/6958 6959/6959
f 6957/6957 6790/6790 6792/6792
f 6957/6957 6792/6792 6958/6958
f 6799/6799 6956/6956 6959/6959
f 6799/6799 6959/6959 6796/6796
f 6960/6960 6961/6961 6962/6962
f 6960/6960 6962/6962 6963/6963
f 6964/6964 6965/6965 6966/6966
f 6964/6964 6966/6966 6967/6967
f 6967/6967 6966/6966 6968/6968
f 6967/6967 6968/6968 6969/6969
f 6970/6970 6971/6971 6972/6972
f 6970/6970 6972/6972 6973/6973
f 6974/6974 6975/6975 6976/6976
f 6974/6974 6976/6976 6977/6977
f 6978/6978 6979/6979 6980/6980
f 6978/6978 6980/6980 6981/6981
f 6982/6982 6983/6983 6975/6975
f 6982/6982 6975/6975 6974/6974
f 6984/6984 6985/6985 6979/6979
f 6984/6984 6979/6979 6978/6978
f 6986/6986 6963/6963 6962/6962
f 6986/6986 6962/6962 6987/6987
f 6988/6988 6977/6977 6976/6976
f 6988/6988 6976/6976 6989/6989
f 6969/6969 6968/6968 6983/6983
f 6969/6969 6983/6983 6982/6982
f 6973/6973 6972/6972 6985/6985
f 6973/6973 6985/6985 6984/6984
f 6990/6990 6991/6991 6971/6971
f 6990/6990 6971/6971 6970/6970
f 6992/6992 6993/6993 6994/6994
f 6992/6992 6994/6994 6995/6995
f 6993/6993 6992/6992 6996/6996
f 6993/6993 6996/6996 6997/6997
f 6998/6998 6999/6999 6987/6987
f 6998/6998 6987/6987 6962/6962
f 7000/7000 7001/7001 6999/6999
f 7000/7000 6999/6999 6998/6998
f 6997/6997 6996/6996 7001/7001
f 6997/6997 7001/7001 7000/7000
f 7002/7002 6793/6793 6993/6993
f 7002/7002 6993/6993 6997/6997
f 6961/6961 7003/7003 6998/6998
f 6961/6961 6998/6998 6962/6962
f 7003/7003 7004/7004 7000/7000
f 7003/7003 7000/7000 6998/6998
f 7004/7004 7002/7002 6997/6997
f 7004/7004 6997/6997 7000/7000
f 6961/6961 6960/6960 6798/6798
f 6961/6961 6798/6798 6796/6796
f 6977/6977 6988/6988 6986/6986
f 6977/6977 6986/6986 6987/6987
f 6996/6996 6969/6969 6982/6982
f 6996/6996 6982/6982 7001/7001
f 7001/7001 6982/6982 6974/6974
f 7001/7001 6974/6974 6999/6999
f 6999/6999 6974/6974 6977/6977
f 6999/6999 6977/6977 6987/6987
f 6992/6992 6967/6967 6969/6969
f 6992/6992 6969/6969 6996/6996
f 6995/6995 6964/6964 6967/6967
f 6995/6995 6967/6967 6992/6992
f 6965/6965 6990/6990 6970/6970
f 6965/6965 6970/6970 6966/6966
f 6968/6968 6973/6973 6984/6984
f 6968/6968 6984/6984 6983/6983
f 6976/6976 6981/6981 7005/7005
f 6976/6976 7005/7005 6989/6989
f 6983/6983 6984/6984 6978/6978
f 6983/6983 6978/6978 6975/6975
f 6975/6975 6978/6978 6981/6981
f 6975/6975 6981/6981 6976/6976
f 6966/6966 6970/6970 6973/6973
f 6966/6966 6973/6973 6968/6968
f 6958/6958 6792/6792 7002/7002
f 6958/6958 7002/7002 7004/7004
f 6959/6959 6958/6958 7004/7004
f 6959/6959 7004/7004 7003/7003
f 6796/6796 6959/6959 7003/7003
f 6796/6796 7003/7003 6961/6961
f 6792/6792 6791/6791 6793/6793
f 6792/6792 6793/6793 7002/7002
f 6993/6993 6793/6793 6802/6802
f 6993/6993 6802/6802 6994/6994
f 6980/6980 7006/7006 7005/7005
f 6980/6980 7005/7005 6981/6981
o V1_SailplaneGlider_1_Rudder_Vehicle_Elements_0
usemtl Vehicle_Elements
v -0.91447 175.00518 71.90574
v -0.58158 173.51213 70.83695
v -0.53624 174.22993 71.67619
v -0.59642 175.39556 72.68401
v 0.91447 175.00518 71.90574
v 0.53624 174.22993 71.67619
v 0.58158 173.51213 70.83695
v 0.59642 175.39556 72.68401
v -1.87744 173.18773 17.82894
v -1.23370 180.30884 62.46567
v -0.14620 193.39254 60.21939
v -0.19158 195.23403 24.30431
v -0.48092 170.90636 63.61423
v -0.56345 172.03482 63.42065
v 0.00000 172.03482 63.42065
v 0.00000 170.90636 63.61423
v -1.40418 170.64102 4.81399
v -0.92774 170.52642 4.09583
v 0.00000 170.47505 3.77378
v 0.00000 170.64102 4.81399
v -1.96599 172.21303 11.71961
v -1.94848 172.39927 12.88679
v -0.19864 195.48989 19.31424
v -0.20038 195.55029 18.13561
v -1.51499 171.72092 11.58275
v -1.53481 171.50508 10.22984
v 0.00000 171.50508 10.22984
v 0.00000 171.72092 11.58275
v 0.20175 170.26577 63.72411
v 0.00000 170.11824 63.74943
v 0.00000 170.90636 63.61423
v 0.48092 170.90636 63.61423
v -1.55414 170.86777 6.23524
v -1.40418 170.64102 4.81399
v 0.00000 170.64102 4.81399
v 0.00000 170.86777 6.23524
v -1.55261 171.28781 8.86802
v 0.00000 171.28781 8.86802
v -1.49756 171.90687 12.74812
v 0.00000 171.90687 12.74812
v -0.64623 173.16684 63.22645
v 0.00000 173.16684 63.22645
v -1.42696 172.69409 17.68236
v -1.46226 172.30048 15.21529
v 0.00000 172.30048 15.21529
v 0.00000 172.69409 17.68236
v -2.00387 171.77906 8.99935
v -1.98591 171.99686 10.36449
v -0.20236 195.62049 16.76720
v -0.20414 195.69116 15.38855
v -0.64623 173.16684 63.22645
v -0.79147 179.77940 62.09208
v 0.00000 179.77940 62.09208
v 0.00000 173.16684 63.22645
v -0.90259 181.95414 72.77931
v -1.12874 173.37250 63.65658
v -1.01507 177.79954 72.48227
v 0.00000 174.03951 71.74632
v 0.00000 175.55726 73.00635
v -0.90259 181.95414 72.77931
v -1.01507 177.79954 72.48227
v -0.69179 178.18989 73.26047
v -0.57726 182.07519 73.53802
v 0.00000 178.35158 73.58281
v 0.00000 182.12534 73.85232
v -0.99836 176.50038 72.38942
v -0.68063 176.89077 73.16769
v 0.00000 177.05248 73.49007
v -0.12936 192.70916 73.54723
v -0.09094 192.67084 74.29468
v 0.00000 192.65496 74.60429
v 0.00000 173.05892 70.67009
v -0.58158 170.18488 64.20380
v 0.00000 169.76444 64.27489
v -1.04745 172.21921 63.85450
v -0.96292 171.06587 64.05236
v -0.91447 175.00518 71.90574
v -0.99836 176.50038 72.38942
v -0.79147 179.77940 62.09208
v 0.00000 179.77940 62.09208
v -0.96292 171.06587 64.05236
v -1.91296 172.79349 15.35779
v -0.19511 195.36195 21.80928
v -0.12936 192.70916 73.54723
v -2.00624 171.35760 6.35727
v -0.20430 195.82797 12.72030
v 0.00000 170.89339 3.40968
v -1.15023 170.95562 3.81589
v -0.11712 195.95966 10.15263
v 0.00000 195.98068 9.74168
v -1.85567 171.12533 4.89888
v -0.18893 195.90350 11.24726
v -1.85567 171.12533 4.89888
v -0.18893 195.90350 11.24726
v 1.87744 173.18772 17.82894
v 0.19158 195.23403 24.30431
v 0.14620 193.39254 60.21939
v 1.23370 180.30884 62.46569
v 0.56345 172.03482 63.42065
v 0.64623 173.16684 63.22645
v 1.51499 171.72092 11.58275
v 0.00000 171.72092 11.58275
v 0.00000 171.50508 10.22984
v 1.53481 171.50508 10.22984
v 0.00000 171.28781 8.86802
v 1.55261 171.28781 8.86802
v 1.40418 170.64102 4.81399
v 0.92774 170.52644 4.09583
v 0.48092 170.90636 63.61423
v 0.00000 170.86777 6.23524
v 1.55414 170.86777 6.23524
v 1.15023 170.95562 3.81589
v 0.11712 195.95966 10.15263
v 0.18893 195.90350 11.24726
v 1.85567 171.12533 4.89888
v 2.00624 171.35760 6.35727
v 0.20430 195.82797 12.72030
v 0.20414 195.69116 15.38855
v 2.00387 171.77906 8.99935
v 1.12874 173.37252 63.65658
v 1.01507 177.79954 72.48227
v 0.99836 176.50038 72.38942
v 1.04745 172.21921 63.85453
v 1.42696 172.69409 17.68236
v 0.00000 172.69409 17.68236
v 0.00000 172.30048 15.21529
v 1.46226 172.30048 15.21529
v 0.00000 171.90687 12.74812
v 1.49756 171.90687 12.74812
v 0.79147 179.77940 62.09208
v 0.00000 179.77940 62.09208
v 0.00000 170.64102 4.81399
v 1.40418 170.64102 4.81399
v 0.90259 181.95414 72.77931
v 0.57726 182.07519 73.53802
v 0.69179 178.18989 73.26047
v 1.01507 177.79954 72.48227
v 0.99836 176.50038 72.38942
v 0.68063 176.89077 73.16769
v 0.12936 192.70916 73.54723
v 0.09094 192.67084 74.29468
v 0.12936 192.70916 73.54723
v 0.90259 181.95414 72.77931
v 0.58158 170.18489 64.20380
v 0.96292 171.06587 64.05236
v 0.91447 175.00518 71.90574
v 0.96292 171.06587 64.05236
v 1.94848 172.39926 12.88679
v 0.19864 195.48989 19.31424
v 0.19511 195.36195 21.80928
v 1.91296 172.79347 15.35779
v 0.00000 179.77940 62.09208
v 0.79147 179.77940 62.09208
v 1.96599 172.21302 11.71961
v 0.20038 195.55029 18.13561
v 1.98591 171.99685 10.36449
v 0.20236 195.62049 16.76720
v 1.85567 171.12533 4.89888
v 0.18893 195.90350 11.24726
v -1.88879 171.01086 6.26868
v -1.88701 171.43172 8.90652
v -1.73711 170.78018 4.82192
v -1.83186 172.05118 12.78943
v -1.84931 171.86517 11.62353
v -1.86916 171.64923 10.26987
v -1.79649 172.44500 15.25771
v -1.76112 172.83879 17.72599
v -0.82284 170.93011 63.74649
v -0.47034 170.11946 63.88565
v -0.48092 170.90636 63.61423
v -0.20175 170.26577 63.72411
v -0.98970 173.22323 63.35308
v -1.12323 179.93447 62.20149
v -0.90671 172.07615 63.54989
v -0.82284 170.93011 63.74649
v -0.82284 170.93011 63.74649
v -0.90671 172.07615 63.54989
v 1.12323 179.93446 62.20149
v 1.76112 172.83880 17.72599
v 1.73711 170.78018 4.82192
v 1.88879 171.01086 6.26868
v 1.84931 171.86517 11.62353
v 1.83186 172.05119 12.78943
v 1.86916 171.64921 10.26987
v 1.88701 171.43172 8.90652
v 1.79649 172.44498 15.25769
v 0.47033 170.11947 63.88565
v 0.00000 169.77695 63.94410
v -1.12323 179.93447 62.20149
v -1.73711 170.78018 4.82192
v -1.09351 170.62539 3.84605
v 0.00000 170.56524 3.46443
v -0.98970 173.22323 63.35308
v 1.73711 170.78018 4.82192
v 1.09351 170.62536 3.84605
v 0.82284 170.93009 63.74649
v 0.98970 173.22323 63.35308
v 1.12323 179.93446 62.20149
v 0.82284 170.93009 63.74649
v 0.90671 172.07614 63.54989
v -0.19511 195.36195 21.80928
v 0.00000 195.36193 21.80928
v 0.00000 195.48987 19.31422
v -0.19864 195.48989 19.31424
v -0.20236 195.62049 16.76720
v 0.00000 195.62046 16.76718
v 0.00000 195.69116 15.38855
v -0.20414 195.69116 15.38855
v 0.00000 195.55029 18.13561
v -0.20038 195.55029 18.13561
v -0.18893 195.90350 11.24726
v -0.20430 195.82797 12.72030
v 0.00000 195.82797 12.72030
v 0.00000 195.90350 11.24726
v -0.11712 195.95966 10.15263
v -0.18893 195.90350 11.24726
v 0.00000 195.90350 11.24726
v 0.00000 195.98068 9.74168
v -0.19158 195.23403 24.30431
v 0.00000 195.23401 24.30431
v -0.12936 192.70916 73.54723
v 0.00000 192.70916 73.54723
v 0.00000 193.39254 60.21939
v -0.14620 193.39254 60.21939
v 0.00000 192.70916 73.54723
v -0.12936 192.70916 73.54723
v -0.09094 192.67084 74.29468
v 0.00000 192.65496 74.60429
v 0.19511 195.36195 21.80928
v 0.19864 195.48989 19.31424
v 0.00000 195.48987 19.31422
v 0.00000 195.36193 21.80928
v 0.20236 195.62049 16.76720
v 0.20414 195.69116 15.38855
v 0.00000 195.69116 15.38855
v 0.00000 195.62046 16.76718
v 0.20038 195.55029 18.13561
v 0.00000 195.55029 18.13561
v 0.18893 195.90350 11.24726
v 0.00000 195.90350 11.24726
v 0.00000 195.82797 12.72030
v 0.20430 195.82797 12.72030
v 0.11712 195.95966 10.15263
v 0.18893 195.90350 11.24726
v 0.19158 195.23403 24.30431
v 0.00000 195.23401 24.30431
v 0.12936 192.70916 73.54723
v 0.14620 193.39254 60.21939
v 0.00000 193.39254 60.21939
v 0.00000 192.70916 73.54723
v 0.09094 192.67084 74.29468
v 0.12936 192.70916 73.54723
vt 0.29912 0.25479
vt 0.30250 0.25404
vt 0.30088 0.25394
vt 0.29824 0.25407
vt 0.29912 0.25066
vt 0.30088 0.25151
vt 0.30250 0.25141
vt 0.29824 0.25138
vt 0.30323 0.39714
vt 0.28715 0.29634
vt 0.25760 0.30141
vt 0.25344 0.38252
vt 0.30838 0.21170
vt 0.30583 0.21127
vt 0.30575 0.21125
vt 0.30826 0.21168
vt 0.30898 0.53380
vt 0.30924 0.53487
vt 0.30935 0.53697
vt 0.30898 0.53697
vt 0.30543 0.41094
vt 0.30501 0.40830
vt 0.25286 0.39379
vt 0.25273 0.39645
vt 0.30654 0.41125
vt 0.30703 0.41430
vt 0.30703 0.41431
vt 0.30654 0.41126
vt 0.30983 0.25227
vt 0.31016 0.25273
vt 0.30838 0.25273
vt 0.30838 0.25164
vt 0.30847 0.42332
vt 0.30898 0.42653
vt 0.30894 0.42627
vt 0.30846 0.42328
vt 0.30752 0.41738
vt 0.30752 0.41738
vt 0.30612 0.40862
vt 0.30612 0.40863
vt 0.30328 0.21083
vt 0.30325 0.21082
vt 0.30434 0.39747
vt 0.30523 0.40304
vt 0.30523 0.40306
vt 0.30435 0.39748
vt 0.30641 0.41708
vt 0.30592 0.41400
vt 0.25257 0.39954
vt 0.25241 0.40265
vt 0.30328 0.29462
vt 0.28834 0.29718
vt 0.28834 0.29718
vt 0.30325 0.29463
vt 0.28343 0.27305
vt 0.30281 0.29365
vt 0.29281 0.27372
vt 0.30131 0.25273
vt 0.29788 0.25273
vt 0.28343 0.25476
vt 0.29281 0.25502
vt 0.29193 0.25429
vt 0.28316 0.25403
vt 0.29157 0.25273
vt 0.28305 0.25273
vt 0.29575 0.25498
vt 0.29487 0.25426
vt 0.29450 0.25273
vt 0.25914 0.25302
vt 0.25923 0.25293
vt 0.25927 0.25273
vt 0.30352 0.25273
vt 0.31001 0.25404
vt 0.31096 0.25273
vt 0.30542 0.29320
vt 0.30802 0.29276
vt 0.29912 0.27502
vt 0.29575 0.27393
vt 0.28834 0.29718
vt 0.28834 0.29718
vt 0.30802 0.25490
vt 0.30412 0.40272
vt 0.25315 0.38815
vt 0.25914 0.27132
vt 0.30736 0.42305
vt 0.25210 0.40868
vt 0.30841 0.53697
vt 0.30827 0.53437
vt 0.25180 0.53670
vt 0.25176 0.53697
vt 0.30789 0.42634
vt 0.25193 0.41200
vt 0.30789 0.53278
vt 0.25193 0.53654
vt 0.30323 0.10831
vt 0.25344 0.12293
vt 0.25760 0.20404
vt 0.28715 0.20911
vt 0.30583 0.21127
vt 0.30328 0.21083
vt 0.30654 0.09420
vt 0.30654 0.09419
vt 0.30703 0.09114
vt 0.30703 0.09115
vt 0.30752 0.08807
vt 0.30752 0.08807
vt 0.30898 0.54014
vt 0.30924 0.53906
vt 0.30838 0.21170
vt 0.30846 0.08217
vt 0.30847 0.08213
vt 0.30827 0.53957
vt 0.25180 0.53723
vt 0.25193 0.53740
vt 0.30789 0.54116
vt 0.30736 0.08240
vt 0.25210 0.09677
vt 0.25241 0.10280
vt 0.30641 0.08837
vt 0.30281 0.21180
vt 0.29281 0.23173
vt 0.29575 0.23152
vt 0.30542 0.21225
vt 0.30434 0.10798
vt 0.30435 0.10797
vt 0.30523 0.10240
vt 0.30523 0.10241
vt 0.30612 0.09682
vt 0.30612 0.09684
vt 0.28834 0.20827
vt 0.28834 0.20827
vt 0.30894 0.07919
vt 0.30898 0.07892
vt 0.28343 0.25069
vt 0.28316 0.25142
vt 0.29193 0.25116
vt 0.29281 0.25043
vt 0.29575 0.25047
vt 0.29487 0.25119
vt 0.25914 0.25243
vt 0.25923 0.25252
vt 0.25914 0.23414
vt 0.28343 0.23240
vt 0.31001 0.25141
vt 0.30802 0.25055
vt 0.29912 0.23043
vt 0.30802 0.21269
vt 0.30501 0.09715
vt 0.25286 0.11166
vt 0.25315 0.11730
vt 0.30412 0.10273
vt 0.28834 0.20827
vt 0.28834 0.20827
vt 0.30543 0.09451
vt 0.25273 0.10900
vt 0.30592 0.09145
vt 0.25257 0.10591
vt 0.30789 0.07911
vt 0.25193 0.09345
vt 0.30814 0.42325
vt 0.30719 0.41729
vt 0.30867 0.42651
vt 0.30580 0.40852
vt 0.30622 0.41116
vt 0.30670 0.41421
vt 0.30491 0.40295
vt 0.30402 0.39737
vt 0.30833 0.25458
vt 0.31016 0.25379
vt 0.30838 0.25381
vt 0.30983 0.25318
vt 0.30315 0.29434
vt 0.28799 0.29694
vt 0.30574 0.29389
vt 0.30833 0.29345
vt 0.30833 0.21200
vt 0.30574 0.21156
vt 0.28799 0.20851
vt 0.30402 0.10808
vt 0.30867 0.07894
vt 0.30814 0.08220
vt 0.30622 0.09430
vt 0.30580 0.09693
vt 0.30670 0.09124
vt 0.30719 0.08816
vt 0.30491 0.10250
vt 0.31016 0.25166
vt 0.31093 0.25273
vt 0.28799 0.29694
vt 0.30867 0.53305
vt 0.30902 0.53450
vt 0.30915 0.53697
vt 0.30315 0.21111
vt 0.30867 0.54089
vt 0.30902 0.53944
vt 0.30833 0.25087
vt 0.30315 0.21111
vt 0.28799 0.20851
vt 0.30833 0.21200
vt 0.30574 0.21156
vt 0.25315 0.38815
vt 0.25315 0.38815
vt 0.25286 0.39379
vt 0.25286 0.39379
vt 0.25257 0.39954
vt 0.25257 0.39954
vt 0.25241 0.40265
vt 0.25241 0.40265
vt 0.25273 0.39645
vt 0.25273 0.39645
vt 0.25193 0.41200
vt 0.25210 0.40868
vt 0.25210 0.40868
vt 0.25193 0.41200
vt 0.25180 0.53670
vt 0.25193 0.53654
vt 0.25193 0.53697
vt 0.25176 0.53697
vt 0.25344 0.38252
vt 0.25344 0.38252
vt 0.25914 0.27132
vt 0.25914 0.27132
vt 0.25760 0.30141
vt 0.25760 0.30141
vt 0.25914 0.25273
vt 0.25914 0.25302
vt 0.25923 0.25293
vt 0.25927 0.25273
vt 0.25315 0.11730
vt 0.25286 0.11166
vt 0.25286 0.11166
vt 0.25315 0.11730
vt 0.25257 0.10591
vt 0.25241 0.10280
vt 0.25241 0.10280
vt 0.25257 0.10591
vt 0.25273 0.10900
vt 0.25273 0.10900
vt 0.25193 0.09345
vt 0.25193 0.09345
vt 0.25210 0.09677
vt 0.25210 0.09677
vt 0.25180 0.53723
vt 0.25193 0.53740
vt 0.25344 0.12293
vt 0.25344 0.12293
vt 0.25914 0.23414
vt 0.25760 0.20404
vt 0.25760 0.20404
vt 0.25914 0.23414
vt 0.25923 0.25252
vt 0.25914 0.25243
f 7007/7007 7008/7008 7009/7009
f 7009/7009 7010/7010 7007/7007
f 7011/7011 7012/7012 7013/7013
f 7012/7012 7011/7011 7014/7014
f 7015/7015 7016/7016 7017/7017
f 7015/7015 7017/7017 7018/7018
f 7019/7019 7020/7020 7021/7021
f 7019/7019 7021/7021 7022/7022
f 7023/7023 7024/7024 7025/7025
f 7023/7023 7025/7025 7026/7026
f 7027/7027 7028/7028 7029/7029
f 7027/7027 7029/7029 7030/7030
f 7031/7031 7032/7032 7033/7033
f 7031/7031 7033/7033 7034/7034
f 7035/7035 7036/7036 7037/7037
f 7035/7035 7037/7037 7038/7038
f 7039/7039 7040/7040 7041/7041
f 7039/7039 7041/7041 7042/7042
f 7032/7032 7043/7043 7044/7044
f 7032/7032 7044/7044 7033/7033
f 7045/7045 7031/7031 7034/7034
f 7045/7045 7034/7034 7046/7046
f 7020/7020 7047/7047 7048/7048
f 7020/7020 7048/7048 7021/7021
f 7049/7049 7050/7050 7051/7051
f 7049/7049 7051/7051 7052/7052
f 7053/7053 7054/7054 7055/7055
f 7053/7053 7055/7055 7056/7056
f 7057/7057 7058/7058 7059/7059
f 7057/7057 7059/7059 7060/7060
f 7061/7061 7016/7016 7062/7062
f 7061/7061 7062/7062 7063/7063
f 7010/7010 7009/7009 7064/7064
f 7010/7010 7064/7064 7065/7065
f 7066/7066 7067/7067 7068/7068
f 7066/7066 7068/7068 7069/7069
f 7069/7069 7068/7068 7070/7070
f 7069/7069 7070/7070 7071/7071
f 7072/7072 7007/7007 7010/7010
f 7072/7072 7010/7010 7073/7073
f 7073/7073 7010/7010 7065/7065
f 7073/7073 7065/7065 7074/7074
f 7067/7067 7072/7072 7073/7073
f 7067/7067 7073/7073 7068/7068
f 7068/7068 7073/7073 7074/7074
f 7068/7068 7074/7074 7070/7070
f 7075/7075 7066/7066 7069/7069
f 7075/7075 7069/7069 7076/7076
f 7076/7076 7069/7069 7071/7071
f 7076/7076 7071/7071 7077/7077
f 7078/7078 7064/7064 7009/7009
f 7078/7078 7009/7009 7008/7008
f 7043/7043 7039/7039 7042/7042
f 7043/7043 7042/7042 7044/7044
f 7079/7079 7080/7080 7078/7078
f 7079/7079 7078/7078 7008/7008
f 7081/7081 7082/7082 7083/7083
f 7081/7081 7083/7083 7084/7084
f 7085/7085 7049/7049 7052/7052
f 7085/7085 7052/7052 7086/7086
f 7087/7087 7079/7079 7008/7008
f 7087/7087 7008/7008 7007/7007
f 7062/7062 7081/7081 7084/7084
f 7062/7062 7084/7084 7063/7063
f 7028/7028 7088/7088 7089/7089
f 7028/7028 7089/7089 7029/7029
f 7017/7017 7016/7016 7061/7061
f 7017/7017 7061/7061 7090/7090
f 7050/7050 7045/7045 7046/7046
f 7050/7050 7046/7046 7051/7051
f 7054/7054 7027/7027 7030/7030
f 7054/7054 7030/7030 7055/7055
f 7091/7091 7053/7053 7056/7056
f 7091/7091 7056/7056 7092/7092
f 7093/7093 7094/7094 7095/7095
f 7093/7093 7095/7095 7096/7096
f 7097/7097 7091/7091 7092/7092
f 7097/7097 7092/7092 7098/7098
f 7088/7088 7015/7015 7018/7018
f 7088/7088 7018/7018 7089/7089
f 7094/7094 7099/7099 7100/7100
f 7094/7094 7100/7100 7095/7095
f 7101/7101 7102/7102 7103/7103
f 7101/7101 7103/7103 7104/7104
f 7105/7105 7021/7021 7048/7048
f 7105/7105 7048/7048 7106/7106
f 7107/7107 7108/7108 7109/7109
f 7107/7107 7109/7109 7110/7110
f 7110/7110 7109/7109 7111/7111
f 7110/7110 7111/7111 7112/7112
f 7113/7113 7026/7026 7025/7025
f 7113/7113 7025/7025 7114/7114
f 7115/7115 7022/7022 7021/7021
f 7115/7115 7021/7021 7105/7105
f 7112/7112 7111/7111 7116/7116
f 7112/7112 7116/7116 7117/7117
f 7118/7118 7119/7119 7120/7120
f 7118/7118 7120/7120 7121/7121
f 7122/7122 7123/7123 7124/7124
f 7122/7122 7124/7124 7125/7125
f 7126/7126 7127/7127 7128/7128
f 7126/7126 7128/7128 7129/7129
f 7130/7130 7131/7131 7132/7132
f 7130/7130 7132/7132 7133/7133
f 7133/7133 7132/7132 7134/7134
f 7133/7133 7134/7134 7135/7135
f 7136/7136 7137/7137 7131/7131
f 7136/7136 7131/7131 7130/7130
f 7117/7117 7116/7116 7138/7138
f 7117/7117 7138/7138 7139/7139
f 7014/7014 7065/7065 7064/7064
f 7014/7014 7064/7064 7012/7012
f 7140/7140 7141/7141 7142/7142
f 7140/7140 7142/7142 7143/7143
f 7141/7141 7071/7071 7070/7070
f 7141/7141 7070/7070 7142/7142
f 7144/7144 7145/7145 7014/7014
f 7144/7144 7014/7014 7011/7011
f 7145/7145 7074/7074 7065/7065
f 7145/7145 7065/7065 7014/7014
f 7143/7143 7142/7142 7145/7145
f 7143/7143 7145/7145 7144/7144
f 7142/7142 7070/7070 7074/7074
f 7142/7142 7074/7074 7145/7145
f 7146/7146 7147/7147 7141/7141
f 7146/7146 7141/7141 7140/7140
f 7147/7147 7077/7077 7071/7071
f 7147/7147 7071/7071 7141/7141
f 7078/7078 7013/7013 7012/7012
f 7078/7078 7012/7012 7064/7064
f 7103/7103 7148/7148 7149/7149
f 7103/7103 7149/7149 7104/7104
f 7150/7150 7013/7013 7078/7078
f 7150/7150 7078/7078 7080/7080
f 7149/7149 7127/7127 7126/7126
f 7149/7149 7126/7126 7104/7104
f 7151/7151 7011/7011 7013/7013
f 7151/7151 7013/7013 7150/7150
f 7129/7129 7128/7128 7152/7152
f 7129/7129 7152/7152 7153/7153
f 7154/7154 7155/7155 7156/7156
f 7154/7154 7156/7156 7157/7157
f 7106/7106 7048/7048 7158/7158
f 7106/7106 7158/7158 7159/7159
f 7160/7160 7161/7161 7155/7155
f 7160/7160 7155/7155 7154/7154
f 7162/7162 7163/7163 7161/7161
f 7162/7162 7161/7161 7160/7160
f 7093/7093 7096/7096 7119/7119
f 7093/7093 7119/7119 7118/7118
f 7135/7135 7134/7134 7108/7108
f 7135/7135 7108/7108 7107/7107
f 7164/7164 7165/7165 7123/7123
f 7164/7164 7123/7123 7122/7122
f 7157/7157 7156/7156 7102/7102
f 7157/7157 7102/7102 7101/7101
f 7125/7125 7124/7124 7163/7163
f 7125/7125 7163/7163 7162/7162
f 7053/7053 7091/7091 7166/7166
f 7053/7053 7166/7166 7167/7167
f 7167/7167 7166/7166 7039/7039
f 7167/7167 7039/7039 7043/7043
f 7091/7091 7097/7097 7168/7168
f 7091/7091 7168/7168 7166/7166
f 7166/7166 7168/7168 7040/7040
f 7166/7166 7040/7040 7039/7039
f 7031/7031 7045/7045 7169/7169
f 7031/7031 7169/7169 7170/7170
f 7170/7170 7169/7169 7028/7028
f 7170/7170 7028/7028 7027/7027
f 7032/7032 7031/7031 7170/7170
f 7032/7032 7170/7170 7171/7171
f 7171/7171 7170/7170 7027/7027
f 7171/7171 7027/7027 7054/7054
f 7015/7015 7088/7088 7172/7172
f 7015/7015 7172/7172 7173/7173
f 7173/7173 7172/7172 7050/7050
f 7173/7173 7050/7050 7049/7049
f 7079/7079 7087/7087 7174/7174
f 7079/7079 7174/7174 7175/7175
f 7175/7175 7174/7174 7176/7176
f 7175/7175 7176/7176 7177/7177
f 7058/7058 7057/7057 7178/7178
f 7058/7058 7178/7178 7179/7179
f 7179/7179 7178/7178 7062/7062
f 7179/7179 7062/7062 7016/7016
f 7082/7082 7081/7081 7180/7180
f 7082/7082 7180/7180 7181/7181
f 7182/7182 7183/7183 7020/7020
f 7182/7182 7020/7020 7019/7019
f 7101/7101 7104/7104 7184/7184
f 7101/7101 7184/7184 7185/7185
f 7185/7185 7184/7184 7136/7136
f 7185/7185 7136/7136 7130/7130
f 7117/7117 7139/7139 7186/7186
f 7117/7117 7186/7186 7187/7187
f 7187/7187 7186/7186 7164/7164
f 7187/7187 7164/7164 7122/7122
f 7135/7135 7107/7107 7188/7188
f 7135/7135 7188/7188 7189/7189
f 7189/7189 7188/7188 7160/7160
f 7189/7189 7160/7160 7154/7154
f 7125/7125 7162/7162 7190/7190
f 7125/7125 7190/7190 7191/7191
f 7191/7191 7190/7190 7110/7110
f 7191/7191 7110/7110 7112/7112
f 7133/7133 7135/7135 7189/7189
f 7133/7133 7189/7189 7192/7192
f 7192/7192 7189/7189 7154/7154
f 7192/7192 7154/7154 7157/7157
f 7036/7036 7035/7035 7193/7193
f 7036/7036 7193/7193 7194/7194
f 7194/7194 7193/7193 7150/7150
f 7194/7194 7150/7150 7080/7080
f 7080/7080 7079/7079 7175/7175
f 7080/7080 7175/7175 7194/7194
f 7194/7194 7175/7175 7177/7177
f 7194/7194 7177/7177 7036/7036
f 7049/7049 7085/7085 7195/7195
f 7049/7049 7195/7195 7173/7173
f 7173/7173 7195/7195 7016/7016
f 7173/7173 7016/7016 7015/7015
f 7024/7024 7023/7023 7196/7196
f 7024/7024 7196/7196 7197/7197
f 7197/7197 7196/7196 7099/7099
f 7197/7197 7099/7099 7094/7094
f 7094/7094 7093/7093 7198/7198
f 7094/7094 7198/7198 7197/7197
f 7197/7197 7198/7198 7025/7025
f 7197/7197 7025/7025 7024/7024
f 7043/7043 7032/7032 7171/7171
f 7043/7043 7171/7171 7167/7167
f 7167/7167 7171/7171 7054/7054
f 7167/7167 7054/7054 7053/7053
f 7045/7045 7050/7050 7172/7172
f 7045/7045 7172/7172 7169/7169
f 7169/7169 7172/7172 7088/7088
f 7169/7169 7088/7088 7028/7028
f 7047/7047 7020/7020 7183/7183
f 7047/7047 7183/7183 7199/7199
f 7178/7178 7180/7180 7081/7081
f 7178/7178 7081/7081 7062/7062
f 7122/7122 7125/7125 7191/7191
f 7122/7122 7191/7191 7187/7187
f 7187/7187 7191/7191 7112/7112
f 7187/7187 7112/7112 7117/7117
f 7118/7118 7121/7121 7200/7200
f 7118/7118 7200/7200 7201/7201
f 7201/7201 7200/7200 7113/7113
f 7201/7201 7113/7113 7114/7114
f 7114/7114 7025/7025 7198/7198
f 7114/7114 7198/7198 7201/7201
f 7201/7201 7198/7198 7093/7093
f 7201/7201 7093/7093 7118/7118
f 7162/7162 7160/7160 7188/7188
f 7162/7162 7188/7188 7190/7190
f 7190/7190 7188/7188 7107/7107
f 7190/7190 7107/7107 7110/7110
f 7157/7157 7101/7101 7185/7185
f 7157/7157 7185/7185 7192/7192
f 7192/7192 7185/7185 7130/7130
f 7192/7192 7130/7130 7133/7133
f 7151/7151 7150/7150 7193/7193
f 7151/7151 7193/7193 7202/7202
f 7202/7202 7193/7193 7035/7035
f 7202/7202 7035/7035 7038/7038
f 7104/7104 7126/7126 7203/7203
f 7104/7104 7203/7203 7204/7204
f 7204/7204 7203/7203 7106/7106
f 7204/7204 7106/7106 7159/7159
f 7129/7129 7153/7153 7205/7205
f 7129/7129 7205/7205 7206/7206
f 7206/7206 7205/7205 7115/7115
f 7206/7206 7115/7115 7105/7105
f 7126/7126 7129/7129 7206/7206
f 7126/7126 7206/7206 7203/7203
f 7203/7203 7206/7206 7105/7105
f 7203/7203 7105/7105 7106/7106
f 7177/7177 7176/7176 7037/7037
f 7177/7177 7037/7037 7036/7036
f 7207/7207 7208/7208 7209/7209
f 7207/7207 7209/7209 7210/7210
f 7211/7211 7212/7212 7213/7213
f 7211/7211 7213/7213 7214/7214
f 7210/7210 7209/7209 7215/7215
f 7210/7210 7215/7215 7216/7216
f 7216/7216 7215/7215 7212/7212
f 7216/7216 7212/7212 7211/7211
f 7217/7217 7218/7218 7219/7219
f 7217/7217 7219/7219 7220/7220
f 7221/7221 7222/7222 7223/7223
f 7221/7221 7223/7223 7224/7224
f 7218/7218 7214/7214 7213/7213
f 7218/7218 7213/7213 7219/7219
f 7225/7225 7226/7226 7208/7208
f 7225/7225 7208/7208 7207/7207
f 7227/7227 7228/7228 7229/7229
f 7227/7227 7229/7229 7230/7230
f 7230/7230 7229/7229 7226/7226
f 7230/7230 7226/7226 7225/7225
f 7231/7231 7232/7232 7233/7233
f 7231/7231 7233/7233 7234/7234
f 7235/7235 7236/7236 7237/7237
f 7235/7235 7237/7237 7238/7238
f 7239/7239 7240/7240 7241/7241
f 7239/7239 7241/7241 7242/7242
f 7236/7236 7243/7243 7244/7244
f 7236/7236 7244/7244 7237/7237
f 7243/7243 7239/7239 7242/7242
f 7243/7243 7242/7242 7244/7244
f 7245/7245 7246/7246 7247/7247
f 7245/7245 7247/7247 7248/7248
f 7249/7249 7224/7224 7223/7223
f 7249/7249 7223/7223 7250/7250
f 7248/7248 7247/7247 7241/7241
f 7248/7248 7241/7241 7240/7240
f 7251/7251 7235/7235 7238/7238
f 7251/7251 7238/7238 7252/7252
f 7253/7253 7254/7254 7255/7255
f 7253/7253 7255/7255 7256/7256
f 7254/7254 7251/7251 7252/7252
f 7254/7254 7252/7252 7255/7255
f 7231/7231 7234/7234 7257/7257
f 7231/7231 7257/7257 7258/7258
o V1_SailplaneGlider_1_Wheel_R_VehiclesGeneric_0
usemtl VehiclesGeneric
v 0.71840 160.71918 5.71018
v 0.81190 160.71918 5.71018
v 0.81190 161.78091 5.00075
v 0.71839 161.78091 5.00075
v 0.71839 162.73946 2.68661
v 0.81189 162.73946 2.68661
v 0.81189 162.49034 1.43421
v 0.71839 162.49034 1.43421
v 0.71839 160.71918 -0.33696
v 0.81190 160.71918 -0.33696
v 0.81191 159.46678 -0.58607
v 0.71840 159.46678 -0.58607
v 0.71840 159.46677 5.95930
v 0.81191 159.46677 5.95930
v 0.71839 162.49034 3.93901
v 0.81189 162.49034 3.93901
v 0.71839 161.78091 0.37247
v 0.81190 161.78091 0.37247
v 0.81190 160.71918 -0.33696
v 0.71839 160.71918 -0.33696
v 0.81189 162.49034 3.93901
v 0.71839 162.49034 3.93901
v 0.71840 158.21437 -0.33696
v 0.81191 158.21437 -0.33696
v 0.81190 157.15263 0.37247
v 0.71840 157.15263 0.37247
v 0.71840 156.19409 2.68661
v 0.81190 156.19409 2.68661
v 0.81190 156.44321 3.93901
v 0.71840 156.44321 3.93901
v 0.71840 158.21437 5.71018
v 0.81190 158.21437 5.71018
v 0.81191 159.46677 5.95930
v 0.71840 159.46677 5.95930
v 0.71840 156.44321 1.43421
v 0.81190 156.44321 1.43421
v 0.71840 157.15264 5.00075
v 0.81190 157.15264 5.00075
v 0.81190 156.44321 1.43421
v 0.71840 156.44321 1.43421
v -0.71843 160.71918 5.71018
v -0.71843 161.78091 5.00075
v -0.81194 161.78091 5.00075
v -0.81194 160.71918 5.71018
v -0.71843 162.73946 2.68661
v -0.71843 162.49034 1.43421
v -0.81193 162.49034 1.43421
v -0.81193 162.73946 2.68661
v -0.71843 160.71918 -0.33696
v -0.71844 159.46677 -0.58607
v -0.81194 159.46677 -0.58607
v -0.81194 160.71918 -0.33696
v -0.71844 159.46677 5.95930
v -0.81194 159.46677 5.95930
v -0.71843 162.49034 3.93901
v -0.81194 162.49034 3.93901
v -0.71843 161.78091 0.37247
v -0.71843 160.71918 -0.33696
v -0.81194 160.71918 -0.33696
v -0.81194 161.78091 0.37247
v -0.71843 162.49034 3.93901
v -0.81194 162.49034 3.93901
v -0.71843 158.21437 -0.33696
v -0.71843 157.15263 0.37247
v -0.81194 157.15263 0.37247
v -0.81194 158.21437 -0.33696
v -0.71843 156.19409 2.68661
v -0.71843 156.44320 3.93901
v -0.81193 156.44320 3.93901
v -0.81193 156.19409 2.68661
v -0.71843 158.21437 5.71018
v -0.71844 159.46677 5.95930
v -0.81194 159.46677 5.95930
v -0.81194 158.21437 5.71018
v -0.71843 156.44320 1.43421
v -0.81193 156.44320 1.43421
v -0.71843 157.15263 5.00075
v -0.81194 157.15263 5.00075
v -0.71843 156.44320 1.43421
v -0.81193 156.44320 1.43421
v -1.63636 158.60289 2.32878
v -0.81193 158.60289 2.32878
v -0.81194 158.53172 2.68661
v -1.63635 158.53172 2.68661
v -1.63636 159.10894 3.55049
v -0.81194 159.10894 3.55049
v -0.81193 159.46677 3.62167
v -1.63636 159.46677 3.62167
v -1.63636 160.12795 3.34779
v -0.81194 160.12795 3.34779
v -0.81193 160.33065 3.04444
v -1.63636 160.33065 3.04444
v -1.63636 159.82460 3.55049
v -0.81193 159.82460 3.55049
v -1.63636 158.80559 2.02543
v -0.81194 158.80559 2.02543
v -0.81193 158.60289 2.32878
v -1.63636 158.60289 2.32878
v -1.63636 159.46677 3.62167
v -0.81193 159.46677 3.62167
v -1.63635 158.60289 3.04444
v -0.81193 158.60289 3.04444
v -0.81194 158.80559 3.34779
v -1.63636 158.80559 3.34779
v -1.63636 160.33065 3.04444
v -0.81193 160.33065 3.04444
v -0.81194 160.40182 2.68661
v -1.63636 160.40182 2.68661
v -1.63636 160.12795 2.02543
v -0.81194 160.12795 2.02543
v -0.81194 159.82460 1.82274
v -1.63636 159.82460 1.82274
v -1.63636 159.10894 1.82274
v -0.81193 159.10894 1.82274
v -1.63635 160.33065 2.32878
v -0.81193 160.33065 2.32878
v -1.63636 159.82460 1.82274
v -0.81194 159.82460 1.82274
v -0.81193 159.46677 1.75156
v -1.63636 159.46677 1.75156
v 1.63633 158.60290 2.32878
v 1.63633 158.53172 2.68661
v 0.81191 158.53172 2.68661
v 0.81191 158.60290 2.32878
v 1.63633 159.10894 3.55049
v 1.63634 159.46677 3.62167
v 0.81192 159.46677 3.62167
v 0.81191 159.10894 3.55049
v 1.63633 160.12795 3.34779
v 1.63633 160.33065 3.04444
v 0.81191 160.33065 3.04444
v 0.81191 160.12795 3.34779
v 1.63633 159.82460 3.55049
v 0.81191 159.82460 3.55049
v 1.63633 158.80559 2.02543
v 1.63633 158.60290 2.32878
v 0.81191 158.60290 2.32878
v 0.81191 158.80559 2.02543
v 1.63634 159.46677 3.62167
v 0.81192 159.46677 3.62167
v 1.63633 158.60290 3.04444
v 1.63633 158.80559 3.34779
v 0.81191 158.80559 3.34779
v 0.81191 158.60290 3.04444
v 1.63633 160.33065 3.04444
v 1.63633 160.40183 2.68661
v 0.81191 160.40182 2.68661
v 0.81191 160.33065 3.04444
v 1.63633 160.12795 2.02543
v 1.63633 159.82460 1.82274
v 0.81191 159.82460 1.82274
v 0.81191 160.12795 2.02543
v 1.63634 159.10894 1.82274
v 0.81191 159.10894 1.82274
v 1.63633 160.33065 2.32878
v 0.81191 160.33065 2.32878
v 1.63633 159.82460 1.82274
v 1.63634 159.46677 1.75156
v 0.81192 159.46677 1.75156
v 0.81191 159.82460 1.82274
v 0.83954 163.09883 2.68661
v 0.83954 162.82235 4.07654
v 0.71840 162.49034 3.93901
v 0.71840 162.73946 2.68661
v 0.83954 155.83471 2.68661
v 0.83954 156.11119 1.29668
v 0.71840 156.44320 1.43421
v 0.71840 156.19409 2.68661
v 0.83954 162.03502 5.25486
v 0.71840 161.78091 5.00075
v 0.83954 156.11119 4.07654
v 0.71840 156.44320 3.93901
v 0.83954 160.85670 -0.66897
v 0.83954 162.03502 0.11836
v 0.71840 161.78091 0.37247
v 0.71840 160.71917 -0.33696
v 0.83954 156.89852 5.25486
v 0.71840 157.15263 5.00075
v 0.83954 162.82235 1.29668
v 0.71840 162.49034 1.43421
v 0.83954 159.46677 -0.94545
v 0.71840 159.46677 -0.58607
v 0.83954 158.07684 6.04219
v 0.71840 158.21437 5.71018
v 0.83954 158.07684 -0.66897
v 0.71840 158.21437 -0.33696
v 0.83954 159.46677 6.31867
v 0.71840 159.46677 5.95930
v 0.83954 156.89852 0.11836
v 0.71840 157.15263 0.37247
v 0.83954 160.85670 6.04219
v 0.71840 160.71917 5.71018
v -0.00002 165.31085 2.68661
v 0.56395 165.02889 2.68661
v 0.56395 164.60550 0.55808
v -0.00002 164.86600 0.45018
v 0.56395 165.02889 2.68661
v 0.83954 164.55551 2.68661
v 0.83954 164.16815 0.73924
v 0.56395 164.60550 0.55808
v -0.00002 164.86600 0.45018
v 0.56395 163.39978 -1.24640
v -0.00002 163.59916 -1.44578
v 0.83954 163.06505 -0.91167
v 0.56395 161.59530 -2.45212
v -0.00002 161.70320 -2.71262
v 0.83954 161.41415 -2.01477
v 0.56395 159.46677 -2.87551
v -0.00002 159.46677 -3.15747
v 0.83954 159.46677 -2.40212
v -0.00002 159.46677 -3.15747
v 0.56395 159.46677 -2.87551
v 0.56395 157.33824 -2.45212
v -0.00002 157.23034 -2.71262
v 0.83954 157.51940 -2.01477
v 0.56395 157.33824 -2.45212
v 0.56395 155.53376 -1.24640
v -0.00001 155.33438 -1.44578
v 0.83954 155.86849 -0.91167
v 0.56395 155.53376 -1.24640
v 0.56395 154.32804 0.55808
v -0.00001 154.06754 0.45018
v 0.83954 154.76539 0.73924
v 0.56395 154.32804 0.55808
v 0.56395 153.90465 2.68661
v -0.00001 153.62269 2.68661
v 0.83954 154.76539 0.73924
v 0.83954 154.37804 2.68661
v 0.56395 154.32804 4.81514
v -0.00001 154.06754 4.92304
v 0.56395 153.90465 2.68661
v 0.83954 154.37804 2.68661
v 0.83954 154.76539 4.63398
v 0.56395 154.32804 4.81514
v 0.56395 155.53376 6.61962
v -0.00002 155.33438 6.81900
v 0.83954 155.86849 6.28489
v 0.56395 155.53376 6.61962
v 0.56395 157.33824 7.82534
v -0.00002 157.23034 8.08584
v 0.83954 157.51940 7.38799
v 0.56395 157.33824 7.82534
v -0.00002 157.23034 8.08584
v 0.56395 159.46677 8.24873
v -0.00002 159.46677 8.53069
v 0.83954 159.46677 7.77535
v 0.56395 161.59530 7.82534
v -0.00002 161.70321 8.08584
v 0.83954 161.41415 7.38799
v 0.56395 163.39979 6.61962
v -0.00002 163.59916 6.81900
v 0.83954 163.06505 6.28489
v -0.00002 163.59916 6.81900
v 0.56395 163.39979 6.61962
v 0.56395 164.60550 4.81514
v -0.00002 164.86600 4.92304
v 0.83954 164.16815 4.63398
v 0.56395 164.60550 4.81514
v 0.93503 163.44113 1.04038
v 0.93503 163.76859 2.68661
v 0.93503 162.50862 5.72845
v 0.93503 161.11301 6.66097
v 0.93503 155.49241 1.04038
v 0.93503 156.42493 -0.35523
v 0.93503 159.46677 6.98843
v 0.93503 157.82054 -1.28775
v 0.93503 157.82054 6.66097
v 0.93503 159.46677 -1.61520
v 0.93503 156.42493 5.72845
v 0.93503 161.11301 -1.28775
v 0.93503 162.50861 -0.35523
v 0.93503 155.49241 4.33284
v 0.93503 155.16496 2.68661
v 0.93503 163.44113 4.33284
v -0.83958 163.09883 2.68661
v -0.71844 162.73946 2.68661
v -0.71844 162.49034 3.93901
v -0.83958 162.82235 4.07654
v -0.83957 155.83471 2.68661
v -0.71843 156.19408 2.68661
v -0.71843 156.44320 1.43421
v -0.83957 156.11119 1.29668
v -0.71844 161.78091 5.00075
v -0.83958 162.03502 5.25486
v -0.83957 156.11119 4.07654
v -0.71843 156.44320 3.93901
v -0.83958 160.85670 -0.66897
v -0.71844 160.71917 -0.33696
v -0.71844 161.78091 0.37247
v -0.83958 162.03502 0.11836
v -0.83957 156.89852 5.25486
v -0.71843 157.15263 5.00075
v -0.71844 162.49034 1.43421
v -0.83958 162.82235 1.29668
v -0.83957 159.46677 -0.94545
v -0.71844 159.46677 -0.58607
v -0.83957 158.07684 6.04219
v -0.71844 158.21437 5.71018
v -0.83957 158.07684 -0.66897
v -0.71843 158.21437 -0.33696
v -0.83957 159.46677 6.31867
v -0.71844 159.46677 5.95930
v -0.83957 156.89852 0.11836
v -0.71843 157.15263 0.37247
v -0.83958 160.85670 6.04219
v -0.71844 160.71917 5.71018
v -0.56399 164.60550 0.55808
v -0.56399 165.02889 2.68661
v -0.56399 165.02889 2.68661
v -0.56399 164.60550 0.55808
v -0.83958 164.16815 0.73924
v -0.83958 164.55551 2.68661
v -0.00002 163.59916 -1.44578
v -0.56399 163.39978 -1.24640
v -0.56399 163.39978 -1.24640
v -0.83958 163.06505 -0.91167
v -0.00002 161.70320 -2.71262
v -0.56399 161.59530 -2.45212
v -0.56399 161.59530 -2.45212
v -0.83958 161.41414 -2.01477
v -0.00002 161.70320 -2.71262
v -0.00002 159.46677 -3.15747
v -0.56399 159.46677 -2.87551
v -0.83957 159.46677 -2.40212
v -0.00002 157.23034 -2.71262
v -0.56398 157.33824 -2.45212
v -0.83957 157.51939 -2.01477
v -0.00001 155.33438 -1.44578
v -0.56398 155.53376 -1.24640
v -0.83957 155.86849 -0.91167
v -0.56398 154.32804 0.55808
v -0.56398 155.53376 -1.24640
v -0.56398 154.32804 0.55808
v -0.83957 154.76539 0.73924
v -0.56398 153.90465 2.68661
v -0.56398 153.90465 2.68661
v -0.83957 154.37803 2.68661
v -0.56398 154.32804 4.81514
v -0.56398 154.32804 4.81514
v -0.83957 154.76539 4.63398
v -0.00001 154.06754 4.92304
v -0.00002 155.33438 6.81900
v -0.56398 155.53376 6.61962
v -0.83957 155.86849 6.28489
v -0.00002 157.23034 8.08584
v -0.56398 157.33824 7.82534
v -0.83957 157.51939 7.38799
v -0.00002 159.46677 8.53069
v -0.56399 159.46677 8.24873
v -0.83957 159.46677 7.77535
v -0.00002 159.46677 8.53069
v -0.00002 161.70321 8.08584
v -0.56399 161.59530 7.82534
v -0.56399 159.46677 8.24873
v -0.56399 161.59530 7.82534
v -0.83958 161.41414 7.38799
v -0.56399 163.39978 6.61962
v -0.56399 163.39978 6.61962
v -0.83958 163.06505 6.28489
v -0.56399 164.60550 4.81514
v -0.56399 164.60550 4.81514
v -0.83958 164.16815 4.63398
v -0.83958 164.55551 2.68661
v -0.83958 164.16815 4.63398
v -0.93507 163.44113 1.04038
v -0.93507 163.76859 2.68661
v -0.93507 162.50861 5.72845
v -0.93507 161.11300 6.66097
v -0.93506 155.49241 1.04038
v -0.93506 156.42493 -0.35523
v -0.93507 159.46677 6.98843
v -0.93506 157.82054 -1.28775
v -0.93507 157.82054 6.66097
v -0.93507 159.46677 -1.61520
v -0.93506 156.42493 5.72845
v -0.93507 161.11300 -1.28775
v -0.93507 162.50861 -0.35523
v -0.93506 155.49241 4.33284
v -0.93506 155.16495 2.68661
v -0.93507 163.44113 4.33284
v -0.81193 156.44320 1.43421
v -0.81193 158.60289 2.32878
v -0.81194 158.80559 2.02543
v -0.81194 157.15263 0.37247
v -0.81193 159.46677 1.75156
v -0.81194 159.82460 1.82274
v -0.81194 160.71918 -0.33696
v -0.81194 159.46677 -0.58607
v -0.81193 160.33065 3.04444
v -0.81194 160.12795 3.34779
v -0.81194 161.78091 5.00075
v -0.81194 162.49034 3.93901
v -0.81194 158.21437 5.71018
v -0.81194 159.10894 3.55049
v -0.81194 158.80559 3.34779
v -0.81194 157.15263 5.00075
v -0.81193 159.10894 1.82274
v -0.81194 158.21437 -0.33696
v -0.81194 159.46677 5.95930
v -0.81193 159.46677 3.62167
v -0.81194 160.71918 5.71018
v -0.81193 159.82460 3.55049
v -0.81193 156.19409 2.68661
v -0.81194 158.53172 2.68661
v -0.81193 162.73946 2.68661
v -0.81194 160.40182 2.68661
v -0.81194 160.12795 2.02543
v -0.81193 160.33065 2.32878
v -0.81193 162.49034 1.43421
v -0.81194 161.78091 0.37247
v -0.81193 158.60289 3.04444
v -0.81193 156.44320 3.93901
v 0.81191 160.33065 3.04444
v 0.81189 162.49034 3.93901
v 0.81190 161.78091 5.00075
v 0.81191 160.12795 3.34779
v 0.81190 157.15264 5.00075
v 0.81190 156.44321 3.93901
v 0.81191 158.60290 3.04444
v 0.81191 158.80559 3.34779
v 0.81191 160.12795 2.02543
v 0.81190 161.78091 0.37247
v 0.81189 162.49034 1.43421
v 0.81191 160.33065 2.32878
v 0.81191 159.10894 1.82274
v 0.81191 158.21437 -0.33696
v 0.81191 159.46678 -0.58607
v 0.81192 159.46677 1.75156
v 0.81190 160.71918 -0.33696
v 0.81191 159.82460 1.82274
v 0.81191 158.80559 2.02543
v 0.81190 157.15263 0.37247
v 0.81190 156.19409 2.68661
v 0.81191 158.53172 2.68661
v 0.81190 160.71918 5.71018
v 0.81191 159.82460 3.55049
v 0.81191 159.46677 5.95930
v 0.81192 159.46677 3.62167
v 0.81189 162.73946 2.68661
v 0.81191 160.40182 2.68661
v 0.81190 156.44321 1.43421
v 0.81191 158.60290 2.32878
v 0.81190 158.21437 5.71018
v 0.81191 159.10894 3.55049
vt 0.09349 0.85582
vt 0.09495 0.85582
vt 0.09495 0.83593
vt 0.09349 0.83593
vt 0.09495 0.86013
vt 0.09640 0.86013
vt 0.09640 0.84176
vt 0.09495 0.84176
vt 0.13930 0.80349
vt 0.13784 0.80349
vt 0.13784 0.82186
vt 0.13930 0.82186
vt 0.09349 0.87420
vt 0.09495 0.87420
vt 0.09495 0.87420
vt 0.09640 0.87420
vt 0.09495 0.82186
vt 0.09640 0.82186
vt 0.09640 0.80349
vt 0.09495 0.80349
vt 0.09495 0.81755
vt 0.09349 0.81755
vt 0.13930 0.84176
vt 0.13784 0.84176
vt 0.13784 0.86013
vt 0.13930 0.86013
vt 0.09640 0.86013
vt 0.09786 0.86013
vt 0.09786 0.84176
vt 0.09640 0.84176
vt 0.09640 0.80349
vt 0.09786 0.80349
vt 0.09786 0.78942
vt 0.09640 0.78942
vt 0.09640 0.87420
vt 0.09786 0.87420
vt 0.09640 0.82186
vt 0.09786 0.82186
vt 0.13784 0.87420
vt 0.13930 0.87420
vt 0.13930 0.83593
vt 0.13930 0.85582
vt 0.14076 0.85582
vt 0.14076 0.83593
vt 0.09067 0.81755
vt 0.09067 0.83593
vt 0.09212 0.83593
vt 0.09212 0.81755
vt 0.09067 0.87420
vt 0.09067 0.85582
vt 0.08921 0.85582
vt 0.08921 0.87420
vt 0.13930 0.81755
vt 0.14076 0.81755
vt 0.09067 0.80349
vt 0.09212 0.80349
vt 0.09067 0.85582
vt 0.09067 0.87420
vt 0.09212 0.87420
vt 0.09212 0.85582
vt 0.13930 0.87420
vt 0.14076 0.87420
vt 0.09067 0.83593
vt 0.09067 0.81755
vt 0.08921 0.81755
vt 0.08921 0.83593
vt 0.09786 0.80349
vt 0.09786 0.82186
vt 0.09932 0.82186
vt 0.09932 0.80349
vt 0.09786 0.86013
vt 0.09786 0.87420
vt 0.09932 0.87420
vt 0.09932 0.86013
vt 0.09786 0.78942
vt 0.09932 0.78942
vt 0.09786 0.84176
vt 0.09932 0.84176
vt 0.09067 0.80349
vt 0.08921 0.80349
vt 0.03784 0.84998
vt 0.02500 0.84998
vt 0.02500 0.85400
vt 0.03784 0.85400
vt 0.03784 0.87018
vt 0.02500 0.87018
vt 0.02500 0.87420
vt 0.03784 0.87420
vt 0.11216 0.86326
vt 0.12500 0.86326
vt 0.12500 0.85801
vt 0.11216 0.85801
vt 0.11216 0.86895
vt 0.12500 0.86895
vt 0.06353 0.87018
vt 0.05068 0.87018
vt 0.05068 0.87420
vt 0.06353 0.87420
vt 0.11216 0.87420
vt 0.12500 0.87420
vt 0.03784 0.85925
vt 0.02500 0.85925
vt 0.02500 0.86493
vt 0.03784 0.86493
vt 0.08921 0.85400
vt 0.07637 0.85400
vt 0.07637 0.85801
vt 0.08921 0.85801
vt 0.08921 0.86895
vt 0.07637 0.86895
vt 0.07637 0.87420
vt 0.08921 0.87420
vt 0.06353 0.86493
vt 0.05068 0.86493
vt 0.08921 0.86326
vt 0.07637 0.86326
vt 0.06353 0.85400
vt 0.05068 0.85400
vt 0.05068 0.85925
vt 0.06353 0.85925
vt 0.05068 0.87420
vt 0.05068 0.87018
vt 0.03784 0.87018
vt 0.03784 0.87420
vt 0.05068 0.85400
vt 0.05068 0.84998
vt 0.03784 0.84998
vt 0.03784 0.85400
vt 0.09932 0.86895
vt 0.09932 0.87420
vt 0.11216 0.87420
vt 0.11216 0.86895
vt 0.09932 0.86326
vt 0.11216 0.86326
vt 0.06353 0.87018
vt 0.06353 0.87420
vt 0.07637 0.87420
vt 0.07637 0.87018
vt 0.09932 0.85801
vt 0.11216 0.85801
vt 0.05068 0.86493
vt 0.05068 0.85925
vt 0.03784 0.85925
vt 0.03784 0.86493
vt 0.13784 0.87420
vt 0.13784 0.87018
vt 0.12500 0.87018
vt 0.12500 0.87420
vt 0.13784 0.85925
vt 0.13784 0.85400
vt 0.12500 0.85400
vt 0.12500 0.85925
vt 0.06353 0.86493
vt 0.07637 0.86493
vt 0.13784 0.86493
vt 0.12500 0.86493
vt 0.06353 0.85400
vt 0.06353 0.85925
vt 0.07637 0.85925
vt 0.07637 0.85400
vt 0.70225 0.18118
vt 0.70225 0.16882
vt 0.69923 0.16943
vt 0.69923 0.18057
vt 0.64017 0.16882
vt 0.64017 0.18118
vt 0.64329 0.18057
vt 0.64329 0.16943
vt 0.69753 0.15740
vt 0.69497 0.15914
vt 0.64490 0.15740
vt 0.64755 0.15914
vt 0.67739 0.20607
vt 0.68879 0.20134
vt 0.68710 0.19874
vt 0.67682 0.20300
vt 0.65363 0.14866
vt 0.65542 0.15126
vt 0.69753 0.19260
vt 0.69497 0.19086
vt 0.66504 0.20607
vt 0.66570 0.20300
vt 0.66504 0.14393
vt 0.66570 0.14700
vt 0.65363 0.20134
vt 0.65542 0.19874
vt 0.67739 0.14393
vt 0.67682 0.14700
vt 0.64490 0.19260
vt 0.64755 0.19086
vt 0.68879 0.14866
vt 0.68710 0.15126
vt 0.55822 0.08495
vt 0.55496 0.08447
vt 0.55828 0.10196
vt 0.56171 0.10332
vt 0.71886 0.18447
vt 0.71470 0.18366
vt 0.70808 0.19966
vt 0.71162 0.20196
vt 0.71390 0.20332
vt 0.69825 0.21534
vt 0.69985 0.21739
vt 0.69585 0.21191
vt 0.68078 0.22259
vt 0.68149 0.22500
vt 0.67986 0.21854
vt 0.66187 0.22259
vt 0.66162 0.22500
vt 0.66256 0.21854
vt 0.55037 0.12500
vt 0.55496 0.12259
vt 0.54693 0.11534
vt 0.54193 0.11739
vt 0.64658 0.21191
vt 0.64440 0.21534
vt 0.54079 0.10196
vt 0.53548 0.10332
vt 0.63434 0.19966
vt 0.63103 0.20196
vt 0.53746 0.08447
vt 0.53198 0.08495
vt 0.62772 0.18366
vt 0.62379 0.18447
vt 0.53746 0.06553
vt 0.53198 0.06505
vt 0.54145 0.08366
vt 0.54145 0.06634
vt 0.54079 0.04804
vt 0.53548 0.04668
vt 0.62379 0.16553
vt 0.62772 0.16634
vt 0.63434 0.15034
vt 0.63103 0.14804
vt 0.54693 0.03466
vt 0.54193 0.03261
vt 0.64658 0.13809
vt 0.64440 0.13466
vt 0.55496 0.02741
vt 0.55037 0.02500
vt 0.66256 0.13146
vt 0.66187 0.12741
vt 0.66162 0.12500
vt 0.68078 0.12741
vt 0.68149 0.12500
vt 0.67986 0.13146
vt 0.69825 0.13466
vt 0.69985 0.13261
vt 0.69585 0.13809
vt 0.71162 0.14804
vt 0.71390 0.14668
vt 0.70808 0.15034
vt 0.56171 0.04668
vt 0.55828 0.04804
vt 0.55496 0.06553
vt 0.55822 0.06505
vt 0.71470 0.16634
vt 0.71886 0.16553
vt 0.70234 0.19585
vt 0.70794 0.18232
vt 0.70234 0.15415
vt 0.69200 0.14380
vt 0.63441 0.18232
vt 0.64000 0.19585
vt 0.67848 0.13820
vt 0.65035 0.20620
vt 0.66386 0.13820
vt 0.66386 0.21180
vt 0.65035 0.14380
vt 0.67848 0.21180
vt 0.69200 0.20620
vt 0.64000 0.15415
vt 0.63441 0.16768
vt 0.70794 0.16768
vt 0.54510 0.18118
vt 0.54822 0.18057
vt 0.54822 0.16943
vt 0.54510 0.16882
vt 0.60718 0.16882
vt 0.60416 0.16943
vt 0.60416 0.18057
vt 0.60718 0.18118
vt 0.55248 0.15914
vt 0.54983 0.15740
vt 0.60246 0.15740
vt 0.59990 0.15914
vt 0.56997 0.20607
vt 0.57063 0.20300
vt 0.56035 0.19874
vt 0.55856 0.20134
vt 0.59372 0.14866
vt 0.59203 0.15126
vt 0.55248 0.19086
vt 0.54983 0.19260
vt 0.58232 0.20607
vt 0.58175 0.20300
vt 0.58232 0.14393
vt 0.58175 0.14700
vt 0.59372 0.20134
vt 0.59203 0.19874
vt 0.56997 0.14393
vt 0.57063 0.14700
vt 0.60246 0.19260
vt 0.59990 0.19086
vt 0.55856 0.14866
vt 0.56035 0.15126
vt 0.56702 0.10196
vt 0.56370 0.08447
vt 0.52872 0.18447
vt 0.53596 0.20196
vt 0.53927 0.19966
vt 0.53265 0.18366
vt 0.56817 0.11739
vt 0.57317 0.11534
vt 0.54933 0.21534
vt 0.55151 0.21191
vt 0.57660 0.12500
vt 0.58119 0.12259
vt 0.56680 0.22259
vt 0.56749 0.21854
vt 0.56655 0.22500
vt 0.58642 0.22500
vt 0.58571 0.22259
vt 0.58479 0.21854
vt 0.60478 0.21739
vt 0.60318 0.21534
vt 0.60078 0.21191
vt 0.61883 0.20332
vt 0.61655 0.20196
vt 0.61301 0.19966
vt 0.52872 0.08447
vt 0.53204 0.10196
vt 0.62379 0.18447
vt 0.61963 0.18366
vt 0.52872 0.06553
vt 0.62379 0.16553
vt 0.61963 0.16634
vt 0.53204 0.04804
vt 0.61655 0.14804
vt 0.61301 0.15034
vt 0.61883 0.14668
vt 0.60478 0.13261
vt 0.60318 0.13466
vt 0.60078 0.13809
vt 0.58642 0.12500
vt 0.58571 0.12741
vt 0.58479 0.13146
vt 0.56655 0.12500
vt 0.56680 0.12741
vt 0.56749 0.13146
vt 0.57660 0.02500
vt 0.56817 0.03261
vt 0.57317 0.03466
vt 0.58119 0.02741
vt 0.54933 0.13466
vt 0.55151 0.13809
vt 0.56702 0.04804
vt 0.53596 0.14804
vt 0.53927 0.15034
vt 0.56370 0.06553
vt 0.52872 0.16553
vt 0.53265 0.16634
vt 0.56769 0.08366
vt 0.56769 0.06634
vt 0.54493 0.19585
vt 0.53934 0.18232
vt 0.54493 0.15415
vt 0.55528 0.14380
vt 0.61287 0.18232
vt 0.60727 0.19585
vt 0.56879 0.13820
vt 0.59693 0.20620
vt 0.58341 0.13820
vt 0.58341 0.21180
vt 0.59693 0.14380
vt 0.56879 0.21180
vt 0.55528 0.20620
vt 0.60727 0.15415
vt 0.61287 0.16768
vt 0.53934 0.16768
vt 0.21739 0.95252
vt 0.18711 0.93229
vt 0.18309 0.93631
vt 0.20332 0.96659
vt 0.17216 0.93848
vt 0.16691 0.93631
vt 0.14668 0.96659
vt 0.16505 0.97420
vt 0.16289 0.91611
vt 0.16691 0.91209
vt 0.14668 0.88181
vt 0.13261 0.89588
vt 0.20332 0.88181
vt 0.18309 0.91209
vt 0.18711 0.91611
vt 0.21739 0.89588
vt 0.17784 0.93848
vt 0.18495 0.97420
vt 0.18495 0.87420
vt 0.17784 0.90991
vt 0.16505 0.87420
vt 0.17216 0.90991
vt 0.22500 0.93414
vt 0.18929 0.92704
vt 0.12500 0.91425
vt 0.16071 0.92136
vt 0.16289 0.93229
vt 0.16071 0.92704
vt 0.12500 0.93414
vt 0.13261 0.95252
vt 0.18929 0.92136
vt 0.22500 0.91425
vt 0.08711 0.91611
vt 0.11739 0.89588
vt 0.10332 0.88181
vt 0.08309 0.91209
vt 0.03261 0.89588
vt 0.02500 0.91425
vt 0.06071 0.92136
vt 0.06289 0.91611
vt 0.08711 0.93229
vt 0.11739 0.95252
vt 0.12500 0.93414
vt 0.08929 0.92704
vt 0.07216 0.93848
vt 0.06505 0.97420
vt 0.08495 0.97420
vt 0.07784 0.93848
vt 0.10332 0.96659
vt 0.08309 0.93631
vt 0.06691 0.93631
vt 0.04668 0.96659
vt 0.02500 0.93414
vt 0.06071 0.92704
vt 0.08495 0.87420
vt 0.07784 0.90991
vt 0.06505 0.87420
vt 0.07216 0.90991
vt 0.12500 0.91425
vt 0.08929 0.92136
vt 0.03261 0.95252
vt 0.06289 0.93229
vt 0.04668 0.88181
vt 0.06691 0.91209
f 7259/7259 7260/7260 7261/7261
f 7259/7259 7261/7261 7262/7262
f 7263/7263 7264/7264 7265/7265
f 7263/7263 7265/7265 7266/7266
f 7267/7267 7268/7268 7269/7269
f 7267/7267 7269/7269 7270/7270
f 7271/7271 7272/7272 7260/7260
f 7271/7271 7260/7260 7259/7259
f 7273/7273 7274/7274 7264/7264
f 7273/7273 7264/7264 7263/7263
f 7275/7275 7276/7276 7277/7277
f 7275/7275 7277/7277 7278/7278
f 7262/7262 7261/7261 7279/7279
f 7262/7262 7279/7279 7280/7280
f 7266/7266 7265/7265 7276/7276
f 7266/7266 7276/7276 7275/7275
f 7281/7281 7282/7282 7283/7283
f 7281/7281 7283/7283 7284/7284
f 7285/7285 7286/7286 7287/7287
f 7285/7285 7287/7287 7288/7288
f 7289/7289 7290/7290 7291/7291
f 7289/7289 7291/7291 7292/7292
f 7270/7270 7269/7269 7282/7282
f 7270/7270 7282/7282 7281/7281
f 7293/7293 7294/7294 7286/7286
f 7293/7293 7286/7286 7285/7285
f 7295/7295 7296/7296 7290/7290
f 7295/7295 7290/7290 7289/7289
f 7284/7284 7283/7283 7297/7297
f 7284/7284 7297/7297 7298/7298
f 7288/7288 7287/7287 7296/7296
f 7288/7288 7296/7296 7295/7295
f 7299/7299 7300/7300 7301/7301
f 7299/7299 7301/7301 7302/7302
f 7303/7303 7304/7304 7305/7305
f 7303/7303 7305/7305 7306/7306
f 7307/7307 7308/7308 7309/7309
f 7307/7307 7309/7309 7310/7310
f 7311/7311 7299/7299 7302/7302
f 7311/7311 7302/7302 7312/7312
f 7313/7313 7303/7303 7306/7306
f 7313/7313 7306/7306 7314/7314
f 7315/7315 7316/7316 7317/7317
f 7315/7315 7317/7317 7318/7318
f 7300/7300 7319/7319 7320/7320
f 7300/7300 7320/7320 7301/7301
f 7304/7304 7315/7315 7318/7318
f 7304/7304 7318/7318 7305/7305
f 7321/7321 7322/7322 7323/7323
f 7321/7321 7323/7323 7324/7324
f 7325/7325 7326/7326 7327/7327
f 7325/7325 7327/7327 7328/7328
f 7329/7329 7330/7330 7331/7331
f 7329/7329 7331/7331 7332/7332
f 7308/7308 7321/7321 7324/7324
f 7308/7308 7324/7324 7309/7309
f 7333/7333 7325/7325 7328/7328
f 7333/7333 7328/7328 7334/7334
f 7335/7335 7329/7329 7332/7332
f 7335/7335 7332/7332 7336/7336
f 7322/7322 7337/7337 7338/7338
f 7322/7322 7338/7338 7323/7323
f 7326/7326 7335/7335 7336/7336
f 7326/7326 7336/7336 7327/7327
f 7339/7339 7340/7340 7341/7341
f 7339/7339 7341/7341 7342/7342
f 7343/7343 7344/7344 7345/7345
f 7343/7343 7345/7345 7346/7346
f 7347/7347 7348/7348 7349/7349
f 7347/7347 7349/7349 7350/7350
f 7351/7351 7352/7352 7348/7348
f 7351/7351 7348/7348 7347/7347
f 7353/7353 7354/7354 7355/7355
f 7353/7353 7355/7355 7356/7356
f 7357/7357 7358/7358 7352/7352
f 7357/7357 7352/7352 7351/7351
f 7359/7359 7360/7360 7361/7361
f 7359/7359 7361/7361 7362/7362
f 7363/7363 7364/7364 7365/7365
f 7363/7363 7365/7365 7366/7366
f 7367/7367 7368/7368 7369/7369
f 7367/7367 7369/7369 7370/7370
f 7371/7371 7372/7372 7354/7354
f 7371/7371 7354/7354 7353/7353
f 7373/7373 7374/7374 7368/7368
f 7373/7373 7368/7368 7367/7367
f 7375/7375 7376/7376 7377/7377
f 7375/7375 7377/7377 7378/7378
f 7362/7362 7361/7361 7344/7344
f 7362/7362 7344/7344 7343/7343
f 7366/7366 7365/7365 7374/7374
f 7366/7366 7374/7374 7373/7373
f 7378/7378 7377/7377 7372/7372
f 7378/7378 7372/7372 7371/7371
f 7342/7342 7341/7341 7360/7360
f 7342/7342 7360/7360 7359/7359
f 7379/7379 7380/7380 7381/7381
f 7379/7379 7381/7381 7382/7382
f 7383/7383 7384/7384 7385/7385
f 7383/7383 7385/7385 7386/7386
f 7387/7387 7388/7388 7389/7389
f 7387/7387 7389/7389 7390/7390
f 7391/7391 7387/7387 7390/7390
f 7391/7391 7390/7390 7392/7392
f 7393/7393 7394/7394 7395/7395
f 7393/7393 7395/7395 7396/7396
f 7397/7397 7391/7391 7392/7392
f 7397/7397 7392/7392 7398/7398
f 7399/7399 7400/7400 7401/7401
f 7399/7399 7401/7401 7402/7402
f 7403/7403 7404/7404 7405/7405
f 7403/7403 7405/7405 7406/7406
f 7407/7407 7408/7408 7409/7409
f 7407/7407 7409/7409 7410/7410
f 7411/7411 7393/7393 7396/7396
f 7411/7411 7396/7396 7412/7412
f 7413/7413 7407/7407 7410/7410
f 7413/7413 7410/7410 7414/7414
f 7415/7415 7416/7416 7417/7417
f 7415/7415 7417/7417 7418/7418
f 7400/7400 7383/7383 7386/7386
f 7400/7400 7386/7386 7401/7401
f 7404/7404 7413/7413 7414/7414
f 7404/7404 7414/7414 7405/7405
f 7416/7416 7411/7411 7412/7412
f 7416/7416 7412/7412 7417/7417
f 7380/7380 7399/7399 7402/7402
f 7380/7380 7402/7402 7381/7381
f 7419/7419 7420/7420 7421/7421
f 7419/7419 7421/7421 7422/7422
f 7423/7423 7424/7424 7425/7425
f 7423/7423 7425/7425 7426/7426
f 7420/7420 7427/7427 7428/7428
f 7420/7420 7428/7428 7421/7421
f 7429/7429 7423/7423 7426/7426
f 7429/7429 7426/7426 7430/7430
f 7431/7431 7432/7432 7433/7433
f 7431/7431 7433/7433 7434/7434
f 7435/7435 7429/7429 7430/7430
f 7435/7435 7430/7430 7436/7436
f 7432/7432 7437/7437 7438/7438
f 7432/7432 7438/7438 7433/7433
f 7439/7439 7431/7431 7434/7434
f 7439/7439 7434/7434 7440/7440
f 7441/7441 7435/7435 7436/7436
f 7441/7441 7436/7436 7442/7442
f 7443/7443 7439/7439 7440/7440
f 7443/7443 7440/7440 7444/7444
f 7445/7445 7441/7441 7442/7442
f 7445/7445 7442/7442 7446/7446
f 7447/7447 7443/7443 7444/7444
f 7447/7447 7444/7444 7448/7448
f 7449/7449 7445/7445 7446/7446
f 7449/7449 7446/7446 7450/7450
f 7424/7424 7447/7447 7448/7448
f 7424/7424 7448/7448 7425/7425
f 7427/7427 7449/7449 7450/7450
f 7427/7427 7450/7450 7428/7428
f 7451/7451 7452/7452 7453/7453
f 7451/7451 7453/7453 7454/7454
f 7455/7455 7456/7456 7457/7457
f 7455/7455 7457/7457 7458/7458
f 7459/7459 7458/7458 7460/7460
f 7459/7459 7460/7460 7461/7461
f 7458/7458 7457/7457 7462/7462
f 7458/7458 7462/7462 7460/7460
f 7461/7461 7460/7460 7463/7463
f 7461/7461 7463/7463 7464/7464
f 7460/7460 7462/7462 7465/7465
f 7460/7460 7465/7465 7463/7463
f 7464/7464 7463/7463 7466/7466
f 7464/7464 7466/7466 7467/7467
f 7463/7463 7465/7465 7468/7468
f 7463/7463 7468/7468 7466/7466
f 7469/7469 7470/7470 7471/7471
f 7469/7469 7471/7471 7472/7472
f 7466/7466 7468/7468 7473/7473
f 7466/7466 7473/7473 7474/7474
f 7472/7472 7471/7471 7475/7475
f 7472/7472 7475/7475 7476/7476
f 7474/7474 7473/7473 7477/7477
f 7474/7474 7477/7477 7478/7478
f 7476/7476 7475/7475 7479/7479
f 7476/7476 7479/7479 7480/7480
f 7478/7478 7477/7477 7481/7481
f 7478/7478 7481/7481 7482/7482
f 7480/7480 7479/7479 7483/7483
f 7480/7480 7483/7483 7484/7484
f 7479/7479 7485/7485 7486/7486
f 7479/7479 7486/7486 7483/7483
f 7484/7484 7483/7483 7487/7487
f 7484/7484 7487/7487 7488/7488
f 7489/7489 7490/7490 7491/7491
f 7489/7489 7491/7491 7492/7492
f 7488/7488 7487/7487 7493/7493
f 7488/7488 7493/7493 7494/7494
f 7492/7492 7491/7491 7495/7495
f 7492/7492 7495/7495 7496/7496
f 7494/7494 7493/7493 7497/7497
f 7494/7494 7497/7497 7498/7498
f 7496/7496 7495/7495 7499/7499
f 7496/7496 7499/7499 7500/7500
f 7501/7501 7500/7500 7502/7502
f 7501/7501 7502/7502 7503/7503
f 7500/7500 7499/7499 7504/7504
f 7500/7500 7504/7504 7502/7502
f 7503/7503 7502/7502 7505/7505
f 7503/7503 7505/7505 7506/7506
f 7502/7502 7504/7504 7507/7507
f 7502/7502 7507/7507 7505/7505
f 7506/7506 7505/7505 7508/7508
f 7506/7506 7508/7508 7509/7509
f 7505/7505 7507/7507 7510/7510
f 7505/7505 7510/7510 7508/7508
f 7511/7511 7512/7512 7513/7513
f 7511/7511 7513/7513 7514/7514
f 7508/7508 7510/7510 7515/7515
f 7508/7508 7515/7515 7516/7516
f 7514/7514 7513/7513 7452/7452
f 7514/7514 7452/7452 7451/7451
f 7516/7516 7515/7515 7456/7456
f 7516/7516 7456/7456 7455/7455
f 7437/7437 7419/7419 7422/7422
f 7437/7437 7422/7422 7438/7438
f 7517/7517 7518/7518 7419/7419
f 7517/7517 7419/7419 7437/7437
f 7519/7519 7520/7520 7449/7449
f 7519/7519 7449/7449 7427/7427
f 7521/7521 7522/7522 7447/7447
f 7521/7521 7447/7447 7424/7424
f 7520/7520 7523/7523 7445/7445
f 7520/7520 7445/7445 7449/7449
f 7522/7522 7524/7524 7443/7443
f 7522/7522 7443/7443 7447/7447
f 7523/7523 7525/7525 7441/7441
f 7523/7523 7441/7441 7445/7445
f 7524/7524 7526/7526 7439/7439
f 7524/7524 7439/7439 7443/7443
f 7525/7525 7527/7527 7435/7435
f 7525/7525 7435/7435 7441/7441
f 7526/7526 7528/7528 7431/7431
f 7526/7526 7431/7431 7439/7439
f 7529/7529 7517/7517 7437/7437
f 7529/7529 7437/7437 7432/7432
f 7527/7527 7530/7530 7429/7429
f 7527/7527 7429/7429 7435/7435
f 7528/7528 7529/7529 7432/7432
f 7528/7528 7432/7432 7431/7431
f 7530/7530 7531/7531 7423/7423
f 7530/7530 7423/7423 7429/7429
f 7532/7532 7519/7519 7427/7427
f 7532/7532 7427/7427 7420/7420
f 7531/7531 7521/7521 7424/7424
f 7531/7531 7424/7424 7423/7423
f 7518/7518 7532/7532 7420/7420
f 7518/7518 7420/7420 7419/7419
f 7456/7456 7515/7515 7532/7532
f 7456/7456 7532/7532 7518/7518
f 7490/7490 7481/7481 7521/7521
f 7490/7490 7521/7521 7531/7531
f 7515/7515 7510/7510 7519/7519
f 7515/7515 7519/7519 7532/7532
f 7491/7491 7490/7490 7531/7531
f 7491/7491 7531/7531 7530/7530
f 7465/7465 7462/7462 7529/7529
f 7465/7465 7529/7529 7528/7528
f 7495/7495 7491/7491 7530/7530
f 7495/7495 7530/7530 7527/7527
f 7462/7462 7457/7457 7517/7517
f 7462/7462 7517/7517 7529/7529
f 7468/7468 7465/7465 7528/7528
f 7468/7468 7528/7528 7526/7526
f 7499/7499 7495/7495 7527/7527
f 7499/7499 7527/7527 7525/7525
f 7473/7473 7468/7468 7526/7526
f 7473/7473 7526/7526 7524/7524
f 7504/7504 7499/7499 7525/7525
f 7504/7504 7525/7525 7523/7523
f 7477/7477 7473/7473 7524/7524
f 7477/7477 7524/7524 7522/7522
f 7507/7507 7504/7504 7523/7523
f 7507/7507 7523/7523 7520/7520
f 7481/7481 7477/7477 7522/7522
f 7481/7481 7522/7522 7521/7521
f 7510/7510 7507/7507 7520/7520
f 7510/7510 7520/7520 7519/7519
f 7457/7457 7456/7456 7518/7518
f 7457/7457 7518/7518 7517/7517
f 7533/7533 7534/7534 7535/7535
f 7533/7533 7535/7535 7536/7536
f 7537/7537 7538/7538 7539/7539
f 7537/7537 7539/7539 7540/7540
f 7536/7536 7535/7535 7541/7541
f 7536/7536 7541/7541 7542/7542
f 7543/7543 7544/7544 7538/7538
f 7543/7543 7538/7538 7537/7537
f 7545/7545 7546/7546 7547/7547
f 7545/7545 7547/7547 7548/7548
f 7549/7549 7550/7550 7544/7544
f 7549/7549 7544/7544 7543/7543
f 7548/7548 7547/7547 7551/7551
f 7548/7548 7551/7551 7552/7552
f 7553/7553 7554/7554 7546/7546
f 7553/7553 7546/7546 7545/7545
f 7555/7555 7556/7556 7550/7550
f 7555/7555 7550/7550 7549/7549
f 7557/7557 7558/7558 7554/7554
f 7557/7557 7554/7554 7553/7553
f 7559/7559 7560/7560 7556/7556
f 7559/7559 7556/7556 7555/7555
f 7561/7561 7562/7562 7558/7558
f 7561/7561 7558/7558 7557/7557
f 7563/7563 7564/7564 7560/7560
f 7563/7563 7560/7560 7559/7559
f 7540/7540 7539/7539 7562/7562
f 7540/7540 7562/7562 7561/7561
f 7542/7542 7541/7541 7564/7564
f 7542/7542 7564/7564 7563/7563
f 7451/7451 7454/7454 7565/7565
f 7451/7451 7565/7565 7566/7566
f 7567/7567 7568/7568 7569/7569
f 7567/7567 7569/7569 7570/7570
f 7454/7454 7571/7571 7572/7572
f 7454/7454 7572/7572 7565/7565
f 7568/7568 7573/7573 7574/7574
f 7568/7568 7574/7574 7569/7569
f 7571/7571 7575/7575 7576/7576
f 7571/7571 7576/7576 7572/7572
f 7573/7573 7577/7577 7578/7578
f 7573/7573 7578/7578 7574/7574
f 7579/7579 7580/7580 7581/7581
f 7579/7579 7581/7581 7577/7577
f 7577/7577 7581/7581 7582/7582
f 7577/7577 7582/7582 7578/7578
f 7580/7580 7583/7583 7584/7584
f 7580/7580 7584/7584 7581/7581
f 7581/7581 7584/7584 7585/7585
f 7581/7581 7585/7585 7582/7582
f 7583/7583 7586/7586 7587/7587
f 7583/7583 7587/7587 7584/7584
f 7584/7584 7587/7587 7588/7588
f 7584/7584 7588/7588 7585/7585
f 7476/7476 7480/7480 7589/7589
f 7476/7476 7589/7589 7590/7590
f 7587/7587 7591/7591 7592/7592
f 7587/7587 7592/7592 7588/7588
f 7480/7480 7484/7484 7593/7593
f 7480/7480 7593/7593 7589/7589
f 7591/7591 7594/7594 7595/7595
f 7591/7591 7595/7595 7592/7592
f 7484/7484 7488/7488 7596/7596
f 7484/7484 7596/7596 7593/7593
f 7594/7594 7597/7597 7598/7598
f 7594/7594 7598/7598 7595/7595
f 7599/7599 7600/7600 7601/7601
f 7599/7599 7601/7601 7597/7597
f 7597/7597 7601/7601 7602/7602
f 7597/7597 7602/7602 7598/7598
f 7600/7600 7603/7603 7604/7604
f 7600/7600 7604/7604 7601/7601
f 7601/7601 7604/7604 7605/7605
f 7601/7601 7605/7605 7602/7602
f 7603/7603 7606/7606 7607/7607
f 7603/7603 7607/7607 7604/7604
f 7604/7604 7607/7607 7608/7608
f 7604/7604 7608/7608 7605/7605
f 7609/7609 7610/7610 7611/7611
f 7609/7609 7611/7611 7612/7612
f 7607/7607 7613/7613 7614/7614
f 7607/7607 7614/7614 7608/7608
f 7610/7610 7511/7511 7615/7615
f 7610/7610 7615/7615 7611/7611
f 7613/7613 7616/7616 7617/7617
f 7613/7613 7617/7617 7614/7614
f 7511/7511 7514/7514 7618/7618
f 7511/7511 7618/7618 7615/7615
f 7616/7616 7619/7619 7620/7620
f 7616/7616 7620/7620 7617/7617
f 7514/7514 7451/7451 7566/7566
f 7514/7514 7566/7566 7618/7618
f 7618/7618 7566/7566 7621/7621
f 7618/7618 7621/7621 7622/7622
f 7552/7552 7551/7551 7534/7534
f 7552/7552 7534/7534 7533/7533
f 7623/7623 7552/7552 7533/7533
f 7623/7623 7533/7533 7624/7624
f 7625/7625 7542/7542 7563/7563
f 7625/7625 7563/7563 7626/7626
f 7627/7627 7540/7540 7561/7561
f 7627/7627 7561/7561 7628/7628
f 7626/7626 7563/7563 7559/7559
f 7626/7626 7559/7559 7629/7629
f 7628/7628 7561/7561 7557/7557
f 7628/7628 7557/7557 7630/7630
f 7629/7629 7559/7559 7555/7555
f 7629/7629 7555/7555 7631/7631
f 7630/7630 7557/7557 7553/7553
f 7630/7630 7553/7553 7632/7632
f 7631/7631 7555/7555 7549/7549
f 7631/7631 7549/7549 7633/7633
f 7632/7632 7553/7553 7545/7545
f 7632/7632 7545/7545 7634/7634
f 7635/7635 7548/7548 7552/7552
f 7635/7635 7552/7552 7623/7623
f 7633/7633 7549/7549 7543/7543
f 7633/7633 7543/7543 7636/7636
f 7634/7634 7545/7545 7548/7548
f 7634/7634 7548/7548 7635/7635
f 7636/7636 7543/7543 7537/7537
f 7636/7636 7537/7537 7637/7637
f 7638/7638 7536/7536 7542/7542
f 7638/7638 7542/7542 7625/7625
f 7637/7637 7537/7537 7540/7540
f 7637/7637 7540/7540 7627/7627
f 7624/7624 7533/7533 7536/7536
f 7624/7624 7536/7536 7638/7638
f 7570/7570 7624/7624 7638/7638
f 7570/7570 7638/7638 7620/7620
f 7595/7595 7637/7637 7627/7627
f 7595/7595 7627/7627 7592/7592
f 7620/7620 7638/7638 7625/7625
f 7620/7620 7625/7625 7617/7617
f 7598/7598 7636/7636 7637/7637
f 7598/7598 7637/7637 7595/7595
f 7578/7578 7634/7634 7635/7635
f 7578/7578 7635/7635 7574/7574
f 7602/7602 7633/7633 7636/7636
f 7602/7602 7636/7636 7598/7598
f 7574/7574 7635/7635 7623/7623
f 7574/7574 7623/7623 7569/7569
f 7582/7582 7632/7632 7634/7634
f 7582/7582 7634/7634 7578/7578
f 7605/7605 7631/7631 7633/7633
f 7605/7605 7633/7633 7602/7602
f 7585/7585 7630/7630 7632/7632
f 7585/7585 7632/7632 7582/7582
f 7608/7608 7629/7629 7631/7631
f 7608/7608 7631/7631 7605/7605
f 7588/7588 7628/7628 7630/7630
f 7588/7588 7630/7630 7585/7585
f 7614/7614 7626/7626 7629/7629
f 7614/7614 7629/7629 7608/7608
f 7592/7592 7627/7627 7628/7628
f 7592/7592 7628/7628 7588/7588
f 7617/7617 7625/7625 7626/7626
f 7617/7617 7626/7626 7614/7614
f 7569/7569 7623/7623 7624/7624
f 7569/7569 7624/7624 7570/7570
f 7639/7639 7640/7640 7641/7641
f 7639/7639 7641/7641 7642/7642
f 7643/7643 7644/7644 7645/7645
f 7643/7643 7645/7645 7646/7646
f 7647/7647 7648/7648 7649/7649
f 7647/7647 7649/7649 7650/7650
f 7651/7651 7652/7652 7653/7653
f 7651/7651 7653/7653 7654/7654
f 7655/7655 7643/7643 7646/7646
f 7655/7655 7646/7646 7656/7656
f 7657/7657 7658/7658 7652/7652
f 7657/7657 7652/7652 7651/7651
f 7659/7659 7660/7660 7658/7658
f 7659/7659 7658/7658 7657/7657
f 7661/7661 7662/7662 7640/7640
f 7661/7661 7640/7640 7639/7639
f 7649/7649 7648/7648 7660/7660
f 7649/7649 7660/7660 7659/7659
f 7663/7663 7664/7664 7647/7647
f 7663/7663 7647/7647 7650/7650
f 7665/7665 7666/7666 7667/7667
f 7665/7665 7667/7667 7668/7668
f 7654/7654 7653/7653 7669/7669
f 7654/7654 7669/7669 7670/7670
f 7645/7645 7644/7644 7665/7665
f 7645/7645 7665/7665 7668/7668
f 7666/7666 7664/7664 7663/7663
f 7666/7666 7663/7663 7667/7667
f 7655/7655 7656/7656 7642/7642
f 7655/7655 7642/7642 7641/7641
f 7670/7670 7669/7669 7662/7662
f 7670/7670 7662/7662 7661/7661
f 7671/7671 7672/7672 7673/7673
f 7671/7671 7673/7673 7674/7674
f 7675/7675 7676/7676 7677/7677
f 7675/7675 7677/7677 7678/7678
f 7679/7679 7680/7680 7681/7681
f 7679/7679 7681/7681 7682/7682
f 7683/7683 7684/7684 7685/7685
f 7683/7683 7685/7685 7686/7686
f 7687/7687 7680/7680 7679/7679
f 7687/7687 7679/7679 7688/7688
f 7683/7683 7689/7689 7690/7690
f 7683/7683 7690/7690 7684/7684
f 7676/7676 7691/7691 7692/7692
f 7676/7676 7692/7692 7677/7677
f 7686/7686 7685/7685 7687/7687
f 7686/7686 7687/7687 7688/7688
f 7673/7673 7693/7693 7694/7694
f 7673/7673 7694/7694 7674/7674
f 7693/7693 7695/7695 7696/7696
f 7693/7693 7696/7696 7694/7694
f 7697/7697 7672/7672 7671/7671
f 7697/7697 7671/7671 7698/7698
f 7691/7691 7699/7699 7700/7700
f 7691/7691 7700/7700 7692/7692
f 7699/7699 7690/7690 7689/7689
f 7699/7699 7689/7689 7700/7700
f 7682/7682 7681/7681 7697/7697
f 7682/7682 7697/7697 7698/7698
f 7701/7701 7675/7675 7678/7678
f 7701/7701 7678/7678 7702/7702
f 7695/7695 7701/7701 7702/7702
f 7695/7695 7702/7702 7696/7696
